Row_ID,Member_ID,Region,Provider_Group,Measure_Name,Measurement_Month,Issue_Count,DQ_Status
1,SYN00005,South,Provider Group B,Colorectal Cancer Screening,2026-01-01,0,Valid
2,SYN00005,South,Provider Group B,Controlling Blood Pressure,2026-01-01,0,Valid
3,SYN00005,South,Provider Group B,Medication Adherence,2026-01-01,0,Valid
4,SYN00007,West,Provider Group D,Colorectal Cancer Screening,2026-01-01,0,Valid
5,SYN00007,West,Provider Group D,Controlling Blood Pressure,2026-01-01,0,Valid
6,SYN00007,West,Provider Group D,Diabetes Care,2026-01-01,0,Valid
7,SYN00007,West,Provider Group D,Follow-Up After Hospitalization,2026-01-01,0,Valid
8,SYN00007,West,Provider Group D,Medication Adherence,2026-01-01,0,Valid
9,SYN00016,South,Provider Group D,Breast Cancer Screening,2026-01-01,0,Valid
10,SYN00016,South,Provider Group D,Controlling Blood Pressure,2026-01-01,0,Valid
11,SYN00016,South,Provider Group D,Diabetes Care,2026-01-01,1,Needs Review
12,SYN00020,West,Provider Group E,Colorectal Cancer Screening,2026-01-01,0,Valid
13,SYN00021,East,Provider Group B,Breast Cancer Screening,2026-01-01,0,Valid
14,SYN00021,East,Provider Group B,Controlling Blood Pressure,2026-01-01,0,Valid
15,SYN00021,East,Provider Group B,Medication Adherence,2026-01-01,0,Valid
16,SYN00023,South,Provider Group B,Colorectal Cancer Screening,2026-01-01,0,Valid
17,SYN00023,South,Provider Group B,Medication Adherence,2026-01-01,0,Valid
18,SYN00027,North,Provider Group E,Controlling Blood Pressure,2026-01-01,0,Valid
19,SYN00027,North,Provider Group E,Diabetes Care,2026-01-01,0,Valid
20,SYN00027,North,Provider Group E,Follow-Up After Hospitalization,2026-01-01,0,Valid
21,SYN00034,East,Provider Group A,Breast Cancer Screening,2026-01-01,0,Valid
22,SYN00034,East,Provider Group A,Controlling Blood Pressure,2026-01-01,0,Valid
23,SYN00046,South,Provider Group E,Breast Cancer Screening,2026-01-01,0,Valid
24,SYN00050,East,Provider Group A,Breast Cancer Screening,2026-01-01,0,Valid
25,SYN00050,East,Provider Group A,Controlling Blood Pressure,2026-01-01,0,Valid
26,SYN00050,East,Provider Group A,Diabetes Care,2026-01-01,0,Valid
27,SYN00056,East,Provider Group C,Colorectal Cancer Screening,2026-01-01,0,Valid
28,SYN00065,North,Provider Group A,Diabetes Care,2026-01-01,0,Valid
29,SYN00071,South,Provider Group A,Breast Cancer Screening,2026-01-01,0,Valid
30,SYN00071,South,Provider Group A,Colorectal Cancer Screening,2026-01-01,0,Valid
31,SYN00071,South,Provider Group A,Controlling Blood Pressure,2026-01-01,0,Valid
32,SYN00071,South,Provider Group A,Diabetes Care,2026-01-01,0,Valid
33,SYN00071,South,Provider Group A,Medication Adherence,2026-01-01,0,Valid
34,SYN00073,West,Provider Group A,Breast Cancer Screening,2026-01-01,0,Valid
35,SYN00073,West,Provider Group A,Diabetes Care,2026-01-01,0,Valid
36,SYN00073,West,Provider Group A,Medication Adherence,2026-01-01,0,Valid
37,SYN00075,East,Provider Group D,Diabetes Care,2026-01-01,0,Valid
38,SYN00075,East,Provider Group D,Medication Adherence,2026-01-01,0,Valid
39,SYN00076,East,Provider Group C,Colorectal Cancer Screening,2026-01-01,0,Valid
40,SYN00081,North,Provider Group C,Controlling Blood Pressure,2026-01-01,0,Valid
41,SYN00081,North,Provider Group C,Diabetes Care,2026-01-01,0,Valid
42,SYN00095,South,Provider Group D,Colorectal Cancer Screening,2026-01-01,0,Valid
43,SYN00095,South,Provider Group D,Controlling Blood Pressure,2026-01-01,0,Valid
44,SYN00108,South,Provider Group A,Breast Cancer Screening,2026-01-01,0,Valid
45,SYN00108,South,Provider Group A,Colorectal Cancer Screening,2026-01-01,0,Valid
46,SYN00108,South,Provider Group A,Medication Adherence,2026-01-01,0,Valid
47,SYN00126,North,Provider Group D,Colorectal Cancer Screening,2026-01-01,1,Needs Review
48,SYN00127,West,Provider Group B,Colorectal Cancer Screening,2026-01-01,0,Valid
49,SYN00127,West,Provider Group B,Follow-Up After Hospitalization,2026-01-01,0,Valid
50,SYN00129,North,Provider Group D,Colorectal Cancer Screening,2026-01-01,0,Valid
51,SYN00129,North,Provider Group D,Diabetes Care,2026-01-01,0,Valid
52,SYN00137,North,Provider Group C,Breast Cancer Screening,2026-01-01,0,Valid
53,SYN00137,North,Provider Group C,Diabetes Care,2026-01-01,0,Valid
54,SYN00137,North,Provider Group C,Follow-Up After Hospitalization,2026-01-01,0,Valid
55,SYN00145,South,Provider Group C,Breast Cancer Screening,2026-01-01,0,Valid
56,SYN00145,South,Provider Group C,Controlling Blood Pressure,2026-01-01,0,Valid
57,SYN00145,South,Provider Group C,Medication Adherence,2026-01-01,0,Valid
58,SYN00146,West,Provider Group C,Colorectal Cancer Screening,2026-01-01,0,Valid
59,SYN00146,West,Provider Group C,Controlling Blood Pressure,2026-01-01,0,Valid
60,SYN00149,North,Provider Group D,Breast Cancer Screening,2026-01-01,0,Valid
61,SYN00149,North,Provider Group D,Controlling Blood Pressure,2026-01-01,0,Valid
62,SYN00149,North,Provider Group D,Diabetes Care,2026-01-01,0,Valid
63,SYN00149,North,Provider Group D,Medication Adherence,2026-01-01,0,Valid
64,SYN00168,South,Provider Group C,Controlling Blood Pressure,2026-01-01,0,Valid
65,SYN00179,South,Provider Group C,Breast Cancer Screening,2026-01-01,0,Valid
66,SYN00179,South,Provider Group C,Controlling Blood Pressure,2026-01-01,0,Valid
67,SYN00185,North,Provider Group E,Colorectal Cancer Screening,2026-01-01,0,Valid
68,SYN00185,North,Provider Group E,Controlling Blood Pressure,2026-01-01,0,Valid
69,SYN00185,North,Provider Group E,Diabetes Care,2026-01-01,0,Valid
70,SYN00185,North,Provider Group E,Follow-Up After Hospitalization,2026-01-01,0,Valid
71,SYN00189,West,Provider Group D,Colorectal Cancer Screening,2026-01-01,0,Valid
72,SYN00189,West,Provider Group D,Controlling Blood Pressure,2026-01-01,0,Valid
73,SYN00189,West,Provider Group D,Diabetes Care,2026-01-01,0,Valid
74,SYN00190,South,Provider Group A,Medication Adherence,2026-01-01,0,Valid
75,SYN00207,West,Provider Group D,Controlling Blood Pressure,2026-01-01,0,Valid
76,SYN00207,West,Provider Group D,Diabetes Care,2026-01-01,0,Valid
77,SYN00207,West,Provider Group D,Follow-Up After Hospitalization,2026-01-01,1,Needs Review
78,SYN00207,West,Provider Group D,Medication Adherence,2026-01-01,0,Valid
79,SYN00219,North,Provider Group A,Controlling Blood Pressure,2026-01-01,0,Valid
80,SYN00219,North,Provider Group A,Diabetes Care,2026-01-01,0,Valid
81,SYN00227,North,Provider Group C,Breast Cancer Screening,2026-01-01,0,Valid
82,SYN00227,North,Provider Group C,Colorectal Cancer Screening,2026-01-01,0,Valid
83,SYN00227,North,Provider Group C,Controlling Blood Pressure,2026-01-01,0,Valid
84,SYN00227,North,Provider Group C,Diabetes Care,2026-01-01,0,Valid
85,SYN00231,South,Provider Group D,Diabetes Care,2026-01-01,0,Valid
86,SYN00231,South,Provider Group D,Medication Adherence,2026-01-01,0,Valid
87,SYN00239,South,Provider Group B,Colorectal Cancer Screening,2026-01-01,0,Valid
88,SYN00239,South,Provider Group B,Controlling Blood Pressure,2026-01-01,0,Valid
89,SYN00239,South,Provider Group B,Follow-Up After Hospitalization,2026-01-01,0,Valid
90,SYN00239,South,Provider Group B,Medication Adherence,2026-01-01,0,Valid
91,SYN00248,East,Provider Group C,Colorectal Cancer Screening,2026-01-01,0,Valid
92,SYN00248,East,Provider Group C,Controlling Blood Pressure,2026-01-01,0,Valid
93,SYN00248,East,Provider Group C,Diabetes Care,2026-01-01,0,Valid
94,SYN00256,North,Provider Group A,Breast Cancer Screening,2026-01-01,0,Valid
95,SYN00256,North,Provider Group A,Diabetes Care,2026-01-01,0,Valid
96,SYN00259,North,Provider Group B,Colorectal Cancer Screening,2026-01-01,0,Valid
97,SYN00259,North,Provider Group B,Controlling Blood Pressure,2026-01-01,0,Valid
98,SYN00259,North,Provider Group B,Medication Adherence,2026-01-01,0,Valid
99,SYN00270,South,Provider Group A,Controlling Blood Pressure,2026-01-01,0,Valid
100,SYN00283,East,Provider Group A,Controlling Blood Pressure,2026-01-01,0,Valid
101,SYN00283,East,Provider Group A,Diabetes Care,2026-01-01,0,Valid
102,SYN00283,East,Provider Group A,Follow-Up After Hospitalization,2026-01-01,0,Valid
103,SYN00285,West,Provider Group B,Colorectal Cancer Screening,2026-01-01,0,Valid
104,SYN00285,West,Provider Group B,Controlling Blood Pressure,2026-01-01,0,Valid
105,SYN00285,West,Provider Group B,Medication Adherence,2026-01-01,0,Valid
106,SYN00286,North,Provider Group E,Breast Cancer Screening,2026-01-01,0,Valid
107,SYN00286,North,Provider Group E,Controlling Blood Pressure,2026-01-01,0,Valid
108,SYN00286,North,Provider Group E,Diabetes Care,2026-01-01,0,Valid
109,SYN00288,East,Provider Group B,Diabetes Care,2026-01-01,0,Valid
110,SYN00288,East,Provider Group B,Medication Adherence,2026-01-01,0,Valid
111,SYN00301,South,Provider Group A,Controlling Blood Pressure,2026-01-01,0,Valid
112,SYN00301,South,Provider Group A,Follow-Up After Hospitalization,2026-01-01,0,Valid
113,SYN00301,South,Provider Group A,Medication Adherence,2026-01-01,0,Valid
114,SYN00319,East,Provider Group C,Controlling Blood Pressure,2026-01-01,0,Valid
115,SYN00321,South,Provider Group D,Breast Cancer Screening,2026-01-01,0,Valid
116,SYN00323,East,Provider Group B,Diabetes Care,2026-01-01,0,Valid
117,SYN00323,East,Provider Group B,Follow-Up After Hospitalization,2026-01-01,0,Valid
118,SYN00328,South,Provider Group A,Colorectal Cancer Screening,2026-01-01,0,Valid
119,SYN00328,South,Provider Group A,Diabetes Care,2026-01-01,0,Valid
120,SYN00335,West,Provider Group B,Controlling Blood Pressure,2026-01-01,0,Valid
121,SYN00363,South,Provider Group A,Colorectal Cancer Screening,2026-01-01,0,Valid
122,SYN00363,South,Provider Group A,Controlling Blood Pressure,2026-01-01,0,Valid
123,SYN00363,South,Provider Group A,Medication Adherence,2026-01-01,0,Valid
124,SYN00369,West,Provider Group C,Breast Cancer Screening,2026-01-01,0,Valid
125,SYN00369,West,Provider Group C,Colorectal Cancer Screening,2026-01-01,0,Valid
126,SYN00369,West,Provider Group C,Diabetes Care,2026-01-01,0,Valid
127,SYN00377,East,Provider Group D,Breast Cancer Screening,2026-01-01,0,Valid
128,SYN00377,East,Provider Group D,Colorectal Cancer Screening,2026-01-01,0,Valid
129,SYN00377,East,Provider Group D,Controlling Blood Pressure,2026-01-01,0,Valid
130,SYN00377,East,Provider Group D,Follow-Up After Hospitalization,2026-01-01,0,Valid
131,SYN00377,East,Provider Group D,Medication Adherence,2026-01-01,0,Valid
132,SYN00378,West,Provider Group A,Breast Cancer Screening,2026-01-01,0,Valid
133,SYN00378,West,Provider Group A,Medication Adherence,2026-01-01,0,Valid
134,SYN00391,South,Provider Group C,Medication Adherence,2026-01-01,0,Valid
135,SYN00417,West,Provider Group C,Medication Adherence,2026-01-01,0,Valid
136,SYN00419,North,Provider Group B,Breast Cancer Screening,2026-01-01,0,Valid
137,SYN00419,North,Provider Group B,Colorectal Cancer Screening,2026-01-01,0,Valid
138,SYN00420,North,Provider Group D,Colorectal Cancer Screening,2026-01-01,0,Valid
139,SYN00420,North,Provider Group D,Controlling Blood Pressure,2026-01-01,0,Valid
140,SYN00420,North,Provider Group D,Diabetes Care,2026-01-01,0,Valid
141,SYN00422,North,Provider Group B,Breast Cancer Screening,2026-01-01,0,Valid
142,SYN00422,North,Provider Group B,Colorectal Cancer Screening,2026-01-01,0,Valid
143,SYN00422,North,Provider Group B,Diabetes Care,2026-01-01,0,Valid
144,SYN00435,West,Provider Group B,Colorectal Cancer Screening,2026-01-01,0,Valid
145,SYN00435,West,Provider Group B,Diabetes Care,2026-01-01,0,Valid
146,SYN00436,North,Provider Group D,Breast Cancer Screening,2026-01-01,0,Valid
147,SYN00436,North,Provider Group D,Colorectal Cancer Screening,2026-01-01,0,Valid
148,SYN00436,North,Provider Group D,Controlling Blood Pressure,2026-01-01,0,Valid
149,SYN00436,North,Provider Group D,Diabetes Care,2026-01-01,0,Valid
150,SYN00440,South,Provider Group C,Controlling Blood Pressure,2026-01-01,0,Valid
151,SYN00440,South,Provider Group C,Diabetes Care,2026-01-01,0,Valid
152,SYN00440,South,Provider Group C,Medication Adherence,2026-01-01,0,Valid
153,SYN00443,South,Provider Group E,Controlling Blood Pressure,2026-01-01,0,Valid
154,SYN00443,South,Provider Group E,Medication Adherence,2026-01-01,0,Valid
155,SYN00446,North,Provider Group E,Colorectal Cancer Screening,2026-01-01,0,Valid
156,SYN00446,North,Provider Group E,Controlling Blood Pressure,2026-01-01,0,Valid
157,SYN00446,North,Provider Group E,Diabetes Care,2026-01-01,0,Valid
158,SYN00446,North,Provider Group E,Medication Adherence,2026-01-01,0,Valid
159,SYN00454,South,Provider Group B,Breast Cancer Screening,2026-01-01,0,Valid
160,SYN00454,South,Provider Group B,Controlling Blood Pressure,2026-01-01,0,Valid
161,SYN00454,South,Provider Group B,Follow-Up After Hospitalization,2026-01-01,0,Valid
162,SYN00475,North,Provider Group D,Controlling Blood Pressure,2026-01-01,0,Valid
163,SYN00475,North,Provider Group D,Diabetes Care,2026-01-01,0,Valid
164,SYN00475,North,Provider Group D,Follow-Up After Hospitalization,2026-01-01,0,Valid
165,SYN00475,North,Provider Group D,Medication Adherence,2026-01-01,0,Valid
166,SYN00480,South,Provider Group A,Diabetes Care,2026-01-01,0,Valid
167,SYN00490,North,Provider Group A,Breast Cancer Screening,2026-01-01,0,Valid
168,SYN00490,North,Provider Group A,Colorectal Cancer Screening,2026-01-01,0,Valid
169,SYN00490,North,Provider Group A,Diabetes Care,2026-01-01,0,Valid
170,SYN00490,North,Provider Group A,Medication Adherence,2026-01-01,0,Valid
171,SYN00493,South,Provider Group E,Breast Cancer Screening,2026-01-01,0,Valid
172,SYN00493,South,Provider Group E,Controlling Blood Pressure,2026-01-01,0,Valid
173,SYN00493,South,Provider Group E,Diabetes Care,2026-01-01,0,Valid
174,SYN00495,West,Provider Group D,Colorectal Cancer Screening,2026-01-01,0,Valid
175,SYN00495,West,Provider Group D,Medication Adherence,2026-01-01,0,Valid
176,SYN00497,North,Provider Group B,Breast Cancer Screening,2026-01-01,0,Valid
177,SYN00497,North,Provider Group B,Controlling Blood Pressure,2026-01-01,0,Valid
178,SYN00497,North,Provider Group B,Medication Adherence,2026-01-01,0,Valid
179,SYN00503,South,Provider Group B,Follow-Up After Hospitalization,2026-01-01,0,Valid
180,SYN00504,East,Provider Group D,Colorectal Cancer Screening,2026-01-01,0,Valid
181,SYN00504,East,Provider Group D,Diabetes Care,2026-01-01,0,Valid
182,SYN00510,North,Provider Group E,Diabetes Care,2026-01-01,0,Valid
183,SYN00514,North,Provider Group E,Breast Cancer Screening,2026-01-01,0,Valid
184,SYN00514,North,Provider Group E,Colorectal Cancer Screening,2026-01-01,0,Valid
185,SYN00514,North,Provider Group E,Controlling Blood Pressure,2026-01-01,0,Valid
186,SYN00514,North,Provider Group E,Diabetes Care,2026-01-01,0,Valid
187,SYN00516,South,Provider Group C,Controlling Blood Pressure,2026-01-01,0,Valid
188,SYN00516,South,Provider Group C,Diabetes Care,2026-01-01,0,Valid
189,SYN00516,South,Provider Group C,Medication Adherence,2026-01-01,0,Valid
190,SYN00524,South,Provider Group D,Breast Cancer Screening,2026-01-01,0,Valid
191,SYN00524,South,Provider Group D,Colorectal Cancer Screening,2026-01-01,0,Valid
192,SYN00524,South,Provider Group D,Controlling Blood Pressure,2026-01-01,0,Valid
193,SYN00524,South,Provider Group D,Follow-Up After Hospitalization,2026-01-01,0,Valid
194,SYN00524,South,Provider Group D,Medication Adherence,2026-01-01,0,Valid
195,SYN00526,South,Provider Group D,Colorectal Cancer Screening,2026-01-01,0,Valid
196,SYN00526,South,Provider Group D,Controlling Blood Pressure,2026-01-01,0,Valid
197,SYN00526,South,Provider Group D,Diabetes Care,2026-01-01,0,Valid
198,SYN00526,South,Provider Group D,Follow-Up After Hospitalization,2026-01-01,0,Valid
199,SYN00529,West,Provider Group A,Colorectal Cancer Screening,2026-01-01,0,Valid
200,SYN00529,West,Provider Group A,Diabetes Care,2026-01-01,0,Valid
201,SYN00529,West,Provider Group A,Medication Adherence,2026-01-01,0,Valid
202,SYN00531,West,Provider Group C,Breast Cancer Screening,2026-01-01,0,Valid
203,SYN00531,West,Provider Group C,Colorectal Cancer Screening,2026-01-01,0,Valid
204,SYN00531,West,Provider Group C,Controlling Blood Pressure,2026-01-01,0,Valid
205,SYN00531,West,Provider Group C,Medication Adherence,2026-01-01,0,Valid
206,SYN00533,North,Provider Group B,Breast Cancer Screening,2026-01-01,0,Valid
207,SYN00533,North,Provider Group B,Colorectal Cancer Screening,2026-01-01,0,Valid
208,SYN00533,North,Provider Group B,Controlling Blood Pressure,2026-01-01,0,Valid
209,SYN00537,West,Provider Group A,Colorectal Cancer Screening,2026-01-01,0,Valid
210,SYN00537,West,Provider Group A,Diabetes Care,2026-01-01,0,Valid
211,SYN00537,West,Provider Group A,Follow-Up After Hospitalization,2026-01-01,0,Valid
212,SYN00548,South,Provider Group A,Colorectal Cancer Screening,2026-01-01,0,Valid
213,SYN00548,South,Provider Group A,Diabetes Care,2026-01-01,0,Valid
214,SYN00548,South,Provider Group A,Follow-Up After Hospitalization,2026-01-01,0,Valid
215,SYN00548,South,Provider Group A,Medication Adherence,2026-01-01,0,Valid
216,SYN00555,North,Provider Group A,Breast Cancer Screening,2026-01-01,0,Valid
217,SYN00555,North,Provider Group A,Colorectal Cancer Screening,2026-01-01,0,Valid
218,SYN00555,North,Provider Group A,Controlling Blood Pressure,2026-01-01,0,Valid
219,SYN00555,North,Provider Group A,Follow-Up After Hospitalization,2026-01-01,0,Valid
220,SYN00555,North,Provider Group A,Medication Adherence,2026-01-01,0,Valid
221,SYN00563,South,Provider Group A,Colorectal Cancer Screening,2026-01-01,0,Valid
222,SYN00563,South,Provider Group A,Controlling Blood Pressure,2026-01-01,0,Valid
223,SYN00563,South,Provider Group A,Diabetes Care,2026-01-01,0,Valid
224,SYN00563,South,Provider Group A,Medication Adherence,2026-01-01,0,Valid
225,SYN00567,North,Provider Group C,Controlling Blood Pressure,2026-01-01,0,Valid
226,SYN00567,North,Provider Group C,Diabetes Care,2026-01-01,0,Valid
227,SYN00567,North,Provider Group C,Medication Adherence,2026-01-01,0,Valid
228,SYN00573,North,Provider Group C,Breast Cancer Screening,2026-01-01,0,Valid
229,SYN00573,North,Provider Group C,Diabetes Care,2026-01-01,0,Valid
230,SYN00573,North,Provider Group C,Follow-Up After Hospitalization,2026-01-01,0,Valid
231,SYN00573,North,Provider Group C,Medication Adherence,2026-01-01,0,Valid
232,SYN00578,North,Provider Group C,Controlling Blood Pressure,2026-01-01,0,Valid
233,SYN00578,North,Provider Group C,Diabetes Care,2026-01-01,0,Valid
234,SYN00585,North,Provider Group D,Breast Cancer Screening,2026-01-01,0,Valid
235,SYN00585,North,Provider Group D,Controlling Blood Pressure,2026-01-01,0,Valid
236,SYN00585,North,Provider Group D,Diabetes Care,2026-01-01,0,Valid
237,SYN00590,West,Provider Group A,Breast Cancer Screening,2026-01-01,0,Valid
238,SYN00590,West,Provider Group A,Controlling Blood Pressure,2026-01-01,0,Valid
239,SYN00590,West,Provider Group A,Medication Adherence,2026-01-01,0,Valid
240,SYN00592,South,Provider Group A,Breast Cancer Screening,2026-01-01,0,Valid
241,SYN00592,South,Provider Group A,Colorectal Cancer Screening,2026-01-01,0,Valid
242,SYN00592,South,Provider Group A,Diabetes Care,2026-01-01,0,Valid
243,SYN00592,South,Provider Group A,Medication Adherence,2026-01-01,0,Valid
244,SYN00599,South,Provider Group D,Colorectal Cancer Screening,2026-01-01,0,Valid
245,SYN00599,South,Provider Group D,Controlling Blood Pressure,2026-01-01,0,Valid
246,SYN00599,South,Provider Group D,Diabetes Care,2026-01-01,0,Valid
247,SYN00602,East,Provider Group A,Medication Adherence,2026-01-01,0,Valid
248,SYN00616,East,Provider Group E,Breast Cancer Screening,2026-01-01,0,Valid
249,SYN00616,East,Provider Group E,Colorectal Cancer Screening,2026-01-01,0,Valid
250,SYN00616,East,Provider Group E,Diabetes Care,2026-01-01,0,Valid
251,SYN00616,East,Provider Group E,Follow-Up After Hospitalization,2026-01-01,0,Valid
252,SYN00621,West,Provider Group B,Breast Cancer Screening,2026-01-01,0,Valid
253,SYN00621,West,Provider Group B,Controlling Blood Pressure,2026-01-01,0,Valid
254,SYN00621,West,Provider Group B,Diabetes Care,2026-01-01,0,Valid
255,SYN00622,South,Provider Group E,Breast Cancer Screening,2026-01-01,0,Valid
256,SYN00622,South,Provider Group E,Controlling Blood Pressure,2026-01-01,0,Valid
257,SYN00625,West,Provider Group A,Colorectal Cancer Screening,2026-01-01,0,Valid
258,SYN00625,West,Provider Group A,Diabetes Care,2026-01-01,0,Valid
259,SYN00627,South,Provider Group B,Breast Cancer Screening,2026-01-01,0,Valid
260,SYN00627,South,Provider Group B,Colorectal Cancer Screening,2026-01-01,0,Valid
261,SYN00627,South,Provider Group B,Medication Adherence,2026-01-01,0,Valid
262,SYN00629,East,Provider Group D,Colorectal Cancer Screening,2026-01-01,0,Valid
263,SYN00629,East,Provider Group D,Controlling Blood Pressure,2026-01-01,0,Valid
264,SYN00629,East,Provider Group D,Diabetes Care,2026-01-01,0,Valid
265,SYN00630,East,Provider Group E,Colorectal Cancer Screening,2026-01-01,0,Valid
266,SYN00630,East,Provider Group E,Diabetes Care,2026-01-01,0,Valid
267,SYN00630,East,Provider Group E,Follow-Up After Hospitalization,2026-01-01,0,Valid
268,SYN00630,East,Provider Group E,Medication Adherence,2026-01-01,0,Valid
269,SYN00634,North,Provider Group D,Follow-Up After Hospitalization,2026-01-01,0,Valid
270,SYN00634,North,Provider Group D,Medication Adherence,2026-01-01,0,Valid
271,SYN00641,South,Provider Group C,Diabetes Care,2026-01-01,0,Valid
272,SYN00641,South,Provider Group C,Follow-Up After Hospitalization,2026-01-01,0,Valid
273,SYN00641,South,Provider Group C,Medication Adherence,2026-01-01,0,Valid
274,SYN00643,South,Provider Group A,Controlling Blood Pressure,2026-01-01,0,Valid
275,SYN00643,South,Provider Group A,Diabetes Care,2026-01-01,0,Valid
276,SYN00643,South,Provider Group A,Follow-Up After Hospitalization,2026-01-01,0,Valid
277,SYN00643,South,Provider Group A,Medication Adherence,2026-01-01,0,Valid
278,SYN00645,South,Provider Group B,Colorectal Cancer Screening,2026-01-01,0,Valid
279,SYN00645,South,Provider Group B,Controlling Blood Pressure,2026-01-01,0,Valid
280,SYN00645,South,Provider Group B,Diabetes Care,2026-01-01,0,Valid
281,SYN00647,West,Provider Group D,Controlling Blood Pressure,2026-01-01,0,Valid
282,SYN00647,West,Provider Group D,Diabetes Care,2026-01-01,0,Valid
283,SYN00652,South,Provider Group A,Medication Adherence,2026-01-01,0,Valid
284,SYN00663,West,Provider Group A,Colorectal Cancer Screening,2026-01-01,0,Valid
285,SYN00663,West,Provider Group A,Controlling Blood Pressure,2026-01-01,0,Valid
286,SYN00669,North,Provider Group D,Breast Cancer Screening,2026-01-01,0,Valid
287,SYN00669,North,Provider Group D,Diabetes Care,2026-01-01,0,Valid
288,SYN00669,North,Provider Group D,Follow-Up After Hospitalization,2026-01-01,0,Valid
289,SYN00669,North,Provider Group D,Medication Adherence,2026-01-01,0,Valid
290,SYN00682,North,Provider Group A,Colorectal Cancer Screening,2026-01-01,0,Valid
291,SYN00692,East,Provider Group B,Controlling Blood Pressure,2026-01-01,0,Valid
292,SYN00692,East,Provider Group B,Medication Adherence,2026-01-01,0,Valid
293,SYN00696,South,Provider Group B,Colorectal Cancer Screening,2026-01-01,0,Valid
294,SYN00696,South,Provider Group B,Controlling Blood Pressure,2026-01-01,0,Valid
295,SYN00696,South,Provider Group B,Medication Adherence,2026-01-01,0,Valid
296,SYN00697,South,Provider Group C,Breast Cancer Screening,2026-01-01,0,Valid
297,SYN00697,South,Provider Group C,Colorectal Cancer Screening,2026-01-01,0,Valid
298,SYN00697,South,Provider Group C,Controlling Blood Pressure,2026-01-01,0,Valid
299,SYN00697,South,Provider Group C,Diabetes Care,2026-01-01,0,Valid
300,SYN00697,South,Provider Group C,Medication Adherence,2026-01-01,0,Valid
301,SYN00700,East,Provider Group E,Colorectal Cancer Screening,2026-01-01,0,Valid
302,SYN00700,East,Provider Group E,Medication Adherence,2026-01-01,0,Valid
303,SYN00708,East,Provider Group B,Breast Cancer Screening,2026-01-01,0,Valid
304,SYN00714,South,Provider Group C,Breast Cancer Screening,2026-01-01,0,Valid
305,SYN00714,South,Provider Group C,Diabetes Care,2026-01-01,0,Valid
306,SYN00714,South,Provider Group C,Follow-Up After Hospitalization,2026-01-01,0,Valid
307,SYN00714,South,Provider Group C,Medication Adherence,2026-01-01,0,Valid
308,SYN00730,South,Provider Group A,Breast Cancer Screening,2026-01-01,1,Needs Review
309,SYN00730,South,Provider Group A,Colorectal Cancer Screening,2026-01-01,0,Valid
310,SYN00730,South,Provider Group A,Controlling Blood Pressure,2026-01-01,0,Valid
311,SYN00730,South,Provider Group A,Diabetes Care,2026-01-01,0,Valid
312,SYN00730,South,Provider Group A,Medication Adherence,2026-01-01,0,Valid
313,SYN00731,North,Provider Group C,Controlling Blood Pressure,2026-01-01,0,Valid
314,SYN00733,North,Provider Group D,Breast Cancer Screening,2026-01-01,0,Valid
315,SYN00733,North,Provider Group D,Colorectal Cancer Screening,2026-01-01,0,Valid
316,SYN00734,North,Provider Group E,Colorectal Cancer Screening,2026-01-01,0,Valid
317,SYN00734,North,Provider Group E,Controlling Blood Pressure,2026-01-01,0,Valid
318,SYN00734,North,Provider Group E,Diabetes Care,2026-01-01,0,Valid
319,SYN00734,North,Provider Group E,Medication Adherence,2026-01-01,0,Valid
320,SYN00735,North,Provider Group D,Breast Cancer Screening,2026-01-01,0,Valid
321,SYN00735,North,Provider Group D,Colorectal Cancer Screening,2026-01-01,1,Needs Review
322,SYN00735,North,Provider Group D,Controlling Blood Pressure,2026-01-01,0,Valid
323,SYN00741,South,Provider Group B,Diabetes Care,2026-01-01,0,Valid
324,SYN00741,South,Provider Group B,Follow-Up After Hospitalization,2026-01-01,0,Valid
325,SYN00751,West,Provider Group C,Breast Cancer Screening,2026-01-01,0,Valid
326,SYN00751,West,Provider Group C,Controlling Blood Pressure,2026-01-01,0,Valid
327,SYN00754,South,Provider Group E,Controlling Blood Pressure,2026-01-01,0,Valid
328,SYN00754,South,Provider Group E,Follow-Up After Hospitalization,2026-01-01,0,Valid
329,SYN00758,East,Provider Group A,Controlling Blood Pressure,2026-01-01,0,Valid
330,SYN00758,East,Provider Group A,Medication Adherence,2026-01-01,0,Valid
331,SYN00759,East,Provider Group B,Breast Cancer Screening,2026-01-01,0,Valid
332,SYN00759,East,Provider Group B,Diabetes Care,2026-01-01,0,Valid
333,SYN00759,East,Provider Group B,Medication Adherence,2026-01-01,0,Valid
334,SYN00760,South,Provider Group A,Breast Cancer Screening,2026-01-01,0,Valid
335,SYN00760,South,Provider Group A,Controlling Blood Pressure,2026-01-01,0,Valid
336,SYN00761,North,Provider Group E,Diabetes Care,2026-01-01,0,Valid
337,SYN00761,North,Provider Group E,Medication Adherence,2026-01-01,0,Valid
338,SYN00778,South,Provider Group B,Breast Cancer Screening,2026-01-01,0,Valid
339,SYN00778,South,Provider Group B,Colorectal Cancer Screening,2026-01-01,0,Valid
340,SYN00782,North,Provider Group C,Diabetes Care,2026-01-01,0,Valid
341,SYN00782,North,Provider Group C,Medication Adherence,2026-01-01,0,Valid
342,SYN00785,West,Provider Group E,Colorectal Cancer Screening,2026-01-01,0,Valid
343,SYN00785,West,Provider Group E,Controlling Blood Pressure,2026-01-01,0,Valid
344,SYN00785,West,Provider Group E,Diabetes Care,2026-01-01,0,Valid
345,SYN00785,West,Provider Group E,Follow-Up After Hospitalization,2026-01-01,0,Valid
346,SYN00785,West,Provider Group E,Medication Adherence,2026-01-01,0,Valid
347,SYN00786,North,Provider Group D,Colorectal Cancer Screening,2026-01-01,0,Valid
348,SYN00786,North,Provider Group D,Diabetes Care,2026-01-01,0,Valid
349,SYN00789,West,Provider Group D,Colorectal Cancer Screening,2026-01-01,0,Valid
350,SYN00789,West,Provider Group D,Diabetes Care,2026-01-01,0,Valid
351,SYN00789,West,Provider Group D,Medication Adherence,2026-01-01,0,Valid
352,SYN00797,North,Provider Group E,Breast Cancer Screening,2026-01-01,0,Valid
353,SYN00797,North,Provider Group E,Colorectal Cancer Screening,2026-01-01,1,Needs Review
354,SYN00797,North,Provider Group E,Controlling Blood Pressure,2026-01-01,0,Valid
355,SYN00806,North,Provider Group A,Colorectal Cancer Screening,2026-01-01,0,Valid
356,SYN00806,North,Provider Group A,Controlling Blood Pressure,2026-01-01,0,Valid
357,SYN00810,East,Provider Group A,Colorectal Cancer Screening,2026-01-01,0,Valid
358,SYN00810,East,Provider Group A,Controlling Blood Pressure,2026-01-01,0,Valid
359,SYN00810,East,Provider Group A,Diabetes Care,2026-01-01,0,Valid
360,SYN00810,East,Provider Group A,Medication Adherence,2026-01-01,0,Valid
361,SYN00820,North,Provider Group E,Controlling Blood Pressure,2026-01-01,0,Valid
362,SYN00820,North,Provider Group E,Medication Adherence,2026-01-01,0,Valid
363,SYN00828,South,Provider Group E,Colorectal Cancer Screening,2026-01-01,0,Valid
364,SYN00828,South,Provider Group E,Controlling Blood Pressure,2026-01-01,0,Valid
365,SYN00828,South,Provider Group E,Diabetes Care,2026-01-01,0,Valid
366,SYN00831,East,Provider Group B,Colorectal Cancer Screening,2026-01-01,0,Valid
367,SYN00831,East,Provider Group B,Follow-Up After Hospitalization,2026-01-01,0,Valid
368,SYN00836,West,Provider Group A,Colorectal Cancer Screening,2026-01-01,0,Valid
369,SYN00836,West,Provider Group A,Controlling Blood Pressure,2026-01-01,0,Valid
370,SYN00836,West,Provider Group A,Medication Adherence,2026-01-01,0,Valid
371,SYN00838,West,Provider Group A,Colorectal Cancer Screening,2026-01-01,0,Valid
372,SYN00838,West,Provider Group A,Controlling Blood Pressure,2026-01-01,0,Valid
373,SYN00838,West,Provider Group A,Medication Adherence,2026-01-01,0,Valid
374,SYN00845,North,Provider Group D,Colorectal Cancer Screening,2026-01-01,0,Valid
375,SYN00845,North,Provider Group D,Controlling Blood Pressure,2026-01-01,0,Valid
376,SYN00845,North,Provider Group D,Follow-Up After Hospitalization,2026-01-01,0,Valid
377,SYN00846,North,Provider Group C,Colorectal Cancer Screening,2026-01-01,0,Valid
378,SYN00846,North,Provider Group C,Controlling Blood Pressure,2026-01-01,0,Valid
379,SYN00846,North,Provider Group C,Follow-Up After Hospitalization,2026-01-01,0,Valid
380,SYN00846,North,Provider Group C,Medication Adherence,2026-01-01,0,Valid
381,SYN00854,East,Provider Group C,Colorectal Cancer Screening,2026-01-01,0,Valid
382,SYN00854,East,Provider Group C,Follow-Up After Hospitalization,2026-01-01,0,Valid
383,SYN00870,South,Provider Group B,Colorectal Cancer Screening,2026-01-01,0,Valid
384,SYN00870,South,Provider Group B,Diabetes Care,2026-01-01,0,Valid
385,SYN00870,South,Provider Group B,Follow-Up After Hospitalization,2026-01-01,0,Valid
386,SYN00872,North,Provider Group A,Controlling Blood Pressure,2026-01-01,0,Valid
387,SYN00872,North,Provider Group A,Follow-Up After Hospitalization,2026-01-01,0,Valid
388,SYN00881,West,Provider Group C,Diabetes Care,2026-01-01,0,Valid
389,SYN00881,West,Provider Group C,Follow-Up After Hospitalization,2026-01-01,0,Valid
390,SYN00882,South,Provider Group E,Diabetes Care,2026-01-01,0,Valid
391,SYN00882,South,Provider Group E,Follow-Up After Hospitalization,2026-01-01,0,Valid
392,SYN00883,South,Provider Group A,Breast Cancer Screening,2026-01-01,0,Valid
393,SYN00883,South,Provider Group A,Colorectal Cancer Screening,2026-01-01,0,Valid
394,SYN00883,South,Provider Group A,Diabetes Care,2026-01-01,0,Valid
395,SYN00883,South,Provider Group A,Follow-Up After Hospitalization,2026-01-01,0,Valid
396,SYN00883,South,Provider Group A,Medication Adherence,2026-01-01,0,Valid
397,SYN00884,South,Provider Group A,Colorectal Cancer Screening,2026-01-01,0,Valid
398,SYN00884,South,Provider Group A,Diabetes Care,2026-01-01,0,Valid
399,SYN00886,South,Provider Group B,Colorectal Cancer Screening,2026-01-01,0,Valid
400,SYN00886,South,Provider Group B,Controlling Blood Pressure,2026-01-01,0,Valid
401,SYN00886,South,Provider Group B,Diabetes Care,2026-01-01,0,Valid
402,SYN00887,East,Provider Group D,Colorectal Cancer Screening,2026-01-01,0,Valid
403,SYN00887,East,Provider Group D,Controlling Blood Pressure,2026-01-01,0,Valid
404,SYN00887,East,Provider Group D,Diabetes Care,2026-01-01,0,Valid
405,SYN00887,East,Provider Group D,Follow-Up After Hospitalization,2026-01-01,0,Valid
406,SYN00888,East,Provider Group B,Controlling Blood Pressure,2026-01-01,0,Valid
407,SYN00888,East,Provider Group B,Diabetes Care,2026-01-01,0,Valid
408,SYN00890,West,Provider Group C,Breast Cancer Screening,2026-01-01,0,Valid
409,SYN00890,West,Provider Group C,Controlling Blood Pressure,2026-01-01,0,Valid
410,SYN00891,East,Provider Group A,Controlling Blood Pressure,2026-01-01,0,Valid
411,SYN00891,East,Provider Group A,Medication Adherence,2026-01-01,0,Valid
412,SYN00892,West,Provider Group E,Diabetes Care,2026-01-01,0,Valid
413,SYN00892,West,Provider Group E,Medication Adherence,2026-01-01,0,Valid
414,SYN00893,South,Provider Group C,Breast Cancer Screening,2026-01-01,0,Valid
415,SYN00893,South,Provider Group C,Controlling Blood Pressure,2026-01-01,0,Valid
416,SYN00893,South,Provider Group C,Medication Adherence,2026-01-01,0,Valid
417,SYN00896,North,Provider Group E,Colorectal Cancer Screening,2026-01-01,0,Valid
418,SYN00896,North,Provider Group E,Controlling Blood Pressure,2026-01-01,0,Valid
419,SYN00896,North,Provider Group E,Diabetes Care,2026-01-01,0,Valid
420,SYN00896,North,Provider Group E,Medication Adherence,2026-01-01,0,Valid
421,SYN00899,South,Provider Group C,Controlling Blood Pressure,2026-01-01,0,Valid
422,SYN00899,South,Provider Group C,Follow-Up After Hospitalization,2026-01-01,0,Valid
423,SYN00899,South,Provider Group C,Medication Adherence,2026-01-01,0,Valid
424,SYN00906,South,Provider Group A,Breast Cancer Screening,2026-01-01,0,Valid
425,SYN00906,South,Provider Group A,Controlling Blood Pressure,2026-01-01,0,Valid
426,SYN00906,South,Provider Group A,Diabetes Care,2026-01-01,0,Valid
427,SYN00915,North,Provider Group A,Colorectal Cancer Screening,2026-01-01,0,Valid
428,SYN00915,North,Provider Group A,Controlling Blood Pressure,2026-01-01,0,Valid
429,SYN00915,North,Provider Group A,Medication Adherence,2026-01-01,0,Valid
430,SYN00923,North,Provider Group C,Colorectal Cancer Screening,2026-01-01,0,Valid
431,SYN00923,North,Provider Group C,Controlling Blood Pressure,2026-01-01,0,Valid
432,SYN00923,North,Provider Group C,Diabetes Care,2026-01-01,0,Valid
433,SYN00928,North,Provider Group C,Breast Cancer Screening,2026-01-01,0,Valid
434,SYN00928,North,Provider Group C,Controlling Blood Pressure,2026-01-01,0,Valid
435,SYN00928,North,Provider Group C,Medication Adherence,2026-01-01,0,Valid
436,SYN00929,West,Provider Group B,Colorectal Cancer Screening,2026-01-01,0,Valid
437,SYN00929,West,Provider Group B,Diabetes Care,2026-01-01,0,Valid
438,SYN00931,West,Provider Group D,Colorectal Cancer Screening,2026-01-01,0,Valid
439,SYN00934,West,Provider Group D,Breast Cancer Screening,2026-01-01,0,Valid
440,SYN00934,West,Provider Group D,Colorectal Cancer Screening,2026-01-01,0,Valid
441,SYN00939,North,Provider Group E,Follow-Up After Hospitalization,2026-01-01,0,Valid
442,SYN00941,West,Provider Group D,Colorectal Cancer Screening,2026-01-01,0,Valid
443,SYN00941,West,Provider Group D,Controlling Blood Pressure,2026-01-01,0,Valid
444,SYN00941,West,Provider Group D,Medication Adherence,2026-01-01,0,Valid
445,SYN00943,East,Provider Group D,Colorectal Cancer Screening,2026-01-01,0,Valid
446,SYN00943,East,Provider Group D,Controlling Blood Pressure,2026-01-01,0,Valid
447,SYN00943,East,Provider Group D,Diabetes Care,2026-01-01,0,Valid
448,SYN00943,East,Provider Group D,Medication Adherence,2026-01-01,0,Valid
449,SYN00952,South,Provider Group A,Follow-Up After Hospitalization,2026-01-01,0,Valid
450,SYN00952,South,Provider Group A,Medication Adherence,2026-01-01,0,Valid
451,SYN00954,West,Provider Group D,Controlling Blood Pressure,2026-01-01,0,Valid
452,SYN00954,West,Provider Group D,Medication Adherence,2026-01-01,0,Valid
453,SYN00957,West,Provider Group C,Breast Cancer Screening,2026-01-01,0,Valid
454,SYN00957,West,Provider Group C,Colorectal Cancer Screening,2026-01-01,0,Valid
455,SYN00957,West,Provider Group C,Diabetes Care,2026-01-01,0,Valid
456,SYN00957,West,Provider Group C,Follow-Up After Hospitalization,2026-01-01,0,Valid
457,SYN00961,West,Provider Group A,Colorectal Cancer Screening,2026-01-01,0,Valid
458,SYN00961,West,Provider Group A,Medication Adherence,2026-01-01,0,Valid
459,SYN00964,East,Provider Group A,Follow-Up After Hospitalization,2026-01-01,0,Valid
460,SYN00964,East,Provider Group A,Medication Adherence,2026-01-01,0,Valid
461,SYN00972,South,Provider Group B,Colorectal Cancer Screening,2026-01-01,0,Valid
462,SYN00972,South,Provider Group B,Follow-Up After Hospitalization,2026-01-01,0,Valid
463,SYN00972,South,Provider Group B,Medication Adherence,2026-01-01,0,Valid
464,SYN00982,North,Provider Group B,Breast Cancer Screening,2026-01-01,0,Valid
465,SYN00982,North,Provider Group B,Diabetes Care,2026-01-01,0,Valid
466,SYN00982,North,Provider Group B,Medication Adherence,2026-01-01,0,Valid
467,SYN00994,South,Provider Group A,Breast Cancer Screening,2026-01-01,0,Valid
468,SYN00994,South,Provider Group A,Colorectal Cancer Screening,2026-01-01,0,Valid
469,SYN00994,South,Provider Group A,Follow-Up After Hospitalization,2026-01-01,0,Valid
470,SYN01001,South,Provider Group C,Follow-Up After Hospitalization,2026-01-01,0,Valid
471,SYN01001,South,Provider Group C,Medication Adherence,2026-01-01,0,Valid
472,SYN01002,South,Provider Group D,Breast Cancer Screening,2026-01-01,0,Valid
473,SYN01002,South,Provider Group D,Controlling Blood Pressure,2026-01-01,0,Valid
474,SYN01002,South,Provider Group D,Follow-Up After Hospitalization,2026-01-01,0,Valid
475,SYN01002,South,Provider Group D,Medication Adherence,2026-01-01,0,Valid
476,SYN01004,East,Provider Group A,Colorectal Cancer Screening,2026-01-01,0,Valid
477,SYN01004,East,Provider Group A,Controlling Blood Pressure,2026-01-01,0,Valid
478,SYN01004,East,Provider Group A,Medication Adherence,2026-01-01,0,Valid
479,SYN01006,North,Provider Group A,Diabetes Care,2026-01-01,0,Valid
480,SYN01006,North,Provider Group A,Follow-Up After Hospitalization,2026-01-01,0,Valid
481,SYN01006,North,Provider Group A,Medication Adherence,2026-01-01,0,Valid
482,SYN01018,North,Provider Group A,Breast Cancer Screening,2026-01-01,0,Valid
483,SYN01018,North,Provider Group A,Controlling Blood Pressure,2026-01-01,0,Valid
484,SYN01018,North,Provider Group A,Medication Adherence,2026-01-01,0,Valid
485,SYN01024,South,Provider Group A,Colorectal Cancer Screening,2026-01-01,0,Valid
486,SYN01024,South,Provider Group A,Controlling Blood Pressure,2026-01-01,0,Valid
487,SYN01024,South,Provider Group A,Diabetes Care,2026-01-01,0,Valid
488,SYN01024,South,Provider Group A,Medication Adherence,2026-01-01,0,Valid
489,SYN01028,East,Provider Group A,Colorectal Cancer Screening,2026-01-01,0,Valid
490,SYN01028,East,Provider Group A,Controlling Blood Pressure,2026-01-01,0,Valid
491,SYN01032,North,Provider Group B,Controlling Blood Pressure,2026-01-01,0,Valid
492,SYN01032,North,Provider Group B,Diabetes Care,2026-01-01,0,Valid
493,SYN01032,North,Provider Group B,Follow-Up After Hospitalization,2026-01-01,0,Valid
494,SYN01032,North,Provider Group B,Medication Adherence,2026-01-01,0,Valid
495,SYN01038,East,Provider Group A,Colorectal Cancer Screening,2026-01-01,0,Valid
496,SYN01038,East,Provider Group A,Controlling Blood Pressure,2026-01-01,0,Valid
497,SYN01038,East,Provider Group A,Follow-Up After Hospitalization,2026-01-01,0,Valid
498,SYN01054,North,Provider Group C,Breast Cancer Screening,2026-01-01,0,Valid
499,SYN01054,North,Provider Group C,Diabetes Care,2026-01-01,0,Valid
500,SYN01071,East,Provider Group E,Controlling Blood Pressure,2026-01-01,0,Valid
501,SYN01071,East,Provider Group E,Diabetes Care,2026-01-01,0,Valid
502,SYN01073,North,Provider Group B,Colorectal Cancer Screening,2026-01-01,0,Valid
503,SYN01073,North,Provider Group B,Controlling Blood Pressure,2026-01-01,0,Valid
504,SYN01073,North,Provider Group B,Diabetes Care,2026-01-01,0,Valid
505,SYN01073,North,Provider Group B,Medication Adherence,2026-01-01,0,Valid
506,SYN01076,South,Provider Group D,Colorectal Cancer Screening,2026-01-01,0,Valid
507,SYN01076,South,Provider Group D,Controlling Blood Pressure,2026-01-01,0,Valid
508,SYN01080,South,Provider Group B,Colorectal Cancer Screening,2026-01-01,0,Valid
509,SYN01086,East,Provider Group B,Breast Cancer Screening,2026-01-01,0,Valid
510,SYN01086,East,Provider Group B,Diabetes Care,2026-01-01,0,Valid
511,SYN01091,South,Provider Group E,Colorectal Cancer Screening,2026-01-01,0,Valid
512,SYN01096,West,Provider Group E,Breast Cancer Screening,2026-01-01,0,Valid
513,SYN01096,West,Provider Group E,Colorectal Cancer Screening,2026-01-01,0,Valid
514,SYN01096,West,Provider Group E,Controlling Blood Pressure,2026-01-01,0,Valid
515,SYN01096,West,Provider Group E,Follow-Up After Hospitalization,2026-01-01,0,Valid
516,SYN01096,West,Provider Group E,Medication Adherence,2026-01-01,0,Valid
517,SYN01100,South,Provider Group B,Colorectal Cancer Screening,2026-01-01,0,Valid
518,SYN01100,South,Provider Group B,Controlling Blood Pressure,2026-01-01,0,Valid
519,SYN01100,South,Provider Group B,Follow-Up After Hospitalization,2026-01-01,0,Valid
520,SYN01101,East,Provider Group C,Breast Cancer Screening,2026-01-01,0,Valid
521,SYN01101,East,Provider Group C,Controlling Blood Pressure,2026-01-01,0,Valid
522,SYN01101,East,Provider Group C,Medication Adherence,2026-01-01,0,Valid
523,SYN01105,West,Provider Group D,Breast Cancer Screening,2026-01-01,0,Valid
524,SYN01105,West,Provider Group D,Diabetes Care,2026-01-01,0,Valid
525,SYN01105,West,Provider Group D,Medication Adherence,2026-01-01,0,Valid
526,SYN01107,West,Provider Group E,Colorectal Cancer Screening,2026-01-01,0,Valid
527,SYN01107,West,Provider Group E,Controlling Blood Pressure,2026-01-01,0,Valid
528,SYN01107,West,Provider Group E,Diabetes Care,2026-01-01,0,Valid
529,SYN01107,West,Provider Group E,Follow-Up After Hospitalization,2026-01-01,0,Valid
530,SYN01107,West,Provider Group E,Medication Adherence,2026-01-01,0,Valid
531,SYN01126,North,Provider Group E,Breast Cancer Screening,2026-01-01,0,Valid
532,SYN01126,North,Provider Group E,Controlling Blood Pressure,2026-01-01,0,Valid
533,SYN01126,North,Provider Group E,Follow-Up After Hospitalization,2026-01-01,0,Valid
534,SYN01140,South,Provider Group D,Colorectal Cancer Screening,2026-01-01,0,Valid
535,SYN01140,South,Provider Group D,Controlling Blood Pressure,2026-01-01,0,Valid
536,SYN01140,South,Provider Group D,Diabetes Care,2026-01-01,0,Valid
537,SYN01140,South,Provider Group D,Follow-Up After Hospitalization,2026-01-01,0,Valid
538,SYN01146,South,Provider Group B,Diabetes Care,2026-01-01,0,Valid
539,SYN01150,North,Provider Group B,Colorectal Cancer Screening,2026-01-01,0,Valid
540,SYN01150,North,Provider Group B,Medication Adherence,2026-01-01,0,Valid
541,SYN01153,North,Provider Group D,Colorectal Cancer Screening,2026-01-01,0,Valid
542,SYN01153,North,Provider Group D,Controlling Blood Pressure,2026-01-01,0,Valid
543,SYN01155,West,Provider Group A,Breast Cancer Screening,2026-01-01,0,Valid
544,SYN01155,West,Provider Group A,Colorectal Cancer Screening,2026-01-01,0,Valid
545,SYN01156,East,Provider Group B,Breast Cancer Screening,2026-01-01,0,Valid
546,SYN01156,East,Provider Group B,Follow-Up After Hospitalization,2026-01-01,0,Valid
547,SYN01156,East,Provider Group B,Medication Adherence,2026-01-01,0,Valid
548,SYN01165,East,Provider Group D,Medication Adherence,2026-01-01,0,Valid
549,SYN01166,East,Provider Group C,Diabetes Care,2026-01-01,0,Valid
550,SYN01171,West,Provider Group A,Colorectal Cancer Screening,2026-01-01,0,Valid
551,SYN01195,West,Provider Group C,Breast Cancer Screening,2026-01-01,0,Valid
552,SYN01195,West,Provider Group C,Colorectal Cancer Screening,2026-01-01,0,Valid
553,SYN01195,West,Provider Group C,Controlling Blood Pressure,2026-01-01,0,Valid
554,SYN01195,West,Provider Group C,Diabetes Care,2026-01-01,0,Valid
555,SYN01195,West,Provider Group C,Follow-Up After Hospitalization,2026-01-01,0,Valid
556,SYN01197,West,Provider Group D,Colorectal Cancer Screening,2026-01-01,0,Valid
557,SYN01197,West,Provider Group D,Diabetes Care,2026-01-01,0,Valid
558,SYN01197,West,Provider Group D,Follow-Up After Hospitalization,2026-01-01,0,Valid
559,SYN01199,South,Provider Group E,Breast Cancer Screening,2026-01-01,0,Valid
560,SYN01199,South,Provider Group E,Follow-Up After Hospitalization,2026-01-01,0,Valid
561,SYN01200,North,Provider Group A,Breast Cancer Screening,2026-01-01,0,Valid
562,SYN01200,North,Provider Group A,Controlling Blood Pressure,2026-01-01,0,Valid
563,SYN01200,North,Provider Group A,Follow-Up After Hospitalization,2026-01-01,0,Valid
564,SYN01201,West,Provider Group E,Colorectal Cancer Screening,2026-01-01,0,Valid
565,SYN01201,West,Provider Group E,Diabetes Care,2026-01-01,0,Valid
566,SYN01201,West,Provider Group E,Follow-Up After Hospitalization,2026-01-01,0,Valid
567,SYN01201,West,Provider Group E,Medication Adherence,2026-01-01,0,Valid
568,SYN01207,East,Provider Group E,Breast Cancer Screening,2026-01-01,0,Valid
569,SYN01207,East,Provider Group E,Colorectal Cancer Screening,2026-01-01,0,Valid
570,SYN01207,East,Provider Group E,Diabetes Care,2026-01-01,0,Valid
571,SYN01208,South,Provider Group A,Colorectal Cancer Screening,2026-01-01,0,Valid
572,SYN01208,South,Provider Group A,Controlling Blood Pressure,2026-01-01,0,Valid
573,SYN01220,East,Provider Group A,Controlling Blood Pressure,2026-01-01,0,Valid
574,SYN01220,East,Provider Group A,Diabetes Care,2026-01-01,0,Valid
575,SYN01220,East,Provider Group A,Medication Adherence,2026-01-01,0,Valid
576,SYN01222,East,Provider Group D,Colorectal Cancer Screening,2026-01-01,0,Valid
577,SYN01226,North,Provider Group B,Breast Cancer Screening,2026-01-01,0,Valid
578,SYN01226,North,Provider Group B,Colorectal Cancer Screening,2026-01-01,0,Valid
579,SYN01226,North,Provider Group B,Follow-Up After Hospitalization,2026-01-01,0,Valid
580,SYN01231,East,Provider Group B,Colorectal Cancer Screening,2026-01-01,0,Valid
581,SYN01231,East,Provider Group B,Medication Adherence,2026-01-01,0,Valid
582,SYN01236,North,Provider Group D,Colorectal Cancer Screening,2026-01-01,0,Valid
583,SYN01236,North,Provider Group D,Follow-Up After Hospitalization,2026-01-01,0,Valid
584,SYN01251,West,Provider Group B,Breast Cancer Screening,2026-01-01,0,Valid
585,SYN01251,West,Provider Group B,Follow-Up After Hospitalization,2026-01-01,0,Valid
586,SYN01251,West,Provider Group B,Medication Adherence,2026-01-01,0,Valid
587,SYN01253,West,Provider Group C,Diabetes Care,2026-01-01,0,Valid
588,SYN01253,West,Provider Group C,Follow-Up After Hospitalization,2026-01-01,0,Valid
589,SYN01259,West,Provider Group D,Breast Cancer Screening,2026-01-01,1,Needs Review
590,SYN01259,West,Provider Group D,Controlling Blood Pressure,2026-01-01,0,Valid
591,SYN01259,West,Provider Group D,Diabetes Care,2026-01-01,0,Valid
592,SYN01259,West,Provider Group D,Follow-Up After Hospitalization,2026-01-01,0,Valid
593,SYN01259,West,Provider Group D,Medication Adherence,2026-01-01,0,Valid
594,SYN01264,South,Provider Group A,Controlling Blood Pressure,2026-01-01,0,Valid
595,SYN01264,South,Provider Group A,Medication Adherence,2026-01-01,0,Valid
596,SYN01265,South,Provider Group D,Colorectal Cancer Screening,2026-01-01,0,Valid
597,SYN01265,South,Provider Group D,Diabetes Care,2026-01-01,0,Valid
598,SYN01265,South,Provider Group D,Medication Adherence,2026-01-01,0,Valid
599,SYN01269,North,Provider Group D,Colorectal Cancer Screening,2026-01-01,0,Valid
600,SYN01271,North,Provider Group E,Breast Cancer Screening,2026-01-01,0,Valid
601,SYN01271,North,Provider Group E,Colorectal Cancer Screening,2026-01-01,0,Valid
602,SYN01271,North,Provider Group E,Follow-Up After Hospitalization,2026-01-01,0,Valid
603,SYN01271,North,Provider Group E,Medication Adherence,2026-01-01,0,Valid
604,SYN01272,West,Provider Group E,Diabetes Care,2026-01-01,0,Valid
605,SYN01272,West,Provider Group E,Follow-Up After Hospitalization,2026-01-01,0,Valid
606,SYN01273,West,Provider Group B,Breast Cancer Screening,2026-01-01,0,Valid
607,SYN01273,West,Provider Group B,Colorectal Cancer Screening,2026-01-01,0,Valid
608,SYN01273,West,Provider Group B,Controlling Blood Pressure,2026-01-01,0,Valid
609,SYN01273,West,Provider Group B,Follow-Up After Hospitalization,2026-01-01,0,Valid
610,SYN01273,West,Provider Group B,Medication Adherence,2026-01-01,0,Valid
611,SYN01277,South,Provider Group D,Colorectal Cancer Screening,2026-01-01,0,Valid
612,SYN01277,South,Provider Group D,Medication Adherence,2026-01-01,0,Valid
613,SYN01281,West,Provider Group B,Diabetes Care,2026-01-01,0,Valid
614,SYN01281,West,Provider Group B,Follow-Up After Hospitalization,2026-01-01,0,Valid
615,SYN01292,North,Provider Group A,Colorectal Cancer Screening,2026-01-01,0,Valid
616,SYN01292,North,Provider Group A,Follow-Up After Hospitalization,2026-01-01,0,Valid
617,SYN01292,North,Provider Group A,Medication Adherence,2026-01-01,0,Valid
618,SYN01305,South,Provider Group B,Breast Cancer Screening,2026-01-01,0,Valid
619,SYN01305,South,Provider Group B,Colorectal Cancer Screening,2026-01-01,0,Valid
620,SYN01311,West,Provider Group A,Colorectal Cancer Screening,2026-01-01,0,Valid
621,SYN01311,West,Provider Group A,Controlling Blood Pressure,2026-01-01,0,Valid
622,SYN01311,West,Provider Group A,Diabetes Care,2026-01-01,0,Valid
623,SYN01311,West,Provider Group A,Medication Adherence,2026-01-01,0,Valid
624,SYN01331,West,Provider Group E,Controlling Blood Pressure,2026-01-01,0,Valid
625,SYN01331,West,Provider Group E,Diabetes Care,2026-01-01,0,Valid
626,SYN01331,West,Provider Group E,Follow-Up After Hospitalization,2026-01-01,0,Valid
627,SYN01331,West,Provider Group E,Medication Adherence,2026-01-01,0,Valid
628,SYN01333,South,Provider Group C,Controlling Blood Pressure,2026-01-01,0,Valid
629,SYN01345,West,Provider Group D,Medication Adherence,2026-01-01,0,Valid
630,SYN01360,South,Provider Group B,Colorectal Cancer Screening,2026-01-01,0,Valid
631,SYN01360,South,Provider Group B,Controlling Blood Pressure,2026-01-01,0,Valid
632,SYN01360,South,Provider Group B,Medication Adherence,2026-01-01,0,Valid
633,SYN01366,East,Provider Group E,Breast Cancer Screening,2026-01-01,0,Valid
634,SYN01366,East,Provider Group E,Colorectal Cancer Screening,2026-01-01,0,Valid
635,SYN01366,East,Provider Group E,Controlling Blood Pressure,2026-01-01,0,Valid
636,SYN01366,East,Provider Group E,Diabetes Care,2026-01-01,0,Valid
637,SYN01366,East,Provider Group E,Medication Adherence,2026-01-01,0,Valid
638,SYN01371,East,Provider Group E,Breast Cancer Screening,2026-01-01,0,Valid
639,SYN01371,East,Provider Group E,Colorectal Cancer Screening,2026-01-01,0,Valid
640,SYN01371,East,Provider Group E,Controlling Blood Pressure,2026-01-01,0,Valid
641,SYN01373,West,Provider Group D,Colorectal Cancer Screening,2026-01-01,0,Valid
642,SYN01374,East,Provider Group E,Colorectal Cancer Screening,2026-01-01,0,Valid
643,SYN01377,West,Provider Group B,Colorectal Cancer Screening,2026-01-01,0,Valid
644,SYN01377,West,Provider Group B,Diabetes Care,2026-01-01,0,Valid
645,SYN01377,West,Provider Group B,Follow-Up After Hospitalization,2026-01-01,0,Valid
646,SYN01387,East,Provider Group A,Diabetes Care,2026-01-01,0,Valid
647,SYN01391,South,Provider Group C,Breast Cancer Screening,2026-01-01,0,Valid
648,SYN01391,South,Provider Group C,Colorectal Cancer Screening,2026-01-01,0,Valid
649,SYN01391,South,Provider Group C,Medication Adherence,2026-01-01,0,Valid
650,SYN01394,South,Provider Group B,Controlling Blood Pressure,2026-01-01,0,Valid
651,SYN01394,South,Provider Group B,Diabetes Care,2026-01-01,0,Valid
652,SYN01394,South,Provider Group B,Follow-Up After Hospitalization,2026-01-01,0,Valid
653,SYN01394,South,Provider Group B,Medication Adherence,2026-01-01,0,Valid
654,SYN01395,West,Provider Group C,Controlling Blood Pressure,2026-01-01,0,Valid
655,SYN01395,West,Provider Group C,Follow-Up After Hospitalization,2026-01-01,0,Valid
656,SYN01395,West,Provider Group C,Medication Adherence,2026-01-01,0,Valid
657,SYN01401,East,Provider Group E,Breast Cancer Screening,2026-01-01,0,Valid
658,SYN01401,East,Provider Group E,Controlling Blood Pressure,2026-01-01,0,Valid
659,SYN01401,East,Provider Group E,Diabetes Care,2026-01-01,0,Valid
660,SYN01401,East,Provider Group E,Follow-Up After Hospitalization,2026-01-01,0,Valid
661,SYN01401,East,Provider Group E,Medication Adherence,2026-01-01,0,Valid
662,SYN01417,South,Provider Group A,Colorectal Cancer Screening,2026-01-01,0,Valid
663,SYN01417,South,Provider Group A,Diabetes Care,2026-01-01,0,Valid
664,SYN01417,South,Provider Group A,Medication Adherence,2026-01-01,0,Valid
665,SYN01422,South,Provider Group C,Breast Cancer Screening,2026-01-01,0,Valid
666,SYN01422,South,Provider Group C,Controlling Blood Pressure,2026-01-01,0,Valid
667,SYN01422,South,Provider Group C,Diabetes Care,2026-01-01,0,Valid
668,SYN01428,East,Provider Group A,Breast Cancer Screening,2026-01-01,0,Valid
669,SYN01428,East,Provider Group A,Controlling Blood Pressure,2026-01-01,0,Valid
670,SYN01428,East,Provider Group A,Follow-Up After Hospitalization,2026-01-01,0,Valid
671,SYN01428,East,Provider Group A,Medication Adherence,2026-01-01,0,Valid
672,SYN01436,South,Provider Group B,Colorectal Cancer Screening,2026-01-01,0,Valid
673,SYN01440,East,Provider Group B,Colorectal Cancer Screening,2026-01-01,0,Valid
674,SYN01440,East,Provider Group B,Diabetes Care,2026-01-01,0,Valid
675,SYN01446,East,Provider Group A,Breast Cancer Screening,2026-01-01,0,Valid
676,SYN01446,East,Provider Group A,Colorectal Cancer Screening,2026-01-01,0,Valid
677,SYN01446,East,Provider Group A,Controlling Blood Pressure,2026-01-01,0,Valid
678,SYN01446,East,Provider Group A,Diabetes Care,2026-01-01,0,Valid
679,SYN01446,East,Provider Group A,Medication Adherence,2026-01-01,0,Valid
680,SYN01448,North,Provider Group B,Follow-Up After Hospitalization,2026-01-01,0,Valid
681,SYN01448,North,Provider Group B,Medication Adherence,2026-01-01,0,Valid
682,SYN01451,North,Provider Group E,Colorectal Cancer Screening,2026-01-01,0,Valid
683,SYN01451,North,Provider Group E,Controlling Blood Pressure,2026-01-01,0,Valid
684,SYN01462,East,Provider Group A,Breast Cancer Screening,2026-01-01,0,Valid
685,SYN01462,East,Provider Group A,Diabetes Care,2026-01-01,0,Valid
686,SYN01467,West,Provider Group D,Breast Cancer Screening,2026-01-01,0,Valid
687,SYN01467,West,Provider Group D,Controlling Blood Pressure,2026-01-01,0,Valid
688,SYN01491,South,Provider Group A,Colorectal Cancer Screening,2026-01-01,0,Valid
689,SYN01491,South,Provider Group A,Diabetes Care,2026-01-01,0,Valid
690,SYN01491,South,Provider Group A,Medication Adherence,2026-01-01,0,Valid
691,SYN01495,South,Provider Group D,Breast Cancer Screening,2026-01-01,0,Valid
692,SYN01495,South,Provider Group D,Controlling Blood Pressure,2026-01-01,0,Valid
693,SYN01495,South,Provider Group D,Diabetes Care,2026-01-01,0,Valid
694,SYN01495,South,Provider Group D,Medication Adherence,2026-01-01,0,Valid
695,SYN01515,East,Provider Group C,Colorectal Cancer Screening,2026-01-01,0,Valid
696,SYN01515,East,Provider Group C,Controlling Blood Pressure,2026-01-01,0,Valid
697,SYN01520,West,Provider Group D,Colorectal Cancer Screening,2026-01-01,0,Valid
698,SYN01520,West,Provider Group D,Controlling Blood Pressure,2026-01-01,0,Valid
699,SYN01520,West,Provider Group D,Diabetes Care,2026-01-01,0,Valid
700,SYN01521,West,Provider Group B,Controlling Blood Pressure,2026-01-01,0,Valid
701,SYN01521,West,Provider Group B,Medication Adherence,2026-01-01,0,Valid
702,SYN01547,West,Provider Group B,Controlling Blood Pressure,2026-01-01,0,Valid
703,SYN01547,West,Provider Group B,Diabetes Care,2026-01-01,0,Valid
704,SYN01551,South,Provider Group B,Breast Cancer Screening,2026-01-01,0,Valid
705,SYN01551,South,Provider Group B,Colorectal Cancer Screening,2026-01-01,0,Valid
706,SYN01551,South,Provider Group B,Medication Adherence,2026-01-01,0,Valid
707,SYN01559,South,Provider Group C,Breast Cancer Screening,2026-01-01,0,Valid
708,SYN01559,South,Provider Group C,Diabetes Care,2026-01-01,0,Valid
709,SYN01559,South,Provider Group C,Follow-Up After Hospitalization,2026-01-01,0,Valid
710,SYN01559,South,Provider Group C,Medication Adherence,2026-01-01,0,Valid
711,SYN01562,West,Provider Group E,Breast Cancer Screening,2026-01-01,0,Valid
712,SYN01562,West,Provider Group E,Controlling Blood Pressure,2026-01-01,0,Valid
713,SYN01563,South,Provider Group B,Diabetes Care,2026-01-01,0,Valid
714,SYN01566,East,Provider Group D,Breast Cancer Screening,2026-01-01,1,Needs Review
715,SYN01566,East,Provider Group D,Colorectal Cancer Screening,2026-01-01,0,Valid
716,SYN01566,East,Provider Group D,Controlling Blood Pressure,2026-01-01,0,Valid
717,SYN01566,East,Provider Group D,Medication Adherence,2026-01-01,0,Valid
718,SYN01567,South,Provider Group A,Colorectal Cancer Screening,2026-01-01,0,Valid
719,SYN01567,South,Provider Group A,Diabetes Care,2026-01-01,0,Valid
720,SYN01567,South,Provider Group A,Follow-Up After Hospitalization,2026-01-01,0,Valid
721,SYN01567,South,Provider Group A,Medication Adherence,2026-01-01,0,Valid
722,SYN01572,South,Provider Group B,Controlling Blood Pressure,2026-01-01,0,Valid
723,SYN01572,South,Provider Group B,Diabetes Care,2026-01-01,0,Valid
724,SYN01572,South,Provider Group B,Follow-Up After Hospitalization,2026-01-01,0,Valid
725,SYN01574,South,Provider Group A,Breast Cancer Screening,2026-01-01,0,Valid
726,SYN01574,South,Provider Group A,Controlling Blood Pressure,2026-01-01,0,Valid
727,SYN01574,South,Provider Group A,Medication Adherence,2026-01-01,0,Valid
728,SYN01584,North,Provider Group B,Breast Cancer Screening,2026-01-01,0,Valid
729,SYN01584,North,Provider Group B,Colorectal Cancer Screening,2026-01-01,0,Valid
730,SYN01584,North,Provider Group B,Diabetes Care,2026-01-01,0,Valid
731,SYN01594,West,Provider Group E,Diabetes Care,2026-01-01,0,Valid
732,SYN01600,South,Provider Group E,Colorectal Cancer Screening,2026-01-01,0,Valid
733,SYN01600,South,Provider Group E,Controlling Blood Pressure,2026-01-01,0,Valid
734,SYN01600,South,Provider Group E,Diabetes Care,2026-01-01,0,Valid
735,SYN01600,South,Provider Group E,Medication Adherence,2026-01-01,0,Valid
736,SYN01608,South,Provider Group D,Colorectal Cancer Screening,2026-01-01,0,Valid
737,SYN01608,South,Provider Group D,Controlling Blood Pressure,2026-01-01,0,Valid
738,SYN01608,South,Provider Group D,Follow-Up After Hospitalization,2026-01-01,0,Valid
739,SYN01613,South,Provider Group C,Colorectal Cancer Screening,2026-01-01,0,Valid
740,SYN01613,South,Provider Group C,Follow-Up After Hospitalization,2026-01-01,0,Valid
741,SYN01613,South,Provider Group C,Medication Adherence,2026-01-01,0,Valid
742,SYN01615,South,Provider Group B,Breast Cancer Screening,2026-01-01,0,Valid
743,SYN01615,South,Provider Group B,Colorectal Cancer Screening,2026-01-01,0,Valid
744,SYN01615,South,Provider Group B,Controlling Blood Pressure,2026-01-01,0,Valid
745,SYN01615,South,Provider Group B,Diabetes Care,2026-01-01,0,Valid
746,SYN01615,South,Provider Group B,Medication Adherence,2026-01-01,0,Valid
747,SYN01620,North,Provider Group E,Colorectal Cancer Screening,2026-01-01,0,Valid
748,SYN01620,North,Provider Group E,Diabetes Care,2026-01-01,0,Valid
749,SYN01625,North,Provider Group C,Diabetes Care,2026-01-01,0,Valid
750,SYN01626,North,Provider Group B,Breast Cancer Screening,2026-01-01,0,Valid
751,SYN01626,North,Provider Group B,Colorectal Cancer Screening,2026-01-01,0,Valid
752,SYN01626,North,Provider Group B,Controlling Blood Pressure,2026-01-01,0,Valid
753,SYN01626,North,Provider Group B,Diabetes Care,2026-01-01,0,Valid
754,SYN01626,North,Provider Group B,Follow-Up After Hospitalization,2026-01-01,0,Valid
755,SYN01626,North,Provider Group B,Medication Adherence,2026-01-01,0,Valid
756,SYN01627,West,Provider Group C,Colorectal Cancer Screening,2026-01-01,0,Valid
757,SYN01627,West,Provider Group C,Diabetes Care,2026-01-01,0,Valid
758,SYN01628,South,Provider Group A,Controlling Blood Pressure,2026-01-01,0,Valid
759,SYN01628,South,Provider Group A,Follow-Up After Hospitalization,2026-01-01,0,Valid
760,SYN01628,South,Provider Group A,Medication Adherence,2026-01-01,0,Valid
761,SYN01634,South,Provider Group B,Breast Cancer Screening,2026-01-01,0,Valid
762,SYN01634,South,Provider Group B,Controlling Blood Pressure,2026-01-01,0,Valid
763,SYN01634,South,Provider Group B,Medication Adherence,2026-01-01,0,Valid
764,SYN01637,North,Provider Group A,Breast Cancer Screening,2026-01-01,0,Valid
765,SYN01637,North,Provider Group A,Colorectal Cancer Screening,2026-01-01,0,Valid
766,SYN01637,North,Provider Group A,Follow-Up After Hospitalization,2026-01-01,0,Valid
767,SYN01637,North,Provider Group A,Medication Adherence,2026-01-01,0,Valid
768,SYN01644,East,Provider Group C,Medication Adherence,2026-01-01,0,Valid
769,SYN01650,North,Provider Group D,Controlling Blood Pressure,2026-01-01,0,Valid
770,SYN01650,North,Provider Group D,Medication Adherence,2026-01-01,0,Valid
771,SYN01658,North,Provider Group B,Controlling Blood Pressure,2026-01-01,0,Valid
772,SYN01659,South,Provider Group D,Colorectal Cancer Screening,2026-01-01,0,Valid
773,SYN01662,East,Provider Group B,Breast Cancer Screening,2026-01-01,0,Valid
774,SYN01662,East,Provider Group B,Colorectal Cancer Screening,2026-01-01,0,Valid
775,SYN01662,East,Provider Group B,Medication Adherence,2026-01-01,0,Valid
776,SYN01665,South,Provider Group B,Breast Cancer Screening,2026-01-01,0,Valid
777,SYN01665,South,Provider Group B,Colorectal Cancer Screening,2026-01-01,0,Valid
778,SYN01670,West,Provider Group B,Breast Cancer Screening,2026-01-01,0,Valid
779,SYN01670,West,Provider Group B,Controlling Blood Pressure,2026-01-01,0,Valid
780,SYN01670,West,Provider Group B,Follow-Up After Hospitalization,2026-01-01,0,Valid
781,SYN01670,West,Provider Group B,Medication Adherence,2026-01-01,0,Valid
782,SYN01684,East,Provider Group A,Breast Cancer Screening,2026-01-01,0,Valid
783,SYN01684,East,Provider Group A,Medication Adherence,2026-01-01,0,Valid
784,SYN01686,East,Provider Group D,Breast Cancer Screening,2026-01-01,0,Valid
785,SYN01686,East,Provider Group D,Controlling Blood Pressure,2026-01-01,0,Valid
786,SYN01692,West,Provider Group E,Colorectal Cancer Screening,2026-01-01,0,Valid
787,SYN01692,West,Provider Group E,Controlling Blood Pressure,2026-01-01,0,Valid
788,SYN01692,West,Provider Group E,Diabetes Care,2026-01-01,0,Valid
789,SYN01711,North,Provider Group A,Colorectal Cancer Screening,2026-01-01,0,Valid
790,SYN01711,North,Provider Group A,Medication Adherence,2026-01-01,0,Valid
791,SYN01713,West,Provider Group A,Breast Cancer Screening,2026-01-01,0,Valid
792,SYN01713,West,Provider Group A,Colorectal Cancer Screening,2026-01-01,0,Valid
793,SYN01713,West,Provider Group A,Controlling Blood Pressure,2026-01-01,0,Valid
794,SYN01713,West,Provider Group A,Diabetes Care,2026-01-01,0,Valid
795,SYN01716,West,Provider Group C,Colorectal Cancer Screening,2026-01-01,0,Valid
796,SYN01732,South,Provider Group E,Breast Cancer Screening,2026-01-01,0,Valid
797,SYN01732,South,Provider Group E,Colorectal Cancer Screening,2026-01-01,0,Valid
798,SYN01732,South,Provider Group E,Medication Adherence,2026-01-01,0,Valid
799,SYN01734,North,Provider Group D,Diabetes Care,2026-01-01,0,Valid
800,SYN01734,North,Provider Group D,Follow-Up After Hospitalization,2026-01-01,0,Valid
801,SYN01734,North,Provider Group D,Medication Adherence,2026-01-01,0,Valid
802,SYN01745,East,Provider Group C,Colorectal Cancer Screening,2026-01-01,0,Valid
803,SYN01750,South,Provider Group D,Breast Cancer Screening,2026-01-01,0,Valid
804,SYN01750,South,Provider Group D,Colorectal Cancer Screening,2026-01-01,0,Valid
805,SYN01750,South,Provider Group D,Diabetes Care,2026-01-01,0,Valid
806,SYN01750,South,Provider Group D,Medication Adherence,2026-01-01,0,Valid
807,SYN01751,East,Provider Group C,Colorectal Cancer Screening,2026-01-01,0,Valid
808,SYN01751,East,Provider Group C,Diabetes Care,2026-01-01,0,Valid
809,SYN01751,East,Provider Group C,Medication Adherence,2026-01-01,0,Valid
810,SYN01758,West,Provider Group D,Colorectal Cancer Screening,2026-01-01,0,Valid
811,SYN01758,West,Provider Group D,Controlling Blood Pressure,2026-01-01,0,Valid
812,SYN01758,West,Provider Group D,Diabetes Care,2026-01-01,0,Valid
813,SYN01758,West,Provider Group D,Medication Adherence,2026-01-01,0,Valid
814,SYN01760,South,Provider Group A,Colorectal Cancer Screening,2026-01-01,0,Valid
815,SYN01760,South,Provider Group A,Controlling Blood Pressure,2026-01-01,0,Valid
816,SYN01760,South,Provider Group A,Diabetes Care,2026-01-01,0,Valid
817,SYN01770,South,Provider Group A,Colorectal Cancer Screening,2026-01-01,0,Valid
818,SYN01770,South,Provider Group A,Controlling Blood Pressure,2026-01-01,0,Valid
819,SYN01770,South,Provider Group A,Diabetes Care,2026-01-01,0,Valid
820,SYN01770,South,Provider Group A,Medication Adherence,2026-01-01,0,Valid
821,SYN01777,West,Provider Group B,Colorectal Cancer Screening,2026-01-01,0,Valid
822,SYN01777,West,Provider Group B,Controlling Blood Pressure,2026-01-01,0,Valid
823,SYN01779,West,Provider Group D,Controlling Blood Pressure,2026-01-01,0,Valid
824,SYN01780,North,Provider Group C,Breast Cancer Screening,2026-01-01,0,Valid
825,SYN01780,North,Provider Group C,Diabetes Care,2026-01-01,0,Valid
826,SYN01780,North,Provider Group C,Medication Adherence,2026-01-01,0,Valid
827,SYN01781,North,Provider Group A,Follow-Up After Hospitalization,2026-01-01,0,Valid
828,SYN01781,North,Provider Group A,Medication Adherence,2026-01-01,0,Valid
829,SYN01785,South,Provider Group E,Colorectal Cancer Screening,2026-01-01,0,Valid
830,SYN01785,South,Provider Group E,Controlling Blood Pressure,2026-01-01,0,Valid
831,SYN01785,South,Provider Group E,Diabetes Care,2026-01-01,0,Valid
832,SYN01785,South,Provider Group E,Medication Adherence,2026-01-01,0,Valid
833,SYN01795,East,Provider Group A,Breast Cancer Screening,2026-01-01,0,Valid
834,SYN01795,East,Provider Group A,Controlling Blood Pressure,2026-01-01,0,Valid
835,SYN01795,East,Provider Group A,Follow-Up After Hospitalization,2026-01-01,0,Valid
836,SYN01800,North,Provider Group A,Colorectal Cancer Screening,2026-01-01,0,Valid
837,SYN01802,East,Provider Group C,Breast Cancer Screening,2026-01-01,0,Valid
838,SYN01802,East,Provider Group C,Colorectal Cancer Screening,2026-01-01,0,Valid
839,SYN01802,East,Provider Group C,Diabetes Care,2026-01-01,0,Valid
840,SYN01802,East,Provider Group C,Medication Adherence,2026-01-01,0,Valid
841,SYN01806,East,Provider Group A,Breast Cancer Screening,2026-01-01,0,Valid
842,SYN01806,East,Provider Group A,Colorectal Cancer Screening,2026-01-01,0,Valid
843,SYN01806,East,Provider Group A,Controlling Blood Pressure,2026-01-01,0,Valid
844,SYN01806,East,Provider Group A,Medication Adherence,2026-01-01,1,Needs Review
845,SYN01812,West,Provider Group E,Colorectal Cancer Screening,2026-01-01,0,Valid
846,SYN01812,West,Provider Group E,Diabetes Care,2026-01-01,0,Valid
847,SYN01825,East,Provider Group E,Colorectal Cancer Screening,2026-01-01,0,Valid
848,SYN01825,East,Provider Group E,Controlling Blood Pressure,2026-01-01,0,Valid
849,SYN01825,East,Provider Group E,Medication Adherence,2026-01-01,0,Valid
850,SYN01827,South,Provider Group A,Controlling Blood Pressure,2026-01-01,0,Valid
851,SYN01827,South,Provider Group A,Diabetes Care,2026-01-01,0,Valid
852,SYN01827,South,Provider Group A,Follow-Up After Hospitalization,2026-01-01,0,Valid
853,SYN01831,East,Provider Group E,Controlling Blood Pressure,2026-01-01,0,Valid
854,SYN01847,North,Provider Group E,Breast Cancer Screening,2026-01-01,0,Valid
855,SYN01847,North,Provider Group E,Colorectal Cancer Screening,2026-01-01,0,Valid
856,SYN01847,North,Provider Group E,Controlling Blood Pressure,2026-01-01,0,Valid
857,SYN01847,North,Provider Group E,Follow-Up After Hospitalization,2026-01-01,0,Valid
858,SYN01850,North,Provider Group C,Breast Cancer Screening,2026-01-01,0,Valid
859,SYN01850,North,Provider Group C,Colorectal Cancer Screening,2026-01-01,0,Valid
860,SYN01850,North,Provider Group C,Follow-Up After Hospitalization,2026-01-01,0,Valid
861,SYN01850,North,Provider Group C,Medication Adherence,2026-01-01,0,Valid
862,SYN01851,West,Provider Group D,Diabetes Care,2026-01-01,0,Valid
863,SYN01851,West,Provider Group D,Medication Adherence,2026-01-01,0,Valid
864,SYN01853,North,Provider Group D,Colorectal Cancer Screening,2026-01-01,0,Valid
865,SYN01853,North,Provider Group D,Controlling Blood Pressure,2026-01-01,0,Valid
866,SYN01853,North,Provider Group D,Diabetes Care,2026-01-01,0,Valid
867,SYN01853,North,Provider Group D,Follow-Up After Hospitalization,2026-01-01,0,Valid
868,SYN01853,North,Provider Group D,Medication Adherence,2026-01-01,0,Valid
869,SYN01856,East,Provider Group A,Breast Cancer Screening,2026-01-01,0,Valid
870,SYN01856,East,Provider Group A,Colorectal Cancer Screening,2026-01-01,0,Valid
871,SYN01856,East,Provider Group A,Medication Adherence,2026-01-01,0,Valid
872,SYN01863,East,Provider Group A,Controlling Blood Pressure,2026-01-01,0,Valid
873,SYN01863,East,Provider Group A,Diabetes Care,2026-01-01,0,Valid
874,SYN01863,East,Provider Group A,Medication Adherence,2026-01-01,0,Valid
875,SYN01873,South,Provider Group A,Controlling Blood Pressure,2026-01-01,0,Valid
876,SYN01873,South,Provider Group A,Diabetes Care,2026-01-01,0,Valid
877,SYN01873,South,Provider Group A,Follow-Up After Hospitalization,2026-01-01,0,Valid
878,SYN01873,South,Provider Group A,Medication Adherence,2026-01-01,0,Valid
879,SYN01884,West,Provider Group B,Controlling Blood Pressure,2026-01-01,0,Valid
880,SYN01886,North,Provider Group A,Controlling Blood Pressure,2026-01-01,0,Valid
881,SYN01886,North,Provider Group A,Diabetes Care,2026-01-01,0,Valid
882,SYN01908,South,Provider Group E,Breast Cancer Screening,2026-01-01,0,Valid
883,SYN01908,South,Provider Group E,Colorectal Cancer Screening,2026-01-01,0,Valid
884,SYN01908,South,Provider Group E,Controlling Blood Pressure,2026-01-01,0,Valid
885,SYN01908,South,Provider Group E,Diabetes Care,2026-01-01,0,Valid
886,SYN01912,West,Provider Group B,Breast Cancer Screening,2026-01-01,0,Valid
887,SYN01912,West,Provider Group B,Colorectal Cancer Screening,2026-01-01,0,Valid
888,SYN01912,West,Provider Group B,Controlling Blood Pressure,2026-01-01,0,Valid
889,SYN01912,West,Provider Group B,Medication Adherence,2026-01-01,0,Valid
890,SYN01914,North,Provider Group B,Diabetes Care,2026-01-01,0,Valid
891,SYN01914,North,Provider Group B,Medication Adherence,2026-01-01,0,Valid
892,SYN01918,South,Provider Group B,Colorectal Cancer Screening,2026-01-01,0,Valid
893,SYN01923,South,Provider Group C,Breast Cancer Screening,2026-01-01,0,Valid
894,SYN01923,South,Provider Group C,Colorectal Cancer Screening,2026-01-01,0,Valid
895,SYN01923,South,Provider Group C,Follow-Up After Hospitalization,2026-01-01,0,Valid
896,SYN01941,West,Provider Group C,Breast Cancer Screening,2026-01-01,0,Valid
897,SYN01941,West,Provider Group C,Controlling Blood Pressure,2026-01-01,0,Valid
898,SYN01941,West,Provider Group C,Diabetes Care,2026-01-01,0,Valid
899,SYN01953,South,Provider Group A,Breast Cancer Screening,2026-01-01,0,Valid
900,SYN01962,South,Provider Group E,Breast Cancer Screening,2026-01-01,0,Valid
901,SYN01965,South,Provider Group E,Colorectal Cancer Screening,2026-01-01,0,Valid
902,SYN01965,South,Provider Group E,Follow-Up After Hospitalization,2026-01-01,0,Valid
903,SYN01965,South,Provider Group E,Medication Adherence,2026-01-01,0,Valid
904,SYN01972,West,Provider Group A,Diabetes Care,2026-01-01,0,Valid
905,SYN01972,West,Provider Group A,Follow-Up After Hospitalization,2026-01-01,0,Valid
906,SYN01982,South,Provider Group B,Breast Cancer Screening,2026-01-01,0,Valid
907,SYN01982,South,Provider Group B,Controlling Blood Pressure,2026-01-01,0,Valid
908,SYN02002,South,Provider Group D,Follow-Up After Hospitalization,2026-01-01,0,Valid
909,SYN02003,West,Provider Group D,Colorectal Cancer Screening,2026-01-01,0,Valid
910,SYN02003,West,Provider Group D,Diabetes Care,2026-01-01,0,Valid
911,SYN02003,West,Provider Group D,Medication Adherence,2026-01-01,0,Valid
912,SYN02006,West,Provider Group D,Breast Cancer Screening,2026-01-01,0,Valid
913,SYN02006,West,Provider Group D,Colorectal Cancer Screening,2026-01-01,0,Valid
914,SYN02006,West,Provider Group D,Medication Adherence,2026-01-01,0,Valid
915,SYN02008,North,Provider Group E,Colorectal Cancer Screening,2026-01-01,0,Valid
916,SYN02008,North,Provider Group E,Diabetes Care,2026-01-01,0,Valid
917,SYN02011,North,Provider Group C,Colorectal Cancer Screening,2026-01-01,0,Valid
918,SYN02011,North,Provider Group C,Medication Adherence,2026-01-01,0,Valid
919,SYN02012,East,Provider Group C,Diabetes Care,2026-01-01,0,Valid
920,SYN02012,East,Provider Group C,Medication Adherence,2026-01-01,0,Valid
921,SYN02014,East,Provider Group B,Colorectal Cancer Screening,2026-01-01,0,Valid
922,SYN02014,East,Provider Group B,Follow-Up After Hospitalization,2026-01-01,0,Valid
923,SYN02015,East,Provider Group A,Breast Cancer Screening,2026-01-01,0,Valid
924,SYN02015,East,Provider Group A,Colorectal Cancer Screening,2026-01-01,0,Valid
925,SYN02015,East,Provider Group A,Diabetes Care,2026-01-01,0,Valid
926,SYN02021,West,Provider Group D,Colorectal Cancer Screening,2026-01-01,0,Valid
927,SYN02028,West,Provider Group D,Colorectal Cancer Screening,2026-01-01,0,Valid
928,SYN02028,West,Provider Group D,Diabetes Care,2026-01-01,0,Valid
929,SYN02028,West,Provider Group D,Follow-Up After Hospitalization,2026-01-01,0,Valid
930,SYN02030,West,Provider Group E,Diabetes Care,2026-01-01,0,Valid
931,SYN02030,West,Provider Group E,Medication Adherence,2026-01-01,0,Valid
932,SYN02044,North,Provider Group C,Diabetes Care,2026-01-01,0,Valid
933,SYN02044,North,Provider Group C,Follow-Up After Hospitalization,2026-01-01,0,Valid
934,SYN02048,North,Provider Group E,Breast Cancer Screening,2026-01-01,0,Valid
935,SYN02048,North,Provider Group E,Colorectal Cancer Screening,2026-01-01,0,Valid
936,SYN02048,North,Provider Group E,Controlling Blood Pressure,2026-01-01,0,Valid
937,SYN02048,North,Provider Group E,Diabetes Care,2026-01-01,0,Valid
938,SYN02048,North,Provider Group E,Follow-Up After Hospitalization,2026-01-01,0,Valid
939,SYN02048,North,Provider Group E,Medication Adherence,2026-01-01,0,Valid
940,SYN02050,West,Provider Group D,Colorectal Cancer Screening,2026-01-01,0,Valid
941,SYN02050,West,Provider Group D,Controlling Blood Pressure,2026-01-01,0,Valid
942,SYN02050,West,Provider Group D,Medication Adherence,2026-01-01,0,Valid
943,SYN02053,North,Provider Group E,Breast Cancer Screening,2026-01-01,0,Valid
944,SYN02053,North,Provider Group E,Colorectal Cancer Screening,2026-01-01,0,Valid
945,SYN02053,North,Provider Group E,Medication Adherence,2026-01-01,0,Valid
946,SYN02064,South,Provider Group B,Breast Cancer Screening,2026-01-01,0,Valid
947,SYN02064,South,Provider Group B,Colorectal Cancer Screening,2026-01-01,0,Valid
948,SYN02064,South,Provider Group B,Controlling Blood Pressure,2026-01-01,0,Valid
949,SYN02064,South,Provider Group B,Diabetes Care,2026-01-01,0,Valid
950,SYN02078,South,Provider Group E,Breast Cancer Screening,2026-01-01,0,Valid
951,SYN02078,South,Provider Group E,Diabetes Care,2026-01-01,0,Valid
952,SYN02078,South,Provider Group E,Medication Adherence,2026-01-01,0,Valid
953,SYN02079,East,Provider Group B,Diabetes Care,2026-01-01,0,Valid
954,SYN02091,East,Provider Group C,Colorectal Cancer Screening,2026-01-01,0,Valid
955,SYN02091,East,Provider Group C,Controlling Blood Pressure,2026-01-01,0,Valid
956,SYN02091,East,Provider Group C,Follow-Up After Hospitalization,2026-01-01,0,Valid
957,SYN02091,East,Provider Group C,Medication Adherence,2026-01-01,0,Valid
958,SYN02108,North,Provider Group D,Colorectal Cancer Screening,2026-01-01,0,Valid
959,SYN02108,North,Provider Group D,Controlling Blood Pressure,2026-01-01,0,Valid
960,SYN02108,North,Provider Group D,Diabetes Care,2026-01-01,0,Valid
961,SYN02114,South,Provider Group A,Controlling Blood Pressure,2026-01-01,0,Valid
962,SYN02114,South,Provider Group A,Diabetes Care,2026-01-01,0,Valid
963,SYN02114,South,Provider Group A,Follow-Up After Hospitalization,2026-01-01,0,Valid
964,SYN02116,East,Provider Group E,Colorectal Cancer Screening,2026-01-01,0,Valid
965,SYN02116,East,Provider Group E,Controlling Blood Pressure,2026-01-01,0,Valid
966,SYN02116,East,Provider Group E,Follow-Up After Hospitalization,2026-01-01,0,Valid
967,SYN02117,South,Provider Group B,Colorectal Cancer Screening,2026-01-01,0,Valid
968,SYN02117,South,Provider Group B,Controlling Blood Pressure,2026-01-01,0,Valid
969,SYN02117,South,Provider Group B,Diabetes Care,2026-01-01,0,Valid
970,SYN02117,South,Provider Group B,Follow-Up After Hospitalization,2026-01-01,0,Valid
971,SYN02130,South,Provider Group C,Medication Adherence,2026-01-01,0,Valid
972,SYN02143,North,Provider Group B,Breast Cancer Screening,2026-01-01,0,Valid
973,SYN02144,North,Provider Group D,Breast Cancer Screening,2026-01-01,0,Valid
974,SYN02144,North,Provider Group D,Controlling Blood Pressure,2026-01-01,0,Valid
975,SYN02144,North,Provider Group D,Diabetes Care,2026-01-01,0,Valid
976,SYN02144,North,Provider Group D,Medication Adherence,2026-01-01,0,Valid
977,SYN02146,South,Provider Group D,Controlling Blood Pressure,2026-01-01,0,Valid
978,SYN02146,South,Provider Group D,Diabetes Care,2026-01-01,0,Valid
979,SYN02146,South,Provider Group D,Medication Adherence,2026-01-01,0,Valid
980,SYN02150,East,Provider Group D,Controlling Blood Pressure,2026-01-01,0,Valid
981,SYN02150,East,Provider Group D,Follow-Up After Hospitalization,2026-01-01,0,Valid
982,SYN02150,East,Provider Group D,Medication Adherence,2026-01-01,0,Valid
983,SYN02158,South,Provider Group E,Breast Cancer Screening,2026-01-01,0,Valid
984,SYN02158,South,Provider Group E,Controlling Blood Pressure,2026-01-01,0,Valid
985,SYN02160,West,Provider Group C,Controlling Blood Pressure,2026-01-01,0,Valid
986,SYN02160,West,Provider Group C,Follow-Up After Hospitalization,2026-01-01,0,Valid
987,SYN02160,West,Provider Group C,Medication Adherence,2026-01-01,0,Valid
988,SYN02172,South,Provider Group D,Breast Cancer Screening,2026-01-01,0,Valid
989,SYN02172,South,Provider Group D,Colorectal Cancer Screening,2026-01-01,0,Valid
990,SYN02172,South,Provider Group D,Diabetes Care,2026-01-01,0,Valid
991,SYN02172,South,Provider Group D,Follow-Up After Hospitalization,2026-01-01,0,Valid
992,SYN02172,South,Provider Group D,Medication Adherence,2026-01-01,0,Valid
993,SYN02180,East,Provider Group A,Breast Cancer Screening,2026-01-01,0,Valid
994,SYN02180,East,Provider Group A,Controlling Blood Pressure,2026-01-01,0,Valid
995,SYN02180,East,Provider Group A,Medication Adherence,2026-01-01,0,Valid
996,SYN02192,West,Provider Group C,Breast Cancer Screening,2026-01-01,0,Valid
997,SYN02192,West,Provider Group C,Controlling Blood Pressure,2026-01-01,0,Valid
998,SYN02200,South,Provider Group C,Colorectal Cancer Screening,2026-01-01,0,Valid
999,SYN02200,South,Provider Group C,Controlling Blood Pressure,2026-01-01,0,Valid
1000,SYN02200,South,Provider Group C,Follow-Up After Hospitalization,2026-01-01,0,Valid
1001,SYN02206,South,Provider Group C,Diabetes Care,2026-01-01,0,Valid
1002,SYN02206,South,Provider Group C,Follow-Up After Hospitalization,2026-01-01,0,Valid
1003,SYN02210,North,Provider Group D,Breast Cancer Screening,2026-01-01,0,Valid
1004,SYN02210,North,Provider Group D,Medication Adherence,2026-01-01,0,Valid
1005,SYN02223,North,Provider Group B,Diabetes Care,2026-01-01,0,Valid
1006,SYN02235,East,Provider Group D,Breast Cancer Screening,2026-01-01,0,Valid
1007,SYN02235,East,Provider Group D,Diabetes Care,2026-01-01,0,Valid
1008,SYN02235,East,Provider Group D,Medication Adherence,2026-01-01,0,Valid
1009,SYN02236,East,Provider Group B,Breast Cancer Screening,2026-01-01,0,Valid
1010,SYN02236,East,Provider Group B,Diabetes Care,2026-01-01,0,Valid
1011,SYN02236,East,Provider Group B,Follow-Up After Hospitalization,2026-01-01,0,Valid
1012,SYN02236,East,Provider Group B,Medication Adherence,2026-01-01,0,Valid
1013,SYN02241,North,Provider Group E,Colorectal Cancer Screening,2026-01-01,0,Valid
1014,SYN02241,North,Provider Group E,Diabetes Care,2026-01-01,0,Valid
1015,SYN02241,North,Provider Group E,Follow-Up After Hospitalization,2026-01-01,0,Valid
1016,SYN02242,North,Provider Group C,Controlling Blood Pressure,2026-01-01,0,Valid
1017,SYN02246,North,Provider Group A,Breast Cancer Screening,2026-01-01,0,Valid
1018,SYN02246,North,Provider Group A,Colorectal Cancer Screening,2026-01-01,0,Valid
1019,SYN02246,North,Provider Group A,Controlling Blood Pressure,2026-01-01,0,Valid
1020,SYN02246,North,Provider Group A,Medication Adherence,2026-01-01,0,Valid
1021,SYN02247,North,Provider Group C,Diabetes Care,2026-01-01,0,Valid
1022,SYN02249,North,Provider Group A,Controlling Blood Pressure,2026-01-01,0,Valid
1023,SYN02249,North,Provider Group A,Follow-Up After Hospitalization,2026-01-01,0,Valid
1024,SYN02249,North,Provider Group A,Medication Adherence,2026-01-01,0,Valid
1025,SYN02265,East,Provider Group D,Colorectal Cancer Screening,2026-01-01,0,Valid
1026,SYN02265,East,Provider Group D,Controlling Blood Pressure,2026-01-01,0,Valid
1027,SYN02265,East,Provider Group D,Medication Adherence,2026-01-01,0,Valid
1028,SYN02267,West,Provider Group C,Colorectal Cancer Screening,2026-01-01,0,Valid
1029,SYN02267,West,Provider Group C,Controlling Blood Pressure,2026-01-01,0,Valid
1030,SYN02267,West,Provider Group C,Follow-Up After Hospitalization,2026-01-01,0,Valid
1031,SYN02267,West,Provider Group C,Medication Adherence,2026-01-01,0,Valid
1032,SYN02271,West,Provider Group E,Medication Adherence,2026-01-01,0,Valid
1033,SYN02275,West,Provider Group D,Breast Cancer Screening,2026-01-01,0,Valid
1034,SYN02275,West,Provider Group D,Colorectal Cancer Screening,2026-01-01,0,Valid
1035,SYN02295,North,Provider Group C,Breast Cancer Screening,2026-01-01,0,Valid
1036,SYN02295,North,Provider Group C,Colorectal Cancer Screening,2026-01-01,0,Valid
1037,SYN02295,North,Provider Group C,Follow-Up After Hospitalization,2026-01-01,0,Valid
1038,SYN02295,North,Provider Group C,Medication Adherence,2026-01-01,0,Valid
1039,SYN02297,West,Provider Group A,Diabetes Care,2026-01-01,0,Valid
1040,SYN02297,West,Provider Group A,Medication Adherence,2026-01-01,0,Valid
1041,SYN02300,East,Provider Group A,Breast Cancer Screening,2026-01-01,0,Valid
1042,SYN02300,East,Provider Group A,Controlling Blood Pressure,2026-01-01,0,Valid
1043,SYN02300,East,Provider Group A,Diabetes Care,2026-01-01,0,Valid
1044,SYN02301,South,Provider Group C,Breast Cancer Screening,2026-01-01,0,Valid
1045,SYN02301,South,Provider Group C,Controlling Blood Pressure,2026-01-01,0,Valid
1046,SYN02301,South,Provider Group C,Diabetes Care,2026-01-01,0,Valid
1047,SYN02301,South,Provider Group C,Follow-Up After Hospitalization,2026-01-01,0,Valid
1048,SYN02301,South,Provider Group C,Medication Adherence,2026-01-01,0,Valid
1049,SYN02310,South,Provider Group E,Controlling Blood Pressure,2026-01-01,0,Valid
1050,SYN02315,East,Provider Group A,Colorectal Cancer Screening,2026-01-01,0,Valid
1051,SYN02315,East,Provider Group A,Controlling Blood Pressure,2026-01-01,0,Valid
1052,SYN02315,East,Provider Group A,Diabetes Care,2026-01-01,0,Valid
1053,SYN02315,East,Provider Group A,Follow-Up After Hospitalization,2026-01-01,0,Valid
1054,SYN02316,West,Provider Group A,Medication Adherence,2026-01-01,0,Valid
1055,SYN02319,North,Provider Group A,Controlling Blood Pressure,2026-01-01,0,Valid
1056,SYN02319,North,Provider Group A,Diabetes Care,2026-01-01,0,Valid
1057,SYN02319,North,Provider Group A,Medication Adherence,2026-01-01,0,Valid
1058,SYN02323,North,Provider Group A,Colorectal Cancer Screening,2026-01-01,0,Valid
1059,SYN02323,North,Provider Group A,Medication Adherence,2026-01-01,0,Valid
1060,SYN02326,West,Provider Group B,Breast Cancer Screening,2026-01-01,0,Valid
1061,SYN02326,West,Provider Group B,Diabetes Care,2026-01-01,0,Valid
1062,SYN02326,West,Provider Group B,Medication Adherence,2026-01-01,0,Valid
1063,SYN02329,West,Provider Group B,Colorectal Cancer Screening,2026-01-01,0,Valid
1064,SYN02339,North,Provider Group A,Colorectal Cancer Screening,2026-01-01,0,Valid
1065,SYN02339,North,Provider Group A,Follow-Up After Hospitalization,2026-01-01,0,Valid
1066,SYN02339,North,Provider Group A,Medication Adherence,2026-01-01,0,Valid
1067,SYN02341,East,Provider Group D,Colorectal Cancer Screening,2026-01-01,0,Valid
1068,SYN02341,East,Provider Group D,Diabetes Care,2026-01-01,0,Valid
1069,SYN02341,East,Provider Group D,Medication Adherence,2026-01-01,0,Valid
1070,SYN02342,North,Provider Group E,Breast Cancer Screening,2026-01-01,0,Valid
1071,SYN02342,North,Provider Group E,Colorectal Cancer Screening,2026-01-01,0,Valid
1072,SYN02342,North,Provider Group E,Diabetes Care,2026-01-01,0,Valid
1073,SYN02342,North,Provider Group E,Medication Adherence,2026-01-01,0,Valid
1074,SYN02354,North,Provider Group A,Colorectal Cancer Screening,2026-01-01,0,Valid
1075,SYN02354,North,Provider Group A,Controlling Blood Pressure,2026-01-01,0,Valid
1076,SYN02359,North,Provider Group B,Breast Cancer Screening,2026-01-01,0,Valid
1077,SYN02368,West,Provider Group A,Breast Cancer Screening,2026-01-01,0,Valid
1078,SYN02368,West,Provider Group A,Controlling Blood Pressure,2026-01-01,0,Valid
1079,SYN02370,South,Provider Group D,Breast Cancer Screening,2026-01-01,0,Valid
1080,SYN02370,South,Provider Group D,Colorectal Cancer Screening,2026-01-01,0,Valid
1081,SYN02370,South,Provider Group D,Controlling Blood Pressure,2026-01-01,0,Valid
1082,SYN02370,South,Provider Group D,Follow-Up After Hospitalization,2026-01-01,0,Valid
1083,SYN02379,East,Provider Group D,Controlling Blood Pressure,2026-01-01,0,Valid
1084,SYN02379,East,Provider Group D,Diabetes Care,2026-01-01,0,Valid
1085,SYN02379,East,Provider Group D,Follow-Up After Hospitalization,2026-01-01,0,Valid
1086,SYN02381,North,Provider Group D,Controlling Blood Pressure,2026-01-01,0,Valid
1087,SYN02381,North,Provider Group D,Diabetes Care,2026-01-01,0,Valid
1088,SYN02384,South,Provider Group A,Colorectal Cancer Screening,2026-01-01,0,Valid
1089,SYN02384,South,Provider Group A,Controlling Blood Pressure,2026-01-01,0,Valid
1090,SYN02384,South,Provider Group A,Follow-Up After Hospitalization,2026-01-01,0,Valid
1091,SYN02384,South,Provider Group A,Medication Adherence,2026-01-01,0,Valid
1092,SYN02392,East,Provider Group D,Colorectal Cancer Screening,2026-01-01,0,Valid
1093,SYN02392,East,Provider Group D,Diabetes Care,2026-01-01,0,Valid
1094,SYN02392,East,Provider Group D,Medication Adherence,2026-01-01,0,Valid
1095,SYN02395,North,Provider Group B,Colorectal Cancer Screening,2026-01-01,0,Valid
1096,SYN02395,North,Provider Group B,Diabetes Care,2026-01-01,0,Valid
1097,SYN02397,East,Provider Group A,Colorectal Cancer Screening,2026-01-01,0,Valid
1098,SYN02397,East,Provider Group A,Controlling Blood Pressure,2026-01-01,0,Valid
1099,SYN02397,East,Provider Group A,Diabetes Care,2026-01-01,0,Valid
1100,SYN02398,East,Provider Group B,Colorectal Cancer Screening,2026-01-01,0,Valid
1101,SYN02398,East,Provider Group B,Controlling Blood Pressure,2026-01-01,0,Valid
1102,SYN02398,East,Provider Group B,Diabetes Care,2026-01-01,0,Valid
1103,SYN02402,South,Provider Group B,Breast Cancer Screening,2026-01-01,0,Valid
1104,SYN02402,South,Provider Group B,Controlling Blood Pressure,2026-01-01,0,Valid
1105,SYN02402,South,Provider Group B,Diabetes Care,2026-01-01,0,Valid
1106,SYN02404,South,Provider Group D,Colorectal Cancer Screening,2026-01-01,0,Valid
1107,SYN02404,South,Provider Group D,Diabetes Care,2026-01-01,0,Valid
1108,SYN02404,South,Provider Group D,Follow-Up After Hospitalization,2026-01-01,0,Valid
1109,SYN02414,East,Provider Group C,Breast Cancer Screening,2026-01-01,0,Valid
1110,SYN02414,East,Provider Group C,Controlling Blood Pressure,2026-01-01,0,Valid
1111,SYN02414,East,Provider Group C,Medication Adherence,2026-01-01,0,Valid
1112,SYN02439,West,Provider Group D,Breast Cancer Screening,2026-01-01,0,Valid
1113,SYN02439,West,Provider Group D,Controlling Blood Pressure,2026-01-01,0,Valid
1114,SYN02439,West,Provider Group D,Diabetes Care,2026-01-01,0,Valid
1115,SYN02452,South,Provider Group C,Colorectal Cancer Screening,2026-01-01,0,Valid
1116,SYN02452,South,Provider Group C,Medication Adherence,2026-01-01,0,Valid
1117,SYN02475,South,Provider Group B,Diabetes Care,2026-01-01,0,Valid
1118,SYN02475,South,Provider Group B,Follow-Up After Hospitalization,2026-01-01,0,Valid
1119,SYN02475,South,Provider Group B,Medication Adherence,2026-01-01,0,Valid
1120,SYN02477,South,Provider Group A,Colorectal Cancer Screening,2026-01-01,0,Valid
1121,SYN02477,South,Provider Group A,Controlling Blood Pressure,2026-01-01,0,Valid
1122,SYN02477,South,Provider Group A,Follow-Up After Hospitalization,2026-01-01,0,Valid
1123,SYN02477,South,Provider Group A,Medication Adherence,2026-01-01,0,Valid
1124,SYN02478,South,Provider Group C,Breast Cancer Screening,2026-01-01,0,Valid
1125,SYN02478,South,Provider Group C,Colorectal Cancer Screening,2026-01-01,0,Valid
1126,SYN02478,South,Provider Group C,Medication Adherence,2026-01-01,0,Valid
1127,SYN02493,North,Provider Group D,Colorectal Cancer Screening,2026-01-01,0,Valid
1128,SYN02493,North,Provider Group D,Controlling Blood Pressure,2026-01-01,0,Valid
1129,SYN02493,North,Provider Group D,Diabetes Care,2026-01-01,0,Valid
1130,SYN02494,South,Provider Group B,Breast Cancer Screening,2026-01-01,0,Valid
1131,SYN02494,South,Provider Group B,Colorectal Cancer Screening,2026-01-01,0,Valid
1132,SYN02494,South,Provider Group B,Controlling Blood Pressure,2026-01-01,0,Valid
1133,SYN02494,South,Provider Group B,Medication Adherence,2026-01-01,0,Valid
1134,SYN02497,South,Provider Group A,Breast Cancer Screening,2026-01-01,0,Valid
1135,SYN02497,South,Provider Group A,Colorectal Cancer Screening,2026-01-01,0,Valid
1136,SYN02497,South,Provider Group A,Diabetes Care,2026-01-01,0,Valid
1137,SYN02497,South,Provider Group A,Follow-Up After Hospitalization,2026-01-01,0,Valid
1138,SYN02497,South,Provider Group A,Medication Adherence,2026-01-01,0,Valid
1139,SYN02505,East,Provider Group D,Medication Adherence,2026-01-01,0,Valid
1140,SYN02507,South,Provider Group B,Diabetes Care,2026-01-01,0,Valid
1141,SYN02507,South,Provider Group B,Follow-Up After Hospitalization,2026-01-01,0,Valid
1142,SYN02507,South,Provider Group B,Medication Adherence,2026-01-01,0,Valid
1143,SYN02510,East,Provider Group C,Breast Cancer Screening,2026-01-01,0,Valid
1144,SYN02510,East,Provider Group C,Colorectal Cancer Screening,2026-01-01,0,Valid
1145,SYN02510,East,Provider Group C,Medication Adherence,2026-01-01,0,Valid
1146,SYN02512,East,Provider Group B,Breast Cancer Screening,2026-01-01,0,Valid
1147,SYN02512,East,Provider Group B,Colorectal Cancer Screening,2026-01-01,0,Valid
1148,SYN02512,East,Provider Group B,Controlling Blood Pressure,2026-01-01,0,Valid
1149,SYN02512,East,Provider Group B,Diabetes Care,2026-01-01,0,Valid
1150,SYN02519,South,Provider Group C,Medication Adherence,2026-01-01,0,Valid
1151,SYN02522,East,Provider Group E,Breast Cancer Screening,2026-01-01,0,Valid
1152,SYN02522,East,Provider Group E,Follow-Up After Hospitalization,2026-01-01,0,Valid
1153,SYN02522,East,Provider Group E,Medication Adherence,2026-01-01,0,Valid
1154,SYN02533,North,Provider Group C,Colorectal Cancer Screening,2026-01-01,0,Valid
1155,SYN02533,North,Provider Group C,Controlling Blood Pressure,2026-01-01,0,Valid
1156,SYN02533,North,Provider Group C,Medication Adherence,2026-01-01,0,Valid
1157,SYN02543,West,Provider Group D,Breast Cancer Screening,2026-01-01,0,Valid
1158,SYN02543,West,Provider Group D,Diabetes Care,2026-01-01,0,Valid
1159,SYN02548,East,Provider Group C,Diabetes Care,2026-01-01,0,Valid
1160,SYN02548,East,Provider Group C,Medication Adherence,2026-01-01,0,Valid
1161,SYN02553,North,Provider Group C,Diabetes Care,2026-01-01,0,Valid
1162,SYN02553,North,Provider Group C,Follow-Up After Hospitalization,2026-01-01,1,Needs Review
1163,SYN02553,North,Provider Group C,Medication Adherence,2026-01-01,0,Valid
1164,SYN02556,South,Provider Group B,Diabetes Care,2026-01-01,0,Valid
1165,SYN02560,North,Provider Group E,Breast Cancer Screening,2026-01-01,0,Valid
1166,SYN02560,North,Provider Group E,Colorectal Cancer Screening,2026-01-01,0,Valid
1167,SYN02560,North,Provider Group E,Controlling Blood Pressure,2026-01-01,0,Valid
1168,SYN02560,North,Provider Group E,Medication Adherence,2026-01-01,0,Valid
1169,SYN02562,South,Provider Group B,Colorectal Cancer Screening,2026-01-01,0,Valid
1170,SYN02562,South,Provider Group B,Medication Adherence,2026-01-01,0,Valid
1171,SYN02564,West,Provider Group C,Colorectal Cancer Screening,2026-01-01,0,Valid
1172,SYN02564,West,Provider Group C,Diabetes Care,2026-01-01,0,Valid
1173,SYN02564,West,Provider Group C,Follow-Up After Hospitalization,2026-01-01,0,Valid
1174,SYN02564,West,Provider Group C,Medication Adherence,2026-01-01,0,Valid
1175,SYN02572,South,Provider Group A,Controlling Blood Pressure,2026-01-01,0,Valid
1176,SYN02572,South,Provider Group A,Diabetes Care,2026-01-01,0,Valid
1177,SYN02572,South,Provider Group A,Medication Adherence,2026-01-01,0,Valid
1178,SYN02576,West,Provider Group B,Controlling Blood Pressure,2026-01-01,0,Valid
1179,SYN02576,West,Provider Group B,Follow-Up After Hospitalization,2026-01-01,0,Valid
1180,SYN02577,South,Provider Group A,Follow-Up After Hospitalization,2026-01-01,0,Valid
1181,SYN02583,East,Provider Group A,Colorectal Cancer Screening,2026-01-01,0,Valid
1182,SYN02583,East,Provider Group A,Diabetes Care,2026-01-01,0,Valid
1183,SYN02586,East,Provider Group E,Breast Cancer Screening,2026-01-01,0,Valid
1184,SYN02586,East,Provider Group E,Colorectal Cancer Screening,2026-01-01,0,Valid
1185,SYN02586,East,Provider Group E,Controlling Blood Pressure,2026-01-01,0,Valid
1186,SYN02589,East,Provider Group B,Breast Cancer Screening,2026-01-01,0,Valid
1187,SYN02589,East,Provider Group B,Colorectal Cancer Screening,2026-01-01,0,Valid
1188,SYN02589,East,Provider Group B,Medication Adherence,2026-01-01,0,Valid
1189,SYN02592,West,Provider Group A,Colorectal Cancer Screening,2026-01-01,0,Valid
1190,SYN02592,West,Provider Group A,Controlling Blood Pressure,2026-01-01,0,Valid
1191,SYN02592,West,Provider Group A,Diabetes Care,2026-01-01,0,Valid
1192,SYN02592,West,Provider Group A,Medication Adherence,2026-01-01,0,Valid
1193,SYN02602,South,Provider Group B,Follow-Up After Hospitalization,2026-01-01,0,Valid
1194,SYN02603,West,Provider Group B,Controlling Blood Pressure,2026-01-01,0,Valid
1195,SYN02603,West,Provider Group B,Diabetes Care,2026-01-01,0,Valid
1196,SYN02603,West,Provider Group B,Medication Adherence,2026-01-01,0,Valid
1197,SYN02616,East,Provider Group D,Colorectal Cancer Screening,2026-01-01,0,Valid
1198,SYN02616,East,Provider Group D,Controlling Blood Pressure,2026-01-01,0,Valid
1199,SYN02616,East,Provider Group D,Diabetes Care,2026-01-01,0,Valid
1200,SYN02640,South,Provider Group A,Colorectal Cancer Screening,2026-01-01,0,Valid
1201,SYN02640,South,Provider Group A,Diabetes Care,2026-01-01,0,Valid
1202,SYN02641,North,Provider Group C,Breast Cancer Screening,2026-01-01,0,Valid
1203,SYN02641,North,Provider Group C,Colorectal Cancer Screening,2026-01-01,0,Valid
1204,SYN02641,North,Provider Group C,Follow-Up After Hospitalization,2026-01-01,0,Valid
1205,SYN02641,North,Provider Group C,Medication Adherence,2026-01-01,0,Valid
1206,SYN02655,North,Provider Group B,Breast Cancer Screening,2026-01-01,0,Valid
1207,SYN02655,North,Provider Group B,Colorectal Cancer Screening,2026-01-01,0,Valid
1208,SYN02655,North,Provider Group B,Controlling Blood Pressure,2026-01-01,0,Valid
1209,SYN02668,East,Provider Group A,Breast Cancer Screening,2026-01-01,0,Valid
1210,SYN02668,East,Provider Group A,Controlling Blood Pressure,2026-01-01,0,Valid
1211,SYN02668,East,Provider Group A,Medication Adherence,2026-01-01,0,Valid
1212,SYN02670,South,Provider Group D,Colorectal Cancer Screening,2026-01-01,0,Valid
1213,SYN02670,South,Provider Group D,Controlling Blood Pressure,2026-01-01,0,Valid
1214,SYN02670,South,Provider Group D,Diabetes Care,2026-01-01,0,Valid
1215,SYN02671,West,Provider Group A,Controlling Blood Pressure,2026-01-01,0,Valid
1216,SYN02671,West,Provider Group A,Diabetes Care,2026-01-01,0,Valid
1217,SYN02672,North,Provider Group C,Follow-Up After Hospitalization,2026-01-01,0,Valid
1218,SYN02673,North,Provider Group A,Colorectal Cancer Screening,2026-01-01,0,Valid
1219,SYN02683,South,Provider Group A,Controlling Blood Pressure,2026-01-01,0,Valid
1220,SYN02683,South,Provider Group A,Diabetes Care,2026-01-01,0,Valid
1221,SYN02683,South,Provider Group A,Medication Adherence,2026-01-01,0,Valid
1222,SYN02688,South,Provider Group B,Breast Cancer Screening,2026-01-01,0,Valid
1223,SYN02688,South,Provider Group B,Follow-Up After Hospitalization,2026-01-01,0,Valid
1224,SYN02693,South,Provider Group B,Controlling Blood Pressure,2026-01-01,0,Valid
1225,SYN02693,South,Provider Group B,Diabetes Care,2026-01-01,0,Valid
1226,SYN02693,South,Provider Group B,Medication Adherence,2026-01-01,0,Valid
1227,SYN02707,North,Provider Group A,Breast Cancer Screening,2026-01-01,0,Valid
1228,SYN02707,North,Provider Group A,Follow-Up After Hospitalization,2026-01-01,0,Valid
1229,SYN02707,North,Provider Group A,Medication Adherence,2026-01-01,0,Valid
1230,SYN02720,East,Provider Group B,Colorectal Cancer Screening,2026-01-01,0,Valid
1231,SYN02720,East,Provider Group B,Diabetes Care,2026-01-01,0,Valid
1232,SYN02722,North,Provider Group D,Colorectal Cancer Screening,2026-01-01,0,Valid
1233,SYN02722,North,Provider Group D,Follow-Up After Hospitalization,2026-01-01,0,Valid
1234,SYN02722,North,Provider Group D,Medication Adherence,2026-01-01,0,Valid
1235,SYN02736,South,Provider Group E,Breast Cancer Screening,2026-01-01,0,Valid
1236,SYN02736,South,Provider Group E,Diabetes Care,2026-01-01,0,Valid
1237,SYN02736,South,Provider Group E,Medication Adherence,2026-01-01,0,Valid
1238,SYN02739,South,Provider Group C,Medication Adherence,2026-01-01,1,Needs Review
1239,SYN02750,North,Provider Group D,Colorectal Cancer Screening,2026-01-01,0,Valid
1240,SYN02750,North,Provider Group D,Diabetes Care,2026-01-01,0,Valid
1241,SYN02751,West,Provider Group C,Breast Cancer Screening,2026-01-01,0,Valid
1242,SYN02751,West,Provider Group C,Colorectal Cancer Screening,2026-01-01,0,Valid
1243,SYN02751,West,Provider Group C,Controlling Blood Pressure,2026-01-01,0,Valid
1244,SYN02751,West,Provider Group C,Follow-Up After Hospitalization,2026-01-01,0,Valid
1245,SYN02751,West,Provider Group C,Medication Adherence,2026-01-01,0,Valid
1246,SYN02759,South,Provider Group E,Breast Cancer Screening,2026-01-01,0,Valid
1247,SYN02759,South,Provider Group E,Follow-Up After Hospitalization,2026-01-01,0,Valid
1248,SYN02761,East,Provider Group B,Colorectal Cancer Screening,2026-01-01,0,Valid
1249,SYN02761,East,Provider Group B,Controlling Blood Pressure,2026-01-01,0,Valid
1250,SYN02761,East,Provider Group B,Diabetes Care,2026-01-01,0,Valid
1251,SYN02761,East,Provider Group B,Medication Adherence,2026-01-01,0,Valid
1252,SYN02762,West,Provider Group C,Controlling Blood Pressure,2026-01-01,0,Valid
1253,SYN02762,West,Provider Group C,Medication Adherence,2026-01-01,0,Valid
1254,SYN02778,South,Provider Group E,Breast Cancer Screening,2026-01-01,0,Valid
1255,SYN02778,South,Provider Group E,Controlling Blood Pressure,2026-01-01,0,Valid
1256,SYN02784,West,Provider Group B,Breast Cancer Screening,2026-01-01,0,Valid
1257,SYN02784,West,Provider Group B,Colorectal Cancer Screening,2026-01-01,0,Valid
1258,SYN02784,West,Provider Group B,Controlling Blood Pressure,2026-01-01,0,Valid
1259,SYN02785,North,Provider Group D,Follow-Up After Hospitalization,2026-01-01,0,Valid
1260,SYN02785,North,Provider Group D,Medication Adherence,2026-01-01,0,Valid
1261,SYN02802,East,Provider Group D,Diabetes Care,2026-01-01,0,Valid
1262,SYN02802,East,Provider Group D,Medication Adherence,2026-01-01,0,Valid
1263,SYN02805,South,Provider Group D,Controlling Blood Pressure,2026-01-01,0,Valid
1264,SYN02805,South,Provider Group D,Medication Adherence,2026-01-01,0,Valid
1265,SYN02812,East,Provider Group A,Controlling Blood Pressure,2026-01-01,0,Valid
1266,SYN02813,West,Provider Group B,Breast Cancer Screening,2026-01-01,0,Valid
1267,SYN02829,North,Provider Group D,Breast Cancer Screening,2026-01-01,0,Valid
1268,SYN02829,North,Provider Group D,Colorectal Cancer Screening,2026-01-01,0,Valid
1269,SYN02829,North,Provider Group D,Diabetes Care,2026-01-01,0,Valid
1270,SYN02831,West,Provider Group C,Breast Cancer Screening,2026-01-01,0,Valid
1271,SYN02831,West,Provider Group C,Follow-Up After Hospitalization,2026-01-01,0,Valid
1272,SYN02831,West,Provider Group C,Medication Adherence,2026-01-01,0,Valid
1273,SYN02835,North,Provider Group E,Medication Adherence,2026-01-01,0,Valid
1274,SYN02862,West,Provider Group A,Controlling Blood Pressure,2026-01-01,0,Valid
1275,SYN02864,West,Provider Group A,Controlling Blood Pressure,2026-01-01,0,Valid
1276,SYN02864,West,Provider Group A,Diabetes Care,2026-01-01,0,Valid
1277,SYN02864,West,Provider Group A,Medication Adherence,2026-01-01,0,Valid
1278,SYN02871,South,Provider Group A,Medication Adherence,2026-01-01,0,Valid
1279,SYN02872,West,Provider Group C,Breast Cancer Screening,2026-01-01,0,Valid
1280,SYN02872,West,Provider Group C,Controlling Blood Pressure,2026-01-01,0,Valid
1281,SYN02872,West,Provider Group C,Diabetes Care,2026-01-01,0,Valid
1282,SYN02880,South,Provider Group C,Colorectal Cancer Screening,2026-01-01,0,Valid
1283,SYN02880,South,Provider Group C,Controlling Blood Pressure,2026-01-01,1,Needs Review
1284,SYN02882,North,Provider Group A,Controlling Blood Pressure,2026-01-01,0,Valid
1285,SYN02882,North,Provider Group A,Diabetes Care,2026-01-01,0,Valid
1286,SYN02889,South,Provider Group C,Colorectal Cancer Screening,2026-01-01,0,Valid
1287,SYN02889,South,Provider Group C,Controlling Blood Pressure,2026-01-01,0,Valid
1288,SYN02889,South,Provider Group C,Medication Adherence,2026-01-01,0,Valid
1289,SYN02890,East,Provider Group D,Controlling Blood Pressure,2026-01-01,0,Valid
1290,SYN02890,East,Provider Group D,Follow-Up After Hospitalization,2026-01-01,0,Valid
1291,SYN02893,West,Provider Group B,Colorectal Cancer Screening,2026-01-01,0,Valid
1292,SYN02893,West,Provider Group B,Controlling Blood Pressure,2026-01-01,0,Valid
1293,SYN02893,West,Provider Group B,Diabetes Care,2026-01-01,0,Valid
1294,SYN02894,South,Provider Group E,Controlling Blood Pressure,2026-01-01,0,Valid
1295,SYN02894,South,Provider Group E,Diabetes Care,2026-01-01,0,Valid
1296,SYN02894,South,Provider Group E,Medication Adherence,2026-01-01,0,Valid
1297,SYN02899,South,Provider Group D,Colorectal Cancer Screening,2026-01-01,0,Valid
1298,SYN02899,South,Provider Group D,Controlling Blood Pressure,2026-01-01,0,Valid
1299,SYN02899,South,Provider Group D,Follow-Up After Hospitalization,2026-01-01,0,Valid
1300,SYN02909,West,Provider Group B,Colorectal Cancer Screening,2026-01-01,0,Valid
1301,SYN02909,West,Provider Group B,Diabetes Care,2026-01-01,0,Valid
1302,SYN02909,West,Provider Group B,Medication Adherence,2026-01-01,0,Valid
1303,SYN02910,North,Provider Group D,Breast Cancer Screening,2026-01-01,0,Valid
1304,SYN02910,North,Provider Group D,Diabetes Care,2026-01-01,0,Valid
1305,SYN02915,West,Provider Group D,Controlling Blood Pressure,2026-01-01,0,Valid
1306,SYN02918,West,Provider Group B,Controlling Blood Pressure,2026-01-01,0,Valid
1307,SYN02920,North,Provider Group D,Breast Cancer Screening,2026-01-01,0,Valid
1308,SYN02920,North,Provider Group D,Colorectal Cancer Screening,2026-01-01,0,Valid
1309,SYN02920,North,Provider Group D,Controlling Blood Pressure,2026-01-01,0,Valid
1310,SYN02920,North,Provider Group D,Medication Adherence,2026-01-01,0,Valid
1311,SYN02929,West,Provider Group D,Colorectal Cancer Screening,2026-01-01,0,Valid
1312,SYN02929,West,Provider Group D,Controlling Blood Pressure,2026-01-01,0,Valid
1313,SYN02929,West,Provider Group D,Medication Adherence,2026-01-01,0,Valid
1314,SYN02934,East,Provider Group B,Breast Cancer Screening,2026-01-01,0,Valid
1315,SYN02934,East,Provider Group B,Controlling Blood Pressure,2026-01-01,0,Valid
1316,SYN02934,East,Provider Group B,Diabetes Care,2026-01-01,0,Valid
1317,SYN02934,East,Provider Group B,Follow-Up After Hospitalization,2026-01-01,0,Valid
1318,SYN02937,South,Provider Group C,Follow-Up After Hospitalization,2026-01-01,0,Valid
1319,SYN02947,East,Provider Group B,Colorectal Cancer Screening,2026-01-01,0,Valid
1320,SYN02954,West,Provider Group E,Colorectal Cancer Screening,2026-01-01,0,Valid
1321,SYN02954,West,Provider Group E,Controlling Blood Pressure,2026-01-01,0,Valid
1322,SYN02954,West,Provider Group E,Medication Adherence,2026-01-01,0,Valid
1323,SYN02956,East,Provider Group B,Follow-Up After Hospitalization,2026-01-01,0,Valid
1324,SYN02958,North,Provider Group B,Follow-Up After Hospitalization,2026-01-01,0,Valid
1325,SYN02958,North,Provider Group B,Medication Adherence,2026-01-01,0,Valid
1326,SYN02971,East,Provider Group C,Controlling Blood Pressure,2026-01-01,0,Valid
1327,SYN02971,East,Provider Group C,Diabetes Care,2026-01-01,0,Valid
1328,SYN02971,East,Provider Group C,Follow-Up After Hospitalization,2026-01-01,0,Valid
1329,SYN02971,East,Provider Group C,Medication Adherence,2026-01-01,0,Valid
1330,SYN02973,South,Provider Group A,Controlling Blood Pressure,2026-01-01,0,Valid
1331,SYN02973,South,Provider Group A,Follow-Up After Hospitalization,2026-01-01,0,Valid
1332,SYN02973,South,Provider Group A,Medication Adherence,2026-01-01,0,Valid
1333,SYN02979,East,Provider Group D,Colorectal Cancer Screening,2026-01-01,0,Valid
1334,SYN02979,East,Provider Group D,Diabetes Care,2026-01-01,0,Valid
1335,SYN02983,South,Provider Group E,Colorectal Cancer Screening,2026-01-01,0,Valid
1336,SYN02983,South,Provider Group E,Follow-Up After Hospitalization,2026-01-01,0,Valid
1337,SYN02983,South,Provider Group E,Medication Adherence,2026-01-01,0,Valid
1338,SYN02986,North,Provider Group B,Controlling Blood Pressure,2026-01-01,0,Valid
1339,SYN02986,North,Provider Group B,Diabetes Care,2026-01-01,0,Valid
1340,SYN02986,North,Provider Group B,Follow-Up After Hospitalization,2026-01-01,0,Valid
1341,SYN02986,North,Provider Group B,Medication Adherence,2026-01-01,0,Valid
1342,SYN02996,East,Provider Group D,Medication Adherence,2026-01-01,0,Valid
1343,SYN02998,South,Provider Group A,Colorectal Cancer Screening,2026-01-01,0,Valid
1344,SYN02998,South,Provider Group A,Controlling Blood Pressure,2026-01-01,0,Valid
1345,SYN02999,South,Provider Group D,Controlling Blood Pressure,2026-01-01,0,Valid
1346,SYN03003,South,Provider Group C,Diabetes Care,2026-01-01,0,Valid
1347,SYN03017,South,Provider Group D,Controlling Blood Pressure,2026-01-01,0,Valid
1348,SYN03017,South,Provider Group D,Medication Adherence,2026-01-01,0,Valid
1349,SYN03022,South,Provider Group C,Breast Cancer Screening,2026-01-01,0,Valid
1350,SYN03022,South,Provider Group C,Diabetes Care,2026-01-01,0,Valid
1351,SYN03022,South,Provider Group C,Medication Adherence,2026-01-01,0,Valid
1352,SYN03023,East,Provider Group A,Breast Cancer Screening,2026-01-01,0,Valid
1353,SYN03023,East,Provider Group A,Colorectal Cancer Screening,2026-01-01,0,Valid
1354,SYN03023,East,Provider Group A,Diabetes Care,2026-01-01,0,Valid
1355,SYN03023,East,Provider Group A,Medication Adherence,2026-01-01,0,Valid
1356,SYN03032,East,Provider Group D,Follow-Up After Hospitalization,2026-01-01,0,Valid
1357,SYN03034,West,Provider Group A,Breast Cancer Screening,2026-01-01,0,Valid
1358,SYN03034,West,Provider Group A,Medication Adherence,2026-01-01,0,Valid
1359,SYN03047,East,Provider Group B,Breast Cancer Screening,2026-01-01,0,Valid
1360,SYN03049,North,Provider Group C,Controlling Blood Pressure,2026-01-01,0,Valid
1361,SYN03049,North,Provider Group C,Follow-Up After Hospitalization,2026-01-01,0,Valid
1362,SYN03052,West,Provider Group B,Breast Cancer Screening,2026-01-01,0,Valid
1363,SYN03053,North,Provider Group C,Colorectal Cancer Screening,2026-01-01,0,Valid
1364,SYN03053,North,Provider Group C,Diabetes Care,2026-01-01,0,Valid
1365,SYN03053,North,Provider Group C,Follow-Up After Hospitalization,2026-01-01,0,Valid
1366,,North,Provider Group C,Medication Adherence,2026-01-01,1,Needs Review
1367,SYN03054,South,Provider Group B,Breast Cancer Screening,2026-01-01,0,Valid
1368,SYN03054,South,Provider Group B,Colorectal Cancer Screening,2026-01-01,0,Valid
1369,SYN03054,South,Provider Group B,Medication Adherence,2026-01-01,0,Valid
1370,SYN03058,East,Provider Group A,Colorectal Cancer Screening,2026-01-01,0,Valid
1371,SYN03058,East,Provider Group A,Medication Adherence,2026-01-01,0,Valid
1372,SYN03060,East,Provider Group C,Colorectal Cancer Screening,2026-01-01,0,Valid
1373,SYN03060,East,Provider Group C,Diabetes Care,2026-01-01,0,Valid
1374,SYN03071,South,Provider Group E,Controlling Blood Pressure,2026-01-01,0,Valid
1375,SYN03071,South,Provider Group E,Diabetes Care,2026-01-01,0,Valid
1376,SYN03071,South,Provider Group E,Follow-Up After Hospitalization,2026-01-01,0,Valid
1377,SYN03078,South,Provider Group E,Breast Cancer Screening,2026-01-01,0,Valid
1378,SYN03078,South,Provider Group E,Diabetes Care,2026-01-01,0,Valid
1379,SYN03078,South,Provider Group E,Medication Adherence,2026-01-01,0,Valid
1380,SYN03081,North,Provider Group C,Controlling Blood Pressure,2026-01-01,0,Valid
1381,SYN03081,North,Provider Group C,Diabetes Care,2026-01-01,0,Valid
1382,SYN03081,North,Provider Group C,Medication Adherence,2026-01-01,0,Valid
1383,SYN03095,North,Provider Group A,Breast Cancer Screening,2026-01-01,0,Valid
1384,SYN03095,North,Provider Group A,Colorectal Cancer Screening,2026-01-01,0,Valid
1385,SYN03095,North,Provider Group A,Medication Adherence,2026-01-01,0,Valid
1386,SYN03107,South,Provider Group D,Medication Adherence,2026-01-01,0,Valid
1387,SYN03108,South,Provider Group B,Colorectal Cancer Screening,2026-01-01,0,Valid
1388,SYN03108,South,Provider Group B,Controlling Blood Pressure,2026-01-01,0,Valid
1389,SYN03108,South,Provider Group B,Follow-Up After Hospitalization,2026-01-01,0,Valid
1390,SYN03128,East,Provider Group C,Colorectal Cancer Screening,2026-01-01,0,Valid
1391,SYN03130,South,Provider Group B,Breast Cancer Screening,2026-01-01,0,Valid
1392,SYN03130,South,Provider Group B,Controlling Blood Pressure,2026-01-01,0,Valid
1393,SYN03130,South,Provider Group B,Follow-Up After Hospitalization,2026-01-01,0,Valid
1394,SYN03132,East,Provider Group D,Medication Adherence,2026-01-01,0,Valid
1395,SYN03134,North,Provider Group C,Diabetes Care,2026-01-01,0,Valid
1396,SYN03134,North,Provider Group C,Follow-Up After Hospitalization,2026-01-01,0,Valid
1397,SYN03134,North,Provider Group C,Medication Adherence,2026-01-01,0,Valid
1398,SYN03147,North,Provider Group C,Colorectal Cancer Screening,2026-01-01,0,Valid
1399,SYN03147,North,Provider Group C,Follow-Up After Hospitalization,2026-01-01,0,Valid
1400,SYN03153,East,Provider Group E,Controlling Blood Pressure,2026-01-01,0,Valid
1401,SYN03153,East,Provider Group E,Diabetes Care,2026-01-01,0,Valid
1402,SYN03153,East,Provider Group E,Follow-Up After Hospitalization,2026-01-01,0,Valid
1403,SYN03155,North,Provider Group A,Controlling Blood Pressure,2026-01-01,0,Valid
1404,SYN03155,North,Provider Group A,Medication Adherence,2026-01-01,0,Valid
1405,SYN03160,East,Provider Group A,Medication Adherence,2026-01-01,0,Valid
1406,SYN03166,West,Provider Group A,Colorectal Cancer Screening,2026-01-01,0,Valid
1407,SYN03166,West,Provider Group A,Controlling Blood Pressure,2026-01-01,0,Valid
1408,SYN03175,North,Provider Group C,Diabetes Care,2026-01-01,0,Valid
1409,SYN03175,North,Provider Group C,Medication Adherence,2026-01-01,0,Valid
1410,SYN03176,South,Provider Group A,Colorectal Cancer Screening,2026-01-01,0,Valid
1411,SYN03176,South,Provider Group A,Controlling Blood Pressure,2026-01-01,0,Valid
1412,SYN03176,South,Provider Group A,Follow-Up After Hospitalization,2026-01-01,0,Valid
1413,SYN03176,South,Provider Group A,Medication Adherence,2026-01-01,0,Valid
1414,SYN03186,West,Provider Group D,Breast Cancer Screening,2026-01-01,0,Valid
1415,SYN03186,West,Provider Group D,Controlling Blood Pressure,2026-01-01,0,Valid
1416,SYN03186,West,Provider Group D,Medication Adherence,2026-01-01,0,Valid
1417,SYN03196,East,Provider Group C,Colorectal Cancer Screening,2026-01-01,0,Valid
1418,SYN03196,East,Provider Group C,Diabetes Care,2026-01-01,0,Valid
1419,SYN03196,East,Provider Group C,Follow-Up After Hospitalization,2026-01-01,0,Valid
1420,SYN03196,East,Provider Group C,Medication Adherence,2026-01-01,0,Valid
1421,SYN00012,South,Provider Group A,Colorectal Cancer Screening,2026-02-01,0,Valid
1422,SYN00012,South,Provider Group A,Diabetes Care,2026-02-01,0,Valid
1423,SYN00025,South,Provider Group C,Controlling Blood Pressure,2026-02-01,0,Valid
1424,SYN00025,South,Provider Group C,Diabetes Care,2026-02-01,0,Valid
1425,SYN00025,South,Provider Group C,Follow-Up After Hospitalization,2026-02-01,0,Valid
1426,SYN00025,South,Provider Group C,Medication Adherence,2026-02-01,0,Valid
1427,SYN00028,North,Provider Group A,Breast Cancer Screening,2026-02-01,0,Valid
1428,SYN00028,North,Provider Group A,Controlling Blood Pressure,2026-02-01,0,Valid
1429,SYN00028,North,Provider Group A,Diabetes Care,2026-02-01,0,Valid
1430,SYN00031,East,Provider Group C,Follow-Up After Hospitalization,2026-02-01,0,Valid
1431,SYN00033,North,Provider Group C,Breast Cancer Screening,2026-02-01,0,Valid
1432,SYN00033,North,Provider Group C,Diabetes Care,2026-02-01,0,Valid
1433,SYN00033,North,Provider Group C,Follow-Up After Hospitalization,2026-02-01,0,Valid
1434,SYN00038,South,Provider Group A,Colorectal Cancer Screening,2026-02-01,0,Valid
1435,SYN00038,South,Provider Group A,Medication Adherence,2026-02-01,0,Valid
1436,,South,Provider Group D,Colorectal Cancer Screening,2026-02-01,1,Needs Review
1437,SYN00045,South,Provider Group D,Controlling Blood Pressure,2026-02-01,0,Valid
1438,SYN00045,South,Provider Group D,Diabetes Care,2026-02-01,0,Valid
1439,SYN00054,East,Provider Group C,Colorectal Cancer Screening,2026-02-01,0,Valid
1440,SYN00054,East,Provider Group C,Diabetes Care,2026-02-01,0,Valid
1441,SYN00055,South,Provider Group B,Colorectal Cancer Screening,2026-02-01,0,Valid
1442,SYN00055,South,Provider Group B,Controlling Blood Pressure,2026-02-01,0,Valid
1443,SYN00057,West,Provider Group B,Colorectal Cancer Screening,2026-02-01,0,Valid
1444,SYN00057,West,Provider Group B,Follow-Up After Hospitalization,2026-02-01,0,Valid
1445,SYN00057,West,Provider Group B,Medication Adherence,2026-02-01,0,Valid
1446,SYN00061,West,Provider Group C,Controlling Blood Pressure,2026-02-01,0,Valid
1447,SYN00066,East,Provider Group A,Colorectal Cancer Screening,2026-02-01,0,Valid
1448,SYN00066,East,Provider Group A,Medication Adherence,2026-02-01,0,Valid
1449,SYN00069,East,Provider Group A,Breast Cancer Screening,2026-02-01,0,Valid
1450,SYN00069,East,Provider Group A,Controlling Blood Pressure,2026-02-01,0,Valid
1451,SYN00079,East,Provider Group D,Colorectal Cancer Screening,2026-02-01,0,Valid
1452,SYN00089,West,Provider Group B,Breast Cancer Screening,2026-02-01,0,Valid
1453,SYN00089,West,Provider Group B,Controlling Blood Pressure,2026-02-01,0,Valid
1454,SYN00091,East,Provider Group B,Breast Cancer Screening,2026-02-01,0,Valid
1455,SYN00091,East,Provider Group B,Controlling Blood Pressure,2026-02-01,0,Valid
1456,SYN00091,East,Provider Group B,Diabetes Care,2026-02-01,0,Valid
1457,SYN00091,East,Provider Group B,Follow-Up After Hospitalization,2026-02-01,0,Valid
1458,SYN00096,West,Provider Group D,Colorectal Cancer Screening,2026-02-01,0,Valid
1459,SYN00096,West,Provider Group D,Medication Adherence,2026-02-01,0,Valid
1460,SYN00098,West,Provider Group D,Breast Cancer Screening,2026-02-01,0,Valid
1461,SYN00098,West,Provider Group D,Controlling Blood Pressure,2026-02-01,0,Valid
1462,SYN00098,West,Provider Group D,Medication Adherence,2026-02-01,0,Valid
1463,SYN00100,West,Provider Group A,Controlling Blood Pressure,2026-02-01,0,Valid
1464,SYN00100,West,Provider Group A,Follow-Up After Hospitalization,2026-02-01,0,Valid
1465,SYN00102,West,Provider Group E,Breast Cancer Screening,2026-02-01,0,Valid
1466,SYN00102,West,Provider Group E,Diabetes Care,2026-02-01,0,Valid
1467,SYN00102,West,Provider Group E,Medication Adherence,2026-02-01,0,Valid
1468,SYN00105,East,Provider Group C,Breast Cancer Screening,2026-02-01,0,Valid
1469,SYN00105,East,Provider Group C,Colorectal Cancer Screening,2026-02-01,0,Valid
1470,SYN00105,East,Provider Group C,Diabetes Care,2026-02-01,0,Valid
1471,SYN00110,South,Provider Group C,Colorectal Cancer Screening,2026-02-01,0,Valid
1472,SYN00110,South,Provider Group C,Controlling Blood Pressure,2026-02-01,0,Valid
1473,SYN00110,South,Provider Group C,Diabetes Care,2026-02-01,0,Valid
1474,SYN00116,West,Provider Group E,Colorectal Cancer Screening,2026-02-01,1,Needs Review
1475,SYN00116,West,Provider Group E,Controlling Blood Pressure,2026-02-01,0,Valid
1476,SYN00116,West,Provider Group E,Medication Adherence,2026-02-01,0,Valid
1477,SYN00118,South,Provider Group C,Controlling Blood Pressure,2026-02-01,0,Valid
1478,SYN00122,East,Provider Group E,Diabetes Care,2026-02-01,0,Valid
1479,SYN00122,East,Provider Group E,Follow-Up After Hospitalization,2026-02-01,0,Valid
1480,SYN00122,East,Provider Group E,Medication Adherence,2026-02-01,0,Valid
1481,SYN00128,East,Provider Group E,Breast Cancer Screening,2026-02-01,0,Valid
1482,SYN00128,East,Provider Group E,Controlling Blood Pressure,2026-02-01,0,Valid
1483,SYN00128,East,Provider Group E,Medication Adherence,2026-02-01,0,Valid
1484,SYN00130,East,Provider Group D,Colorectal Cancer Screening,2026-02-01,0,Valid
1485,SYN00130,East,Provider Group D,Medication Adherence,2026-02-01,0,Valid
1486,SYN00133,East,Provider Group B,Breast Cancer Screening,2026-02-01,0,Valid
1487,SYN00133,East,Provider Group B,Controlling Blood Pressure,2026-02-01,0,Valid
1488,SYN00133,East,Provider Group B,Medication Adherence,2026-02-01,0,Valid
1489,SYN00150,South,Provider Group C,Breast Cancer Screening,2026-02-01,0,Valid
1490,SYN00150,South,Provider Group C,Colorectal Cancer Screening,2026-02-01,0,Valid
1491,SYN00150,South,Provider Group C,Controlling Blood Pressure,2026-02-01,0,Valid
1492,SYN00150,South,Provider Group C,Medication Adherence,2026-02-01,0,Valid
1493,SYN00152,South,Provider Group C,Colorectal Cancer Screening,2026-02-01,0,Valid
1494,SYN00152,South,Provider Group C,Diabetes Care,2026-02-01,0,Valid
1495,SYN00152,South,Provider Group C,Follow-Up After Hospitalization,2026-02-01,0,Valid
1496,SYN00152,South,Provider Group C,Medication Adherence,2026-02-01,0,Valid
1497,SYN00162,South,Provider Group E,Diabetes Care,2026-02-01,0,Valid
1498,SYN00162,South,Provider Group E,Follow-Up After Hospitalization,2026-02-01,0,Valid
1499,SYN00162,South,Provider Group E,Medication Adherence,2026-02-01,0,Valid
1500,SYN00167,South,Provider Group A,Controlling Blood Pressure,2026-02-01,0,Valid
1501,SYN00167,South,Provider Group A,Diabetes Care,2026-02-01,0,Valid
1502,SYN00174,South,Provider Group E,Follow-Up After Hospitalization,2026-02-01,0,Valid
1503,SYN00181,South,Provider Group E,Colorectal Cancer Screening,2026-02-01,0,Valid
1504,SYN00181,South,Provider Group E,Diabetes Care,2026-02-01,0,Valid
1505,SYN00182,North,Provider Group E,Follow-Up After Hospitalization,2026-02-01,0,Valid
1506,SYN00182,North,Provider Group E,Medication Adherence,2026-02-01,0,Valid
1507,SYN00195,North,Provider Group C,Breast Cancer Screening,2026-02-01,0,Valid
1508,SYN00195,North,Provider Group C,Colorectal Cancer Screening,2026-02-01,0,Valid
1509,SYN00195,North,Provider Group C,Controlling Blood Pressure,2026-02-01,0,Valid
1510,SYN00195,North,Provider Group C,Medication Adherence,2026-02-01,0,Valid
1511,SYN00199,East,Provider Group D,Colorectal Cancer Screening,2026-02-01,0,Valid
1512,SYN00199,East,Provider Group D,Controlling Blood Pressure,2026-02-01,0,Valid
1513,SYN00204,South,Provider Group A,Breast Cancer Screening,2026-02-01,0,Valid
1514,SYN00204,South,Provider Group A,Colorectal Cancer Screening,2026-02-01,0,Valid
1515,SYN00204,South,Provider Group A,Controlling Blood Pressure,2026-02-01,0,Valid
1516,SYN00204,South,Provider Group A,Diabetes Care,2026-02-01,0,Valid
1517,SYN00214,North,Provider Group C,Controlling Blood Pressure,2026-02-01,0,Valid
1518,SYN00214,North,Provider Group C,Diabetes Care,2026-02-01,0,Valid
1519,SYN00216,South,Provider Group E,Colorectal Cancer Screening,2026-02-01,0,Valid
1520,SYN00216,South,Provider Group E,Controlling Blood Pressure,2026-02-01,0,Valid
1521,SYN00216,South,Provider Group E,Diabetes Care,2026-02-01,0,Valid
1522,SYN00217,South,Provider Group C,Breast Cancer Screening,2026-02-01,0,Valid
1523,SYN00217,South,Provider Group C,Colorectal Cancer Screening,2026-02-01,0,Valid
1524,SYN00217,South,Provider Group C,Diabetes Care,2026-02-01,0,Valid
1525,SYN00217,South,Provider Group C,Follow-Up After Hospitalization,2026-02-01,0,Valid
1526,SYN00230,West,Provider Group E,Breast Cancer Screening,2026-02-01,0,Valid
1527,SYN00230,West,Provider Group E,Diabetes Care,2026-02-01,0,Valid
1528,SYN00230,West,Provider Group E,Follow-Up After Hospitalization,2026-02-01,0,Valid
1529,SYN00232,South,Provider Group B,Controlling Blood Pressure,2026-02-01,0,Valid
1530,SYN00232,South,Provider Group B,Medication Adherence,2026-02-01,0,Valid
1531,SYN00234,South,Provider Group B,Medication Adherence,2026-02-01,0,Valid
1532,SYN00236,North,Provider Group C,Colorectal Cancer Screening,2026-02-01,0,Valid
1533,SYN00236,North,Provider Group C,Diabetes Care,2026-02-01,0,Valid
1534,SYN00236,North,Provider Group C,Medication Adherence,2026-02-01,0,Valid
1535,SYN00252,West,Provider Group C,Controlling Blood Pressure,2026-02-01,0,Valid
1536,SYN00252,West,Provider Group C,Diabetes Care,2026-02-01,0,Valid
1537,SYN00258,West,Provider Group A,Breast Cancer Screening,2026-02-01,0,Valid
1538,SYN00258,West,Provider Group A,Colorectal Cancer Screening,2026-02-01,0,Valid
1539,SYN00258,West,Provider Group A,Diabetes Care,2026-02-01,0,Valid
1540,SYN00258,West,Provider Group A,Follow-Up After Hospitalization,2026-02-01,0,Valid
1541,SYN00265,East,Provider Group A,Controlling Blood Pressure,2026-02-01,0,Valid
1542,SYN00273,East,Provider Group E,Controlling Blood Pressure,2026-02-01,0,Valid
1543,SYN00273,East,Provider Group E,Medication Adherence,2026-02-01,0,Valid
1544,SYN00279,East,Provider Group B,Colorectal Cancer Screening,2026-02-01,0,Valid
1545,SYN00279,East,Provider Group B,Controlling Blood Pressure,2026-02-01,0,Valid
1546,SYN00279,East,Provider Group B,Diabetes Care,2026-02-01,0,Valid
1547,SYN00298,South,Provider Group C,Colorectal Cancer Screening,2026-02-01,0,Valid
1548,SYN00298,South,Provider Group C,Diabetes Care,2026-02-01,0,Valid
1549,SYN00298,South,Provider Group C,Medication Adherence,2026-02-01,0,Valid
1550,SYN00299,West,Provider Group D,Breast Cancer Screening,2026-02-01,0,Valid
1551,SYN00299,West,Provider Group D,Controlling Blood Pressure,2026-02-01,0,Valid
1552,SYN00299,West,Provider Group D,Diabetes Care,2026-02-01,0,Valid
1553,SYN00302,South,Provider Group B,Breast Cancer Screening,2026-02-01,0,Valid
1554,SYN00302,South,Provider Group B,Medication Adherence,2026-02-01,0,Valid
1555,SYN00307,South,Provider Group E,Controlling Blood Pressure,2026-02-01,0,Valid
1556,SYN00307,South,Provider Group E,Diabetes Care,2026-02-01,0,Valid
1557,SYN00307,South,Provider Group E,Follow-Up After Hospitalization,2026-02-01,0,Valid
1558,SYN00310,South,Provider Group E,Breast Cancer Screening,2026-02-01,1,Needs Review
1559,SYN00310,South,Provider Group E,Colorectal Cancer Screening,2026-02-01,0,Valid
1560,SYN00310,South,Provider Group E,Controlling Blood Pressure,2026-02-01,0,Valid
1561,SYN00325,North,Provider Group D,Controlling Blood Pressure,2026-02-01,0,Valid
1562,SYN00325,North,Provider Group D,Medication Adherence,2026-02-01,0,Valid
1563,SYN00332,West,Provider Group B,Breast Cancer Screening,2026-02-01,0,Valid
1564,SYN00332,West,Provider Group B,Colorectal Cancer Screening,2026-02-01,0,Valid
1565,SYN00332,West,Provider Group B,Medication Adherence,2026-02-01,0,Valid
1566,SYN00333,South,Provider Group D,Colorectal Cancer Screening,2026-02-01,0,Valid
1567,SYN00333,South,Provider Group D,Controlling Blood Pressure,2026-02-01,0,Valid
1568,SYN00334,North,Provider Group C,Colorectal Cancer Screening,2026-02-01,0,Valid
1569,SYN00334,North,Provider Group C,Controlling Blood Pressure,2026-02-01,0,Valid
1570,SYN00334,North,Provider Group C,Medication Adherence,2026-02-01,0,Valid
1571,SYN00340,South,Provider Group C,Breast Cancer Screening,2026-02-01,0,Valid
1572,SYN00340,South,Provider Group C,Colorectal Cancer Screening,2026-02-01,0,Valid
1573,SYN00340,South,Provider Group C,Diabetes Care,2026-02-01,0,Valid
1574,SYN00340,South,Provider Group C,Medication Adherence,2026-02-01,0,Valid
1575,SYN00347,East,Provider Group B,Breast Cancer Screening,2026-02-01,0,Valid
1576,SYN00347,East,Provider Group B,Colorectal Cancer Screening,2026-02-01,0,Valid
1577,SYN00347,East,Provider Group B,Follow-Up After Hospitalization,2026-02-01,0,Valid
1578,SYN00354,North,Provider Group B,Breast Cancer Screening,2026-02-01,0,Valid
1579,SYN00354,North,Provider Group B,Colorectal Cancer Screening,2026-02-01,0,Valid
1580,SYN00354,North,Provider Group B,Controlling Blood Pressure,2026-02-01,0,Valid
1581,SYN00354,North,Provider Group B,Medication Adherence,2026-02-01,0,Valid
1582,SYN00356,North,Provider Group A,Controlling Blood Pressure,2026-02-01,0,Valid
1583,SYN00356,North,Provider Group A,Diabetes Care,2026-02-01,0,Valid
1584,SYN00356,North,Provider Group A,Medication Adherence,2026-02-01,0,Valid
1585,SYN00366,South,Provider Group C,Diabetes Care,2026-02-01,0,Valid
1586,SYN00366,South,Provider Group C,Follow-Up After Hospitalization,2026-02-01,0,Valid
1587,SYN00374,South,Provider Group B,Breast Cancer Screening,2026-02-01,0,Valid
1588,SYN00374,South,Provider Group B,Medication Adherence,2026-02-01,0,Valid
1589,SYN00379,East,Provider Group B,Breast Cancer Screening,2026-02-01,0,Valid
1590,SYN00379,East,Provider Group B,Colorectal Cancer Screening,2026-02-01,0,Valid
1591,SYN00379,East,Provider Group B,Follow-Up After Hospitalization,2026-02-01,0,Valid
1592,SYN00386,North,Provider Group B,Follow-Up After Hospitalization,2026-02-01,0,Valid
1593,SYN00390,West,Provider Group A,Breast Cancer Screening,2026-02-01,0,Valid
1594,SYN00390,West,Provider Group A,Colorectal Cancer Screening,2026-02-01,0,Valid
1595,SYN00390,West,Provider Group A,Diabetes Care,2026-02-01,0,Valid
1596,SYN00390,West,Provider Group A,Medication Adherence,2026-02-01,0,Valid
1597,SYN00395,West,Provider Group D,Controlling Blood Pressure,2026-02-01,0,Valid
1598,SYN00397,East,Provider Group C,Diabetes Care,2026-02-01,0,Valid
1599,SYN00397,East,Provider Group C,Medication Adherence,2026-02-01,0,Valid
1600,SYN00400,West,Provider Group E,Colorectal Cancer Screening,2026-02-01,0,Valid
1601,SYN00400,West,Provider Group E,Controlling Blood Pressure,2026-02-01,0,Valid
1602,SYN00400,West,Provider Group E,Medication Adherence,2026-02-01,0,Valid
1603,SYN00401,East,Provider Group D,Colorectal Cancer Screening,2026-02-01,0,Valid
1604,SYN00405,East,Provider Group E,Controlling Blood Pressure,2026-02-01,0,Valid
1605,SYN00406,West,Provider Group A,Breast Cancer Screening,2026-02-01,0,Valid
1606,SYN00406,West,Provider Group A,Colorectal Cancer Screening,2026-02-01,0,Valid
1607,SYN00406,West,Provider Group A,Controlling Blood Pressure,2026-02-01,0,Valid
1608,SYN00406,West,Provider Group A,Medication Adherence,2026-02-01,0,Valid
1609,SYN00418,East,Provider Group D,Controlling Blood Pressure,2026-02-01,0,Valid
1610,SYN00426,South,Provider Group B,Breast Cancer Screening,2026-02-01,0,Valid
1611,SYN00426,South,Provider Group B,Colorectal Cancer Screening,2026-02-01,0,Valid
1612,SYN00426,South,Provider Group B,Diabetes Care,2026-02-01,0,Valid
1613,SYN00426,South,Provider Group B,Medication Adherence,2026-02-01,0,Valid
1614,SYN00429,South,Provider Group D,Colorectal Cancer Screening,2026-02-01,0,Valid
1615,SYN00429,South,Provider Group D,Controlling Blood Pressure,2026-02-01,0,Valid
1616,SYN00432,North,Provider Group A,Colorectal Cancer Screening,2026-02-01,0,Valid
1617,SYN00432,North,Provider Group A,Diabetes Care,2026-02-01,0,Valid
1618,SYN00437,South,Provider Group B,Colorectal Cancer Screening,2026-02-01,0,Valid
1619,SYN00448,South,Provider Group D,Breast Cancer Screening,2026-02-01,0,Valid
1620,SYN00448,South,Provider Group D,Medication Adherence,2026-02-01,0,Valid
1621,SYN00457,South,Provider Group D,Breast Cancer Screening,2026-02-01,0,Valid
1622,SYN00457,South,Provider Group D,Controlling Blood Pressure,2026-02-01,0,Valid
1623,SYN00457,South,Provider Group D,Follow-Up After Hospitalization,2026-02-01,0,Valid
1624,SYN00457,South,Provider Group D,Medication Adherence,2026-02-01,0,Valid
1625,SYN00461,East,Provider Group C,Breast Cancer Screening,2026-02-01,0,Valid
1626,SYN00461,East,Provider Group C,Colorectal Cancer Screening,2026-02-01,0,Valid
1627,SYN00461,East,Provider Group C,Controlling Blood Pressure,2026-02-01,0,Valid
1628,SYN00461,East,Provider Group C,Follow-Up After Hospitalization,2026-02-01,0,Valid
1629,SYN00463,East,Provider Group C,Breast Cancer Screening,2026-02-01,0,Valid
1630,SYN00463,East,Provider Group C,Colorectal Cancer Screening,2026-02-01,0,Valid
1631,SYN00463,East,Provider Group C,Diabetes Care,2026-02-01,0,Valid
1632,SYN00463,East,Provider Group C,Medication Adherence,2026-02-01,0,Valid
1633,SYN00464,South,Provider Group E,Diabetes Care,2026-02-01,0,Valid
1634,SYN00464,South,Provider Group E,Medication Adherence,2026-02-01,0,Valid
1635,SYN00481,East,Provider Group B,Breast Cancer Screening,2026-02-01,0,Valid
1636,SYN00481,East,Provider Group B,Colorectal Cancer Screening,2026-02-01,0,Valid
1637,SYN00482,East,Provider Group C,Breast Cancer Screening,2026-02-01,0,Valid
1638,SYN00482,East,Provider Group C,Colorectal Cancer Screening,2026-02-01,0,Valid
1639,SYN00482,East,Provider Group C,Medication Adherence,2026-02-01,0,Valid
1640,SYN00491,South,Provider Group A,Controlling Blood Pressure,2026-02-01,0,Valid
1641,SYN00491,South,Provider Group A,Diabetes Care,2026-02-01,0,Valid
1642,SYN00491,South,Provider Group A,Medication Adherence,2026-02-01,0,Valid
1643,SYN00501,North,Provider Group A,Colorectal Cancer Screening,2026-02-01,0,Valid
1644,SYN00501,North,Provider Group A,Diabetes Care,2026-02-01,0,Valid
1645,SYN00501,North,Provider Group A,Follow-Up After Hospitalization,2026-02-01,0,Valid
1646,SYN00505,South,Provider Group A,Breast Cancer Screening,2026-02-01,0,Valid
1647,SYN00505,South,Provider Group A,Diabetes Care,2026-02-01,0,Valid
1648,SYN00505,South,Provider Group A,Medication Adherence,2026-02-01,0,Valid
1649,SYN00506,West,Provider Group E,Diabetes Care,2026-02-01,0,Valid
1650,SYN00506,West,Provider Group E,Follow-Up After Hospitalization,2026-02-01,0,Valid
1651,SYN00506,West,Provider Group E,Medication Adherence,2026-02-01,0,Valid
1652,SYN00508,East,Provider Group C,Breast Cancer Screening,2026-02-01,0,Valid
1653,SYN00508,East,Provider Group C,Controlling Blood Pressure,2026-02-01,0,Valid
1654,SYN00508,East,Provider Group C,Diabetes Care,2026-02-01,0,Valid
1655,SYN00508,East,Provider Group C,Medication Adherence,2026-02-01,0,Valid
1656,SYN00511,North,Provider Group B,Colorectal Cancer Screening,2026-02-01,0,Valid
1657,SYN00511,North,Provider Group B,Follow-Up After Hospitalization,2026-02-01,0,Valid
1658,SYN00511,North,Provider Group B,Medication Adherence,2026-02-01,0,Valid
1659,SYN00512,North,Provider Group D,Breast Cancer Screening,2026-02-01,0,Valid
1660,SYN00512,North,Provider Group D,Controlling Blood Pressure,2026-02-01,0,Valid
1661,SYN00518,North,Provider Group A,Breast Cancer Screening,2026-02-01,0,Valid
1662,SYN00518,North,Provider Group A,Colorectal Cancer Screening,2026-02-01,0,Valid
1663,SYN00522,West,Provider Group E,Diabetes Care,2026-02-01,0,Valid
1664,SYN00522,West,Provider Group E,Follow-Up After Hospitalization,2026-02-01,0,Valid
1665,SYN00545,West,Provider Group A,Breast Cancer Screening,2026-02-01,0,Valid
1666,SYN00545,West,Provider Group A,Controlling Blood Pressure,2026-02-01,0,Valid
1667,SYN00558,South,Provider Group B,Controlling Blood Pressure,2026-02-01,0,Valid
1668,SYN00558,South,Provider Group B,Medication Adherence,2026-02-01,0,Valid
1669,SYN00561,West,Provider Group D,Colorectal Cancer Screening,2026-02-01,0,Valid
1670,SYN00561,West,Provider Group D,Controlling Blood Pressure,2026-02-01,0,Valid
1671,SYN00561,West,Provider Group D,Diabetes Care,2026-02-01,0,Valid
1672,SYN00561,West,Provider Group D,Follow-Up After Hospitalization,2026-02-01,0,Valid
1673,SYN00565,East,Provider Group D,Medication Adherence,2026-02-01,0,Valid
1674,SYN00584,West,Provider Group A,Colorectal Cancer Screening,2026-02-01,0,Valid
1675,SYN00584,West,Provider Group A,Follow-Up After Hospitalization,2026-02-01,0,Valid
1676,SYN00586,South,Provider Group D,Breast Cancer Screening,2026-02-01,0,Valid
1677,SYN00586,South,Provider Group D,Controlling Blood Pressure,2026-02-01,0,Valid
1678,SYN00586,South,Provider Group D,Medication Adherence,2026-02-01,0,Valid
1679,SYN00587,South,Provider Group B,Controlling Blood Pressure,2026-02-01,0,Valid
1680,SYN00587,South,Provider Group B,Diabetes Care,2026-02-01,0,Valid
1681,SYN00595,North,Provider Group C,Breast Cancer Screening,2026-02-01,0,Valid
1682,SYN00595,North,Provider Group C,Colorectal Cancer Screening,2026-02-01,0,Valid
1683,SYN00595,North,Provider Group C,Medication Adherence,2026-02-01,0,Valid
1684,SYN00600,North,Provider Group B,Breast Cancer Screening,2026-02-01,0,Valid
1685,SYN00600,North,Provider Group B,Colorectal Cancer Screening,2026-02-01,0,Valid
1686,SYN00600,North,Provider Group B,Controlling Blood Pressure,2026-02-01,0,Valid
1687,SYN00600,North,Provider Group B,Diabetes Care,2026-02-01,0,Valid
1688,SYN00600,North,Provider Group B,Follow-Up After Hospitalization,2026-02-01,0,Valid
1689,SYN00600,North,Provider Group B,Medication Adherence,2026-02-01,0,Valid
1690,SYN00607,South,Provider Group A,Breast Cancer Screening,2026-02-01,0,Valid
1691,SYN00607,South,Provider Group A,Diabetes Care,2026-02-01,0,Valid
1692,SYN00612,North,Provider Group D,Controlling Blood Pressure,2026-02-01,0,Valid
1693,SYN00614,West,Provider Group C,Diabetes Care,2026-02-01,0,Valid
1694,SYN00615,South,Provider Group A,Breast Cancer Screening,2026-02-01,0,Valid
1695,SYN00615,South,Provider Group A,Diabetes Care,2026-02-01,0,Valid
1696,SYN00615,South,Provider Group A,Medication Adherence,2026-02-01,0,Valid
1697,SYN00633,North,Provider Group D,Controlling Blood Pressure,2026-02-01,0,Valid
1698,SYN00648,South,Provider Group E,Breast Cancer Screening,2026-02-01,0,Valid
1699,SYN00648,South,Provider Group E,Colorectal Cancer Screening,2026-02-01,0,Valid
1700,SYN00648,South,Provider Group E,Controlling Blood Pressure,2026-02-01,0,Valid
1701,SYN00648,South,Provider Group E,Diabetes Care,2026-02-01,0,Valid
1702,SYN00648,South,Provider Group E,Medication Adherence,2026-02-01,0,Valid
1703,SYN00649,East,Provider Group B,Breast Cancer Screening,2026-02-01,0,Valid
1704,SYN00649,East,Provider Group B,Colorectal Cancer Screening,2026-02-01,0,Valid
1705,SYN00649,East,Provider Group B,Follow-Up After Hospitalization,2026-02-01,0,Valid
1706,SYN00653,South,Provider Group C,Medication Adherence,2026-02-01,0,Valid
1707,SYN00656,South,Provider Group A,Controlling Blood Pressure,2026-02-01,0,Valid
1708,SYN00657,South,Provider Group D,Controlling Blood Pressure,2026-02-01,0,Valid
1709,SYN00657,South,Provider Group D,Diabetes Care,2026-02-01,0,Valid
1710,SYN00657,South,Provider Group D,Medication Adherence,2026-02-01,0,Valid
1711,SYN00674,East,Provider Group B,Colorectal Cancer Screening,2026-02-01,0,Valid
1712,SYN00674,East,Provider Group B,Controlling Blood Pressure,2026-02-01,0,Valid
1713,SYN00674,East,Provider Group B,Diabetes Care,2026-02-01,0,Valid
1714,SYN00691,East,Provider Group A,Controlling Blood Pressure,2026-02-01,0,Valid
1715,SYN00691,East,Provider Group A,Diabetes Care,2026-02-01,0,Valid
1716,SYN00695,South,Provider Group B,Colorectal Cancer Screening,2026-02-01,0,Valid
1717,SYN00695,South,Provider Group B,Controlling Blood Pressure,2026-02-01,0,Valid
1718,SYN00695,South,Provider Group B,Diabetes Care,2026-02-01,0,Valid
1719,SYN00695,South,Provider Group B,Follow-Up After Hospitalization,2026-02-01,0,Valid
1720,SYN00713,West,Provider Group C,Controlling Blood Pressure,2026-02-01,0,Valid
1721,SYN00713,West,Provider Group C,Medication Adherence,2026-02-01,0,Valid
1722,SYN00717,North,Provider Group D,Colorectal Cancer Screening,2026-02-01,0,Valid
1723,SYN00723,North,Provider Group A,Breast Cancer Screening,2026-02-01,0,Valid
1724,SYN00723,North,Provider Group A,Controlling Blood Pressure,2026-02-01,0,Valid
1725,SYN00723,North,Provider Group A,Diabetes Care,2026-02-01,0,Valid
1726,SYN00724,West,Provider Group B,Breast Cancer Screening,2026-02-01,0,Valid
1727,SYN00724,West,Provider Group B,Controlling Blood Pressure,2026-02-01,0,Valid
1728,SYN00724,West,Provider Group B,Follow-Up After Hospitalization,2026-02-01,0,Valid
1729,SYN00725,North,Provider Group B,Breast Cancer Screening,2026-02-01,0,Valid
1730,SYN00728,South,Provider Group C,Colorectal Cancer Screening,2026-02-01,0,Valid
1731,SYN00728,South,Provider Group C,Medication Adherence,2026-02-01,0,Valid
1732,SYN00732,North,Provider Group B,Controlling Blood Pressure,2026-02-01,0,Valid
1733,SYN00732,North,Provider Group B,Medication Adherence,2026-02-01,0,Valid
1734,SYN00739,East,Provider Group D,Controlling Blood Pressure,2026-02-01,0,Valid
1735,SYN00739,East,Provider Group D,Diabetes Care,2026-02-01,0,Valid
1736,SYN00739,East,Provider Group D,Medication Adherence,2026-02-01,0,Valid
1737,SYN00742,South,Provider Group B,Breast Cancer Screening,2026-02-01,0,Valid
1738,SYN00742,South,Provider Group B,Diabetes Care,2026-02-01,0,Valid
1739,SYN00747,East,Provider Group C,Colorectal Cancer Screening,2026-02-01,0,Valid
1740,SYN00747,East,Provider Group C,Controlling Blood Pressure,2026-02-01,0,Valid
1741,SYN00747,East,Provider Group C,Follow-Up After Hospitalization,2026-02-01,0,Valid
1742,SYN00756,West,Provider Group C,Breast Cancer Screening,2026-02-01,0,Valid
1743,SYN00757,South,Provider Group A,Controlling Blood Pressure,2026-02-01,0,Valid
1744,SYN00757,South,Provider Group A,Follow-Up After Hospitalization,2026-02-01,0,Valid
1745,SYN00763,South,Provider Group C,Colorectal Cancer Screening,2026-02-01,0,Valid
1746,SYN00763,South,Provider Group C,Diabetes Care,2026-02-01,0,Valid
1747,SYN00765,North,Provider Group B,Breast Cancer Screening,2026-02-01,0,Valid
1748,SYN00765,North,Provider Group B,Colorectal Cancer Screening,2026-02-01,0,Valid
1749,SYN00765,North,Provider Group B,Follow-Up After Hospitalization,2026-02-01,0,Valid
1750,SYN00772,South,Provider Group D,Breast Cancer Screening,2026-02-01,0,Valid
1751,SYN00772,South,Provider Group D,Colorectal Cancer Screening,2026-02-01,0,Valid
1752,SYN00772,South,Provider Group D,Controlling Blood Pressure,2026-02-01,0,Valid
1753,SYN00780,North,Provider Group B,Colorectal Cancer Screening,2026-02-01,0,Valid
1754,SYN00780,North,Provider Group B,Controlling Blood Pressure,2026-02-01,0,Valid
1755,SYN00780,North,Provider Group B,Diabetes Care,2026-02-01,0,Valid
1756,SYN00780,North,Provider Group B,Follow-Up After Hospitalization,2026-02-01,0,Valid
1757,SYN00780,North,Provider Group B,Medication Adherence,2026-02-01,0,Valid
1758,SYN00781,South,Provider Group E,Colorectal Cancer Screening,2026-02-01,0,Valid
1759,SYN00781,South,Provider Group E,Controlling Blood Pressure,2026-02-01,0,Valid
1760,SYN00792,East,Provider Group D,Breast Cancer Screening,2026-02-01,0,Valid
1761,SYN00792,East,Provider Group D,Controlling Blood Pressure,2026-02-01,0,Valid
1762,SYN00792,East,Provider Group D,Medication Adherence,2026-02-01,0,Valid
1763,SYN00794,West,Provider Group E,Colorectal Cancer Screening,2026-02-01,1,Needs Review
1764,SYN00794,West,Provider Group E,Controlling Blood Pressure,2026-02-01,0,Valid
1765,SYN00794,West,Provider Group E,Medication Adherence,2026-02-01,0,Valid
1766,SYN00802,North,Provider Group E,Breast Cancer Screening,2026-02-01,0,Valid
1767,SYN00802,North,Provider Group E,Controlling Blood Pressure,2026-02-01,0,Valid
1768,SYN00802,North,Provider Group E,Diabetes Care,2026-02-01,0,Valid
1769,SYN00802,North,Provider Group E,Medication Adherence,2026-02-01,0,Valid
1770,SYN00805,West,Provider Group A,Colorectal Cancer Screening,2026-02-01,0,Valid
1771,SYN00805,West,Provider Group A,Controlling Blood Pressure,2026-02-01,0,Valid
1772,SYN00805,West,Provider Group A,Follow-Up After Hospitalization,2026-02-01,0,Valid
1773,SYN00805,West,Provider Group A,Medication Adherence,2026-02-01,0,Valid
1774,SYN00811,North,Provider Group E,Controlling Blood Pressure,2026-02-01,0,Valid
1775,SYN00813,North,Provider Group D,Controlling Blood Pressure,2026-02-01,0,Valid
1776,SYN00813,North,Provider Group D,Diabetes Care,2026-02-01,0,Valid
1777,SYN00813,North,Provider Group D,Follow-Up After Hospitalization,2026-02-01,0,Valid
1778,SYN00813,North,Provider Group D,Medication Adherence,2026-02-01,0,Valid
1779,SYN00814,North,Provider Group A,Breast Cancer Screening,2026-02-01,0,Valid
1780,SYN00814,North,Provider Group A,Colorectal Cancer Screening,2026-02-01,0,Valid
1781,SYN00814,North,Provider Group A,Controlling Blood Pressure,2026-02-01,0,Valid
1782,SYN00814,North,Provider Group A,Follow-Up After Hospitalization,2026-02-01,0,Valid
1783,SYN00815,East,Provider Group B,Breast Cancer Screening,2026-02-01,0,Valid
1784,SYN00815,East,Provider Group B,Colorectal Cancer Screening,2026-02-01,0,Valid
1785,SYN00815,East,Provider Group B,Controlling Blood Pressure,2026-02-01,0,Valid
1786,SYN00815,East,Provider Group B,Medication Adherence,2026-02-01,0,Valid
1787,SYN00833,East,Provider Group B,Breast Cancer Screening,2026-02-01,0,Valid
1788,SYN00833,East,Provider Group B,Controlling Blood Pressure,2026-02-01,0,Valid
1789,SYN00867,South,Provider Group D,Colorectal Cancer Screening,2026-02-01,0,Valid
1790,SYN00867,South,Provider Group D,Controlling Blood Pressure,2026-02-01,0,Valid
1791,SYN00867,South,Provider Group D,Medication Adherence,2026-02-01,0,Valid
1792,SYN00880,North,Provider Group B,Colorectal Cancer Screening,2026-02-01,0,Valid
1793,SYN00885,North,Provider Group C,Colorectal Cancer Screening,2026-02-01,0,Valid
1794,SYN00885,North,Provider Group C,Follow-Up After Hospitalization,2026-02-01,0,Valid
1795,SYN00885,North,Provider Group C,Medication Adherence,2026-02-01,0,Valid
1796,SYN00901,East,Provider Group B,Breast Cancer Screening,2026-02-01,0,Valid
1797,SYN00901,East,Provider Group B,Controlling Blood Pressure,2026-02-01,0,Valid
1798,SYN00901,East,Provider Group B,Diabetes Care,2026-02-01,0,Valid
1799,SYN00901,East,Provider Group B,Medication Adherence,2026-02-01,0,Valid
1800,SYN00903,South,Provider Group A,Colorectal Cancer Screening,2026-02-01,0,Valid
1801,SYN00905,East,Provider Group C,Breast Cancer Screening,2026-02-01,0,Valid
1802,SYN00905,East,Provider Group C,Colorectal Cancer Screening,2026-02-01,0,Valid
1803,SYN00905,East,Provider Group C,Medication Adherence,2026-02-01,0,Valid
1804,SYN00909,West,Provider Group C,Breast Cancer Screening,2026-02-01,0,Valid
1805,SYN00909,West,Provider Group C,Colorectal Cancer Screening,2026-02-01,0,Valid
1806,SYN00909,West,Provider Group C,Diabetes Care,2026-02-01,0,Valid
1807,SYN00910,East,Provider Group D,Breast Cancer Screening,2026-02-01,0,Valid
1808,SYN00910,East,Provider Group D,Colorectal Cancer Screening,2026-02-01,0,Valid
1809,SYN00910,East,Provider Group D,Controlling Blood Pressure,2026-02-01,0,Valid
1810,SYN00910,East,Provider Group D,Diabetes Care,2026-02-01,0,Valid
1811,SYN00910,East,Provider Group D,Follow-Up After Hospitalization,2026-02-01,0,Valid
1812,SYN00916,South,Provider Group C,Colorectal Cancer Screening,2026-02-01,0,Valid
1813,SYN00916,South,Provider Group C,Follow-Up After Hospitalization,2026-02-01,0,Valid
1814,SYN00922,South,Provider Group D,Colorectal Cancer Screening,2026-02-01,0,Valid
1815,SYN00922,South,Provider Group D,Controlling Blood Pressure,2026-02-01,0,Valid
1816,SYN00930,West,Provider Group D,Breast Cancer Screening,2026-02-01,0,Valid
1817,SYN00930,West,Provider Group D,Diabetes Care,2026-02-01,0,Valid
1818,SYN00938,South,Provider Group C,Follow-Up After Hospitalization,2026-02-01,0,Valid
1819,SYN00938,South,Provider Group C,Medication Adherence,2026-02-01,0,Valid
1820,SYN00949,South,Provider Group D,Diabetes Care,2026-02-01,0,Valid
1821,SYN00949,South,Provider Group D,Medication Adherence,2026-02-01,0,Valid
1822,SYN00951,West,Provider Group B,Medication Adherence,2026-02-01,0,Valid
1823,SYN00958,West,Provider Group A,Breast Cancer Screening,2026-02-01,0,Valid
1824,SYN00958,West,Provider Group A,Colorectal Cancer Screening,2026-02-01,0,Valid
1825,SYN00958,West,Provider Group A,Controlling Blood Pressure,2026-02-01,0,Valid
1826,SYN00958,West,Provider Group A,Medication Adherence,2026-02-01,0,Valid
1827,SYN00965,West,Provider Group D,Follow-Up After Hospitalization,2026-02-01,0,Valid
1828,SYN00967,South,Provider Group A,Breast Cancer Screening,2026-02-01,0,Valid
1829,SYN00967,South,Provider Group A,Colorectal Cancer Screening,2026-02-01,0,Valid
1830,SYN00967,South,Provider Group A,Controlling Blood Pressure,2026-02-01,0,Valid
1831,SYN00967,South,Provider Group A,Diabetes Care,2026-02-01,0,Valid
1832,SYN00970,South,Provider Group B,Controlling Blood Pressure,2026-02-01,0,Valid
1833,SYN00970,South,Provider Group B,Diabetes Care,2026-02-01,0,Valid
1834,SYN00970,South,Provider Group B,Medication Adherence,2026-02-01,0,Valid
1835,SYN00976,West,Provider Group D,Controlling Blood Pressure,2026-02-01,0,Valid
1836,SYN00976,West,Provider Group D,Medication Adherence,2026-02-01,0,Valid
1837,SYN01003,North,Provider Group E,Colorectal Cancer Screening,2026-02-01,0,Valid
1838,SYN01003,North,Provider Group E,Follow-Up After Hospitalization,2026-02-01,0,Valid
1839,SYN01003,North,Provider Group E,Medication Adherence,2026-02-01,0,Valid
1840,SYN01013,South,Provider Group B,Controlling Blood Pressure,2026-02-01,0,Valid
1841,SYN01013,South,Provider Group B,Diabetes Care,2026-02-01,0,Valid
1842,SYN01013,South,Provider Group B,Medication Adherence,2026-02-01,0,Valid
1843,SYN01014,South,Provider Group A,Breast Cancer Screening,2026-02-01,0,Valid
1844,SYN01014,South,Provider Group A,Controlling Blood Pressure,2026-02-01,0,Valid
1845,SYN01014,South,Provider Group A,Medication Adherence,2026-02-01,0,Valid
1846,SYN01016,North,Provider Group B,Colorectal Cancer Screening,2026-02-01,0,Valid
1847,SYN01016,North,Provider Group B,Controlling Blood Pressure,2026-02-01,0,Valid
1848,SYN01016,North,Provider Group B,Medication Adherence,2026-02-01,0,Valid
1849,SYN01021,West,Provider Group A,Controlling Blood Pressure,2026-02-01,0,Valid
1850,SYN01042,North,Provider Group D,Breast Cancer Screening,2026-02-01,0,Valid
1851,SYN01042,North,Provider Group D,Colorectal Cancer Screening,2026-02-01,0,Valid
1852,SYN01042,North,Provider Group D,Diabetes Care,2026-02-01,0,Valid
1853,SYN01042,North,Provider Group D,Medication Adherence,2026-02-01,0,Valid
1854,SYN01049,North,Provider Group D,Colorectal Cancer Screening,2026-02-01,0,Valid
1855,SYN01049,North,Provider Group D,Diabetes Care,2026-02-01,0,Valid
1856,SYN01049,North,Provider Group D,Medication Adherence,2026-02-01,0,Valid
1857,SYN01050,South,Provider Group A,Breast Cancer Screening,2026-02-01,0,Valid
1858,SYN01050,South,Provider Group A,Medication Adherence,2026-02-01,0,Valid
1859,SYN01072,North,Provider Group E,Controlling Blood Pressure,2026-02-01,0,Valid
1860,SYN01072,North,Provider Group E,Medication Adherence,2026-02-01,0,Valid
1861,SYN01075,South,Provider Group E,Colorectal Cancer Screening,2026-02-01,0,Valid
1862,SYN01075,South,Provider Group E,Controlling Blood Pressure,2026-02-01,0,Valid
1863,SYN01075,South,Provider Group E,Medication Adherence,2026-02-01,0,Valid
1864,SYN01077,North,Provider Group B,Medication Adherence,2026-02-01,0,Valid
1865,SYN01102,West,Provider Group B,Breast Cancer Screening,2026-02-01,0,Valid
1866,SYN01102,West,Provider Group B,Colorectal Cancer Screening,2026-02-01,0,Valid
1867,SYN01102,West,Provider Group B,Medication Adherence,2026-02-01,0,Valid
1868,SYN01106,South,Provider Group D,Colorectal Cancer Screening,2026-02-01,0,Valid
1869,SYN01106,South,Provider Group D,Controlling Blood Pressure,2026-02-01,0,Valid
1870,SYN01106,South,Provider Group D,Diabetes Care,2026-02-01,0,Valid
1871,SYN01119,West,Provider Group B,Breast Cancer Screening,2026-02-01,0,Valid
1872,SYN01119,West,Provider Group B,Colorectal Cancer Screening,2026-02-01,0,Valid
1873,SYN01119,West,Provider Group B,Diabetes Care,2026-02-01,0,Valid
1874,SYN01119,West,Provider Group B,Follow-Up After Hospitalization,2026-02-01,0,Valid
1875,SYN01130,South,Provider Group E,Diabetes Care,2026-02-01,0,Valid
1876,SYN01130,South,Provider Group E,Follow-Up After Hospitalization,2026-02-01,0,Valid
1877,SYN01131,West,Provider Group A,Breast Cancer Screening,2026-02-01,0,Valid
1878,SYN01131,West,Provider Group A,Diabetes Care,2026-02-01,0,Valid
1879,SYN01131,West,Provider Group A,Medication Adherence,2026-02-01,0,Valid
1880,SYN01144,North,Provider Group E,Colorectal Cancer Screening,2026-02-01,0,Valid
1881,SYN01144,North,Provider Group E,Controlling Blood Pressure,2026-02-01,0,Valid
1882,SYN01158,West,Provider Group A,Colorectal Cancer Screening,2026-02-01,0,Valid
1883,SYN01158,West,Provider Group A,Controlling Blood Pressure,2026-02-01,0,Valid
1884,SYN01158,West,Provider Group A,Diabetes Care,2026-02-01,0,Valid
1885,SYN01158,West,Provider Group A,Follow-Up After Hospitalization,2026-02-01,0,Valid
1886,SYN01162,East,Provider Group B,Breast Cancer Screening,2026-02-01,0,Valid
1887,SYN01162,East,Provider Group B,Controlling Blood Pressure,2026-02-01,0,Valid
1888,SYN01162,East,Provider Group B,Medication Adherence,2026-02-01,0,Valid
1889,SYN01163,West,Provider Group D,Diabetes Care,2026-02-01,0,Valid
1890,SYN01163,West,Provider Group D,Medication Adherence,2026-02-01,0,Valid
1891,SYN01167,South,Provider Group C,Breast Cancer Screening,2026-02-01,0,Valid
1892,SYN01167,South,Provider Group C,Colorectal Cancer Screening,2026-02-01,0,Valid
1893,SYN01177,East,Provider Group B,Breast Cancer Screening,2026-02-01,0,Valid
1894,SYN01177,East,Provider Group B,Controlling Blood Pressure,2026-02-01,0,Valid
1895,SYN01180,South,Provider Group C,Breast Cancer Screening,2026-02-01,0,Valid
1896,SYN01180,South,Provider Group C,Colorectal Cancer Screening,2026-02-01,0,Valid
1897,SYN01180,South,Provider Group C,Controlling Blood Pressure,2026-02-01,0,Valid
1898,SYN01184,West,Provider Group D,Colorectal Cancer Screening,2026-02-01,0,Valid
1899,SYN01184,West,Provider Group D,Diabetes Care,2026-02-01,0,Valid
1900,SYN01184,West,Provider Group D,Follow-Up After Hospitalization,2026-02-01,0,Valid
1901,SYN01185,West,Provider Group D,Breast Cancer Screening,2026-02-01,0,Valid
1902,SYN01185,West,Provider Group D,Controlling Blood Pressure,2026-02-01,0,Valid
1903,SYN01185,West,Provider Group D,Diabetes Care,2026-02-01,0,Valid
1904,SYN01193,North,Provider Group B,Colorectal Cancer Screening,2026-02-01,0,Valid
1905,SYN01193,North,Provider Group B,Medication Adherence,2026-02-01,0,Valid
1906,SYN01196,South,Provider Group A,Colorectal Cancer Screening,2026-02-01,0,Valid
1907,SYN01196,South,Provider Group A,Controlling Blood Pressure,2026-02-01,0,Valid
1908,SYN01196,South,Provider Group A,Medication Adherence,2026-02-01,0,Valid
1909,SYN01202,West,Provider Group A,Controlling Blood Pressure,2026-02-01,0,Valid
1910,SYN01202,West,Provider Group A,Diabetes Care,2026-02-01,0,Valid
1911,SYN01202,West,Provider Group A,Medication Adherence,2026-02-01,0,Valid
1912,SYN01204,West,Provider Group C,Breast Cancer Screening,2026-02-01,0,Valid
1913,SYN01204,West,Provider Group C,Diabetes Care,2026-02-01,0,Valid
1914,SYN01204,West,Provider Group C,Medication Adherence,2026-02-01,0,Valid
1915,SYN01205,North,Provider Group A,Medication Adherence,2026-02-01,0,Valid
1916,SYN01213,North,Provider Group C,Colorectal Cancer Screening,2026-02-01,0,Valid
1917,SYN01213,North,Provider Group C,Controlling Blood Pressure,2026-02-01,0,Valid
1918,SYN01213,North,Provider Group C,Follow-Up After Hospitalization,2026-02-01,0,Valid
1919,SYN01213,North,Provider Group C,Medication Adherence,2026-02-01,0,Valid
1920,SYN01219,West,Provider Group A,Breast Cancer Screening,2026-02-01,0,Valid
1921,SYN01219,West,Provider Group A,Colorectal Cancer Screening,2026-02-01,0,Valid
1922,SYN01219,West,Provider Group A,Diabetes Care,2026-02-01,0,Valid
1923,SYN01219,West,Provider Group A,Medication Adherence,2026-02-01,0,Valid
1924,SYN01223,South,Provider Group A,Colorectal Cancer Screening,2026-02-01,0,Valid
1925,SYN01223,South,Provider Group A,Medication Adherence,2026-02-01,0,Valid
1926,SYN01230,West,Provider Group A,Controlling Blood Pressure,2026-02-01,0,Valid
1927,SYN01233,South,Provider Group E,Controlling Blood Pressure,2026-02-01,0,Valid
1928,SYN01233,South,Provider Group E,Diabetes Care,2026-02-01,0,Valid
1929,SYN01233,South,Provider Group E,Medication Adherence,2026-02-01,0,Valid
1930,SYN01237,West,Provider Group A,Colorectal Cancer Screening,2026-02-01,0,Valid
1931,SYN01237,West,Provider Group A,Controlling Blood Pressure,2026-02-01,0,Valid
1932,SYN01237,West,Provider Group A,Diabetes Care,2026-02-01,0,Valid
1933,SYN01238,East,Provider Group D,Breast Cancer Screening,2026-02-01,0,Valid
1934,SYN01238,East,Provider Group D,Diabetes Care,2026-02-01,0,Valid
1935,SYN01238,East,Provider Group D,Medication Adherence,2026-02-01,0,Valid
1936,SYN01241,North,Provider Group C,Breast Cancer Screening,2026-02-01,0,Valid
1937,SYN01241,North,Provider Group C,Controlling Blood Pressure,2026-02-01,0,Valid
1938,SYN01250,West,Provider Group D,Colorectal Cancer Screening,2026-02-01,0,Valid
1939,SYN01250,West,Provider Group D,Controlling Blood Pressure,2026-02-01,0,Valid
1940,SYN01250,West,Provider Group D,Diabetes Care,2026-02-01,0,Valid
1941,SYN01250,West,Provider Group D,Medication Adherence,2026-02-01,0,Valid
1942,SYN01252,South,Provider Group B,Colorectal Cancer Screening,2026-02-01,0,Valid
1943,SYN01252,South,Provider Group B,Controlling Blood Pressure,2026-02-01,0,Valid
1944,SYN01252,South,Provider Group B,Diabetes Care,2026-02-01,0,Valid
1945,SYN01252,South,Provider Group B,Follow-Up After Hospitalization,2026-02-01,0,Valid
1946,SYN01252,South,Provider Group B,Medication Adherence,2026-02-01,0,Valid
1947,SYN01260,South,Provider Group E,Breast Cancer Screening,2026-02-01,0,Valid
1948,SYN01260,South,Provider Group E,Diabetes Care,2026-02-01,0,Valid
1949,SYN01268,East,Provider Group C,Breast Cancer Screening,2026-02-01,0,Valid
1950,SYN01268,East,Provider Group C,Controlling Blood Pressure,2026-02-01,0,Valid
1951,SYN01268,East,Provider Group C,Diabetes Care,2026-02-01,0,Valid
1952,SYN01268,East,Provider Group C,Medication Adherence,2026-02-01,0,Valid
1953,SYN01278,North,Provider Group B,Colorectal Cancer Screening,2026-02-01,0,Valid
1954,SYN01278,North,Provider Group B,Diabetes Care,2026-02-01,0,Valid
1955,SYN01278,North,Provider Group B,Medication Adherence,2026-02-01,0,Valid
1956,SYN01279,North,Provider Group E,Diabetes Care,2026-02-01,0,Valid
1957,SYN01279,North,Provider Group E,Follow-Up After Hospitalization,2026-02-01,0,Valid
1958,SYN01280,East,Provider Group C,Colorectal Cancer Screening,2026-02-01,0,Valid
1959,SYN01280,East,Provider Group C,Controlling Blood Pressure,2026-02-01,0,Valid
1960,SYN01280,East,Provider Group C,Diabetes Care,2026-02-01,0,Valid
1961,SYN01280,East,Provider Group C,Medication Adherence,2026-02-01,0,Valid
1962,SYN01282,South,Provider Group D,Breast Cancer Screening,2026-02-01,0,Valid
1963,SYN01282,South,Provider Group D,Colorectal Cancer Screening,2026-02-01,0,Valid
1964,SYN01282,South,Provider Group D,Controlling Blood Pressure,2026-02-01,0,Valid
1965,SYN01282,South,Provider Group D,Follow-Up After Hospitalization,2026-02-01,0,Valid
1966,SYN01282,South,Provider Group D,Medication Adherence,2026-02-01,0,Valid
1967,SYN01285,South,Provider Group E,Diabetes Care,2026-02-01,0,Valid
1968,SYN01291,West,Provider Group A,Colorectal Cancer Screening,2026-02-01,0,Valid
1969,SYN01291,West,Provider Group A,Diabetes Care,2026-02-01,0,Valid
1970,SYN01294,South,Provider Group C,Colorectal Cancer Screening,2026-02-01,0,Valid
1971,SYN01294,South,Provider Group C,Controlling Blood Pressure,2026-02-01,0,Valid
1972,SYN01294,South,Provider Group C,Diabetes Care,2026-02-01,0,Valid
1973,SYN01294,South,Provider Group C,Medication Adherence,2026-02-01,0,Valid
1974,SYN01318,North,Provider Group B,Colorectal Cancer Screening,2026-02-01,0,Valid
1975,SYN01318,North,Provider Group B,Controlling Blood Pressure,2026-02-01,0,Valid
1976,SYN01318,North,Provider Group B,Diabetes Care,2026-02-01,0,Valid
1977,SYN01318,North,Provider Group B,Medication Adherence,2026-02-01,0,Valid
1978,SYN01324,South,Provider Group E,Breast Cancer Screening,2026-02-01,0,Valid
1979,SYN01324,South,Provider Group E,Colorectal Cancer Screening,2026-02-01,0,Valid
1980,SYN01324,South,Provider Group E,Controlling Blood Pressure,2026-02-01,0,Valid
1981,SYN01326,South,Provider Group A,Colorectal Cancer Screening,2026-02-01,0,Valid
1982,SYN01326,South,Provider Group A,Diabetes Care,2026-02-01,0,Valid
1983,SYN01326,South,Provider Group A,Follow-Up After Hospitalization,2026-02-01,0,Valid
1984,SYN01326,South,Provider Group A,Medication Adherence,2026-02-01,0,Valid
1985,SYN01327,North,Provider Group D,Breast Cancer Screening,2026-02-01,0,Valid
1986,SYN01327,North,Provider Group D,Diabetes Care,2026-02-01,0,Valid
1987,SYN01337,South,Provider Group A,Breast Cancer Screening,2026-02-01,0,Valid
1988,SYN01337,South,Provider Group A,Colorectal Cancer Screening,2026-02-01,0,Valid
1989,SYN01337,South,Provider Group A,Diabetes Care,2026-02-01,0,Valid
1990,SYN01337,South,Provider Group A,Medication Adherence,2026-02-01,0,Valid
1991,SYN01341,South,Provider Group A,Colorectal Cancer Screening,2026-02-01,0,Valid
1992,SYN01341,South,Provider Group A,Controlling Blood Pressure,2026-02-01,0,Valid
1993,SYN01341,South,Provider Group A,Medication Adherence,2026-02-01,0,Valid
1994,SYN01343,South,Provider Group D,Breast Cancer Screening,2026-02-01,0,Valid
1995,SYN01343,South,Provider Group D,Colorectal Cancer Screening,2026-02-01,0,Valid
1996,SYN01343,South,Provider Group D,Controlling Blood Pressure,2026-02-01,0,Valid
1997,SYN01348,North,Provider Group B,Colorectal Cancer Screening,2026-02-01,0,Valid
1998,SYN01348,North,Provider Group B,Controlling Blood Pressure,2026-02-01,0,Valid
1999,SYN01356,West,Provider Group C,Colorectal Cancer Screening,2026-02-01,0,Valid
2000,SYN01356,West,Provider Group C,Diabetes Care,2026-02-01,0,Valid
2001,SYN01357,West,Provider Group D,Breast Cancer Screening,2026-02-01,0,Valid
2002,SYN01362,South,Provider Group E,Breast Cancer Screening,2026-02-01,0,Valid
2003,SYN01362,South,Provider Group E,Colorectal Cancer Screening,2026-02-01,0,Valid
2004,SYN01362,South,Provider Group E,Follow-Up After Hospitalization,2026-02-01,0,Valid
2005,SYN01370,North,Provider Group B,Controlling Blood Pressure,2026-02-01,0,Valid
2006,SYN01370,North,Provider Group B,Diabetes Care,2026-02-01,0,Valid
2007,SYN01376,West,Provider Group A,Controlling Blood Pressure,2026-02-01,0,Valid
2008,SYN01376,West,Provider Group A,Follow-Up After Hospitalization,2026-02-01,0,Valid
2009,SYN01376,West,Provider Group A,Medication Adherence,2026-02-01,0,Valid
2010,SYN01385,South,Provider Group E,Medication Adherence,2026-02-01,0,Valid
2011,SYN01388,North,Provider Group D,Medication Adherence,2026-02-01,0,Valid
2012,SYN01390,South,Provider Group D,Breast Cancer Screening,2026-02-01,0,Valid
2013,SYN01390,South,Provider Group D,Diabetes Care,2026-02-01,0,Valid
2014,SYN01390,South,Provider Group D,Medication Adherence,2026-02-01,0,Valid
2015,SYN01392,West,Provider Group D,Controlling Blood Pressure,2026-02-01,0,Valid
2016,SYN01392,West,Provider Group D,Diabetes Care,2026-02-01,0,Valid
2017,SYN01393,West,Provider Group C,Diabetes Care,2026-02-01,0,Valid
2018,SYN01402,East,Provider Group A,Controlling Blood Pressure,2026-02-01,0,Valid
2019,SYN01402,East,Provider Group A,Diabetes Care,2026-02-01,0,Valid
2020,SYN01410,North,Provider Group C,Colorectal Cancer Screening,2026-02-01,0,Valid
2021,SYN01410,North,Provider Group C,Controlling Blood Pressure,2026-02-01,0,Valid
2022,SYN01410,North,Provider Group C,Diabetes Care,2026-02-01,0,Valid
2023,SYN01410,North,Provider Group C,Follow-Up After Hospitalization,2026-02-01,0,Valid
2024,SYN01410,North,Provider Group C,Medication Adherence,2026-02-01,0,Valid
2025,SYN01411,South,Provider Group E,Colorectal Cancer Screening,2026-02-01,0,Valid
2026,SYN01411,South,Provider Group E,Medication Adherence,2026-02-01,0,Valid
2027,SYN01420,South,Provider Group D,Colorectal Cancer Screening,2026-02-01,0,Valid
2028,SYN01425,West,Provider Group B,Colorectal Cancer Screening,2026-02-01,0,Valid
2029,SYN01425,West,Provider Group B,Diabetes Care,2026-02-01,0,Valid
2030,SYN01425,West,Provider Group B,Medication Adherence,2026-02-01,0,Valid
2031,SYN01429,South,Provider Group C,Breast Cancer Screening,2026-02-01,0,Valid
2032,SYN01429,South,Provider Group C,Colorectal Cancer Screening,2026-02-01,0,Valid
2033,SYN01429,South,Provider Group C,Diabetes Care,2026-02-01,0,Valid
2034,SYN01429,South,Provider Group C,Medication Adherence,2026-02-01,0,Valid
2035,SYN01431,North,Provider Group A,Medication Adherence,2026-02-01,0,Valid
2036,SYN01443,South,Provider Group B,Colorectal Cancer Screening,2026-02-01,0,Valid
2037,SYN01443,South,Provider Group B,Medication Adherence,2026-02-01,0,Valid
2038,SYN01447,East,Provider Group E,Colorectal Cancer Screening,2026-02-01,0,Valid
2039,SYN01455,East,Provider Group B,Breast Cancer Screening,2026-02-01,0,Valid
2040,SYN01455,East,Provider Group B,Colorectal Cancer Screening,2026-02-01,0,Valid
2041,SYN01455,East,Provider Group B,Controlling Blood Pressure,2026-02-01,0,Valid
2042,SYN01455,East,Provider Group B,Diabetes Care,2026-02-01,0,Valid
2043,SYN01470,South,Provider Group E,Colorectal Cancer Screening,2026-02-01,0,Valid
2044,SYN01470,South,Provider Group E,Controlling Blood Pressure,2026-02-01,0,Valid
2045,SYN01470,South,Provider Group E,Medication Adherence,2026-02-01,0,Valid
2046,SYN01478,South,Provider Group D,Colorectal Cancer Screening,2026-02-01,0,Valid
2047,SYN01480,West,Provider Group B,Breast Cancer Screening,2026-02-01,0,Valid
2048,SYN01480,West,Provider Group B,Colorectal Cancer Screening,2026-02-01,0,Valid
2049,SYN01480,West,Provider Group B,Controlling Blood Pressure,2026-02-01,0,Valid
2050,SYN01480,West,Provider Group B,Follow-Up After Hospitalization,2026-02-01,0,Valid
2051,SYN01488,East,Provider Group B,Breast Cancer Screening,2026-02-01,0,Valid
2052,SYN01488,East,Provider Group B,Colorectal Cancer Screening,2026-02-01,0,Valid
2053,SYN01490,East,Provider Group A,Breast Cancer Screening,2026-02-01,0,Valid
2054,SYN01490,East,Provider Group A,Controlling Blood Pressure,2026-02-01,0,Valid
2055,SYN01490,East,Provider Group A,Medication Adherence,2026-02-01,0,Valid
2056,SYN01499,East,Provider Group E,Medication Adherence,2026-02-01,0,Valid
2057,SYN01503,North,Provider Group D,Breast Cancer Screening,2026-02-01,0,Valid
2058,SYN01503,North,Provider Group D,Colorectal Cancer Screening,2026-02-01,0,Valid
2059,SYN01503,North,Provider Group D,Controlling Blood Pressure,2026-02-01,0,Valid
2060,SYN01503,North,Provider Group D,Follow-Up After Hospitalization,2026-02-01,0,Valid
2061,SYN01506,South,Provider Group C,Medication Adherence,2026-02-01,0,Valid
2062,SYN01508,South,Provider Group B,Breast Cancer Screening,2026-02-01,0,Valid
2063,SYN01508,South,Provider Group B,Controlling Blood Pressure,2026-02-01,0,Valid
2064,SYN01508,South,Provider Group B,Follow-Up After Hospitalization,2026-02-01,0,Valid
2065,SYN01508,South,Provider Group B,Medication Adherence,2026-02-01,0,Valid
2066,SYN01518,East,Provider Group A,Breast Cancer Screening,2026-02-01,0,Valid
2067,SYN01518,East,Provider Group A,Colorectal Cancer Screening,2026-02-01,0,Valid
2068,SYN01518,East,Provider Group A,Diabetes Care,2026-02-01,0,Valid
2069,SYN01523,West,Provider Group B,Diabetes Care,2026-02-01,0,Valid
2070,SYN01542,East,Provider Group A,Colorectal Cancer Screening,2026-02-01,0,Valid
2071,SYN01542,East,Provider Group A,Diabetes Care,2026-02-01,0,Valid
2072,SYN01542,East,Provider Group A,Medication Adherence,2026-02-01,0,Valid
2073,SYN01545,South,Provider Group B,Breast Cancer Screening,2026-02-01,0,Valid
2074,SYN01545,South,Provider Group B,Controlling Blood Pressure,2026-02-01,0,Valid
2075,SYN01545,South,Provider Group B,Diabetes Care,2026-02-01,0,Valid
2076,SYN01545,South,Provider Group B,Follow-Up After Hospitalization,2026-02-01,0,Valid
2077,SYN01548,South,Provider Group B,Colorectal Cancer Screening,2026-02-01,0,Valid
2078,SYN01548,South,Provider Group B,Controlling Blood Pressure,2026-02-01,0,Valid
2079,SYN01548,South,Provider Group B,Follow-Up After Hospitalization,2026-02-01,0,Valid
2080,SYN01548,South,Provider Group B,Medication Adherence,2026-02-01,0,Valid
2081,SYN01550,South,Provider Group B,Controlling Blood Pressure,2026-02-01,0,Valid
2082,SYN01550,South,Provider Group B,Diabetes Care,2026-02-01,0,Valid
2083,SYN01550,South,Provider Group B,Medication Adherence,2026-02-01,0,Valid
2084,SYN01553,West,Provider Group B,Colorectal Cancer Screening,2026-02-01,0,Valid
2085,SYN01553,West,Provider Group B,Medication Adherence,2026-02-01,0,Valid
2086,SYN01554,South,Provider Group E,Breast Cancer Screening,2026-02-01,0,Valid
2087,SYN01554,South,Provider Group E,Diabetes Care,2026-02-01,0,Valid
2088,SYN01554,South,Provider Group E,Follow-Up After Hospitalization,2026-02-01,0,Valid
2089,SYN01554,South,Provider Group E,Medication Adherence,2026-02-01,0,Valid
2090,SYN01565,North,Provider Group D,Diabetes Care,2026-02-01,0,Valid
2091,SYN01565,North,Provider Group D,Medication Adherence,2026-02-01,0,Valid
2092,SYN01575,West,Provider Group D,Colorectal Cancer Screening,2026-02-01,0,Valid
2093,SYN01575,West,Provider Group D,Diabetes Care,2026-02-01,0,Valid
2094,SYN01575,West,Provider Group D,Follow-Up After Hospitalization,2026-02-01,0,Valid
2095,SYN01575,West,Provider Group D,Medication Adherence,2026-02-01,0,Valid
2096,SYN01579,North,Provider Group E,Breast Cancer Screening,2026-02-01,0,Valid
2097,SYN01579,North,Provider Group E,Controlling Blood Pressure,2026-02-01,0,Valid
2098,SYN01582,West,Provider Group A,Colorectal Cancer Screening,2026-02-01,0,Valid
2099,SYN01582,West,Provider Group A,Controlling Blood Pressure,2026-02-01,0,Valid
2100,SYN01582,West,Provider Group A,Follow-Up After Hospitalization,2026-02-01,0,Valid
2101,SYN01583,West,Provider Group A,Breast Cancer Screening,2026-02-01,0,Valid
2102,SYN01591,North,Provider Group A,Breast Cancer Screening,2026-02-01,0,Valid
2103,SYN01591,North,Provider Group A,Colorectal Cancer Screening,2026-02-01,0,Valid
2104,SYN01592,South,Provider Group B,Colorectal Cancer Screening,2026-02-01,0,Valid
2105,SYN01592,South,Provider Group B,Follow-Up After Hospitalization,2026-02-01,0,Valid
2106,SYN01592,South,Provider Group B,Medication Adherence,2026-02-01,0,Valid
2107,SYN01593,South,Provider Group D,Colorectal Cancer Screening,2026-02-01,0,Valid
2108,SYN01617,East,Provider Group D,Colorectal Cancer Screening,2026-02-01,0,Valid
2109,SYN01617,East,Provider Group D,Controlling Blood Pressure,2026-02-01,0,Valid
2110,SYN01617,East,Provider Group D,Follow-Up After Hospitalization,2026-02-01,0,Valid
2111,SYN01617,East,Provider Group D,Medication Adherence,2026-02-01,0,Valid
2112,SYN01618,West,Provider Group E,Colorectal Cancer Screening,2026-02-01,0,Valid
2113,SYN01618,West,Provider Group E,Controlling Blood Pressure,2026-02-01,0,Valid
2114,SYN01629,South,Provider Group A,Breast Cancer Screening,2026-02-01,0,Valid
2115,SYN01629,South,Provider Group A,Colorectal Cancer Screening,2026-02-01,0,Valid
2116,SYN01629,South,Provider Group A,Follow-Up After Hospitalization,2026-02-01,0,Valid
2117,SYN01633,East,Provider Group E,Controlling Blood Pressure,2026-02-01,0,Valid
2118,SYN01641,West,Provider Group E,Medication Adherence,2026-02-01,0,Valid
2119,SYN01646,North,Provider Group B,Colorectal Cancer Screening,2026-02-01,0,Valid
2120,SYN01646,North,Provider Group B,Medication Adherence,2026-02-01,0,Valid
2121,SYN01651,East,Provider Group E,Breast Cancer Screening,2026-02-01,0,Valid
2122,SYN01651,East,Provider Group E,Follow-Up After Hospitalization,2026-02-01,0,Valid
2123,SYN01651,East,Provider Group E,Medication Adherence,2026-02-01,0,Valid
2124,SYN01655,South,Provider Group A,Colorectal Cancer Screening,2026-02-01,0,Valid
2125,SYN01655,South,Provider Group A,Medication Adherence,2026-02-01,0,Valid
2126,SYN01656,East,Provider Group C,Breast Cancer Screening,2026-02-01,0,Valid
2127,SYN01656,East,Provider Group C,Colorectal Cancer Screening,2026-02-01,0,Valid
2128,SYN01656,East,Provider Group C,Diabetes Care,2026-02-01,0,Valid
2129,SYN01656,East,Provider Group C,Medication Adherence,2026-02-01,0,Valid
2130,SYN01657,West,Provider Group A,Colorectal Cancer Screening,2026-02-01,0,Valid
2131,SYN01657,West,Provider Group A,Diabetes Care,2026-02-01,0,Valid
2132,SYN01657,West,Provider Group A,Follow-Up After Hospitalization,2026-02-01,0,Valid
2133,SYN01657,West,Provider Group A,Medication Adherence,2026-02-01,0,Valid
2134,SYN01661,East,Provider Group B,Controlling Blood Pressure,2026-02-01,0,Valid
2135,SYN01661,East,Provider Group B,Medication Adherence,2026-02-01,0,Valid
2136,SYN01666,North,Provider Group E,Controlling Blood Pressure,2026-02-01,0,Valid
2137,SYN01666,North,Provider Group E,Medication Adherence,2026-02-01,0,Valid
2138,SYN01672,West,Provider Group A,Controlling Blood Pressure,2026-02-01,0,Valid
2139,SYN01674,West,Provider Group C,Breast Cancer Screening,2026-02-01,0,Valid
2140,SYN01674,West,Provider Group C,Colorectal Cancer Screening,2026-02-01,0,Valid
2141,SYN01674,West,Provider Group C,Controlling Blood Pressure,2026-02-01,0,Valid
2142,SYN01674,West,Provider Group C,Diabetes Care,2026-02-01,0,Valid
2143,SYN01678,East,Provider Group A,Controlling Blood Pressure,2026-02-01,0,Valid
2144,SYN01694,East,Provider Group A,Colorectal Cancer Screening,2026-02-01,0,Valid
2145,SYN01694,East,Provider Group A,Diabetes Care,2026-02-01,0,Valid
2146,SYN01694,East,Provider Group A,Medication Adherence,2026-02-01,0,Valid
2147,SYN01699,South,Provider Group A,Controlling Blood Pressure,2026-02-01,0,Valid
2148,SYN01699,South,Provider Group A,Diabetes Care,2026-02-01,0,Valid
2149,SYN01703,North,Provider Group E,Breast Cancer Screening,2026-02-01,0,Valid
2150,SYN01703,North,Provider Group E,Medication Adherence,2026-02-01,0,Valid
2151,SYN01706,East,Provider Group E,Breast Cancer Screening,2026-02-01,0,Valid
2152,SYN01706,East,Provider Group E,Controlling Blood Pressure,2026-02-01,0,Valid
2153,SYN01706,East,Provider Group E,Diabetes Care,2026-02-01,0,Valid
2154,SYN01706,East,Provider Group E,Medication Adherence,2026-02-01,0,Valid
2155,SYN01708,North,Provider Group B,Diabetes Care,2026-02-01,0,Valid
2156,SYN01726,West,Provider Group C,Breast Cancer Screening,2026-02-01,0,Valid
2157,SYN01726,West,Provider Group C,Medication Adherence,2026-02-01,0,Valid
2158,SYN01735,East,Provider Group B,Breast Cancer Screening,2026-02-01,0,Valid
2159,SYN01735,East,Provider Group B,Colorectal Cancer Screening,2026-02-01,0,Valid
2160,SYN01735,East,Provider Group B,Controlling Blood Pressure,2026-02-01,0,Valid
2161,SYN01735,East,Provider Group B,Diabetes Care,2026-02-01,0,Valid
2162,SYN01735,East,Provider Group B,Follow-Up After Hospitalization,2026-02-01,0,Valid
2163,SYN01744,East,Provider Group D,Breast Cancer Screening,2026-02-01,0,Valid
2164,SYN01744,East,Provider Group D,Controlling Blood Pressure,2026-02-01,0,Valid
2165,SYN01744,East,Provider Group D,Medication Adherence,2026-02-01,0,Valid
2166,SYN01746,East,Provider Group D,Colorectal Cancer Screening,2026-02-01,0,Valid
2167,SYN01752,South,Provider Group C,Breast Cancer Screening,2026-02-01,0,Valid
2168,SYN01752,South,Provider Group C,Colorectal Cancer Screening,2026-02-01,0,Valid
2169,SYN01752,South,Provider Group C,Controlling Blood Pressure,2026-02-01,0,Valid
2170,SYN01752,South,Provider Group C,Medication Adherence,2026-02-01,0,Valid
2171,SYN01757,North,Provider Group E,Breast Cancer Screening,2026-02-01,0,Valid
2172,SYN01757,North,Provider Group E,Controlling Blood Pressure,2026-02-01,0,Valid
2173,SYN01757,North,Provider Group E,Medication Adherence,2026-02-01,0,Valid
2174,SYN01764,East,Provider Group A,Colorectal Cancer Screening,2026-02-01,0,Valid
2175,SYN01764,East,Provider Group A,Controlling Blood Pressure,2026-02-01,0,Valid
2176,SYN01764,East,Provider Group A,Follow-Up After Hospitalization,2026-02-01,0,Valid
2177,SYN01772,North,Provider Group C,Breast Cancer Screening,2026-02-01,0,Valid
2178,SYN01772,North,Provider Group C,Controlling Blood Pressure,2026-02-01,0,Valid
2179,SYN01772,North,Provider Group C,Follow-Up After Hospitalization,2026-02-01,0,Valid
2180,SYN01783,North,Provider Group A,Colorectal Cancer Screening,2026-02-01,0,Valid
2181,SYN01783,North,Provider Group A,Controlling Blood Pressure,2026-02-01,0,Valid
2182,SYN01783,North,Provider Group A,Diabetes Care,2026-02-01,0,Valid
2183,SYN01783,North,Provider Group A,Follow-Up After Hospitalization,2026-02-01,0,Valid
2184,SYN01790,South,Provider Group C,Colorectal Cancer Screening,2026-02-01,0,Valid
2185,SYN01790,South,Provider Group C,Controlling Blood Pressure,2026-02-01,0,Valid
2186,SYN01790,South,Provider Group C,Follow-Up After Hospitalization,2026-02-01,0,Valid
2187,SYN01814,South,Provider Group A,Breast Cancer Screening,2026-02-01,0,Valid
2188,SYN01814,South,Provider Group A,Colorectal Cancer Screening,2026-02-01,0,Valid
2189,SYN01814,South,Provider Group A,Controlling Blood Pressure,2026-02-01,0,Valid
2190,SYN01814,South,Provider Group A,Follow-Up After Hospitalization,2026-02-01,0,Valid
2191,SYN01824,South,Provider Group E,Colorectal Cancer Screening,2026-02-01,0,Valid
2192,SYN01824,South,Provider Group E,Controlling Blood Pressure,2026-02-01,0,Valid
2193,SYN01824,South,Provider Group E,Diabetes Care,2026-02-01,0,Valid
2194,SYN01828,South,Provider Group B,Colorectal Cancer Screening,2026-02-01,0,Valid
2195,SYN01828,South,Provider Group B,Diabetes Care,2026-02-01,0,Valid
2196,SYN01828,South,Provider Group B,Follow-Up After Hospitalization,2026-02-01,0,Valid
2197,SYN01842,South,Provider Group B,Breast Cancer Screening,2026-02-01,0,Valid
2198,SYN01842,South,Provider Group B,Colorectal Cancer Screening,2026-02-01,0,Valid
2199,SYN01843,East,Provider Group B,Controlling Blood Pressure,2026-02-01,0,Valid
2200,SYN01861,West,Provider Group B,Controlling Blood Pressure,2026-02-01,0,Valid
2201,SYN01866,North,Provider Group D,Colorectal Cancer Screening,2026-02-01,0,Valid
2202,SYN01866,North,Provider Group D,Controlling Blood Pressure,2026-02-01,0,Valid
2203,SYN01866,North,Provider Group D,Diabetes Care,2026-02-01,0,Valid
2204,SYN01866,North,Provider Group D,Medication Adherence,2026-02-01,0,Valid
2205,SYN01868,South,Provider Group D,Breast Cancer Screening,2026-02-01,0,Valid
2206,SYN01868,South,Provider Group D,Colorectal Cancer Screening,2026-02-01,0,Valid
2207,SYN01868,South,Provider Group D,Controlling Blood Pressure,2026-02-01,0,Valid
2208,SYN01868,South,Provider Group D,Follow-Up After Hospitalization,2026-02-01,0,Valid
2209,SYN01880,South,Provider Group D,Breast Cancer Screening,2026-02-01,0,Valid
2210,SYN01880,South,Provider Group D,Controlling Blood Pressure,2026-02-01,0,Valid
2211,SYN01880,South,Provider Group D,Medication Adherence,2026-02-01,0,Valid
2212,SYN01882,West,Provider Group A,Controlling Blood Pressure,2026-02-01,0,Valid
2213,SYN01882,West,Provider Group A,Follow-Up After Hospitalization,2026-02-01,0,Valid
2214,SYN01882,West,Provider Group A,Medication Adherence,2026-02-01,0,Valid
2215,SYN01889,South,Provider Group B,Breast Cancer Screening,2026-02-01,0,Valid
2216,SYN01889,South,Provider Group B,Medication Adherence,2026-02-01,0,Valid
2217,SYN01894,West,Provider Group B,Medication Adherence,2026-02-01,0,Valid
2218,SYN01895,North,Provider Group A,Breast Cancer Screening,2026-02-01,0,Valid
2219,SYN01895,North,Provider Group A,Colorectal Cancer Screening,2026-02-01,0,Valid
2220,SYN01895,North,Provider Group A,Diabetes Care,2026-02-01,0,Valid
2221,SYN01909,West,Provider Group B,Colorectal Cancer Screening,2026-02-01,0,Valid
2222,SYN01909,West,Provider Group B,Diabetes Care,2026-02-01,0,Valid
2223,SYN01909,West,Provider Group B,Follow-Up After Hospitalization,2026-02-01,0,Valid
2224,SYN01911,North,Provider Group D,Breast Cancer Screening,2026-02-01,0,Valid
2225,SYN01911,North,Provider Group D,Colorectal Cancer Screening,2026-02-01,0,Valid
2226,SYN01911,North,Provider Group D,Controlling Blood Pressure,2026-02-01,0,Valid
2227,SYN01911,North,Provider Group D,Diabetes Care,2026-02-01,0,Valid
2228,SYN01925,South,Provider Group A,Colorectal Cancer Screening,2026-02-01,0,Valid
2229,SYN01925,South,Provider Group A,Follow-Up After Hospitalization,2026-02-01,0,Valid
2230,SYN01925,South,Provider Group A,Medication Adherence,2026-02-01,0,Valid
2231,SYN01926,East,Provider Group D,Breast Cancer Screening,2026-02-01,0,Valid
2232,SYN01926,East,Provider Group D,Colorectal Cancer Screening,2026-02-01,0,Valid
2233,SYN01931,South,Provider Group A,Colorectal Cancer Screening,2026-02-01,0,Valid
2234,SYN01931,South,Provider Group A,Controlling Blood Pressure,2026-02-01,0,Valid
2235,SYN01936,East,Provider Group A,Breast Cancer Screening,2026-02-01,0,Valid
2236,SYN01936,East,Provider Group A,Diabetes Care,2026-02-01,0,Valid
2237,SYN01936,East,Provider Group A,Follow-Up After Hospitalization,2026-02-01,0,Valid
2238,SYN01942,North,Provider Group B,Diabetes Care,2026-02-01,0,Valid
2239,SYN01949,East,Provider Group E,Colorectal Cancer Screening,2026-02-01,0,Valid
2240,SYN01949,East,Provider Group E,Controlling Blood Pressure,2026-02-01,0,Valid
2241,SYN01949,East,Provider Group E,Medication Adherence,2026-02-01,0,Valid
2242,SYN01956,East,Provider Group D,Diabetes Care,2026-02-01,0,Valid
2243,SYN01956,East,Provider Group D,Follow-Up After Hospitalization,2026-02-01,0,Valid
2244,SYN01958,North,Provider Group B,Breast Cancer Screening,2026-02-01,0,Valid
2245,SYN01958,North,Provider Group B,Controlling Blood Pressure,2026-02-01,0,Valid
2246,SYN01958,North,Provider Group B,Diabetes Care,2026-02-01,0,Valid
2247,SYN01958,North,Provider Group B,Medication Adherence,2026-02-01,0,Valid
2248,SYN01967,East,Provider Group A,Colorectal Cancer Screening,2026-02-01,0,Valid
2249,SYN01967,East,Provider Group A,Diabetes Care,2026-02-01,0,Valid
2250,SYN01974,West,Provider Group B,Diabetes Care,2026-02-01,0,Valid
2251,SYN01977,East,Provider Group B,Colorectal Cancer Screening,2026-02-01,0,Valid
2252,SYN01981,North,Provider Group A,Breast Cancer Screening,2026-02-01,0,Valid
2253,SYN01981,North,Provider Group A,Colorectal Cancer Screening,2026-02-01,0,Valid
2254,SYN01981,North,Provider Group A,Controlling Blood Pressure,2026-02-01,0,Valid
2255,SYN01981,North,Provider Group A,Medication Adherence,2026-02-01,0,Valid
2256,SYN01994,West,Provider Group E,Colorectal Cancer Screening,2026-02-01,0,Valid
2257,SYN01994,West,Provider Group E,Controlling Blood Pressure,2026-02-01,0,Valid
2258,SYN01994,West,Provider Group E,Diabetes Care,2026-02-01,0,Valid
2259,SYN02005,North,Provider Group E,Diabetes Care,2026-02-01,0,Valid
2260,SYN02005,North,Provider Group E,Follow-Up After Hospitalization,2026-02-01,0,Valid
2261,SYN02005,North,Provider Group E,Medication Adherence,2026-02-01,0,Valid
2262,SYN02025,East,Provider Group E,Controlling Blood Pressure,2026-02-01,0,Valid
2263,SYN02025,East,Provider Group E,Diabetes Care,2026-02-01,0,Valid
2264,SYN02025,East,Provider Group E,Medication Adherence,2026-02-01,0,Valid
2265,SYN02031,North,Provider Group B,Breast Cancer Screening,2026-02-01,0,Valid
2266,SYN02035,West,Provider Group B,Breast Cancer Screening,2026-02-01,0,Valid
2267,SYN02035,West,Provider Group B,Colorectal Cancer Screening,2026-02-01,0,Valid
2268,SYN02035,West,Provider Group B,Follow-Up After Hospitalization,2026-02-01,0,Valid
2269,SYN02035,West,Provider Group B,Medication Adherence,2026-02-01,0,Valid
2270,SYN02042,South,Provider Group B,Colorectal Cancer Screening,2026-02-01,0,Valid
2271,SYN02042,South,Provider Group B,Medication Adherence,2026-02-01,0,Valid
2272,SYN02045,North,Provider Group A,Breast Cancer Screening,2026-02-01,0,Valid
2273,SYN02045,North,Provider Group A,Controlling Blood Pressure,2026-02-01,0,Valid
2274,SYN02046,North,Provider Group A,Controlling Blood Pressure,2026-02-01,0,Valid
2275,SYN02047,North,Provider Group A,Colorectal Cancer Screening,2026-02-01,0,Valid
2276,SYN02047,North,Provider Group A,Controlling Blood Pressure,2026-02-01,0,Valid
2277,SYN02047,North,Provider Group A,Medication Adherence,2026-02-01,0,Valid
2278,SYN02051,East,Provider Group C,Breast Cancer Screening,2026-02-01,0,Valid
2279,SYN02051,East,Provider Group C,Colorectal Cancer Screening,2026-02-01,0,Valid
2280,SYN02051,East,Provider Group C,Controlling Blood Pressure,2026-02-01,0,Valid
2281,SYN02051,East,Provider Group C,Medication Adherence,2026-02-01,0,Valid
2282,SYN02052,North,Provider Group A,Colorectal Cancer Screening,2026-02-01,0,Valid
2283,SYN02055,West,Provider Group D,Controlling Blood Pressure,2026-02-01,0,Valid
2284,SYN02055,West,Provider Group D,Diabetes Care,2026-02-01,0,Valid
2285,SYN02056,North,Provider Group C,Colorectal Cancer Screening,2026-02-01,0,Valid
2286,SYN02056,North,Provider Group C,Diabetes Care,2026-02-01,0,Valid
2287,SYN02066,West,Provider Group B,Diabetes Care,2026-02-01,0,Valid
2288,SYN02066,West,Provider Group B,Medication Adherence,2026-02-01,0,Valid
2289,SYN02068,West,Provider Group A,Breast Cancer Screening,2026-02-01,0,Valid
2290,SYN02068,West,Provider Group A,Diabetes Care,2026-02-01,0,Valid
2291,SYN02068,West,Provider Group A,Follow-Up After Hospitalization,2026-02-01,0,Valid
2292,SYN02068,West,Provider Group A,Medication Adherence,2026-02-01,0,Valid
2293,SYN02074,West,Provider Group A,Medication Adherence,2026-02-01,0,Valid
2294,SYN02085,South,Provider Group B,Breast Cancer Screening,2026-02-01,0,Valid
2295,SYN02085,South,Provider Group B,Colorectal Cancer Screening,2026-02-01,0,Valid
2296,SYN02085,South,Provider Group B,Controlling Blood Pressure,2026-02-01,0,Valid
2297,SYN02085,South,Provider Group B,Medication Adherence,2026-02-01,0,Valid
2298,SYN02089,North,Provider Group A,Breast Cancer Screening,2026-02-01,0,Valid
2299,SYN02089,North,Provider Group A,Colorectal Cancer Screening,2026-02-01,0,Valid
2300,SYN02089,North,Provider Group A,Medication Adherence,2026-02-01,0,Valid
2301,SYN02092,North,Provider Group B,Controlling Blood Pressure,2026-02-01,0,Valid
2302,SYN02092,North,Provider Group B,Diabetes Care,2026-02-01,0,Valid
2303,SYN02093,East,Provider Group C,Colorectal Cancer Screening,2026-02-01,0,Valid
2304,SYN02105,North,Provider Group E,Breast Cancer Screening,2026-02-01,0,Valid
2305,SYN02105,North,Provider Group E,Controlling Blood Pressure,2026-02-01,0,Valid
2306,SYN02105,North,Provider Group E,Diabetes Care,2026-02-01,0,Valid
2307,SYN02105,North,Provider Group E,Follow-Up After Hospitalization,2026-02-01,0,Valid
2308,SYN02105,North,Provider Group E,Medication Adherence,2026-02-01,0,Valid
2309,SYN02106,North,Provider Group B,Controlling Blood Pressure,2026-02-01,0,Valid
2310,SYN02106,North,Provider Group B,Medication Adherence,2026-02-01,0,Valid
2311,SYN02107,South,Provider Group A,Diabetes Care,2026-02-01,0,Valid
2312,SYN02113,South,Provider Group D,Colorectal Cancer Screening,2026-02-01,0,Valid
2313,SYN02113,South,Provider Group D,Controlling Blood Pressure,2026-02-01,0,Valid
2314,SYN02118,North,Provider Group C,Colorectal Cancer Screening,2026-02-01,0,Valid
2315,SYN02118,North,Provider Group C,Controlling Blood Pressure,2026-02-01,0,Valid
2316,SYN02118,North,Provider Group C,Diabetes Care,2026-02-01,0,Valid
2317,SYN02118,North,Provider Group C,Medication Adherence,2026-02-01,0,Valid
2318,SYN02126,East,Provider Group D,Colorectal Cancer Screening,2026-02-01,0,Valid
2319,SYN02126,East,Provider Group D,Medication Adherence,2026-02-01,0,Valid
2320,SYN02127,North,Provider Group E,Breast Cancer Screening,2026-02-01,0,Valid
2321,SYN02127,North,Provider Group E,Controlling Blood Pressure,2026-02-01,0,Valid
2322,SYN02128,South,Provider Group C,Breast Cancer Screening,2026-02-01,0,Valid
2323,SYN02128,South,Provider Group C,Controlling Blood Pressure,2026-02-01,0,Valid
2324,SYN02128,South,Provider Group C,Diabetes Care,2026-02-01,0,Valid
2325,SYN02140,South,Provider Group B,Diabetes Care,2026-02-01,0,Valid
2326,SYN02140,South,Provider Group B,Medication Adherence,2026-02-01,0,Valid
2327,SYN02147,East,Provider Group B,Breast Cancer Screening,2026-02-01,0,Valid
2328,SYN02147,East,Provider Group B,Controlling Blood Pressure,2026-02-01,0,Valid
2329,SYN02147,East,Provider Group B,Follow-Up After Hospitalization,2026-02-01,0,Valid
2330,SYN02147,East,Provider Group B,Medication Adherence,2026-02-01,0,Valid
2331,SYN02153,East,Provider Group B,Controlling Blood Pressure,2026-02-01,0,Valid
2332,SYN02153,East,Provider Group B,Diabetes Care,2026-02-01,0,Valid
2333,SYN02156,West,Provider Group C,Breast Cancer Screening,2026-02-01,0,Valid
2334,SYN02156,West,Provider Group C,Controlling Blood Pressure,2026-02-01,0,Valid
2335,SYN02156,West,Provider Group C,Follow-Up After Hospitalization,2026-02-01,0,Valid
2336,SYN02156,West,Provider Group C,Medication Adherence,2026-02-01,0,Valid
2337,SYN02168,North,Provider Group A,Colorectal Cancer Screening,2026-02-01,0,Valid
2338,SYN02168,North,Provider Group A,Diabetes Care,2026-02-01,0,Valid
2339,SYN02168,North,Provider Group A,Medication Adherence,2026-02-01,0,Valid
2340,SYN02173,South,Provider Group C,Colorectal Cancer Screening,2026-02-01,0,Valid
2341,SYN02173,South,Provider Group C,Controlling Blood Pressure,2026-02-01,0,Valid
2342,SYN02174,North,Provider Group C,Breast Cancer Screening,2026-02-01,0,Valid
2343,SYN02174,North,Provider Group C,Colorectal Cancer Screening,2026-02-01,0,Valid
2344,SYN02174,North,Provider Group C,Diabetes Care,2026-02-01,0,Valid
2345,SYN02174,North,Provider Group C,Follow-Up After Hospitalization,2026-02-01,0,Valid
2346,SYN02177,South,Provider Group C,Diabetes Care,2026-02-01,0,Valid
2347,SYN02177,South,Provider Group C,Medication Adherence,2026-02-01,0,Valid
2348,SYN02178,East,Provider Group D,Colorectal Cancer Screening,2026-02-01,0,Valid
2349,SYN02178,East,Provider Group D,Controlling Blood Pressure,2026-02-01,0,Valid
2350,SYN02179,South,Provider Group E,Colorectal Cancer Screening,2026-02-01,0,Valid
2351,SYN02179,South,Provider Group E,Controlling Blood Pressure,2026-02-01,0,Valid
2352,SYN02179,South,Provider Group E,Medication Adherence,2026-02-01,0,Valid
2353,SYN02189,South,Provider Group D,Colorectal Cancer Screening,2026-02-01,0,Valid
2354,SYN02189,South,Provider Group D,Controlling Blood Pressure,2026-02-01,0,Valid
2355,SYN02189,South,Provider Group D,Medication Adherence,2026-02-01,0,Valid
2356,SYN02191,South,Provider Group C,Colorectal Cancer Screening,2026-02-01,0,Valid
2357,SYN02191,South,Provider Group C,Controlling Blood Pressure,2026-02-01,0,Valid
2358,SYN02202,South,Provider Group C,Breast Cancer Screening,2026-02-01,0,Valid
2359,SYN02202,South,Provider Group C,Diabetes Care,2026-02-01,0,Valid
2360,SYN02202,South,Provider Group C,Medication Adherence,2026-02-01,0,Valid
2361,SYN02218,East,Provider Group E,Colorectal Cancer Screening,2026-02-01,0,Valid
2362,SYN02218,East,Provider Group E,Controlling Blood Pressure,2026-02-01,0,Valid
2363,SYN02218,East,Provider Group E,Diabetes Care,2026-02-01,0,Valid
2364,SYN02218,East,Provider Group E,Follow-Up After Hospitalization,2026-02-01,0,Valid
2365,SYN02227,West,Provider Group B,Colorectal Cancer Screening,2026-02-01,0,Valid
2366,SYN02227,West,Provider Group B,Controlling Blood Pressure,2026-02-01,0,Valid
2367,SYN02232,South,Provider Group E,Controlling Blood Pressure,2026-02-01,0,Valid
2368,SYN02234,South,Provider Group E,Diabetes Care,2026-02-01,0,Valid
2369,SYN02237,East,Provider Group C,Breast Cancer Screening,2026-02-01,0,Valid
2370,SYN02237,East,Provider Group C,Colorectal Cancer Screening,2026-02-01,0,Valid
2371,SYN02237,East,Provider Group C,Controlling Blood Pressure,2026-02-01,0,Valid
2372,SYN02240,South,Provider Group E,Colorectal Cancer Screening,2026-02-01,0,Valid
2373,SYN02240,South,Provider Group E,Controlling Blood Pressure,2026-02-01,0,Valid
2374,SYN02240,South,Provider Group E,Diabetes Care,2026-02-01,0,Valid
2375,SYN02244,West,Provider Group B,Controlling Blood Pressure,2026-02-01,0,Valid
2376,SYN02244,West,Provider Group B,Diabetes Care,2026-02-01,0,Valid
2377,SYN02253,South,Provider Group A,Colorectal Cancer Screening,2026-02-01,0,Valid
2378,SYN02253,South,Provider Group A,Controlling Blood Pressure,2026-02-01,0,Valid
2379,SYN02253,South,Provider Group A,Medication Adherence,2026-02-01,0,Valid
2380,SYN02261,West,Provider Group D,Medication Adherence,2026-02-01,0,Valid
2381,SYN02269,North,Provider Group A,Follow-Up After Hospitalization,2026-02-01,0,Valid
2382,SYN02269,North,Provider Group A,Medication Adherence,2026-02-01,0,Valid
2383,SYN02287,South,Provider Group A,Diabetes Care,2026-02-01,0,Valid
2384,SYN02287,South,Provider Group A,Medication Adherence,2026-02-01,0,Valid
2385,SYN02291,West,Provider Group A,Breast Cancer Screening,2026-02-01,0,Valid
2386,SYN02291,West,Provider Group A,Controlling Blood Pressure,2026-02-01,0,Valid
2387,SYN02291,West,Provider Group A,Diabetes Care,2026-02-01,0,Valid
2388,SYN02296,South,Provider Group B,Controlling Blood Pressure,2026-02-01,0,Valid
2389,SYN02296,South,Provider Group B,Diabetes Care,2026-02-01,0,Valid
2390,SYN02296,South,Provider Group B,Medication Adherence,2026-02-01,0,Valid
2391,SYN02303,East,Provider Group B,Breast Cancer Screening,2026-02-01,0,Valid
2392,SYN02303,East,Provider Group B,Colorectal Cancer Screening,2026-02-01,0,Valid
2393,SYN02303,East,Provider Group B,Medication Adherence,2026-02-01,0,Valid
2394,SYN02307,West,Provider Group C,Follow-Up After Hospitalization,2026-02-01,0,Valid
2395,SYN02308,South,Provider Group B,Colorectal Cancer Screening,2026-02-01,0,Valid
2396,SYN02308,South,Provider Group B,Controlling Blood Pressure,2026-02-01,0,Valid
2397,SYN02308,South,Provider Group B,Diabetes Care,2026-02-01,0,Valid
2398,SYN02325,South,Provider Group C,Breast Cancer Screening,2026-02-01,0,Valid
2399,SYN02325,South,Provider Group C,Colorectal Cancer Screening,2026-02-01,0,Valid
2400,SYN02325,South,Provider Group C,Controlling Blood Pressure,2026-02-01,0,Valid
2401,SYN02325,South,Provider Group C,Follow-Up After Hospitalization,2026-02-01,0,Valid
2402,SYN02343,South,Provider Group C,Colorectal Cancer Screening,2026-02-01,0,Valid
2403,SYN02343,South,Provider Group C,Diabetes Care,2026-02-01,0,Valid
2404,SYN02343,South,Provider Group C,Follow-Up After Hospitalization,2026-02-01,0,Valid
2405,SYN02346,North,Provider Group B,Breast Cancer Screening,2026-02-01,0,Valid
2406,SYN02346,North,Provider Group B,Colorectal Cancer Screening,2026-02-01,0,Valid
2407,SYN02346,North,Provider Group B,Controlling Blood Pressure,2026-02-01,0,Valid
2408,SYN02346,North,Provider Group B,Diabetes Care,2026-02-01,0,Valid
2409,SYN02346,North,Provider Group B,Medication Adherence,2026-02-01,0,Valid
2410,SYN02360,North,Provider Group C,Breast Cancer Screening,2026-02-01,0,Valid
2411,SYN02360,North,Provider Group C,Controlling Blood Pressure,2026-02-01,0,Valid
2412,SYN02360,North,Provider Group C,Diabetes Care,2026-02-01,0,Valid
2413,SYN02360,North,Provider Group C,Medication Adherence,2026-02-01,0,Valid
2414,SYN02362,East,Provider Group D,Colorectal Cancer Screening,2026-02-01,0,Valid
2415,SYN02362,East,Provider Group D,Follow-Up After Hospitalization,2026-02-01,0,Valid
2416,SYN02362,East,Provider Group D,Medication Adherence,2026-02-01,0,Valid
2417,SYN02375,South,Provider Group C,Breast Cancer Screening,2026-02-01,0,Valid
2418,SYN02375,South,Provider Group C,Colorectal Cancer Screening,2026-02-01,0,Valid
2419,SYN02375,South,Provider Group C,Controlling Blood Pressure,2026-02-01,0,Valid
2420,SYN02375,South,Provider Group C,Medication Adherence,2026-02-01,0,Valid
2421,SYN02377,North,Provider Group B,Breast Cancer Screening,2026-02-01,0,Valid
2422,SYN02377,North,Provider Group B,Controlling Blood Pressure,2026-02-01,0,Valid
2423,SYN02377,North,Provider Group B,Follow-Up After Hospitalization,2026-02-01,0,Valid
2424,SYN02385,West,Provider Group B,Breast Cancer Screening,2026-02-01,0,Valid
2425,SYN02385,West,Provider Group B,Controlling Blood Pressure,2026-02-01,0,Valid
2426,SYN02385,West,Provider Group B,Medication Adherence,2026-02-01,0,Valid
2427,SYN02388,East,Provider Group B,Colorectal Cancer Screening,2026-02-01,0,Valid
2428,SYN02391,West,Provider Group D,Colorectal Cancer Screening,2026-02-01,0,Valid
2429,SYN02393,East,Provider Group A,Diabetes Care,2026-02-01,0,Valid
2430,SYN02393,East,Provider Group A,Follow-Up After Hospitalization,2026-02-01,0,Valid
2431,SYN02403,South,Provider Group C,Colorectal Cancer Screening,2026-02-01,0,Valid
2432,SYN02403,South,Provider Group C,Diabetes Care,2026-02-01,0,Valid
2433,SYN02406,South,Provider Group C,Follow-Up After Hospitalization,2026-02-01,0,Valid
2434,SYN02407,South,Provider Group D,Colorectal Cancer Screening,2026-02-01,0,Valid
2435,SYN02407,South,Provider Group D,Controlling Blood Pressure,2026-02-01,0,Valid
2436,SYN02410,South,Provider Group B,Medication Adherence,2026-02-01,0,Valid
2437,SYN02424,West,Provider Group B,Controlling Blood Pressure,2026-02-01,0,Valid
2438,SYN02425,North,Provider Group B,Controlling Blood Pressure,2026-02-01,0,Valid
2439,SYN02425,North,Provider Group B,Medication Adherence,2026-02-01,0,Valid
2440,SYN02428,West,Provider Group B,Breast Cancer Screening,2026-02-01,0,Valid
2441,SYN02428,West,Provider Group B,Controlling Blood Pressure,2026-02-01,0,Valid
2442,SYN02428,West,Provider Group B,Diabetes Care,2026-02-01,0,Valid
2443,SYN02428,West,Provider Group B,Medication Adherence,2026-02-01,0,Valid
2444,SYN02431,West,Provider Group C,Follow-Up After Hospitalization,2026-02-01,0,Valid
2445,SYN02436,East,Provider Group C,Colorectal Cancer Screening,2026-02-01,0,Valid
2446,SYN02436,East,Provider Group C,Follow-Up After Hospitalization,2026-02-01,0,Valid
2447,SYN02440,South,Provider Group C,Breast Cancer Screening,2026-02-01,0,Valid
2448,SYN02440,South,Provider Group C,Follow-Up After Hospitalization,2026-02-01,0,Valid
2449,SYN02440,South,Provider Group C,Medication Adherence,2026-02-01,0,Valid
2450,SYN02442,East,Provider Group A,Diabetes Care,2026-02-01,0,Valid
2451,SYN02442,East,Provider Group A,Follow-Up After Hospitalization,2026-02-01,0,Valid
2452,SYN02449,South,Provider Group B,Controlling Blood Pressure,2026-02-01,0,Valid
2453,SYN02449,South,Provider Group B,Diabetes Care,2026-02-01,0,Valid
2454,SYN02451,West,Provider Group B,Colorectal Cancer Screening,2026-02-01,0,Valid
2455,SYN02451,West,Provider Group B,Controlling Blood Pressure,2026-02-01,0,Valid
2456,SYN02451,West,Provider Group B,Medication Adherence,2026-02-01,0,Valid
2457,SYN02474,East,Provider Group A,Breast Cancer Screening,2026-02-01,0,Valid
2458,SYN02474,East,Provider Group A,Follow-Up After Hospitalization,2026-02-01,0,Valid
2459,SYN02476,East,Provider Group D,Breast Cancer Screening,2026-02-01,0,Valid
2460,SYN02476,East,Provider Group D,Colorectal Cancer Screening,2026-02-01,0,Valid
2461,SYN02479,South,Provider Group B,Colorectal Cancer Screening,2026-02-01,0,Valid
2462,SYN02479,South,Provider Group B,Diabetes Care,2026-02-01,0,Valid
2463,SYN02485,East,Provider Group D,Colorectal Cancer Screening,2026-02-01,0,Valid
2464,SYN02485,East,Provider Group D,Controlling Blood Pressure,2026-02-01,0,Valid
2465,SYN02485,East,Provider Group D,Follow-Up After Hospitalization,2026-02-01,0,Valid
2466,SYN02499,North,Provider Group C,Colorectal Cancer Screening,2026-02-01,0,Valid
2467,SYN02499,North,Provider Group C,Controlling Blood Pressure,2026-02-01,0,Valid
2468,SYN02499,North,Provider Group C,Diabetes Care,2026-02-01,0,Valid
2469,SYN02499,North,Provider Group C,Follow-Up After Hospitalization,2026-02-01,0,Valid
2470,SYN02511,West,Provider Group A,Colorectal Cancer Screening,2026-02-01,0,Valid
2471,SYN02527,West,Provider Group B,Colorectal Cancer Screening,2026-02-01,0,Valid
2472,SYN02527,West,Provider Group B,Diabetes Care,2026-02-01,0,Valid
2473,SYN02529,North,Provider Group E,Controlling Blood Pressure,2026-02-01,0,Valid
2474,SYN02540,North,Provider Group E,Medication Adherence,2026-02-01,0,Valid
2475,SYN02542,North,Provider Group B,Breast Cancer Screening,2026-02-01,0,Valid
2476,SYN02542,North,Provider Group B,Medication Adherence,2026-02-01,0,Valid
2477,SYN02544,East,Provider Group B,Colorectal Cancer Screening,2026-02-01,0,Valid
2478,SYN02544,East,Provider Group B,Controlling Blood Pressure,2026-02-01,0,Valid
2479,SYN02544,East,Provider Group B,Diabetes Care,2026-02-01,0,Valid
2480,SYN02544,East,Provider Group B,Follow-Up After Hospitalization,2026-02-01,0,Valid
2481,SYN02544,East,Provider Group B,Medication Adherence,2026-02-01,0,Valid
2482,SYN02558,East,Provider Group A,Breast Cancer Screening,2026-02-01,0,Valid
2483,SYN02558,East,Provider Group A,Colorectal Cancer Screening,2026-02-01,0,Valid
2484,SYN02558,East,Provider Group A,Follow-Up After Hospitalization,2026-02-01,0,Valid
2485,SYN02559,North,Provider Group B,Controlling Blood Pressure,2026-02-01,0,Valid
2486,SYN02559,North,Provider Group B,Diabetes Care,2026-02-01,0,Valid
2487,SYN02559,North,Provider Group B,Medication Adherence,2026-02-01,0,Valid
2488,SYN02569,West,Provider Group C,Breast Cancer Screening,2026-02-01,0,Valid
2489,SYN02569,West,Provider Group C,Controlling Blood Pressure,2026-02-01,0,Valid
2490,SYN02569,West,Provider Group C,Diabetes Care,2026-02-01,0,Valid
2491,SYN02574,West,Provider Group A,Follow-Up After Hospitalization,2026-02-01,0,Valid
2492,SYN02584,South,Provider Group B,Breast Cancer Screening,2026-02-01,0,Valid
2493,SYN02584,South,Provider Group B,Colorectal Cancer Screening,2026-02-01,0,Valid
2494,SYN02584,South,Provider Group B,Diabetes Care,2026-02-01,1,Needs Review
2495,SYN02584,South,Provider Group B,Follow-Up After Hospitalization,2026-02-01,0,Valid
2496,SYN02584,South,Provider Group B,Medication Adherence,2026-02-01,0,Valid
2497,SYN02593,North,Provider Group D,Breast Cancer Screening,2026-02-01,0,Valid
2498,SYN02593,North,Provider Group D,Controlling Blood Pressure,2026-02-01,0,Valid
2499,SYN02593,North,Provider Group D,Medication Adherence,2026-02-01,0,Valid
2500,SYN02594,North,Provider Group D,Breast Cancer Screening,2026-02-01,0,Valid
2501,SYN02594,North,Provider Group D,Controlling Blood Pressure,2026-02-01,0,Valid
2502,SYN02594,North,Provider Group D,Diabetes Care,2026-02-01,0,Valid
2503,SYN02594,North,Provider Group D,Medication Adherence,2026-02-01,0,Valid
2504,SYN02599,North,Provider Group E,Colorectal Cancer Screening,2026-02-01,0,Valid
2505,SYN02599,North,Provider Group E,Controlling Blood Pressure,2026-02-01,0,Valid
2506,SYN02599,North,Provider Group E,Follow-Up After Hospitalization,2026-02-01,0,Valid
2507,SYN02599,North,Provider Group E,Medication Adherence,2026-02-01,0,Valid
2508,SYN02607,East,Provider Group C,Medication Adherence,2026-02-01,0,Valid
2509,SYN02609,South,Provider Group B,Breast Cancer Screening,2026-02-01,0,Valid
2510,SYN02609,South,Provider Group B,Colorectal Cancer Screening,2026-02-01,0,Valid
2511,SYN02609,South,Provider Group B,Follow-Up After Hospitalization,2026-02-01,0,Valid
2512,SYN02620,North,Provider Group C,Controlling Blood Pressure,2026-02-01,0,Valid
2513,SYN02635,East,Provider Group B,Follow-Up After Hospitalization,2026-02-01,0,Valid
2514,SYN02635,East,Provider Group B,Medication Adherence,2026-02-01,0,Valid
2515,SYN02653,North,Provider Group E,Colorectal Cancer Screening,2026-02-01,0,Valid
2516,SYN02653,North,Provider Group E,Controlling Blood Pressure,2026-02-01,0,Valid
2517,SYN02653,North,Provider Group E,Diabetes Care,2026-02-01,0,Valid
2518,SYN02667,South,Provider Group C,Controlling Blood Pressure,2026-02-01,0,Valid
2519,SYN02680,South,Provider Group C,Breast Cancer Screening,2026-02-01,0,Valid
2520,SYN02680,South,Provider Group C,Colorectal Cancer Screening,2026-02-01,0,Valid
2521,SYN02680,South,Provider Group C,Diabetes Care,2026-02-01,0,Valid
2522,SYN02698,West,Provider Group A,Colorectal Cancer Screening,2026-02-01,0,Valid
2523,SYN02698,West,Provider Group A,Controlling Blood Pressure,2026-02-01,0,Valid
2524,SYN02698,West,Provider Group A,Diabetes Care,2026-02-01,0,Valid
2525,SYN02700,South,Provider Group C,Colorectal Cancer Screening,2026-02-01,0,Valid
2526,SYN02700,South,Provider Group C,Diabetes Care,2026-02-01,0,Valid
2527,SYN02700,South,Provider Group C,Medication Adherence,2026-02-01,0,Valid
2528,SYN02704,East,Provider Group E,Breast Cancer Screening,2026-02-01,0,Valid
2529,SYN02704,East,Provider Group E,Medication Adherence,2026-02-01,0,Valid
2530,SYN02718,South,Provider Group B,Follow-Up After Hospitalization,2026-02-01,0,Valid
2531,SYN02723,South,Provider Group D,Follow-Up After Hospitalization,2026-02-01,0,Valid
2532,SYN02723,South,Provider Group D,Medication Adherence,2026-02-01,0,Valid
2533,SYN02727,South,Provider Group C,Colorectal Cancer Screening,2026-02-01,0,Valid
2534,SYN02727,South,Provider Group C,Controlling Blood Pressure,2026-02-01,0,Valid
2535,SYN02727,South,Provider Group C,Diabetes Care,2026-02-01,0,Valid
2536,SYN02727,South,Provider Group C,Medication Adherence,2026-02-01,0,Valid
2537,SYN02729,West,Provider Group B,Controlling Blood Pressure,2026-02-01,0,Valid
2538,SYN02729,West,Provider Group B,Diabetes Care,2026-02-01,0,Valid
2539,SYN02729,West,Provider Group B,Medication Adherence,2026-02-01,0,Valid
2540,SYN02732,East,Provider Group C,Medication Adherence,2026-02-01,0,Valid
2541,SYN02733,West,Provider Group B,Controlling Blood Pressure,2026-02-01,0,Valid
2542,SYN02734,West,Provider Group C,Breast Cancer Screening,2026-02-01,0,Valid
2543,SYN02734,West,Provider Group C,Colorectal Cancer Screening,2026-02-01,0,Valid
2544,SYN02734,West,Provider Group C,Controlling Blood Pressure,2026-02-01,0,Valid
2545,SYN02734,West,Provider Group C,Follow-Up After Hospitalization,2026-02-01,0,Valid
2546,SYN02735,North,Provider Group A,Controlling Blood Pressure,2026-02-01,0,Valid
2547,SYN02735,North,Provider Group A,Diabetes Care,2026-02-01,0,Valid
2548,SYN02735,North,Provider Group A,Follow-Up After Hospitalization,2026-02-01,0,Valid
2549,SYN02744,East,Provider Group C,Controlling Blood Pressure,2026-02-01,0,Valid
2550,SYN02744,East,Provider Group C,Diabetes Care,2026-02-01,0,Valid
2551,SYN02752,East,Provider Group B,Diabetes Care,2026-02-01,0,Valid
2552,SYN02754,North,Provider Group D,Colorectal Cancer Screening,2026-02-01,0,Valid
2553,SYN02754,North,Provider Group D,Controlling Blood Pressure,2026-02-01,0,Valid
2554,SYN02754,North,Provider Group D,Diabetes Care,2026-02-01,0,Valid
2555,SYN02754,North,Provider Group D,Medication Adherence,2026-02-01,0,Valid
2556,SYN02760,West,Provider Group C,Breast Cancer Screening,2026-02-01,0,Valid
2557,SYN02760,West,Provider Group C,Diabetes Care,2026-02-01,0,Valid
2558,SYN02760,West,Provider Group C,Follow-Up After Hospitalization,2026-02-01,0,Valid
2559,SYN02760,West,Provider Group C,Medication Adherence,2026-02-01,0,Valid
2560,SYN02763,South,Provider Group C,Follow-Up After Hospitalization,2026-02-01,0,Valid
2561,SYN02763,South,Provider Group C,Medication Adherence,2026-02-01,0,Valid
2562,SYN02777,East,Provider Group E,Breast Cancer Screening,2026-02-01,0,Valid
2563,SYN02777,East,Provider Group E,Colorectal Cancer Screening,2026-02-01,0,Valid
2564,SYN02777,East,Provider Group E,Controlling Blood Pressure,2026-02-01,0,Valid
2565,SYN02781,South,Provider Group C,Breast Cancer Screening,2026-02-01,0,Valid
2566,SYN02781,South,Provider Group C,Colorectal Cancer Screening,2026-02-01,0,Valid
2567,SYN02781,South,Provider Group C,Diabetes Care,2026-02-01,0,Valid
2568,SYN02781,South,Provider Group C,Follow-Up After Hospitalization,2026-02-01,0,Valid
2569,SYN02788,West,Provider Group B,Breast Cancer Screening,2026-02-01,0,Valid
2570,SYN02788,West,Provider Group B,Controlling Blood Pressure,2026-02-01,0,Valid
2571,SYN02788,West,Provider Group B,Medication Adherence,2026-02-01,0,Valid
2572,SYN02789,North,Provider Group D,Colorectal Cancer Screening,2026-02-01,1,Needs Review
2573,SYN02789,North,Provider Group D,Diabetes Care,2026-02-01,0,Valid
2574,SYN02791,South,Provider Group B,Breast Cancer Screening,2026-02-01,0,Valid
2575,SYN02791,South,Provider Group B,Diabetes Care,2026-02-01,0,Valid
2576,SYN02793,West,Provider Group D,Colorectal Cancer Screening,2026-02-01,0,Valid
2577,SYN02793,West,Provider Group D,Controlling Blood Pressure,2026-02-01,0,Valid
2578,SYN02793,West,Provider Group D,Diabetes Care,2026-02-01,0,Valid
2579,SYN02796,East,Provider Group D,Diabetes Care,2026-02-01,0,Valid
2580,SYN02796,East,Provider Group D,Follow-Up After Hospitalization,2026-02-01,0,Valid
2581,SYN02811,West,Provider Group C,Breast Cancer Screening,2026-02-01,0,Valid
2582,SYN02811,West,Provider Group C,Diabetes Care,2026-02-01,0,Valid
2583,SYN02816,South,Provider Group A,Breast Cancer Screening,2026-02-01,0,Valid
2584,SYN02816,South,Provider Group A,Controlling Blood Pressure,2026-02-01,0,Valid
2585,SYN02816,South,Provider Group A,Follow-Up After Hospitalization,2026-02-01,0,Valid
2586,SYN02816,South,Provider Group A,Medication Adherence,2026-02-01,0,Valid
2587,SYN02818,South,Provider Group E,Breast Cancer Screening,2026-02-01,0,Valid
2588,SYN02818,South,Provider Group E,Colorectal Cancer Screening,2026-02-01,0,Valid
2589,SYN02818,South,Provider Group E,Diabetes Care,2026-02-01,0,Valid
2590,SYN02834,North,Provider Group B,Controlling Blood Pressure,2026-02-01,0,Valid
2591,SYN02834,North,Provider Group B,Diabetes Care,2026-02-01,0,Valid
2592,SYN02834,North,Provider Group B,Follow-Up After Hospitalization,2026-02-01,0,Valid
2593,SYN02843,South,Provider Group A,Colorectal Cancer Screening,2026-02-01,0,Valid
2594,SYN02843,South,Provider Group A,Controlling Blood Pressure,2026-02-01,0,Valid
2595,SYN02843,South,Provider Group A,Diabetes Care,2026-02-01,0,Valid
2596,SYN02846,South,Provider Group E,Breast Cancer Screening,2026-02-01,0,Valid
2597,SYN02846,South,Provider Group E,Controlling Blood Pressure,2026-02-01,0,Valid
2598,SYN02846,South,Provider Group E,Diabetes Care,2026-02-01,0,Valid
2599,SYN02849,South,Provider Group E,Controlling Blood Pressure,2026-02-01,0,Valid
2600,SYN02860,South,Provider Group B,Controlling Blood Pressure,2026-02-01,0,Valid
2601,SYN02863,North,Provider Group D,Breast Cancer Screening,2026-02-01,0,Valid
2602,SYN02863,North,Provider Group D,Controlling Blood Pressure,2026-02-01,0,Valid
2603,SYN02879,East,Provider Group C,Controlling Blood Pressure,2026-02-01,0,Valid
2604,SYN02879,East,Provider Group C,Diabetes Care,2026-02-01,0,Valid
2605,SYN02883,North,Provider Group C,Controlling Blood Pressure,2026-02-01,0,Valid
2606,SYN02883,North,Provider Group C,Medication Adherence,2026-02-01,0,Valid
2607,SYN02892,North,Provider Group B,Medication Adherence,2026-02-01,0,Valid
2608,SYN02896,North,Provider Group B,Breast Cancer Screening,2026-02-01,0,Valid
2609,SYN02896,North,Provider Group B,Colorectal Cancer Screening,2026-02-01,0,Valid
2610,SYN02896,North,Provider Group B,Controlling Blood Pressure,2026-02-01,0,Valid
2611,SYN02896,North,Provider Group B,Diabetes Care,2026-02-01,0,Valid
2612,SYN02896,North,Provider Group B,Follow-Up After Hospitalization,2026-02-01,0,Valid
2613,SYN02907,East,Provider Group E,Colorectal Cancer Screening,2026-02-01,0,Valid
2614,SYN02907,East,Provider Group E,Controlling Blood Pressure,2026-02-01,0,Valid
2615,SYN02907,East,Provider Group E,Medication Adherence,2026-02-01,0,Valid
2616,SYN02933,West,Provider Group C,Breast Cancer Screening,2026-02-01,0,Valid
2617,SYN02933,West,Provider Group C,Colorectal Cancer Screening,2026-02-01,0,Valid
2618,SYN02933,West,Provider Group C,Diabetes Care,2026-02-01,0,Valid
2619,SYN02933,West,Provider Group C,Follow-Up After Hospitalization,2026-02-01,0,Valid
2620,SYN02933,West,Provider Group C,Medication Adherence,2026-02-01,0,Valid
2621,SYN02940,East,Provider Group A,Breast Cancer Screening,2026-02-01,0,Valid
2622,SYN02943,South,Provider Group A,Colorectal Cancer Screening,2026-02-01,0,Valid
2623,SYN02943,South,Provider Group A,Diabetes Care,2026-02-01,0,Valid
2624,SYN02943,South,Provider Group A,Follow-Up After Hospitalization,2026-02-01,0,Valid
2625,SYN02950,South,Provider Group B,Breast Cancer Screening,2026-02-01,0,Valid
2626,SYN02950,South,Provider Group B,Colorectal Cancer Screening,2026-02-01,0,Valid
2627,SYN02950,South,Provider Group B,Medication Adherence,2026-02-01,0,Valid
2628,SYN02957,North,Provider Group D,Breast Cancer Screening,2026-02-01,0,Valid
2629,SYN02957,North,Provider Group D,Colorectal Cancer Screening,2026-02-01,0,Valid
2630,SYN02957,North,Provider Group D,Controlling Blood Pressure,2026-02-01,0,Valid
2631,SYN02960,West,Provider Group D,Colorectal Cancer Screening,2026-02-01,0,Valid
2632,SYN02968,East,Provider Group A,Controlling Blood Pressure,2026-02-01,0,Valid
2633,SYN02968,East,Provider Group A,Follow-Up After Hospitalization,2026-02-01,0,Valid
2634,SYN02969,East,Provider Group C,Breast Cancer Screening,2026-02-01,0,Valid
2635,SYN02969,East,Provider Group C,Colorectal Cancer Screening,2026-02-01,0,Valid
2636,SYN02969,East,Provider Group C,Diabetes Care,2026-02-01,0,Valid
2637,SYN02969,East,Provider Group C,Medication Adherence,2026-02-01,0,Valid
2638,SYN02974,South,Provider Group A,Colorectal Cancer Screening,2026-02-01,0,Valid
2639,SYN02974,South,Provider Group A,Diabetes Care,2026-02-01,0,Valid
2640,SYN02982,South,Provider Group C,Breast Cancer Screening,2026-02-01,0,Valid
2641,SYN02982,South,Provider Group C,Controlling Blood Pressure,2026-02-01,0,Valid
2642,SYN02982,South,Provider Group C,Medication Adherence,2026-02-01,0,Valid
2643,SYN02984,East,Provider Group D,Colorectal Cancer Screening,2026-02-01,0,Valid
2644,SYN02984,East,Provider Group D,Controlling Blood Pressure,2026-02-01,0,Valid
2645,SYN02984,East,Provider Group D,Diabetes Care,2026-02-01,0,Valid
2646,SYN02984,East,Provider Group D,Medication Adherence,2026-02-01,0,Valid
2647,SYN02985,West,Provider Group C,Breast Cancer Screening,2026-02-01,0,Valid
2648,SYN02985,West,Provider Group C,Colorectal Cancer Screening,2026-02-01,0,Valid
2649,SYN02985,West,Provider Group C,Controlling Blood Pressure,2026-02-01,0,Valid
2650,SYN02985,West,Provider Group C,Medication Adherence,2026-02-01,0,Valid
2651,SYN02993,North,Provider Group B,Colorectal Cancer Screening,2026-02-01,0,Valid
2652,SYN02993,North,Provider Group B,Controlling Blood Pressure,2026-02-01,0,Valid
2653,SYN02993,North,Provider Group B,Follow-Up After Hospitalization,2026-02-01,0,Valid
2654,SYN02993,North,Provider Group B,Medication Adherence,2026-02-01,0,Valid
2655,SYN02995,East,Provider Group D,Breast Cancer Screening,2026-02-01,0,Valid
2656,SYN02995,East,Provider Group D,Colorectal Cancer Screening,2026-02-01,0,Valid
2657,SYN02995,East,Provider Group D,Controlling Blood Pressure,2026-02-01,0,Valid
2658,SYN03004,East,Provider Group D,Controlling Blood Pressure,2026-02-01,0,Valid
2659,SYN03004,East,Provider Group D,Diabetes Care,2026-02-01,0,Valid
2660,SYN03004,East,Provider Group D,Follow-Up After Hospitalization,2026-02-01,0,Valid
2661,SYN03004,East,Provider Group D,Medication Adherence,2026-02-01,0,Valid
2662,SYN03005,East,Provider Group C,Colorectal Cancer Screening,2026-02-01,0,Valid
2663,SYN03005,East,Provider Group C,Controlling Blood Pressure,2026-02-01,0,Valid
2664,SYN03005,East,Provider Group C,Medication Adherence,2026-02-01,0,Valid
2665,SYN03020,North,Provider Group B,Colorectal Cancer Screening,2026-02-01,0,Valid
2666,SYN03020,North,Provider Group B,Diabetes Care,2026-02-01,0,Valid
2667,SYN03020,North,Provider Group B,Medication Adherence,2026-02-01,0,Valid
2668,SYN03021,West,Provider Group C,Controlling Blood Pressure,2026-02-01,0,Valid
2669,SYN03021,West,Provider Group C,Medication Adherence,2026-02-01,0,Valid
2670,SYN03028,North,Provider Group B,Colorectal Cancer Screening,2026-02-01,0,Valid
2671,SYN03028,North,Provider Group B,Follow-Up After Hospitalization,2026-02-01,0,Valid
2672,SYN03037,East,Provider Group A,Colorectal Cancer Screening,2026-02-01,0,Valid
2673,SYN03037,East,Provider Group A,Diabetes Care,2026-02-01,0,Valid
2674,SYN03041,South,Provider Group A,Breast Cancer Screening,2026-02-01,0,Valid
2675,SYN03041,South,Provider Group A,Controlling Blood Pressure,2026-02-01,0,Valid
2676,SYN03041,South,Provider Group A,Follow-Up After Hospitalization,2026-02-01,0,Valid
2677,SYN03041,South,Provider Group A,Medication Adherence,2026-02-01,0,Valid
2678,SYN03050,West,Provider Group C,Controlling Blood Pressure,2026-02-01,0,Valid
2679,SYN03056,South,Provider Group B,Breast Cancer Screening,2026-02-01,0,Valid
2680,SYN03056,South,Provider Group B,Colorectal Cancer Screening,2026-02-01,0,Valid
2681,SYN03056,South,Provider Group B,Diabetes Care,2026-02-01,0,Valid
2682,SYN03056,South,Provider Group B,Medication Adherence,2026-02-01,0,Valid
2683,SYN03063,North,Provider Group C,Breast Cancer Screening,2026-02-01,0,Valid
2684,SYN03063,North,Provider Group C,Controlling Blood Pressure,2026-02-01,0,Valid
2685,SYN03063,North,Provider Group C,Medication Adherence,2026-02-01,0,Valid
2686,SYN03067,South,Provider Group D,Colorectal Cancer Screening,2026-02-01,0,Valid
2687,SYN03067,South,Provider Group D,Follow-Up After Hospitalization,2026-02-01,0,Valid
2688,SYN03067,South,Provider Group D,Medication Adherence,2026-02-01,0,Valid
2689,SYN03075,North,Provider Group B,Colorectal Cancer Screening,2026-02-01,0,Valid
2690,SYN03075,North,Provider Group B,Diabetes Care,2026-02-01,0,Valid
2691,SYN03082,North,Provider Group A,Breast Cancer Screening,2026-02-01,0,Valid
2692,SYN03082,North,Provider Group A,Colorectal Cancer Screening,2026-02-01,0,Valid
2693,SYN03082,North,Provider Group A,Follow-Up After Hospitalization,2026-02-01,0,Valid
2694,SYN03082,North,Provider Group A,Medication Adherence,2026-02-01,0,Valid
2695,SYN03083,North,Provider Group D,Breast Cancer Screening,2026-02-01,0,Valid
2696,SYN03083,North,Provider Group D,Controlling Blood Pressure,2026-02-01,1,Needs Review
2697,SYN03083,North,Provider Group D,Medication Adherence,2026-02-01,0,Valid
2698,SYN03087,West,Provider Group A,Colorectal Cancer Screening,2026-02-01,0,Valid
2699,SYN03087,West,Provider Group A,Follow-Up After Hospitalization,2026-02-01,0,Valid
2700,SYN03087,West,Provider Group A,Medication Adherence,2026-02-01,0,Valid
2701,SYN03089,East,Provider Group E,Medication Adherence,2026-02-01,0,Valid
2702,SYN03092,East,Provider Group B,Controlling Blood Pressure,2026-02-01,0,Valid
2703,SYN03098,East,Provider Group C,Breast Cancer Screening,2026-02-01,0,Valid
2704,SYN03098,East,Provider Group C,Medication Adherence,2026-02-01,0,Valid
2705,SYN03102,East,Provider Group B,Breast Cancer Screening,2026-02-01,0,Valid
2706,SYN03102,East,Provider Group B,Controlling Blood Pressure,2026-02-01,0,Valid
2707,SYN03102,East,Provider Group B,Diabetes Care,2026-02-01,0,Valid
2708,SYN03113,East,Provider Group A,Controlling Blood Pressure,2026-02-01,0,Valid
2709,SYN03113,East,Provider Group A,Medication Adherence,2026-02-01,0,Valid
2710,SYN03115,South,Provider Group C,Colorectal Cancer Screening,2026-02-01,0,Valid
2711,SYN03115,South,Provider Group C,Controlling Blood Pressure,2026-02-01,0,Valid
2712,SYN03115,South,Provider Group C,Medication Adherence,2026-02-01,0,Valid
2713,SYN03120,North,Provider Group C,Breast Cancer Screening,2026-02-01,0,Valid
2714,SYN03120,North,Provider Group C,Colorectal Cancer Screening,2026-02-01,0,Valid
2715,SYN03120,North,Provider Group C,Follow-Up After Hospitalization,2026-02-01,0,Valid
2716,SYN03122,East,Provider Group B,Diabetes Care,2026-02-01,0,Valid
2717,SYN03122,East,Provider Group B,Follow-Up After Hospitalization,2026-02-01,0,Valid
2718,SYN03122,East,Provider Group B,Medication Adherence,2026-02-01,0,Valid
2719,SYN03124,South,Provider Group E,Controlling Blood Pressure,2026-02-01,0,Valid
2720,SYN03124,South,Provider Group E,Follow-Up After Hospitalization,2026-02-01,0,Valid
2721,SYN03136,East,Provider Group A,Colorectal Cancer Screening,2026-02-01,0,Valid
2722,SYN03136,East,Provider Group A,Controlling Blood Pressure,2026-02-01,0,Valid
2723,SYN03138,South,Provider Group D,Breast Cancer Screening,2026-02-01,0,Valid
2724,SYN03138,South,Provider Group D,Diabetes Care,2026-02-01,0,Valid
2725,SYN03152,East,Provider Group B,Breast Cancer Screening,2026-02-01,0,Valid
2726,SYN03152,East,Provider Group B,Diabetes Care,2026-02-01,0,Valid
2727,SYN03156,East,Provider Group A,Controlling Blood Pressure,2026-02-01,0,Valid
2728,SYN03156,East,Provider Group A,Medication Adherence,2026-02-01,0,Valid
2729,SYN03163,North,Provider Group A,Breast Cancer Screening,2026-02-01,0,Valid
2730,SYN03163,North,Provider Group A,Colorectal Cancer Screening,2026-02-01,0,Valid
2731,SYN03163,North,Provider Group A,Controlling Blood Pressure,2026-02-01,0,Valid
2732,SYN03163,North,Provider Group A,Follow-Up After Hospitalization,2026-02-01,0,Valid
2733,SYN03163,North,Provider Group A,Medication Adherence,2026-02-01,0,Valid
2734,SYN03164,West,Provider Group C,Breast Cancer Screening,2026-02-01,0,Valid
2735,SYN03164,West,Provider Group C,Colorectal Cancer Screening,2026-02-01,0,Valid
2736,SYN03164,West,Provider Group C,Controlling Blood Pressure,2026-02-01,0,Valid
2737,SYN03164,West,Provider Group C,Medication Adherence,2026-02-01,0,Valid
2738,SYN03173,North,Provider Group B,Colorectal Cancer Screening,2026-02-01,0,Valid
2739,SYN03173,North,Provider Group B,Controlling Blood Pressure,2026-02-01,0,Valid
2740,SYN03180,North,Provider Group A,Breast Cancer Screening,2026-02-01,0,Valid
2741,SYN03180,North,Provider Group A,Colorectal Cancer Screening,2026-02-01,0,Valid
2742,SYN03180,North,Provider Group A,Diabetes Care,2026-02-01,0,Valid
2743,SYN03180,North,Provider Group A,Follow-Up After Hospitalization,2026-02-01,0,Valid
2744,SYN03181,West,Provider Group C,Diabetes Care,2026-02-01,0,Valid
2745,SYN03181,West,Provider Group C,Medication Adherence,2026-02-01,0,Valid
2746,SYN03194,North,Provider Group C,Colorectal Cancer Screening,2026-02-01,0,Valid
2747,SYN03200,North,Provider Group A,Breast Cancer Screening,2026-02-01,0,Valid
2748,SYN03200,North,Provider Group A,Colorectal Cancer Screening,2026-02-01,0,Valid
2749,SYN03200,North,Provider Group A,Controlling Blood Pressure,2026-02-01,0,Valid
2750,SYN03200,North,Provider Group A,Medication Adherence,2026-02-01,0,Valid
2751,SYN00008,South,Provider Group A,Controlling Blood Pressure,2026-03-01,0,Valid
2752,SYN00013,North,Provider Group D,Colorectal Cancer Screening,2026-03-01,0,Valid
2753,SYN00013,North,Provider Group D,Controlling Blood Pressure,2026-03-01,0,Valid
2754,SYN00013,North,Provider Group D,Follow-Up After Hospitalization,2026-03-01,0,Valid
2755,SYN00013,North,Provider Group D,Medication Adherence,2026-03-01,0,Valid
2756,SYN00014,West,Provider Group C,Controlling Blood Pressure,2026-03-01,0,Valid
2757,SYN00015,East,Provider Group E,Controlling Blood Pressure,2026-03-01,0,Valid
2758,SYN00017,South,Provider Group C,Breast Cancer Screening,2026-03-01,0,Valid
2759,SYN00017,South,Provider Group C,Controlling Blood Pressure,2026-03-01,0,Valid
2760,SYN00017,South,Provider Group C,Medication Adherence,2026-03-01,0,Valid
2761,SYN00019,East,Provider Group A,Colorectal Cancer Screening,2026-03-01,0,Valid
2762,SYN00037,North,Provider Group D,Controlling Blood Pressure,2026-03-01,0,Valid
2763,SYN00037,North,Provider Group D,Follow-Up After Hospitalization,2026-03-01,0,Valid
2764,SYN00037,North,Provider Group D,Medication Adherence,2026-03-01,0,Valid
2765,SYN00044,West,Provider Group E,Breast Cancer Screening,2026-03-01,0,Valid
2766,SYN00044,West,Provider Group E,Diabetes Care,2026-03-01,0,Valid
2767,SYN00044,West,Provider Group E,Medication Adherence,2026-03-01,0,Valid
2768,SYN00052,North,Provider Group A,Follow-Up After Hospitalization,2026-03-01,0,Valid
2769,SYN00060,South,Provider Group B,Medication Adherence,2026-03-01,0,Valid
2770,SYN00074,South,Provider Group C,Breast Cancer Screening,2026-03-01,0,Valid
2771,SYN00074,South,Provider Group C,Colorectal Cancer Screening,2026-03-01,0,Valid
2772,SYN00074,South,Provider Group C,Follow-Up After Hospitalization,2026-03-01,0,Valid
2773,SYN00074,South,Provider Group C,Medication Adherence,2026-03-01,0,Valid
2774,SYN00082,East,Provider Group B,Controlling Blood Pressure,2026-03-01,0,Valid
2775,SYN00082,East,Provider Group B,Diabetes Care,2026-03-01,0,Valid
2776,SYN00083,North,Provider Group B,Controlling Blood Pressure,2026-03-01,0,Valid
2777,SYN00092,East,Provider Group C,Breast Cancer Screening,2026-03-01,0,Valid
2778,SYN00092,East,Provider Group C,Diabetes Care,2026-03-01,0,Valid
2779,SYN00097,North,Provider Group D,Breast Cancer Screening,2026-03-01,0,Valid
2780,SYN00097,North,Provider Group D,Controlling Blood Pressure,2026-03-01,0,Valid
2781,SYN00097,North,Provider Group D,Diabetes Care,2026-03-01,0,Valid
2782,SYN00106,North,Provider Group C,Breast Cancer Screening,2026-03-01,0,Valid
2783,SYN00106,North,Provider Group C,Diabetes Care,2026-03-01,0,Valid
2784,SYN00106,North,Provider Group C,Follow-Up After Hospitalization,2026-03-01,0,Valid
2785,SYN00117,West,Provider Group D,Diabetes Care,2026-03-01,0,Valid
2786,SYN00124,West,Provider Group A,Colorectal Cancer Screening,2026-03-01,0,Valid
2787,SYN00124,West,Provider Group A,Diabetes Care,2026-03-01,0,Valid
2788,SYN00142,South,Provider Group A,Colorectal Cancer Screening,2026-03-01,1,Needs Review
2789,SYN00142,South,Provider Group A,Controlling Blood Pressure,2026-03-01,0,Valid
2790,SYN00142,South,Provider Group A,Follow-Up After Hospitalization,2026-03-01,0,Valid
2791,SYN00153,West,Provider Group A,Breast Cancer Screening,2026-03-01,0,Valid
2792,SYN00153,West,Provider Group A,Colorectal Cancer Screening,2026-03-01,0,Valid
2793,SYN00153,West,Provider Group A,Diabetes Care,2026-03-01,0,Valid
2794,SYN00154,West,Provider Group C,Diabetes Care,2026-03-01,0,Valid
2795,SYN00154,West,Provider Group C,Follow-Up After Hospitalization,2026-03-01,0,Valid
2796,SYN00158,East,Provider Group E,Colorectal Cancer Screening,2026-03-01,0,Valid
2797,SYN00158,East,Provider Group E,Controlling Blood Pressure,2026-03-01,0,Valid
2798,SYN00158,East,Provider Group E,Medication Adherence,2026-03-01,0,Valid
2799,SYN00160,South,Provider Group B,Breast Cancer Screening,2026-03-01,0,Valid
2800,SYN00160,South,Provider Group B,Medication Adherence,2026-03-01,0,Valid
2801,SYN00161,West,Provider Group B,Controlling Blood Pressure,2026-03-01,0,Valid
2802,SYN00161,West,Provider Group B,Medication Adherence,2026-03-01,0,Valid
2803,SYN00163,South,Provider Group D,Colorectal Cancer Screening,2026-03-01,0,Valid
2804,SYN00163,South,Provider Group D,Medication Adherence,2026-03-01,0,Valid
2805,SYN00166,North,Provider Group D,Colorectal Cancer Screening,2026-03-01,0,Valid
2806,SYN00166,North,Provider Group D,Controlling Blood Pressure,2026-03-01,0,Valid
2807,SYN00166,North,Provider Group D,Medication Adherence,2026-03-01,0,Valid
2808,SYN00175,West,Provider Group A,Controlling Blood Pressure,2026-03-01,0,Valid
2809,SYN00175,West,Provider Group A,Follow-Up After Hospitalization,2026-03-01,0,Valid
2810,SYN00184,East,Provider Group D,Breast Cancer Screening,2026-03-01,0,Valid
2811,SYN00184,East,Provider Group D,Colorectal Cancer Screening,2026-03-01,0,Valid
2812,SYN00184,East,Provider Group D,Follow-Up After Hospitalization,2026-03-01,0,Valid
2813,SYN00192,West,Provider Group B,Medication Adherence,2026-03-01,0,Valid
2814,SYN00194,North,Provider Group B,Colorectal Cancer Screening,2026-03-01,0,Valid
2815,SYN00194,North,Provider Group B,Controlling Blood Pressure,2026-03-01,0,Valid
2816,SYN00194,North,Provider Group B,Diabetes Care,2026-03-01,0,Valid
2817,SYN00194,North,Provider Group B,Follow-Up After Hospitalization,2026-03-01,0,Valid
2818,SYN00194,North,Provider Group B,Medication Adherence,2026-03-01,0,Valid
2819,SYN00208,East,Provider Group A,Breast Cancer Screening,2026-03-01,0,Valid
2820,SYN00208,East,Provider Group A,Controlling Blood Pressure,2026-03-01,0,Valid
2821,SYN00208,East,Provider Group A,Diabetes Care,2026-03-01,0,Valid
2822,SYN00208,East,Provider Group A,Follow-Up After Hospitalization,2026-03-01,0,Valid
2823,SYN00208,East,Provider Group A,Medication Adherence,2026-03-01,0,Valid
2824,SYN00210,South,Provider Group B,Breast Cancer Screening,2026-03-01,0,Valid
2825,SYN00210,South,Provider Group B,Colorectal Cancer Screening,2026-03-01,0,Valid
2826,SYN00210,South,Provider Group B,Controlling Blood Pressure,2026-03-01,0,Valid
2827,SYN00210,South,Provider Group B,Medication Adherence,2026-03-01,0,Valid
2828,SYN00211,South,Provider Group A,Breast Cancer Screening,2026-03-01,0,Valid
2829,SYN00211,South,Provider Group A,Colorectal Cancer Screening,2026-03-01,0,Valid
2830,SYN00211,South,Provider Group A,Follow-Up After Hospitalization,2026-03-01,0,Valid
2831,SYN00211,South,Provider Group A,Medication Adherence,2026-03-01,0,Valid
2832,SYN00228,West,Provider Group B,Controlling Blood Pressure,2026-03-01,0,Valid
2833,SYN00228,West,Provider Group B,Medication Adherence,2026-03-01,0,Valid
2834,SYN00229,West,Provider Group C,Colorectal Cancer Screening,2026-03-01,0,Valid
2835,SYN00229,West,Provider Group C,Controlling Blood Pressure,2026-03-01,0,Valid
2836,SYN00229,West,Provider Group C,Follow-Up After Hospitalization,2026-03-01,0,Valid
2837,SYN00244,South,Provider Group C,Controlling Blood Pressure,2026-03-01,0,Valid
2838,SYN00244,South,Provider Group C,Medication Adherence,2026-03-01,0,Valid
2839,SYN00247,South,Provider Group D,Colorectal Cancer Screening,2026-03-01,0,Valid
2840,SYN00247,South,Provider Group D,Controlling Blood Pressure,2026-03-01,0,Valid
2841,SYN00247,South,Provider Group D,Medication Adherence,2026-03-01,0,Valid
2842,SYN00257,North,Provider Group A,Breast Cancer Screening,2026-03-01,0,Valid
2843,SYN00257,North,Provider Group A,Controlling Blood Pressure,2026-03-01,0,Valid
2844,SYN00257,North,Provider Group A,Diabetes Care,2026-03-01,0,Valid
2845,SYN00257,North,Provider Group A,Follow-Up After Hospitalization,2026-03-01,0,Valid
2846,SYN00262,West,Provider Group A,Diabetes Care,2026-03-01,0,Valid
2847,SYN00263,South,Provider Group D,Colorectal Cancer Screening,2026-03-01,0,Valid
2848,SYN00263,South,Provider Group D,Medication Adherence,2026-03-01,0,Valid
2849,SYN00264,South,Provider Group C,Colorectal Cancer Screening,2026-03-01,0,Valid
2850,SYN00264,South,Provider Group C,Controlling Blood Pressure,2026-03-01,0,Valid
2851,SYN00264,South,Provider Group C,Diabetes Care,2026-03-01,0,Valid
2852,SYN00264,South,Provider Group C,Medication Adherence,2026-03-01,0,Valid
2853,SYN00266,South,Provider Group E,Medication Adherence,2026-03-01,0,Valid
2854,SYN00269,West,Provider Group B,Controlling Blood Pressure,2026-03-01,0,Valid
2855,SYN00269,West,Provider Group B,Medication Adherence,2026-03-01,0,Valid
2856,SYN00271,East,Provider Group C,Controlling Blood Pressure,2026-03-01,0,Valid
2857,SYN00271,East,Provider Group C,Follow-Up After Hospitalization,2026-03-01,0,Valid
2858,SYN00271,East,Provider Group C,Medication Adherence,2026-03-01,0,Valid
2859,SYN00275,South,Provider Group D,Follow-Up After Hospitalization,2026-03-01,0,Valid
2860,SYN00275,South,Provider Group D,Medication Adherence,2026-03-01,0,Valid
2861,SYN00276,West,Provider Group A,Controlling Blood Pressure,2026-03-01,0,Valid
2862,SYN00276,West,Provider Group A,Diabetes Care,2026-03-01,0,Valid
2863,SYN00282,South,Provider Group E,Colorectal Cancer Screening,2026-03-01,0,Valid
2864,SYN00282,South,Provider Group E,Controlling Blood Pressure,2026-03-01,0,Valid
2865,SYN00282,South,Provider Group E,Diabetes Care,2026-03-01,0,Valid
2866,SYN00294,East,Provider Group A,Controlling Blood Pressure,2026-03-01,0,Valid
2867,SYN00294,East,Provider Group A,Diabetes Care,2026-03-01,0,Valid
2868,SYN00295,South,Provider Group C,Colorectal Cancer Screening,2026-03-01,0,Valid
2869,SYN00295,South,Provider Group C,Diabetes Care,2026-03-01,0,Valid
2870,SYN00295,South,Provider Group C,Follow-Up After Hospitalization,2026-03-01,0,Valid
2871,SYN00297,West,Provider Group A,Colorectal Cancer Screening,2026-03-01,0,Valid
2872,SYN00300,West,Provider Group E,Controlling Blood Pressure,2026-03-01,1,Needs Review
2873,SYN00316,North,Provider Group D,Colorectal Cancer Screening,2026-03-01,0,Valid
2874,SYN00316,North,Provider Group D,Controlling Blood Pressure,2026-03-01,0,Valid
2875,SYN00316,North,Provider Group D,Medication Adherence,2026-03-01,0,Valid
2876,SYN00326,South,Provider Group A,Breast Cancer Screening,2026-03-01,0,Valid
2877,SYN00326,South,Provider Group A,Colorectal Cancer Screening,2026-03-01,0,Valid
2878,SYN00326,South,Provider Group A,Controlling Blood Pressure,2026-03-01,0,Valid
2879,SYN00326,South,Provider Group A,Follow-Up After Hospitalization,2026-03-01,0,Valid
2880,SYN00326,South,Provider Group A,Medication Adherence,2026-03-01,0,Valid
2881,SYN00327,North,Provider Group A,Breast Cancer Screening,2026-03-01,0,Valid
2882,SYN00327,North,Provider Group A,Controlling Blood Pressure,2026-03-01,0,Valid
2883,SYN00327,North,Provider Group A,Diabetes Care,2026-03-01,0,Valid
2884,SYN00327,North,Provider Group A,Medication Adherence,2026-03-01,0,Valid
2885,SYN00329,East,Provider Group A,Breast Cancer Screening,2026-03-01,0,Valid
2886,SYN00329,East,Provider Group A,Colorectal Cancer Screening,2026-03-01,0,Valid
2887,SYN00329,East,Provider Group A,Diabetes Care,2026-03-01,0,Valid
2888,SYN00329,East,Provider Group A,Medication Adherence,2026-03-01,0,Valid
2889,SYN00336,East,Provider Group C,Colorectal Cancer Screening,2026-03-01,0,Valid
2890,SYN00336,East,Provider Group C,Diabetes Care,2026-03-01,0,Valid
2891,SYN00336,East,Provider Group C,Follow-Up After Hospitalization,2026-03-01,0,Valid
2892,SYN00336,East,Provider Group C,Medication Adherence,2026-03-01,0,Valid
2893,SYN00338,East,Provider Group E,Follow-Up After Hospitalization,2026-03-01,0,Valid
2894,SYN00338,East,Provider Group E,Medication Adherence,2026-03-01,0,Valid
2895,SYN00341,West,Provider Group D,Colorectal Cancer Screening,2026-03-01,0,Valid
2896,SYN00341,West,Provider Group D,Controlling Blood Pressure,2026-03-01,0,Valid
2897,SYN00341,West,Provider Group D,Diabetes Care,2026-03-01,0,Valid
2898,SYN00341,West,Provider Group D,Follow-Up After Hospitalization,2026-03-01,0,Valid
2899,SYN00346,South,Provider Group C,Colorectal Cancer Screening,2026-03-01,0,Valid
2900,SYN00346,South,Provider Group C,Controlling Blood Pressure,2026-03-01,0,Valid
2901,SYN00346,South,Provider Group C,Diabetes Care,2026-03-01,0,Valid
2902,SYN00351,West,Provider Group E,Controlling Blood Pressure,2026-03-01,0,Valid
2903,SYN00353,North,Provider Group E,Breast Cancer Screening,2026-03-01,0,Valid
2904,SYN00353,North,Provider Group E,Colorectal Cancer Screening,2026-03-01,0,Valid
2905,SYN00353,North,Provider Group E,Controlling Blood Pressure,2026-03-01,0,Valid
2906,SYN00353,North,Provider Group E,Diabetes Care,2026-03-01,0,Valid
2907,SYN00355,West,Provider Group A,Controlling Blood Pressure,2026-03-01,0,Valid
2908,SYN00355,West,Provider Group A,Medication Adherence,2026-03-01,0,Valid
2909,SYN00360,East,Provider Group A,Diabetes Care,2026-03-01,0,Valid
2910,SYN00360,East,Provider Group A,Follow-Up After Hospitalization,2026-03-01,0,Valid
2911,SYN00372,East,Provider Group D,Controlling Blood Pressure,2026-03-01,0,Valid
2912,SYN00372,East,Provider Group D,Medication Adherence,2026-03-01,0,Valid
2913,SYN00376,North,Provider Group B,Colorectal Cancer Screening,2026-03-01,0,Valid
2914,SYN00376,North,Provider Group B,Controlling Blood Pressure,2026-03-01,0,Valid
2915,SYN00376,North,Provider Group B,Diabetes Care,2026-03-01,0,Valid
2916,SYN00376,North,Provider Group B,Follow-Up After Hospitalization,2026-03-01,0,Valid
2917,SYN00380,East,Provider Group B,Controlling Blood Pressure,2026-03-01,0,Valid
2918,SYN00380,East,Provider Group B,Diabetes Care,2026-03-01,0,Valid
2919,SYN00380,East,Provider Group B,Medication Adherence,2026-03-01,0,Valid
2920,SYN00381,West,Provider Group A,Medication Adherence,2026-03-01,0,Valid
2921,SYN00382,West,Provider Group B,Follow-Up After Hospitalization,2026-03-01,0,Valid
2922,SYN00387,West,Provider Group D,Controlling Blood Pressure,2026-03-01,0,Valid
2923,SYN00387,West,Provider Group D,Follow-Up After Hospitalization,2026-03-01,0,Valid
2924,SYN00387,West,Provider Group D,Medication Adherence,2026-03-01,0,Valid
2925,SYN00399,West,Provider Group A,Colorectal Cancer Screening,2026-03-01,0,Valid
2926,SYN00402,East,Provider Group A,Breast Cancer Screening,2026-03-01,0,Valid
2927,SYN00402,East,Provider Group A,Controlling Blood Pressure,2026-03-01,0,Valid
2928,SYN00402,East,Provider Group A,Medication Adherence,2026-03-01,0,Valid
2929,SYN00416,South,Provider Group E,Breast Cancer Screening,2026-03-01,0,Valid
2930,SYN00416,South,Provider Group E,Controlling Blood Pressure,2026-03-01,0,Valid
2931,SYN00416,South,Provider Group E,Diabetes Care,2026-03-01,0,Valid
2932,SYN00416,South,Provider Group E,Medication Adherence,2026-03-01,0,Valid
2933,SYN00438,North,Provider Group A,Controlling Blood Pressure,2026-03-01,0,Valid
2934,SYN00438,North,Provider Group A,Follow-Up After Hospitalization,2026-03-01,0,Valid
2935,SYN00438,North,Provider Group A,Medication Adherence,2026-03-01,0,Valid
2936,SYN00445,North,Provider Group E,Breast Cancer Screening,2026-03-01,0,Valid
2937,SYN00445,North,Provider Group E,Colorectal Cancer Screening,2026-03-01,0,Valid
2938,SYN00445,North,Provider Group E,Follow-Up After Hospitalization,2026-03-01,0,Valid
2939,SYN00445,North,Provider Group E,Medication Adherence,2026-03-01,0,Valid
2940,SYN00465,East,Provider Group D,Diabetes Care,2026-03-01,0,Valid
2941,SYN00465,East,Provider Group D,Medication Adherence,2026-03-01,0,Valid
2942,SYN00472,West,Provider Group B,Controlling Blood Pressure,2026-03-01,0,Valid
2943,SYN00472,West,Provider Group B,Medication Adherence,2026-03-01,0,Valid
2944,SYN00476,East,Provider Group D,Breast Cancer Screening,2026-03-01,0,Valid
2945,SYN00477,South,Provider Group E,Colorectal Cancer Screening,2026-03-01,0,Valid
2946,SYN00477,South,Provider Group E,Controlling Blood Pressure,2026-03-01,0,Valid
2947,SYN00477,South,Provider Group E,Follow-Up After Hospitalization,2026-03-01,0,Valid
2948,SYN00477,South,Provider Group E,Medication Adherence,2026-03-01,0,Valid
2949,SYN00484,North,Provider Group A,Breast Cancer Screening,2026-03-01,0,Valid
2950,SYN00484,North,Provider Group A,Colorectal Cancer Screening,2026-03-01,0,Valid
2951,SYN00487,South,Provider Group A,Follow-Up After Hospitalization,2026-03-01,0,Valid
2952,SYN00488,East,Provider Group B,Breast Cancer Screening,2026-03-01,0,Valid
2953,SYN00488,East,Provider Group B,Colorectal Cancer Screening,2026-03-01,0,Valid
2954,SYN00488,East,Provider Group B,Controlling Blood Pressure,2026-03-01,0,Valid
2955,SYN00488,East,Provider Group B,Diabetes Care,2026-03-01,0,Valid
2956,SYN00498,South,Provider Group B,Controlling Blood Pressure,2026-03-01,0,Valid
2957,SYN00498,South,Provider Group B,Follow-Up After Hospitalization,2026-03-01,0,Valid
2958,SYN00499,South,Provider Group B,Colorectal Cancer Screening,2026-03-01,0,Valid
2959,SYN00499,South,Provider Group B,Controlling Blood Pressure,2026-03-01,0,Valid
2960,SYN00509,South,Provider Group C,Breast Cancer Screening,2026-03-01,0,Valid
2961,SYN00509,South,Provider Group C,Controlling Blood Pressure,2026-03-01,0,Valid
2962,SYN00509,South,Provider Group C,Diabetes Care,2026-03-01,0,Valid
2963,SYN00527,East,Provider Group D,Diabetes Care,2026-03-01,0,Valid
2964,SYN00527,East,Provider Group D,Medication Adherence,2026-03-01,0,Valid
2965,SYN00539,North,Provider Group C,Controlling Blood Pressure,2026-03-01,0,Valid
2966,SYN00539,North,Provider Group C,Diabetes Care,2026-03-01,0,Valid
2967,SYN00547,South,Provider Group D,Controlling Blood Pressure,2026-03-01,0,Valid
2968,SYN00547,South,Provider Group D,Medication Adherence,2026-03-01,0,Valid
2969,SYN00549,South,Provider Group E,Diabetes Care,2026-03-01,0,Valid
2970,SYN00549,South,Provider Group E,Medication Adherence,2026-03-01,0,Valid
2971,SYN00551,North,Provider Group D,Colorectal Cancer Screening,2026-03-01,0,Valid
2972,SYN00551,North,Provider Group D,Controlling Blood Pressure,2026-03-01,0,Valid
2973,SYN00551,North,Provider Group D,Diabetes Care,2026-03-01,0,Valid
2974,SYN00551,North,Provider Group D,Medication Adherence,2026-03-01,0,Valid
2975,SYN00553,West,Provider Group A,Breast Cancer Screening,2026-03-01,0,Valid
2976,SYN00553,West,Provider Group A,Controlling Blood Pressure,2026-03-01,0,Valid
2977,SYN00553,West,Provider Group A,Medication Adherence,2026-03-01,0,Valid
2978,SYN00560,South,Provider Group A,Breast Cancer Screening,2026-03-01,0,Valid
2979,SYN00560,South,Provider Group A,Diabetes Care,2026-03-01,0,Valid
2980,SYN00560,South,Provider Group A,Medication Adherence,2026-03-01,0,Valid
2981,SYN00570,North,Provider Group D,Breast Cancer Screening,2026-03-01,0,Valid
2982,SYN00570,North,Provider Group D,Follow-Up After Hospitalization,2026-03-01,0,Valid
2983,SYN00570,North,Provider Group D,Medication Adherence,2026-03-01,0,Valid
2984,SYN00575,South,Provider Group B,Controlling Blood Pressure,2026-03-01,0,Valid
2985,SYN00575,South,Provider Group B,Diabetes Care,2026-03-01,0,Valid
2986,SYN00575,South,Provider Group B,Medication Adherence,2026-03-01,0,Valid
2987,SYN00582,East,Provider Group E,Colorectal Cancer Screening,2026-03-01,0,Valid
2988,SYN00582,East,Provider Group E,Diabetes Care,2026-03-01,0,Valid
2989,SYN00582,East,Provider Group E,Medication Adherence,2026-03-01,0,Valid
2990,SYN00593,South,Provider Group E,Breast Cancer Screening,2026-03-01,0,Valid
2991,SYN00593,South,Provider Group E,Colorectal Cancer Screening,2026-03-01,0,Valid
2992,SYN00597,North,Provider Group B,Controlling Blood Pressure,2026-03-01,0,Valid
2993,SYN00603,West,Provider Group B,Controlling Blood Pressure,2026-03-01,0,Valid
2994,SYN00603,West,Provider Group B,Follow-Up After Hospitalization,2026-03-01,0,Valid
2995,SYN00603,West,Provider Group B,Medication Adherence,2026-03-01,0,Valid
2996,SYN00608,South,Provider Group E,Colorectal Cancer Screening,2026-03-01,0,Valid
2997,SYN00608,South,Provider Group E,Diabetes Care,2026-03-01,0,Valid
2998,SYN00610,South,Provider Group C,Controlling Blood Pressure,2026-03-01,0,Valid
2999,SYN00613,West,Provider Group E,Breast Cancer Screening,2026-03-01,0,Valid
3000,SYN00613,West,Provider Group E,Colorectal Cancer Screening,2026-03-01,0,Valid
3001,SYN00613,West,Provider Group E,Controlling Blood Pressure,2026-03-01,0,Valid
3002,SYN00613,West,Provider Group E,Diabetes Care,2026-03-01,0,Valid
3003,SYN00613,West,Provider Group E,Medication Adherence,2026-03-01,0,Valid
3004,SYN00620,South,Provider Group A,Breast Cancer Screening,2026-03-01,0,Valid
3005,SYN00620,South,Provider Group A,Controlling Blood Pressure,2026-03-01,0,Valid
3006,SYN00620,South,Provider Group A,Follow-Up After Hospitalization,2026-03-01,0,Valid
3007,SYN00623,West,Provider Group C,Breast Cancer Screening,2026-03-01,0,Valid
3008,SYN00631,West,Provider Group B,Breast Cancer Screening,2026-03-01,0,Valid
3009,SYN00631,West,Provider Group B,Colorectal Cancer Screening,2026-03-01,0,Valid
3010,SYN00631,West,Provider Group B,Diabetes Care,2026-03-01,0,Valid
3011,SYN00631,West,Provider Group B,Follow-Up After Hospitalization,2026-03-01,0,Valid
3012,SYN00650,West,Provider Group A,Breast Cancer Screening,2026-03-01,0,Valid
3013,SYN00650,West,Provider Group A,Diabetes Care,2026-03-01,0,Valid
3014,SYN00651,North,Provider Group B,Controlling Blood Pressure,2026-03-01,0,Valid
3015,SYN00651,North,Provider Group B,Diabetes Care,2026-03-01,0,Valid
3016,SYN00658,North,Provider Group E,Breast Cancer Screening,2026-03-01,0,Valid
3017,SYN00658,North,Provider Group E,Colorectal Cancer Screening,2026-03-01,0,Valid
3018,SYN00658,North,Provider Group E,Controlling Blood Pressure,2026-03-01,0,Valid
3019,SYN00658,North,Provider Group E,Medication Adherence,2026-03-01,0,Valid
3020,SYN00665,North,Provider Group C,Breast Cancer Screening,2026-03-01,0,Valid
3021,SYN00665,North,Provider Group C,Medication Adherence,2026-03-01,0,Valid
3022,SYN00666,South,Provider Group B,Breast Cancer Screening,2026-03-01,0,Valid
3023,SYN00666,South,Provider Group B,Diabetes Care,2026-03-01,0,Valid
3024,SYN00685,South,Provider Group E,Colorectal Cancer Screening,2026-03-01,0,Valid
3025,SYN00698,South,Provider Group C,Controlling Blood Pressure,2026-03-01,0,Valid
3026,SYN00698,South,Provider Group C,Medication Adherence,2026-03-01,0,Valid
3027,SYN00704,West,Provider Group A,Diabetes Care,2026-03-01,0,Valid
3028,SYN00704,West,Provider Group A,Follow-Up After Hospitalization,2026-03-01,0,Valid
3029,SYN00705,East,Provider Group B,Medication Adherence,2026-03-01,0,Valid
3030,SYN00707,West,Provider Group A,Breast Cancer Screening,2026-03-01,0,Valid
3031,SYN00707,West,Provider Group A,Controlling Blood Pressure,2026-03-01,0,Valid
3032,SYN00707,West,Provider Group A,Medication Adherence,2026-03-01,0,Valid
3033,SYN00711,North,Provider Group E,Medication Adherence,2026-03-01,0,Valid
3034,SYN00718,South,Provider Group A,Diabetes Care,2026-03-01,0,Valid
3035,SYN00746,South,Provider Group C,Colorectal Cancer Screening,2026-03-01,0,Valid
3036,SYN00746,South,Provider Group C,Diabetes Care,2026-03-01,0,Valid
3037,SYN00762,West,Provider Group A,Colorectal Cancer Screening,2026-03-01,0,Valid
3038,SYN00762,West,Provider Group A,Controlling Blood Pressure,2026-03-01,0,Valid
3039,SYN00762,West,Provider Group A,Diabetes Care,2026-03-01,0,Valid
3040,SYN00771,South,Provider Group A,Diabetes Care,2026-03-01,0,Valid
3041,SYN00777,West,Provider Group B,Colorectal Cancer Screening,2026-03-01,0,Valid
3042,SYN00777,West,Provider Group B,Controlling Blood Pressure,2026-03-01,0,Valid
3043,SYN00777,West,Provider Group B,Medication Adherence,2026-03-01,0,Valid
3044,SYN00783,South,Provider Group C,Medication Adherence,2026-03-01,0,Valid
3045,SYN00787,East,Provider Group B,Colorectal Cancer Screening,2026-03-01,0,Valid
3046,SYN00787,East,Provider Group B,Controlling Blood Pressure,2026-03-01,0,Valid
3047,SYN00787,East,Provider Group B,Diabetes Care,2026-03-01,0,Valid
3048,SYN00788,North,Provider Group E,Colorectal Cancer Screening,2026-03-01,0,Valid
3049,SYN00788,North,Provider Group E,Diabetes Care,2026-03-01,0,Valid
3050,SYN00793,East,Provider Group D,Breast Cancer Screening,2026-03-01,0,Valid
3051,SYN00793,East,Provider Group D,Colorectal Cancer Screening,2026-03-01,0,Valid
3052,SYN00793,East,Provider Group D,Controlling Blood Pressure,2026-03-01,0,Valid
3053,SYN00793,East,Provider Group D,Diabetes Care,2026-03-01,0,Valid
3054,SYN00793,East,Provider Group D,Follow-Up After Hospitalization,2026-03-01,0,Valid
3055,SYN00796,North,Provider Group E,Colorectal Cancer Screening,2026-03-01,0,Valid
3056,SYN00796,North,Provider Group E,Controlling Blood Pressure,2026-03-01,0,Valid
3057,SYN00796,North,Provider Group E,Diabetes Care,2026-03-01,0,Valid
3058,SYN00796,North,Provider Group E,Follow-Up After Hospitalization,2026-03-01,0,Valid
3059,SYN00796,North,Provider Group E,Medication Adherence,2026-03-01,0,Valid
3060,SYN00801,North,Provider Group B,Colorectal Cancer Screening,2026-03-01,0,Valid
3061,SYN00801,North,Provider Group B,Diabetes Care,2026-03-01,0,Valid
3062,,North,Provider Group B,Medication Adherence,2026-03-01,1,Needs Review
3063,SYN00807,West,Provider Group A,Controlling Blood Pressure,2026-03-01,0,Valid
3064,SYN00807,West,Provider Group A,Diabetes Care,2026-03-01,0,Valid
3065,SYN00807,West,Provider Group A,Medication Adherence,2026-03-01,0,Valid
3066,SYN00818,South,Provider Group D,Controlling Blood Pressure,2026-03-01,0,Valid
3067,SYN00818,South,Provider Group D,Follow-Up After Hospitalization,2026-03-01,0,Valid
3068,SYN00819,East,Provider Group C,Breast Cancer Screening,2026-03-01,0,Valid
3069,SYN00819,East,Provider Group C,Colorectal Cancer Screening,2026-03-01,0,Valid
3070,SYN00819,East,Provider Group C,Controlling Blood Pressure,2026-03-01,0,Valid
3071,SYN00819,East,Provider Group C,Diabetes Care,2026-03-01,0,Valid
3072,SYN00819,East,Provider Group C,Medication Adherence,2026-03-01,0,Valid
3073,SYN00824,South,Provider Group A,Colorectal Cancer Screening,2026-03-01,0,Valid
3074,SYN00824,South,Provider Group A,Follow-Up After Hospitalization,2026-03-01,0,Valid
3075,SYN00824,South,Provider Group A,Medication Adherence,2026-03-01,0,Valid
3076,SYN00829,West,Provider Group E,Breast Cancer Screening,2026-03-01,0,Valid
3077,SYN00837,South,Provider Group D,Diabetes Care,2026-03-01,0,Valid
3078,SYN00844,South,Provider Group C,Colorectal Cancer Screening,2026-03-01,0,Valid
3079,SYN00844,South,Provider Group C,Diabetes Care,2026-03-01,0,Valid
3080,SYN00853,North,Provider Group D,Controlling Blood Pressure,2026-03-01,0,Valid
3081,SYN00855,West,Provider Group E,Controlling Blood Pressure,2026-03-01,0,Valid
3082,SYN00855,West,Provider Group E,Diabetes Care,2026-03-01,0,Valid
3083,SYN00855,West,Provider Group E,Medication Adherence,2026-03-01,0,Valid
3084,SYN00868,South,Provider Group A,Colorectal Cancer Screening,2026-03-01,0,Valid
3085,SYN00868,South,Provider Group A,Controlling Blood Pressure,2026-03-01,0,Valid
3086,SYN00868,South,Provider Group A,Medication Adherence,2026-03-01,0,Valid
3087,SYN00869,South,Provider Group D,Breast Cancer Screening,2026-03-01,0,Valid
3088,SYN00869,South,Provider Group D,Controlling Blood Pressure,2026-03-01,0,Valid
3089,SYN00869,South,Provider Group D,Diabetes Care,2026-03-01,0,Valid
3090,SYN00873,South,Provider Group B,Controlling Blood Pressure,2026-03-01,0,Valid
3091,SYN00873,South,Provider Group B,Diabetes Care,2026-03-01,0,Valid
3092,SYN00873,South,Provider Group B,Medication Adherence,2026-03-01,0,Valid
3093,SYN00876,South,Provider Group D,Breast Cancer Screening,2026-03-01,0,Valid
3094,SYN00876,South,Provider Group D,Controlling Blood Pressure,2026-03-01,0,Valid
3095,SYN00876,South,Provider Group D,Diabetes Care,2026-03-01,0,Valid
3096,SYN00889,West,Provider Group B,Colorectal Cancer Screening,2026-03-01,0,Valid
3097,SYN00889,West,Provider Group B,Follow-Up After Hospitalization,2026-03-01,0,Valid
3098,SYN00914,South,Provider Group A,Breast Cancer Screening,2026-03-01,0,Valid
3099,SYN00914,South,Provider Group A,Colorectal Cancer Screening,2026-03-01,0,Valid
3100,SYN00914,South,Provider Group A,Follow-Up After Hospitalization,2026-03-01,0,Valid
3101,SYN00918,West,Provider Group D,Diabetes Care,2026-03-01,0,Valid
3102,SYN00918,West,Provider Group D,Medication Adherence,2026-03-01,0,Valid
3103,SYN00935,South,Provider Group A,Colorectal Cancer Screening,2026-03-01,0,Valid
3104,SYN00935,South,Provider Group A,Controlling Blood Pressure,2026-03-01,0,Valid
3105,SYN00935,South,Provider Group A,Diabetes Care,2026-03-01,0,Valid
3106,SYN00935,South,Provider Group A,Medication Adherence,2026-03-01,0,Valid
3107,SYN00940,West,Provider Group B,Colorectal Cancer Screening,2026-03-01,0,Valid
3108,SYN00940,West,Provider Group B,Controlling Blood Pressure,2026-03-01,0,Valid
3109,SYN00940,West,Provider Group B,Medication Adherence,2026-03-01,0,Valid
3110,SYN00944,West,Provider Group E,Controlling Blood Pressure,2026-03-01,0,Valid
3111,SYN00944,West,Provider Group E,Medication Adherence,2026-03-01,0,Valid
3112,SYN00945,West,Provider Group B,Colorectal Cancer Screening,2026-03-01,0,Valid
3113,SYN00945,West,Provider Group B,Diabetes Care,2026-03-01,0,Valid
3114,SYN00945,West,Provider Group B,Medication Adherence,2026-03-01,0,Valid
3115,SYN00946,South,Provider Group D,Colorectal Cancer Screening,2026-03-01,0,Valid
3116,SYN00946,South,Provider Group D,Controlling Blood Pressure,2026-03-01,0,Valid
3117,SYN00946,South,Provider Group D,Medication Adherence,2026-03-01,0,Valid
3118,SYN00947,North,Provider Group E,Colorectal Cancer Screening,2026-03-01,0,Valid
3119,SYN00947,North,Provider Group E,Controlling Blood Pressure,2026-03-01,0,Valid
3120,SYN00968,South,Provider Group E,Breast Cancer Screening,2026-03-01,0,Valid
3121,SYN00968,South,Provider Group E,Controlling Blood Pressure,2026-03-01,0,Valid
3122,SYN00968,South,Provider Group E,Medication Adherence,2026-03-01,0,Valid
3123,SYN00983,North,Provider Group C,Colorectal Cancer Screening,2026-03-01,0,Valid
3124,SYN00983,North,Provider Group C,Controlling Blood Pressure,2026-03-01,0,Valid
3125,SYN00983,North,Provider Group C,Diabetes Care,2026-03-01,0,Valid
3126,SYN00987,South,Provider Group A,Controlling Blood Pressure,2026-03-01,0,Valid
3127,SYN00987,South,Provider Group A,Diabetes Care,2026-03-01,0,Valid
3128,SYN00987,South,Provider Group A,Follow-Up After Hospitalization,2026-03-01,0,Valid
3129,SYN00988,East,Provider Group B,Colorectal Cancer Screening,2026-03-01,0,Valid
3130,SYN00988,East,Provider Group B,Diabetes Care,2026-03-01,0,Valid
3131,SYN00988,East,Provider Group B,Medication Adherence,2026-03-01,0,Valid
3132,SYN00989,West,Provider Group C,Colorectal Cancer Screening,2026-03-01,0,Valid
3133,SYN00989,West,Provider Group C,Controlling Blood Pressure,2026-03-01,0,Valid
3134,SYN00989,West,Provider Group C,Medication Adherence,2026-03-01,0,Valid
3135,SYN00990,West,Provider Group C,Breast Cancer Screening,2026-03-01,0,Valid
3136,SYN00990,West,Provider Group C,Colorectal Cancer Screening,2026-03-01,0,Valid
3137,SYN00990,West,Provider Group C,Controlling Blood Pressure,2026-03-01,0,Valid
3138,SYN00990,West,Provider Group C,Medication Adherence,2026-03-01,0,Valid
3139,SYN00992,South,Provider Group B,Colorectal Cancer Screening,2026-03-01,0,Valid
3140,SYN00992,South,Provider Group B,Controlling Blood Pressure,2026-03-01,0,Valid
3141,SYN00992,South,Provider Group B,Diabetes Care,2026-03-01,0,Valid
3142,SYN00992,South,Provider Group B,Medication Adherence,2026-03-01,0,Valid
3143,SYN00995,West,Provider Group B,Colorectal Cancer Screening,2026-03-01,0,Valid
3144,SYN00995,West,Provider Group B,Controlling Blood Pressure,2026-03-01,0,Valid
3145,SYN01011,North,Provider Group C,Breast Cancer Screening,2026-03-01,0,Valid
3146,SYN01011,North,Provider Group C,Colorectal Cancer Screening,2026-03-01,0,Valid
3147,SYN01011,North,Provider Group C,Controlling Blood Pressure,2026-03-01,0,Valid
3148,SYN01011,North,Provider Group C,Medication Adherence,2026-03-01,0,Valid
3149,SYN01015,South,Provider Group E,Medication Adherence,2026-03-01,0,Valid
3150,SYN01019,West,Provider Group D,Breast Cancer Screening,2026-03-01,0,Valid
3151,SYN01019,West,Provider Group D,Medication Adherence,2026-03-01,0,Valid
3152,SYN01020,South,Provider Group A,Colorectal Cancer Screening,2026-03-01,0,Valid
3153,SYN01020,South,Provider Group A,Diabetes Care,2026-03-01,0,Valid
3154,SYN01023,South,Provider Group C,Controlling Blood Pressure,2026-03-01,0,Valid
3155,SYN01025,North,Provider Group E,Colorectal Cancer Screening,2026-03-01,0,Valid
3156,SYN01025,North,Provider Group E,Diabetes Care,2026-03-01,0,Valid
3157,SYN01025,North,Provider Group E,Medication Adherence,2026-03-01,0,Valid
3158,SYN01029,South,Provider Group A,Medication Adherence,2026-03-01,0,Valid
3159,SYN01047,West,Provider Group E,Controlling Blood Pressure,2026-03-01,0,Valid
3160,SYN01047,West,Provider Group E,Diabetes Care,2026-03-01,0,Valid
3161,SYN01047,West,Provider Group E,Medication Adherence,2026-03-01,0,Valid
3162,SYN01053,West,Provider Group C,Breast Cancer Screening,2026-03-01,0,Valid
3163,SYN01056,North,Provider Group B,Follow-Up After Hospitalization,2026-03-01,0,Valid
3164,SYN01059,North,Provider Group B,Follow-Up After Hospitalization,2026-03-01,0,Valid
3165,SYN01059,North,Provider Group B,Medication Adherence,2026-03-01,0,Valid
3166,SYN01063,East,Provider Group A,Controlling Blood Pressure,2026-03-01,0,Valid
3167,SYN01063,East,Provider Group A,Medication Adherence,2026-03-01,0,Valid
3168,SYN01079,East,Provider Group B,Colorectal Cancer Screening,2026-03-01,0,Valid
3169,SYN01079,East,Provider Group B,Diabetes Care,2026-03-01,0,Valid
3170,SYN01079,East,Provider Group B,Follow-Up After Hospitalization,2026-03-01,0,Valid
3171,SYN01085,North,Provider Group B,Breast Cancer Screening,2026-03-01,0,Valid
3172,SYN01085,North,Provider Group B,Colorectal Cancer Screening,2026-03-01,0,Valid
3173,SYN01085,North,Provider Group B,Controlling Blood Pressure,2026-03-01,0,Valid
3174,SYN01085,North,Provider Group B,Medication Adherence,2026-03-01,0,Valid
3175,SYN01087,North,Provider Group A,Breast Cancer Screening,2026-03-01,0,Valid
3176,SYN01087,North,Provider Group A,Controlling Blood Pressure,2026-03-01,0,Valid
3177,SYN01087,North,Provider Group A,Diabetes Care,2026-03-01,0,Valid
3178,SYN01087,North,Provider Group A,Medication Adherence,2026-03-01,0,Valid
3179,SYN01089,South,Provider Group E,Breast Cancer Screening,2026-03-01,0,Valid
3180,SYN01089,South,Provider Group E,Diabetes Care,2026-03-01,0,Valid
3181,SYN01089,South,Provider Group E,Medication Adherence,2026-03-01,0,Valid
3182,SYN01090,East,Provider Group C,Colorectal Cancer Screening,2026-03-01,0,Valid
3183,SYN01090,East,Provider Group C,Controlling Blood Pressure,2026-03-01,0,Valid
3184,SYN01090,East,Provider Group C,Medication Adherence,2026-03-01,0,Valid
3185,SYN01094,North,Provider Group B,Colorectal Cancer Screening,2026-03-01,0,Valid
3186,SYN01094,North,Provider Group B,Controlling Blood Pressure,2026-03-01,0,Valid
3187,SYN01094,North,Provider Group B,Diabetes Care,2026-03-01,0,Valid
3188,SYN01094,North,Provider Group B,Follow-Up After Hospitalization,2026-03-01,0,Valid
3189,SYN01095,East,Provider Group D,Colorectal Cancer Screening,2026-03-01,0,Valid
3190,SYN01095,East,Provider Group D,Controlling Blood Pressure,2026-03-01,0,Valid
3191,SYN01095,East,Provider Group D,Diabetes Care,2026-03-01,0,Valid
3192,SYN01095,East,Provider Group D,Follow-Up After Hospitalization,2026-03-01,0,Valid
3193,SYN01095,East,Provider Group D,Medication Adherence,2026-03-01,0,Valid
3194,SYN01097,West,Provider Group E,Breast Cancer Screening,2026-03-01,0,Valid
3195,SYN01097,West,Provider Group E,Colorectal Cancer Screening,2026-03-01,0,Valid
3196,SYN01097,West,Provider Group E,Controlling Blood Pressure,2026-03-01,0,Valid
3197,SYN01097,West,Provider Group E,Medication Adherence,2026-03-01,0,Valid
3198,SYN01099,North,Provider Group B,Medication Adherence,2026-03-01,0,Valid
3199,SYN01104,South,Provider Group E,Breast Cancer Screening,2026-03-01,0,Valid
3200,SYN01104,South,Provider Group E,Colorectal Cancer Screening,2026-03-01,0,Valid
3201,SYN01104,South,Provider Group E,Diabetes Care,2026-03-01,0,Valid
3202,SYN01104,South,Provider Group E,Medication Adherence,2026-03-01,0,Valid
3203,SYN01110,South,Provider Group C,Colorectal Cancer Screening,2026-03-01,0,Valid
3204,SYN01110,South,Provider Group C,Controlling Blood Pressure,2026-03-01,0,Valid
3205,SYN01111,West,Provider Group B,Breast Cancer Screening,2026-03-01,0,Valid
3206,SYN01111,West,Provider Group B,Diabetes Care,2026-03-01,0,Valid
3207,SYN01115,East,Provider Group C,Breast Cancer Screening,2026-03-01,0,Valid
3208,SYN01115,East,Provider Group C,Medication Adherence,2026-03-01,0,Valid
3209,SYN01128,East,Provider Group E,Colorectal Cancer Screening,2026-03-01,0,Valid
3210,SYN01128,East,Provider Group E,Controlling Blood Pressure,2026-03-01,0,Valid
3211,SYN01128,East,Provider Group E,Medication Adherence,2026-03-01,0,Valid
3212,SYN01148,West,Provider Group C,Colorectal Cancer Screening,2026-03-01,0,Valid
3213,SYN01148,West,Provider Group C,Controlling Blood Pressure,2026-03-01,0,Valid
3214,SYN01148,West,Provider Group C,Medication Adherence,2026-03-01,0,Valid
3215,SYN01161,South,Provider Group C,Colorectal Cancer Screening,2026-03-01,0,Valid
3216,SYN01161,South,Provider Group C,Medication Adherence,2026-03-01,0,Valid
3217,SYN01173,West,Provider Group B,Breast Cancer Screening,2026-03-01,0,Valid
3218,SYN01173,West,Provider Group B,Diabetes Care,2026-03-01,0,Valid
3219,SYN01178,South,Provider Group E,Colorectal Cancer Screening,2026-03-01,0,Valid
3220,SYN01178,South,Provider Group E,Follow-Up After Hospitalization,2026-03-01,0,Valid
3221,SYN01178,South,Provider Group E,Medication Adherence,2026-03-01,0,Valid
3222,SYN01181,South,Provider Group A,Diabetes Care,2026-03-01,0,Valid
3223,SYN01181,South,Provider Group A,Medication Adherence,2026-03-01,0,Valid
3224,SYN01186,South,Provider Group D,Colorectal Cancer Screening,2026-03-01,0,Valid
3225,SYN01186,South,Provider Group D,Controlling Blood Pressure,2026-03-01,0,Valid
3226,SYN01186,South,Provider Group D,Follow-Up After Hospitalization,2026-03-01,0,Valid
3227,SYN01215,East,Provider Group E,Breast Cancer Screening,2026-03-01,0,Valid
3228,SYN01215,East,Provider Group E,Colorectal Cancer Screening,2026-03-01,0,Valid
3229,SYN01215,East,Provider Group E,Controlling Blood Pressure,2026-03-01,0,Valid
3230,SYN01215,East,Provider Group E,Diabetes Care,2026-03-01,0,Valid
3231,SYN01215,East,Provider Group E,Follow-Up After Hospitalization,2026-03-01,0,Valid
3232,SYN01224,East,Provider Group B,Breast Cancer Screening,2026-03-01,0,Valid
3233,SYN01224,East,Provider Group B,Colorectal Cancer Screening,2026-03-01,0,Valid
3234,SYN01224,East,Provider Group B,Controlling Blood Pressure,2026-03-01,0,Valid
3235,SYN01224,East,Provider Group B,Medication Adherence,2026-03-01,0,Valid
3236,SYN01254,South,Provider Group A,Colorectal Cancer Screening,2026-03-01,0,Valid
3237,SYN01254,South,Provider Group A,Diabetes Care,2026-03-01,0,Valid
3238,SYN01254,South,Provider Group A,Follow-Up After Hospitalization,2026-03-01,0,Valid
3239,SYN01254,South,Provider Group A,Medication Adherence,2026-03-01,0,Valid
3240,SYN01256,North,Provider Group C,Colorectal Cancer Screening,2026-03-01,0,Valid
3241,SYN01256,North,Provider Group C,Diabetes Care,2026-03-01,0,Valid
3242,SYN01257,West,Provider Group B,Breast Cancer Screening,2026-03-01,0,Valid
3243,SYN01257,West,Provider Group B,Colorectal Cancer Screening,2026-03-01,0,Valid
3244,SYN01257,West,Provider Group B,Controlling Blood Pressure,2026-03-01,0,Valid
3245,SYN01257,West,Provider Group B,Follow-Up After Hospitalization,2026-03-01,0,Valid
3246,SYN01261,North,Provider Group C,Controlling Blood Pressure,2026-03-01,0,Valid
3247,SYN01261,North,Provider Group C,Medication Adherence,2026-03-01,0,Valid
3248,SYN01263,South,Provider Group A,Colorectal Cancer Screening,2026-03-01,0,Valid
3249,SYN01263,South,Provider Group A,Controlling Blood Pressure,2026-03-01,0,Valid
3250,SYN01263,South,Provider Group A,Follow-Up After Hospitalization,2026-03-01,0,Valid
3251,SYN01263,South,Provider Group A,Medication Adherence,2026-03-01,0,Valid
3252,SYN01266,North,Provider Group A,Colorectal Cancer Screening,2026-03-01,0,Valid
3253,SYN01266,North,Provider Group A,Medication Adherence,2026-03-01,0,Valid
3254,SYN01267,West,Provider Group C,Breast Cancer Screening,2026-03-01,0,Valid
3255,SYN01267,West,Provider Group C,Colorectal Cancer Screening,2026-03-01,0,Valid
3256,SYN01267,West,Provider Group C,Medication Adherence,2026-03-01,0,Valid
3257,SYN01270,North,Provider Group B,Breast Cancer Screening,2026-03-01,0,Valid
3258,SYN01304,South,Provider Group D,Colorectal Cancer Screening,2026-03-01,0,Valid
3259,SYN01304,South,Provider Group D,Controlling Blood Pressure,2026-03-01,0,Valid
3260,SYN01304,South,Provider Group D,Follow-Up After Hospitalization,2026-03-01,0,Valid
3261,SYN01313,North,Provider Group A,Diabetes Care,2026-03-01,0,Valid
3262,SYN01319,East,Provider Group A,Breast Cancer Screening,2026-03-01,0,Valid
3263,SYN01319,East,Provider Group A,Controlling Blood Pressure,2026-03-01,0,Valid
3264,SYN01319,East,Provider Group A,Medication Adherence,2026-03-01,0,Valid
3265,SYN01325,North,Provider Group A,Breast Cancer Screening,2026-03-01,0,Valid
3266,SYN01325,North,Provider Group A,Medication Adherence,2026-03-01,0,Valid
3267,SYN01332,South,Provider Group C,Breast Cancer Screening,2026-03-01,0,Valid
3268,SYN01332,South,Provider Group C,Colorectal Cancer Screening,2026-03-01,0,Valid
3269,SYN01332,South,Provider Group C,Medication Adherence,2026-03-01,0,Valid
3270,SYN01336,West,Provider Group A,Controlling Blood Pressure,2026-03-01,0,Valid
3271,SYN01342,East,Provider Group B,Colorectal Cancer Screening,2026-03-01,0,Valid
3272,SYN01342,East,Provider Group B,Controlling Blood Pressure,2026-03-01,0,Valid
3273,SYN01346,South,Provider Group B,Breast Cancer Screening,2026-03-01,0,Valid
3274,SYN01346,South,Provider Group B,Colorectal Cancer Screening,2026-03-01,0,Valid
3275,SYN01346,South,Provider Group B,Follow-Up After Hospitalization,2026-03-01,0,Valid
3276,SYN01347,North,Provider Group A,Colorectal Cancer Screening,2026-03-01,0,Valid
3277,SYN01347,North,Provider Group A,Controlling Blood Pressure,2026-03-01,0,Valid
3278,SYN01352,South,Provider Group C,Breast Cancer Screening,2026-03-01,0,Valid
3279,SYN01352,South,Provider Group C,Controlling Blood Pressure,2026-03-01,0,Valid
3280,SYN01352,South,Provider Group C,Medication Adherence,2026-03-01,0,Valid
3281,SYN01361,North,Provider Group A,Breast Cancer Screening,2026-03-01,0,Valid
3282,SYN01361,North,Provider Group A,Colorectal Cancer Screening,2026-03-01,0,Valid
3283,SYN01364,West,Provider Group D,Breast Cancer Screening,2026-03-01,0,Valid
3284,SYN01364,West,Provider Group D,Colorectal Cancer Screening,2026-03-01,0,Valid
3285,SYN01369,South,Provider Group C,Breast Cancer Screening,2026-03-01,0,Valid
3286,SYN01369,South,Provider Group C,Follow-Up After Hospitalization,2026-03-01,0,Valid
3287,SYN01381,West,Provider Group B,Colorectal Cancer Screening,2026-03-01,0,Valid
3288,SYN01381,West,Provider Group B,Controlling Blood Pressure,2026-03-01,0,Valid
3289,SYN01381,West,Provider Group B,Follow-Up After Hospitalization,2026-03-01,0,Valid
3290,SYN01389,South,Provider Group C,Diabetes Care,2026-03-01,0,Valid
3291,SYN01389,South,Provider Group C,Medication Adherence,2026-03-01,0,Valid
3292,SYN01396,South,Provider Group D,Controlling Blood Pressure,2026-03-01,0,Valid
3293,SYN01403,West,Provider Group A,Breast Cancer Screening,2026-03-01,0,Valid
3294,SYN01403,West,Provider Group A,Colorectal Cancer Screening,2026-03-01,0,Valid
3295,SYN01403,West,Provider Group A,Controlling Blood Pressure,2026-03-01,0,Valid
3296,SYN01403,West,Provider Group A,Diabetes Care,2026-03-01,0,Valid
3297,SYN01403,West,Provider Group A,Medication Adherence,2026-03-01,0,Valid
3298,SYN01407,West,Provider Group B,Breast Cancer Screening,2026-03-01,0,Valid
3299,SYN01412,West,Provider Group D,Follow-Up After Hospitalization,2026-03-01,0,Valid
3300,SYN01412,West,Provider Group D,Medication Adherence,2026-03-01,0,Valid
3301,SYN01413,South,Provider Group C,Medication Adherence,2026-03-01,0,Valid
3302,SYN01419,South,Provider Group E,Breast Cancer Screening,2026-03-01,0,Valid
3303,SYN01419,South,Provider Group E,Colorectal Cancer Screening,2026-03-01,0,Valid
3304,SYN01419,South,Provider Group E,Controlling Blood Pressure,2026-03-01,0,Valid
3305,SYN01419,South,Provider Group E,Diabetes Care,2026-03-01,0,Valid
3306,SYN01423,West,Provider Group B,Medication Adherence,2026-03-01,0,Valid
3307,SYN01424,East,Provider Group C,Breast Cancer Screening,2026-03-01,0,Valid
3308,SYN01424,East,Provider Group C,Colorectal Cancer Screening,2026-03-01,0,Valid
3309,SYN01424,East,Provider Group C,Diabetes Care,2026-03-01,0,Valid
3310,SYN01424,East,Provider Group C,Follow-Up After Hospitalization,2026-03-01,0,Valid
3311,SYN01430,South,Provider Group D,Controlling Blood Pressure,2026-03-01,0,Valid
3312,SYN01430,South,Provider Group D,Medication Adherence,2026-03-01,0,Valid
3313,SYN01437,West,Provider Group D,Colorectal Cancer Screening,2026-03-01,0,Valid
3314,SYN01444,South,Provider Group B,Colorectal Cancer Screening,2026-03-01,0,Valid
3315,SYN01444,South,Provider Group B,Controlling Blood Pressure,2026-03-01,0,Valid
3316,SYN01444,South,Provider Group B,Diabetes Care,2026-03-01,0,Valid
3317,SYN01454,East,Provider Group A,Colorectal Cancer Screening,2026-03-01,0,Valid
3318,SYN01454,East,Provider Group A,Controlling Blood Pressure,2026-03-01,0,Valid
3319,SYN01454,East,Provider Group A,Diabetes Care,2026-03-01,0,Valid
3320,SYN01454,East,Provider Group A,Follow-Up After Hospitalization,2026-03-01,0,Valid
3321,SYN01454,East,Provider Group A,Medication Adherence,2026-03-01,0,Valid
3322,SYN01459,North,Provider Group B,Breast Cancer Screening,2026-03-01,0,Valid
3323,SYN01459,North,Provider Group B,Follow-Up After Hospitalization,2026-03-01,0,Valid
3324,SYN01461,East,Provider Group E,Colorectal Cancer Screening,2026-03-01,0,Valid
3325,SYN01461,East,Provider Group E,Diabetes Care,2026-03-01,0,Valid
3326,SYN01471,South,Provider Group B,Controlling Blood Pressure,2026-03-01,0,Valid
3327,SYN01471,South,Provider Group B,Medication Adherence,2026-03-01,0,Valid
3328,SYN01472,North,Provider Group A,Breast Cancer Screening,2026-03-01,0,Valid
3329,SYN01472,North,Provider Group A,Colorectal Cancer Screening,2026-03-01,0,Valid
3330,SYN01472,North,Provider Group A,Follow-Up After Hospitalization,2026-03-01,0,Valid
3331,SYN01484,South,Provider Group B,Colorectal Cancer Screening,2026-03-01,0,Valid
3332,SYN01484,South,Provider Group B,Controlling Blood Pressure,2026-03-01,0,Valid
3333,SYN01484,South,Provider Group B,Medication Adherence,2026-03-01,0,Valid
3334,SYN01493,West,Provider Group D,Colorectal Cancer Screening,2026-03-01,0,Valid
3335,SYN01493,West,Provider Group D,Follow-Up After Hospitalization,2026-03-01,0,Valid
3336,SYN01493,West,Provider Group D,Medication Adherence,2026-03-01,0,Valid
3337,SYN01496,West,Provider Group B,Diabetes Care,2026-03-01,0,Valid
3338,SYN01496,West,Provider Group B,Medication Adherence,2026-03-01,0,Valid
3339,SYN01497,South,Provider Group C,Diabetes Care,2026-03-01,0,Valid
3340,SYN01497,South,Provider Group C,Medication Adherence,2026-03-01,0,Valid
3341,SYN01501,West,Provider Group E,Colorectal Cancer Screening,2026-03-01,0,Valid
3342,SYN01501,West,Provider Group E,Diabetes Care,2026-03-01,0,Valid
3343,SYN01501,West,Provider Group E,Medication Adherence,2026-03-01,0,Valid
3344,SYN01507,North,Provider Group B,Colorectal Cancer Screening,2026-03-01,0,Valid
3345,SYN01507,North,Provider Group B,Controlling Blood Pressure,2026-03-01,0,Valid
3346,SYN01512,South,Provider Group C,Colorectal Cancer Screening,2026-03-01,0,Valid
3347,SYN01512,South,Provider Group C,Controlling Blood Pressure,2026-03-01,0,Valid
3348,SYN01512,South,Provider Group C,Medication Adherence,2026-03-01,0,Valid
3349,SYN01514,East,Provider Group B,Colorectal Cancer Screening,2026-03-01,0,Valid
3350,SYN01525,South,Provider Group A,Diabetes Care,2026-03-01,0,Valid
3351,SYN01525,South,Provider Group A,Follow-Up After Hospitalization,2026-03-01,0,Valid
3352,SYN01534,East,Provider Group C,Breast Cancer Screening,2026-03-01,0,Valid
3353,SYN01534,East,Provider Group C,Colorectal Cancer Screening,2026-03-01,0,Valid
3354,SYN01534,East,Provider Group C,Diabetes Care,2026-03-01,0,Valid
3355,SYN01534,East,Provider Group C,Follow-Up After Hospitalization,2026-03-01,0,Valid
3356,SYN01536,North,Provider Group C,Diabetes Care,2026-03-01,0,Valid
3357,SYN01536,North,Provider Group C,Follow-Up After Hospitalization,2026-03-01,0,Valid
3358,SYN01536,North,Provider Group C,Medication Adherence,2026-03-01,0,Valid
3359,SYN01541,East,Provider Group E,Colorectal Cancer Screening,2026-03-01,0,Valid
3360,SYN01541,East,Provider Group E,Follow-Up After Hospitalization,2026-03-01,0,Valid
3361,SYN01552,East,Provider Group A,Breast Cancer Screening,2026-03-01,0,Valid
3362,SYN01552,East,Provider Group A,Colorectal Cancer Screening,2026-03-01,0,Valid
3363,SYN01552,East,Provider Group A,Follow-Up After Hospitalization,2026-03-01,0,Valid
3364,SYN01552,East,Provider Group A,Medication Adherence,2026-03-01,0,Valid
3365,SYN01556,South,Provider Group D,Colorectal Cancer Screening,2026-03-01,0,Valid
3366,SYN01557,North,Provider Group D,Breast Cancer Screening,2026-03-01,0,Valid
3367,SYN01557,North,Provider Group D,Colorectal Cancer Screening,2026-03-01,0,Valid
3368,SYN01557,North,Provider Group D,Controlling Blood Pressure,2026-03-01,0,Valid
3369,SYN01557,North,Provider Group D,Diabetes Care,2026-03-01,0,Valid
3370,SYN01557,North,Provider Group D,Medication Adherence,2026-03-01,0,Valid
3371,SYN01571,South,Provider Group E,Controlling Blood Pressure,2026-03-01,0,Valid
3372,SYN01573,North,Provider Group D,Follow-Up After Hospitalization,2026-03-01,0,Valid
3373,SYN01573,North,Provider Group D,Medication Adherence,2026-03-01,0,Valid
3374,SYN01576,East,Provider Group D,Breast Cancer Screening,2026-03-01,0,Valid
3375,SYN01576,East,Provider Group D,Colorectal Cancer Screening,2026-03-01,0,Valid
3376,SYN01576,East,Provider Group D,Controlling Blood Pressure,2026-03-01,0,Valid
3377,SYN01576,East,Provider Group D,Medication Adherence,2026-03-01,0,Valid
3378,SYN01577,South,Provider Group A,Controlling Blood Pressure,2026-03-01,0,Valid
3379,SYN01577,South,Provider Group A,Medication Adherence,2026-03-01,0,Valid
3380,SYN01578,South,Provider Group A,Diabetes Care,2026-03-01,0,Valid
3381,SYN01580,North,Provider Group B,Controlling Blood Pressure,2026-03-01,0,Valid
3382,SYN01585,West,Provider Group D,Breast Cancer Screening,2026-03-01,0,Valid
3383,SYN01585,West,Provider Group D,Diabetes Care,2026-03-01,0,Valid
3384,SYN01585,West,Provider Group D,Medication Adherence,2026-03-01,0,Valid
3385,SYN01599,South,Provider Group A,Colorectal Cancer Screening,2026-03-01,0,Valid
3386,SYN01599,South,Provider Group A,Medication Adherence,2026-03-01,0,Valid
3387,SYN01601,North,Provider Group A,Breast Cancer Screening,2026-03-01,0,Valid
3388,SYN01601,North,Provider Group A,Colorectal Cancer Screening,2026-03-01,0,Valid
3389,SYN01601,North,Provider Group A,Controlling Blood Pressure,2026-03-01,0,Valid
3390,SYN01601,North,Provider Group A,Medication Adherence,2026-03-01,0,Valid
3391,SYN01603,East,Provider Group A,Breast Cancer Screening,2026-03-01,0,Valid
3392,SYN01603,East,Provider Group A,Colorectal Cancer Screening,2026-03-01,0,Valid
3393,SYN01603,East,Provider Group A,Follow-Up After Hospitalization,2026-03-01,0,Valid
3394,SYN01603,East,Provider Group A,Medication Adherence,2026-03-01,0,Valid
3395,SYN01605,East,Provider Group A,Diabetes Care,2026-03-01,0,Valid
3396,SYN01606,South,Provider Group B,Controlling Blood Pressure,2026-03-01,0,Valid
3397,SYN01606,South,Provider Group B,Diabetes Care,2026-03-01,0,Valid
3398,SYN01621,West,Provider Group D,Breast Cancer Screening,2026-03-01,0,Valid
3399,SYN01621,West,Provider Group D,Colorectal Cancer Screening,2026-03-01,0,Valid
3400,SYN01621,West,Provider Group D,Controlling Blood Pressure,2026-03-01,0,Valid
3401,SYN01621,West,Provider Group D,Follow-Up After Hospitalization,2026-03-01,0,Valid
3402,SYN01630,South,Provider Group C,Breast Cancer Screening,2026-03-01,0,Valid
3403,SYN01630,South,Provider Group C,Colorectal Cancer Screening,2026-03-01,0,Valid
3404,SYN01630,South,Provider Group C,Controlling Blood Pressure,2026-03-01,0,Valid
3405,SYN01630,South,Provider Group C,Diabetes Care,2026-03-01,0,Valid
3406,SYN01630,South,Provider Group C,Medication Adherence,2026-03-01,0,Valid
3407,SYN01632,North,Provider Group A,Breast Cancer Screening,2026-03-01,0,Valid
3408,SYN01632,North,Provider Group A,Colorectal Cancer Screening,2026-03-01,0,Valid
3409,SYN01632,North,Provider Group A,Diabetes Care,2026-03-01,0,Valid
3410,SYN01632,North,Provider Group A,Medication Adherence,2026-03-01,0,Valid
3411,SYN01636,East,Provider Group A,Breast Cancer Screening,2026-03-01,0,Valid
3412,SYN01636,East,Provider Group A,Colorectal Cancer Screening,2026-03-01,0,Valid
3413,SYN01638,West,Provider Group C,Colorectal Cancer Screening,2026-03-01,0,Valid
3414,SYN01638,West,Provider Group C,Diabetes Care,2026-03-01,0,Valid
3415,SYN01638,West,Provider Group C,Follow-Up After Hospitalization,2026-03-01,0,Valid
3416,SYN01645,South,Provider Group B,Controlling Blood Pressure,2026-03-01,0,Valid
3417,SYN01652,East,Provider Group C,Breast Cancer Screening,2026-03-01,0,Valid
3418,SYN01652,East,Provider Group C,Colorectal Cancer Screening,2026-03-01,0,Valid
3419,SYN01652,East,Provider Group C,Controlling Blood Pressure,2026-03-01,0,Valid
3420,SYN01652,East,Provider Group C,Follow-Up After Hospitalization,2026-03-01,0,Valid
3421,SYN01673,South,Provider Group D,Follow-Up After Hospitalization,2026-03-01,0,Valid
3422,SYN01673,South,Provider Group D,Medication Adherence,2026-03-01,0,Valid
3423,SYN01676,North,Provider Group C,Colorectal Cancer Screening,2026-03-01,0,Valid
3424,SYN01676,North,Provider Group C,Controlling Blood Pressure,2026-03-01,0,Valid
3425,SYN01677,North,Provider Group B,Colorectal Cancer Screening,2026-03-01,0,Valid
3426,SYN01677,North,Provider Group B,Controlling Blood Pressure,2026-03-01,0,Valid
3427,SYN01677,North,Provider Group B,Medication Adherence,2026-03-01,0,Valid
3428,SYN01682,North,Provider Group B,Colorectal Cancer Screening,2026-03-01,0,Valid
3429,SYN01682,North,Provider Group B,Controlling Blood Pressure,2026-03-01,0,Valid
3430,SYN01682,North,Provider Group B,Follow-Up After Hospitalization,2026-03-01,0,Valid
3431,SYN01682,North,Provider Group B,Medication Adherence,2026-03-01,0,Valid
3432,SYN01689,North,Provider Group C,Breast Cancer Screening,2026-03-01,0,Valid
3433,SYN01689,North,Provider Group C,Colorectal Cancer Screening,2026-03-01,0,Valid
3434,SYN01689,North,Provider Group C,Diabetes Care,2026-03-01,0,Valid
3435,SYN01689,North,Provider Group C,Follow-Up After Hospitalization,2026-03-01,0,Valid
3436,SYN01697,South,Provider Group C,Breast Cancer Screening,2026-03-01,0,Valid
3437,SYN01697,South,Provider Group C,Colorectal Cancer Screening,2026-03-01,0,Valid
3438,SYN01697,South,Provider Group C,Controlling Blood Pressure,2026-03-01,0,Valid
3439,SYN01697,South,Provider Group C,Follow-Up After Hospitalization,2026-03-01,0,Valid
3440,SYN01701,South,Provider Group A,Colorectal Cancer Screening,2026-03-01,0,Valid
3441,SYN01701,South,Provider Group A,Controlling Blood Pressure,2026-03-01,0,Valid
3442,SYN01701,South,Provider Group A,Diabetes Care,2026-03-01,0,Valid
3443,SYN01707,West,Provider Group A,Controlling Blood Pressure,2026-03-01,0,Valid
3444,SYN01718,South,Provider Group E,Controlling Blood Pressure,2026-03-01,0,Valid
3445,SYN01718,South,Provider Group E,Medication Adherence,2026-03-01,0,Valid
3446,SYN01720,West,Provider Group D,Breast Cancer Screening,2026-03-01,0,Valid
3447,SYN01720,West,Provider Group D,Colorectal Cancer Screening,2026-03-01,0,Valid
3448,SYN01720,West,Provider Group D,Medication Adherence,2026-03-01,0,Valid
3449,SYN01727,North,Provider Group D,Colorectal Cancer Screening,2026-03-01,0,Valid
3450,SYN01736,West,Provider Group B,Diabetes Care,2026-03-01,0,Valid
3451,SYN01755,East,Provider Group D,Colorectal Cancer Screening,2026-03-01,0,Valid
3452,SYN01755,East,Provider Group D,Controlling Blood Pressure,2026-03-01,0,Valid
3453,SYN01755,East,Provider Group D,Diabetes Care,2026-03-01,0,Valid
3454,SYN01789,East,Provider Group B,Diabetes Care,2026-03-01,0,Valid
3455,SYN01789,East,Provider Group B,Follow-Up After Hospitalization,2026-03-01,0,Valid
3456,SYN01796,West,Provider Group D,Controlling Blood Pressure,2026-03-01,0,Valid
3457,SYN01796,West,Provider Group D,Follow-Up After Hospitalization,2026-03-01,0,Valid
3458,SYN01803,South,Provider Group A,Controlling Blood Pressure,2026-03-01,0,Valid
3459,SYN01803,South,Provider Group A,Diabetes Care,2026-03-01,0,Valid
3460,SYN01805,West,Provider Group E,Breast Cancer Screening,2026-03-01,0,Valid
3461,SYN01805,West,Provider Group E,Diabetes Care,2026-03-01,0,Valid
3462,SYN01805,West,Provider Group E,Follow-Up After Hospitalization,2026-03-01,0,Valid
3463,SYN01810,West,Provider Group A,Colorectal Cancer Screening,2026-03-01,0,Valid
3464,SYN01810,West,Provider Group A,Medication Adherence,2026-03-01,0,Valid
3465,SYN01811,North,Provider Group D,Colorectal Cancer Screening,2026-03-01,0,Valid
3466,SYN01811,North,Provider Group D,Medication Adherence,2026-03-01,0,Valid
3467,SYN01819,East,Provider Group C,Breast Cancer Screening,2026-03-01,0,Valid
3468,SYN01819,East,Provider Group C,Colorectal Cancer Screening,2026-03-01,0,Valid
3469,SYN01819,East,Provider Group C,Diabetes Care,2026-03-01,0,Valid
3470,SYN01820,South,Provider Group E,Medication Adherence,2026-03-01,0,Valid
3471,SYN01822,West,Provider Group B,Colorectal Cancer Screening,2026-03-01,0,Valid
3472,SYN01822,West,Provider Group B,Controlling Blood Pressure,2026-03-01,0,Valid
3473,SYN01822,West,Provider Group B,Diabetes Care,2026-03-01,0,Valid
3474,SYN01823,North,Provider Group B,Breast Cancer Screening,2026-03-01,0,Valid
3475,SYN01823,North,Provider Group B,Controlling Blood Pressure,2026-03-01,0,Valid
3476,SYN01829,West,Provider Group B,Breast Cancer Screening,2026-03-01,0,Valid
3477,SYN01829,West,Provider Group B,Colorectal Cancer Screening,2026-03-01,0,Valid
3478,SYN01840,North,Provider Group C,Breast Cancer Screening,2026-03-01,0,Valid
3479,SYN01840,North,Provider Group C,Diabetes Care,2026-03-01,0,Valid
3480,SYN01840,North,Provider Group C,Medication Adherence,2026-03-01,0,Valid
3481,SYN01848,South,Provider Group C,Breast Cancer Screening,2026-03-01,0,Valid
3482,SYN01848,South,Provider Group C,Colorectal Cancer Screening,2026-03-01,0,Valid
3483,SYN01848,South,Provider Group C,Medication Adherence,2026-03-01,0,Valid
3484,SYN01854,West,Provider Group C,Colorectal Cancer Screening,2026-03-01,0,Valid
3485,SYN01854,West,Provider Group C,Controlling Blood Pressure,2026-03-01,0,Valid
3486,SYN01854,West,Provider Group C,Diabetes Care,2026-03-01,0,Valid
3487,SYN01854,West,Provider Group C,Medication Adherence,2026-03-01,0,Valid
3488,SYN01859,West,Provider Group B,Breast Cancer Screening,2026-03-01,0,Valid
3489,SYN01859,West,Provider Group B,Diabetes Care,2026-03-01,0,Valid
3490,SYN01859,West,Provider Group B,Medication Adherence,2026-03-01,0,Valid
3491,SYN01867,North,Provider Group E,Breast Cancer Screening,2026-03-01,0,Valid
3492,SYN01869,East,Provider Group E,Colorectal Cancer Screening,2026-03-01,0,Valid
3493,SYN01869,East,Provider Group E,Controlling Blood Pressure,2026-03-01,0,Valid
3494,SYN01869,East,Provider Group E,Diabetes Care,2026-03-01,0,Valid
3495,SYN01869,East,Provider Group E,Follow-Up After Hospitalization,2026-03-01,0,Valid
3496,SYN01869,East,Provider Group E,Medication Adherence,2026-03-01,0,Valid
3497,SYN01878,East,Provider Group B,Breast Cancer Screening,2026-03-01,0,Valid
3498,SYN01878,East,Provider Group B,Diabetes Care,2026-03-01,0,Valid
3499,SYN01878,East,Provider Group B,Medication Adherence,2026-03-01,0,Valid
3500,SYN01898,West,Provider Group C,Colorectal Cancer Screening,2026-03-01,0,Valid
3501,SYN01898,West,Provider Group C,Diabetes Care,2026-03-01,0,Valid
3502,SYN01898,West,Provider Group C,Follow-Up After Hospitalization,2026-03-01,0,Valid
3503,SYN01898,West,Provider Group C,Medication Adherence,2026-03-01,0,Valid
3504,SYN01910,East,Provider Group C,Colorectal Cancer Screening,2026-03-01,0,Valid
3505,SYN01910,East,Provider Group C,Controlling Blood Pressure,2026-03-01,0,Valid
3506,SYN01910,East,Provider Group C,Diabetes Care,2026-03-01,0,Valid
3507,SYN01919,West,Provider Group B,Controlling Blood Pressure,2026-03-01,0,Valid
3508,SYN01919,West,Provider Group B,Medication Adherence,2026-03-01,0,Valid
3509,SYN01929,South,Provider Group D,Controlling Blood Pressure,2026-03-01,0,Valid
3510,SYN01929,South,Provider Group D,Diabetes Care,2026-03-01,0,Valid
3511,SYN01937,South,Provider Group E,Diabetes Care,2026-03-01,0,Valid
3512,SYN01937,South,Provider Group E,Medication Adherence,2026-03-01,0,Valid
3513,SYN01950,South,Provider Group C,Controlling Blood Pressure,2026-03-01,0,Valid
3514,SYN01950,South,Provider Group C,Diabetes Care,2026-03-01,0,Valid
3515,SYN01961,East,Provider Group B,Breast Cancer Screening,2026-03-01,0,Valid
3516,SYN01961,East,Provider Group B,Controlling Blood Pressure,2026-03-01,0,Valid
3517,SYN01961,East,Provider Group B,Medication Adherence,2026-03-01,0,Valid
3518,SYN01963,South,Provider Group E,Controlling Blood Pressure,2026-03-01,0,Valid
3519,SYN01963,South,Provider Group E,Follow-Up After Hospitalization,2026-03-01,0,Valid
3520,SYN01969,West,Provider Group C,Diabetes Care,2026-03-01,0,Valid
3521,SYN01973,West,Provider Group B,Colorectal Cancer Screening,2026-03-01,0,Valid
3522,SYN01973,West,Provider Group B,Controlling Blood Pressure,2026-03-01,0,Valid
3523,SYN01973,West,Provider Group B,Follow-Up After Hospitalization,2026-03-01,0,Valid
3524,SYN01984,West,Provider Group B,Colorectal Cancer Screening,2026-03-01,0,Valid
3525,SYN01984,West,Provider Group B,Controlling Blood Pressure,2026-03-01,0,Valid
3526,SYN01984,West,Provider Group B,Medication Adherence,2026-03-01,0,Valid
3527,SYN01985,East,Provider Group E,Breast Cancer Screening,2026-03-01,0,Valid
3528,SYN01985,East,Provider Group E,Controlling Blood Pressure,2026-03-01,0,Valid
3529,SYN02001,North,Provider Group A,Diabetes Care,2026-03-01,0,Valid
3530,SYN02010,North,Provider Group B,Colorectal Cancer Screening,2026-03-01,0,Valid
3531,SYN02010,North,Provider Group B,Controlling Blood Pressure,2026-03-01,0,Valid
3532,SYN02017,North,Provider Group E,Diabetes Care,2026-03-01,0,Valid
3533,SYN02020,East,Provider Group E,Colorectal Cancer Screening,2026-03-01,0,Valid
3534,SYN02020,East,Provider Group E,Medication Adherence,2026-03-01,0,Valid
3535,SYN02022,East,Provider Group A,Breast Cancer Screening,2026-03-01,0,Valid
3536,SYN02022,East,Provider Group A,Controlling Blood Pressure,2026-03-01,0,Valid
3537,SYN02022,East,Provider Group A,Follow-Up After Hospitalization,2026-03-01,0,Valid
3538,SYN02022,East,Provider Group A,Medication Adherence,2026-03-01,0,Valid
3539,SYN02029,South,Provider Group C,Breast Cancer Screening,2026-03-01,0,Valid
3540,SYN02029,South,Provider Group C,Colorectal Cancer Screening,2026-03-01,0,Valid
3541,SYN02029,South,Provider Group C,Diabetes Care,2026-03-01,0,Valid
3542,SYN02029,South,Provider Group C,Follow-Up After Hospitalization,2026-03-01,0,Valid
3543,SYN02029,South,Provider Group C,Medication Adherence,2026-03-01,0,Valid
3544,SYN02039,East,Provider Group B,Breast Cancer Screening,2026-03-01,0,Valid
3545,SYN02039,East,Provider Group B,Colorectal Cancer Screening,2026-03-01,0,Valid
3546,SYN02039,East,Provider Group B,Controlling Blood Pressure,2026-03-01,0,Valid
3547,SYN02039,East,Provider Group B,Diabetes Care,2026-03-01,0,Valid
3548,SYN02039,East,Provider Group B,Medication Adherence,2026-03-01,0,Valid
3549,SYN02049,West,Provider Group A,Diabetes Care,2026-03-01,0,Valid
3550,SYN02061,North,Provider Group D,Breast Cancer Screening,2026-03-01,0,Valid
3551,SYN02061,North,Provider Group D,Colorectal Cancer Screening,2026-03-01,0,Valid
3552,SYN02061,North,Provider Group D,Diabetes Care,2026-03-01,0,Valid
3553,SYN02061,North,Provider Group D,Medication Adherence,2026-03-01,0,Valid
3554,SYN02067,East,Provider Group B,Colorectal Cancer Screening,2026-03-01,0,Valid
3555,SYN02067,East,Provider Group B,Controlling Blood Pressure,2026-03-01,0,Valid
3556,SYN02067,East,Provider Group B,Diabetes Care,2026-03-01,0,Valid
3557,SYN02067,East,Provider Group B,Medication Adherence,2026-03-01,0,Valid
3558,SYN02075,South,Provider Group B,Colorectal Cancer Screening,2026-03-01,0,Valid
3559,SYN02075,South,Provider Group B,Follow-Up After Hospitalization,2026-03-01,0,Valid
3560,SYN02075,South,Provider Group B,Medication Adherence,2026-03-01,0,Valid
3561,SYN02080,North,Provider Group A,Colorectal Cancer Screening,2026-03-01,0,Valid
3562,SYN02080,North,Provider Group A,Controlling Blood Pressure,2026-03-01,0,Valid
3563,SYN02080,North,Provider Group A,Diabetes Care,2026-03-01,0,Valid
3564,SYN02080,North,Provider Group A,Follow-Up After Hospitalization,2026-03-01,0,Valid
3565,SYN02080,North,Provider Group A,Medication Adherence,2026-03-01,0,Valid
3566,SYN02084,North,Provider Group A,Breast Cancer Screening,2026-03-01,0,Valid
3567,SYN02084,North,Provider Group A,Colorectal Cancer Screening,2026-03-01,0,Valid
3568,SYN02084,North,Provider Group A,Controlling Blood Pressure,2026-03-01,0,Valid
3569,SYN02084,North,Provider Group A,Follow-Up After Hospitalization,2026-03-01,0,Valid
3570,SYN02090,North,Provider Group E,Breast Cancer Screening,2026-03-01,0,Valid
3571,SYN02090,North,Provider Group E,Colorectal Cancer Screening,2026-03-01,0,Valid
3572,SYN02090,North,Provider Group E,Controlling Blood Pressure,2026-03-01,0,Valid
3573,SYN02090,North,Provider Group E,Diabetes Care,2026-03-01,0,Valid
3574,SYN02090,North,Provider Group E,Medication Adherence,2026-03-01,0,Valid
3575,SYN02100,East,Provider Group B,Diabetes Care,2026-03-01,0,Valid
3576,SYN02100,East,Provider Group B,Medication Adherence,2026-03-01,0,Valid
3577,SYN02101,West,Provider Group C,Colorectal Cancer Screening,2026-03-01,0,Valid
3578,SYN02101,West,Provider Group C,Diabetes Care,2026-03-01,0,Valid
3579,SYN02101,West,Provider Group C,Follow-Up After Hospitalization,2026-03-01,0,Valid
3580,SYN02102,East,Provider Group B,Breast Cancer Screening,2026-03-01,0,Valid
3581,,East,Provider Group B,Controlling Blood Pressure,2026-03-01,1,Needs Review
3582,SYN02102,East,Provider Group B,Follow-Up After Hospitalization,2026-03-01,0,Valid
3583,SYN02102,East,Provider Group B,Medication Adherence,2026-03-01,0,Valid
3584,SYN02109,West,Provider Group D,Colorectal Cancer Screening,2026-03-01,0,Valid
3585,SYN02109,West,Provider Group D,Controlling Blood Pressure,2026-03-01,0,Valid
3586,SYN02109,West,Provider Group D,Diabetes Care,2026-03-01,0,Valid
3587,SYN02110,South,Provider Group E,Diabetes Care,2026-03-01,0,Valid
3588,SYN02110,South,Provider Group E,Medication Adherence,2026-03-01,0,Valid
3589,SYN02111,East,Provider Group B,Follow-Up After Hospitalization,2026-03-01,0,Valid
3590,SYN02111,East,Provider Group B,Medication Adherence,2026-03-01,0,Valid
3591,SYN02115,North,Provider Group D,Breast Cancer Screening,2026-03-01,0,Valid
3592,SYN02115,North,Provider Group D,Colorectal Cancer Screening,2026-03-01,0,Valid
3593,SYN02115,North,Provider Group D,Controlling Blood Pressure,2026-03-01,0,Valid
3594,SYN02115,North,Provider Group D,Diabetes Care,2026-03-01,0,Valid
3595,SYN02115,North,Provider Group D,Follow-Up After Hospitalization,2026-03-01,0,Valid
3596,SYN02125,North,Provider Group A,Colorectal Cancer Screening,2026-03-01,0,Valid
3597,SYN02125,North,Provider Group A,Controlling Blood Pressure,2026-03-01,0,Valid
3598,SYN02125,North,Provider Group A,Follow-Up After Hospitalization,2026-03-01,0,Valid
3599,SYN02125,North,Provider Group A,Medication Adherence,2026-03-01,0,Valid
3600,SYN02137,North,Provider Group B,Colorectal Cancer Screening,2026-03-01,0,Valid
3601,SYN02148,North,Provider Group D,Breast Cancer Screening,2026-03-01,0,Valid
3602,SYN02148,North,Provider Group D,Diabetes Care,2026-03-01,0,Valid
3603,SYN02151,West,Provider Group D,Breast Cancer Screening,2026-03-01,0,Valid
3604,SYN02151,West,Provider Group D,Colorectal Cancer Screening,2026-03-01,0,Valid
3605,SYN02151,West,Provider Group D,Diabetes Care,2026-03-01,0,Valid
3606,SYN02155,South,Provider Group D,Colorectal Cancer Screening,2026-03-01,0,Valid
3607,SYN02155,South,Provider Group D,Controlling Blood Pressure,2026-03-01,0,Valid
3608,SYN02155,South,Provider Group D,Follow-Up After Hospitalization,2026-03-01,0,Valid
3609,SYN02157,East,Provider Group B,Diabetes Care,2026-03-01,0,Valid
3610,SYN02162,South,Provider Group D,Breast Cancer Screening,2026-03-01,0,Valid
3611,SYN02163,West,Provider Group A,Colorectal Cancer Screening,2026-03-01,0,Valid
3612,SYN02163,West,Provider Group A,Medication Adherence,2026-03-01,0,Valid
3613,SYN02164,North,Provider Group C,Diabetes Care,2026-03-01,0,Valid
3614,SYN02165,South,Provider Group A,Controlling Blood Pressure,2026-03-01,0,Valid
3615,SYN02165,South,Provider Group A,Medication Adherence,2026-03-01,0,Valid
3616,SYN02166,South,Provider Group E,Breast Cancer Screening,2026-03-01,0,Valid
3617,SYN02166,South,Provider Group E,Controlling Blood Pressure,2026-03-01,0,Valid
3618,SYN02166,South,Provider Group E,Diabetes Care,2026-03-01,0,Valid
3619,SYN02166,South,Provider Group E,Follow-Up After Hospitalization,2026-03-01,0,Valid
3620,SYN02166,South,Provider Group E,Medication Adherence,2026-03-01,0,Valid
3621,SYN02169,North,Provider Group C,Colorectal Cancer Screening,2026-03-01,0,Valid
3622,SYN02169,North,Provider Group C,Diabetes Care,2026-03-01,0,Valid
3623,SYN02182,North,Provider Group A,Breast Cancer Screening,2026-03-01,0,Valid
3624,SYN02182,North,Provider Group A,Controlling Blood Pressure,2026-03-01,0,Valid
3625,SYN02182,North,Provider Group A,Diabetes Care,2026-03-01,0,Valid
3626,SYN02182,North,Provider Group A,Follow-Up After Hospitalization,2026-03-01,0,Valid
3627,SYN02184,North,Provider Group C,Diabetes Care,2026-03-01,0,Valid
3628,SYN02184,North,Provider Group C,Follow-Up After Hospitalization,2026-03-01,0,Valid
3629,SYN02188,West,Provider Group B,Colorectal Cancer Screening,2026-03-01,0,Valid
3630,SYN02188,West,Provider Group B,Follow-Up After Hospitalization,2026-03-01,0,Valid
3631,SYN02188,West,Provider Group B,Medication Adherence,2026-03-01,0,Valid
3632,SYN02193,East,Provider Group D,Breast Cancer Screening,2026-03-01,0,Valid
3633,SYN02193,East,Provider Group D,Colorectal Cancer Screening,2026-03-01,0,Valid
3634,SYN02193,East,Provider Group D,Diabetes Care,2026-03-01,0,Valid
3635,SYN02193,East,Provider Group D,Follow-Up After Hospitalization,2026-03-01,0,Valid
3636,SYN02194,East,Provider Group B,Breast Cancer Screening,2026-03-01,0,Valid
3637,SYN02194,East,Provider Group B,Colorectal Cancer Screening,2026-03-01,0,Valid
3638,SYN02194,East,Provider Group B,Controlling Blood Pressure,2026-03-01,0,Valid
3639,SYN02203,South,Provider Group C,Controlling Blood Pressure,2026-03-01,0,Valid
3640,SYN02203,South,Provider Group C,Diabetes Care,2026-03-01,0,Valid
3641,SYN02209,West,Provider Group D,Controlling Blood Pressure,2026-03-01,0,Valid
3642,SYN02209,West,Provider Group D,Diabetes Care,2026-03-01,0,Valid
3643,SYN02215,West,Provider Group E,Colorectal Cancer Screening,2026-03-01,0,Valid
3644,SYN02215,West,Provider Group E,Diabetes Care,2026-03-01,0,Valid
3645,SYN02230,South,Provider Group E,Colorectal Cancer Screening,2026-03-01,0,Valid
3646,SYN02233,West,Provider Group D,Colorectal Cancer Screening,2026-03-01,0,Valid
3647,SYN02233,West,Provider Group D,Controlling Blood Pressure,2026-03-01,0,Valid
3648,SYN02259,North,Provider Group D,Breast Cancer Screening,2026-03-01,0,Valid
3649,SYN02259,North,Provider Group D,Medication Adherence,2026-03-01,0,Valid
3650,SYN02264,East,Provider Group A,Controlling Blood Pressure,2026-03-01,0,Valid
3651,SYN02272,South,Provider Group A,Diabetes Care,2026-03-01,0,Valid
3652,SYN02272,South,Provider Group A,Follow-Up After Hospitalization,2026-03-01,1,Needs Review
3653,SYN02277,North,Provider Group A,Breast Cancer Screening,2026-03-01,0,Valid
3654,SYN02277,North,Provider Group A,Colorectal Cancer Screening,2026-03-01,0,Valid
3655,SYN02277,North,Provider Group A,Controlling Blood Pressure,2026-03-01,0,Valid
3656,SYN02277,North,Provider Group A,Medication Adherence,2026-03-01,0,Valid
3657,SYN02279,North,Provider Group D,Breast Cancer Screening,2026-03-01,0,Valid
3658,SYN02279,North,Provider Group D,Diabetes Care,2026-03-01,0,Valid
3659,SYN02279,North,Provider Group D,Follow-Up After Hospitalization,2026-03-01,0,Valid
3660,SYN02279,North,Provider Group D,Medication Adherence,2026-03-01,0,Valid
3661,SYN02281,East,Provider Group E,Medication Adherence,2026-03-01,0,Valid
3662,SYN02292,East,Provider Group A,Colorectal Cancer Screening,2026-03-01,0,Valid
3663,SYN02292,East,Provider Group A,Controlling Blood Pressure,2026-03-01,0,Valid
3664,SYN02292,East,Provider Group A,Diabetes Care,2026-03-01,0,Valid
3665,SYN02292,East,Provider Group A,Medication Adherence,2026-03-01,0,Valid
3666,SYN02294,South,Provider Group D,Colorectal Cancer Screening,2026-03-01,0,Valid
3667,SYN02294,South,Provider Group D,Controlling Blood Pressure,2026-03-01,0,Valid
3668,SYN02298,West,Provider Group A,Colorectal Cancer Screening,2026-03-01,0,Valid
3669,SYN02298,West,Provider Group A,Diabetes Care,2026-03-01,1,Needs Review
3670,SYN02302,North,Provider Group B,Controlling Blood Pressure,2026-03-01,0,Valid
3671,SYN02302,North,Provider Group B,Medication Adherence,2026-03-01,0,Valid
3672,SYN02306,South,Provider Group C,Controlling Blood Pressure,2026-03-01,0,Valid
3673,SYN02311,South,Provider Group D,Colorectal Cancer Screening,2026-03-01,0,Valid
3674,SYN02311,South,Provider Group D,Diabetes Care,2026-03-01,0,Valid
3675,SYN02311,South,Provider Group D,Follow-Up After Hospitalization,2026-03-01,0,Valid
3676,SYN02322,South,Provider Group D,Colorectal Cancer Screening,2026-03-01,0,Valid
3677,SYN02322,South,Provider Group D,Controlling Blood Pressure,2026-03-01,0,Valid
3678,SYN02322,South,Provider Group D,Diabetes Care,2026-03-01,0,Valid
3679,SYN02322,South,Provider Group D,Medication Adherence,2026-03-01,0,Valid
3680,SYN02332,North,Provider Group D,Diabetes Care,2026-03-01,0,Valid
3681,SYN02340,North,Provider Group A,Colorectal Cancer Screening,2026-03-01,0,Valid
3682,SYN02349,East,Provider Group D,Colorectal Cancer Screening,2026-03-01,0,Valid
3683,SYN02349,East,Provider Group D,Controlling Blood Pressure,2026-03-01,0,Valid
3684,SYN02349,East,Provider Group D,Follow-Up After Hospitalization,2026-03-01,0,Valid
3685,SYN02350,East,Provider Group E,Diabetes Care,2026-03-01,0,Valid
3686,SYN02350,East,Provider Group E,Medication Adherence,2026-03-01,0,Valid
3687,,North,Provider Group A,Breast Cancer Screening,2026-03-01,1,Needs Review
3688,SYN02364,North,Provider Group A,Controlling Blood Pressure,2026-03-01,0,Valid
3689,SYN02364,North,Provider Group A,Medication Adherence,2026-03-01,0,Valid
3690,SYN02373,South,Provider Group B,Diabetes Care,2026-03-01,0,Valid
3691,SYN02374,West,Provider Group D,Breast Cancer Screening,2026-03-01,0,Valid
3692,SYN02374,West,Provider Group D,Colorectal Cancer Screening,2026-03-01,0,Valid
3693,SYN02374,West,Provider Group D,Diabetes Care,2026-03-01,0,Valid
3694,SYN02374,West,Provider Group D,Follow-Up After Hospitalization,2026-03-01,0,Valid
3695,SYN02374,West,Provider Group D,Medication Adherence,2026-03-01,0,Valid
3696,SYN02376,South,Provider Group C,Colorectal Cancer Screening,2026-03-01,0,Valid
3697,SYN02376,South,Provider Group C,Controlling Blood Pressure,2026-03-01,0,Valid
3698,SYN02376,South,Provider Group C,Follow-Up After Hospitalization,2026-03-01,0,Valid
3699,SYN02376,South,Provider Group C,Medication Adherence,2026-03-01,0,Valid
3700,SYN02383,North,Provider Group B,Colorectal Cancer Screening,2026-03-01,0,Valid
3701,SYN02383,North,Provider Group B,Controlling Blood Pressure,2026-03-01,0,Valid
3702,SYN02383,North,Provider Group B,Diabetes Care,2026-03-01,0,Valid
3703,SYN02390,East,Provider Group C,Breast Cancer Screening,2026-03-01,0,Valid
3704,SYN02390,East,Provider Group C,Follow-Up After Hospitalization,2026-03-01,0,Valid
3705,SYN02400,North,Provider Group B,Breast Cancer Screening,2026-03-01,0,Valid
3706,SYN02400,North,Provider Group B,Diabetes Care,2026-03-01,0,Valid
3707,SYN02400,North,Provider Group B,Medication Adherence,2026-03-01,0,Valid
3708,SYN02411,West,Provider Group B,Breast Cancer Screening,2026-03-01,0,Valid
3709,SYN02411,West,Provider Group B,Colorectal Cancer Screening,2026-03-01,0,Valid
3710,SYN02411,West,Provider Group B,Controlling Blood Pressure,2026-03-01,0,Valid
3711,SYN02411,West,Provider Group B,Diabetes Care,2026-03-01,0,Valid
3712,SYN02418,South,Provider Group B,Controlling Blood Pressure,2026-03-01,0,Valid
3713,SYN02418,South,Provider Group B,Diabetes Care,2026-03-01,0,Valid
3714,SYN02418,South,Provider Group B,Follow-Up After Hospitalization,2026-03-01,0,Valid
3715,SYN02418,South,Provider Group B,Medication Adherence,2026-03-01,0,Valid
3716,SYN02420,North,Provider Group A,Diabetes Care,2026-03-01,0,Valid
3717,SYN02422,West,Provider Group C,Medication Adherence,2026-03-01,0,Valid
3718,SYN02443,East,Provider Group C,Breast Cancer Screening,2026-03-01,0,Valid
3719,SYN02443,East,Provider Group C,Colorectal Cancer Screening,2026-03-01,0,Valid
3720,SYN02443,East,Provider Group C,Diabetes Care,2026-03-01,0,Valid
3721,SYN02443,East,Provider Group C,Medication Adherence,2026-03-01,0,Valid
3722,SYN02445,North,Provider Group C,Breast Cancer Screening,2026-03-01,0,Valid
3723,SYN02445,North,Provider Group C,Controlling Blood Pressure,2026-03-01,0,Valid
3724,SYN02445,North,Provider Group C,Diabetes Care,2026-03-01,0,Valid
3725,SYN02445,North,Provider Group C,Follow-Up After Hospitalization,2026-03-01,0,Valid
3726,SYN02445,North,Provider Group C,Medication Adherence,2026-03-01,0,Valid
3727,SYN02458,South,Provider Group C,Controlling Blood Pressure,2026-03-01,0,Valid
3728,SYN02459,North,Provider Group E,Breast Cancer Screening,2026-03-01,0,Valid
3729,SYN02459,North,Provider Group E,Colorectal Cancer Screening,2026-03-01,0,Valid
3730,SYN02459,North,Provider Group E,Controlling Blood Pressure,2026-03-01,0,Valid
3731,SYN02459,North,Provider Group E,Diabetes Care,2026-03-01,0,Valid
3732,SYN02459,North,Provider Group E,Follow-Up After Hospitalization,2026-03-01,0,Valid
3733,SYN02460,South,Provider Group D,Breast Cancer Screening,2026-03-01,0,Valid
3734,SYN02460,South,Provider Group D,Diabetes Care,2026-03-01,0,Valid
3735,SYN02461,South,Provider Group A,Colorectal Cancer Screening,2026-03-01,0,Valid
3736,SYN02461,South,Provider Group A,Controlling Blood Pressure,2026-03-01,0,Valid
3737,SYN02461,South,Provider Group A,Medication Adherence,2026-03-01,0,Valid
3738,SYN02463,North,Provider Group C,Controlling Blood Pressure,2026-03-01,0,Valid
3739,SYN02463,North,Provider Group C,Follow-Up After Hospitalization,2026-03-01,0,Valid
3740,SYN02463,North,Provider Group C,Medication Adherence,2026-03-01,0,Valid
3741,SYN02471,North,Provider Group B,Colorectal Cancer Screening,2026-03-01,0,Valid
3742,SYN02471,North,Provider Group B,Diabetes Care,2026-03-01,0,Valid
3743,SYN02471,North,Provider Group B,Medication Adherence,2026-03-01,0,Valid
3744,SYN02472,South,Provider Group E,Colorectal Cancer Screening,2026-03-01,0,Valid
3745,SYN02472,South,Provider Group E,Controlling Blood Pressure,2026-03-01,0,Valid
3746,SYN02472,South,Provider Group E,Follow-Up After Hospitalization,2026-03-01,0,Valid
3747,SYN02473,South,Provider Group B,Colorectal Cancer Screening,2026-03-01,0,Valid
3748,SYN02473,South,Provider Group B,Diabetes Care,2026-03-01,0,Valid
3749,SYN02473,South,Provider Group B,Medication Adherence,2026-03-01,0,Valid
3750,SYN02486,East,Provider Group C,Medication Adherence,2026-03-01,0,Valid
3751,SYN02492,East,Provider Group E,Colorectal Cancer Screening,2026-03-01,0,Valid
3752,SYN02496,North,Provider Group C,Colorectal Cancer Screening,2026-03-01,0,Valid
3753,SYN02496,North,Provider Group C,Diabetes Care,2026-03-01,0,Valid
3754,SYN02496,North,Provider Group C,Follow-Up After Hospitalization,2026-03-01,0,Valid
3755,SYN02496,North,Provider Group C,Medication Adherence,2026-03-01,0,Valid
3756,SYN02509,South,Provider Group C,Breast Cancer Screening,2026-03-01,0,Valid
3757,SYN02509,South,Provider Group C,Controlling Blood Pressure,2026-03-01,0,Valid
3758,SYN02509,South,Provider Group C,Diabetes Care,2026-03-01,0,Valid
3759,SYN02509,South,Provider Group C,Follow-Up After Hospitalization,2026-03-01,0,Valid
3760,SYN02526,South,Provider Group A,Controlling Blood Pressure,2026-03-01,0,Valid
3761,SYN02526,South,Provider Group A,Diabetes Care,2026-03-01,0,Valid
3762,SYN02535,North,Provider Group C,Breast Cancer Screening,2026-03-01,0,Valid
3763,SYN02535,North,Provider Group C,Colorectal Cancer Screening,2026-03-01,0,Valid
3764,SYN02535,North,Provider Group C,Controlling Blood Pressure,2026-03-01,0,Valid
3765,SYN02545,North,Provider Group C,Breast Cancer Screening,2026-03-01,0,Valid
3766,SYN02545,North,Provider Group C,Diabetes Care,2026-03-01,0,Valid
3767,SYN02546,North,Provider Group B,Colorectal Cancer Screening,2026-03-01,0,Valid
3768,SYN02551,South,Provider Group A,Breast Cancer Screening,2026-03-01,0,Valid
3769,SYN02551,South,Provider Group A,Controlling Blood Pressure,2026-03-01,0,Valid
3770,SYN02551,South,Provider Group A,Diabetes Care,2026-03-01,0,Valid
3771,SYN02563,East,Provider Group D,Diabetes Care,2026-03-01,0,Valid
3772,SYN02563,East,Provider Group D,Medication Adherence,2026-03-01,0,Valid
3773,SYN02571,South,Provider Group A,Controlling Blood Pressure,2026-03-01,0,Valid
3774,SYN02571,South,Provider Group A,Follow-Up After Hospitalization,2026-03-01,0,Valid
3775,SYN02571,South,Provider Group A,Medication Adherence,2026-03-01,0,Valid
3776,SYN02588,West,Provider Group A,Breast Cancer Screening,2026-03-01,0,Valid
3777,SYN02588,West,Provider Group A,Controlling Blood Pressure,2026-03-01,0,Valid
3778,SYN02588,West,Provider Group A,Diabetes Care,2026-03-01,0,Valid
3779,SYN02598,North,Provider Group A,Colorectal Cancer Screening,2026-03-01,0,Valid
3780,SYN02606,South,Provider Group C,Breast Cancer Screening,2026-03-01,0,Valid
3781,SYN02606,South,Provider Group C,Controlling Blood Pressure,2026-03-01,0,Valid
3782,SYN02606,South,Provider Group C,Medication Adherence,2026-03-01,0,Valid
3783,SYN02613,East,Provider Group C,Follow-Up After Hospitalization,2026-03-01,0,Valid
3784,SYN02619,West,Provider Group A,Colorectal Cancer Screening,2026-03-01,0,Valid
3785,SYN02619,West,Provider Group A,Controlling Blood Pressure,2026-03-01,0,Valid
3786,SYN02619,West,Provider Group A,Diabetes Care,2026-03-01,0,Valid
3787,SYN02619,West,Provider Group A,Follow-Up After Hospitalization,2026-03-01,0,Valid
3788,SYN02619,West,Provider Group A,Medication Adherence,2026-03-01,0,Valid
3789,SYN02623,South,Provider Group A,Colorectal Cancer Screening,2026-03-01,0,Valid
3790,SYN02623,South,Provider Group A,Controlling Blood Pressure,2026-03-01,0,Valid
3791,SYN02623,South,Provider Group A,Diabetes Care,2026-03-01,0,Valid
3792,SYN02624,East,Provider Group E,Colorectal Cancer Screening,2026-03-01,0,Valid
3793,SYN02624,East,Provider Group E,Controlling Blood Pressure,2026-03-01,0,Valid
3794,SYN02624,East,Provider Group E,Diabetes Care,2026-03-01,0,Valid
3795,SYN02624,East,Provider Group E,Medication Adherence,2026-03-01,0,Valid
3796,SYN02625,North,Provider Group B,Controlling Blood Pressure,2026-03-01,0,Valid
3797,SYN02625,North,Provider Group B,Follow-Up After Hospitalization,2026-03-01,0,Valid
3798,SYN02629,North,Provider Group D,Breast Cancer Screening,2026-03-01,0,Valid
3799,SYN02629,North,Provider Group D,Controlling Blood Pressure,2026-03-01,0,Valid
3800,SYN02629,North,Provider Group D,Diabetes Care,2026-03-01,0,Valid
3801,SYN02629,North,Provider Group D,Medication Adherence,2026-03-01,0,Valid
3802,SYN02633,North,Provider Group C,Controlling Blood Pressure,2026-03-01,0,Valid
3803,SYN02633,North,Provider Group C,Diabetes Care,2026-03-01,0,Valid
3804,SYN02646,East,Provider Group A,Breast Cancer Screening,2026-03-01,1,Needs Review
3805,SYN02646,East,Provider Group A,Controlling Blood Pressure,2026-03-01,0,Valid
3806,SYN02646,East,Provider Group A,Diabetes Care,2026-03-01,0,Valid
3807,SYN02646,East,Provider Group A,Follow-Up After Hospitalization,2026-03-01,0,Valid
3808,SYN02646,East,Provider Group A,Medication Adherence,2026-03-01,0,Valid
3809,SYN02648,West,Provider Group B,Medication Adherence,2026-03-01,0,Valid
3810,SYN02651,North,Provider Group B,Colorectal Cancer Screening,2026-03-01,0,Valid
3811,SYN02654,South,Provider Group E,Medication Adherence,2026-03-01,0,Valid
3812,SYN02658,West,Provider Group A,Breast Cancer Screening,2026-03-01,0,Valid
3813,SYN02658,West,Provider Group A,Controlling Blood Pressure,2026-03-01,0,Valid
3814,SYN02664,South,Provider Group B,Colorectal Cancer Screening,2026-03-01,0,Valid
3815,SYN02664,South,Provider Group B,Controlling Blood Pressure,2026-03-01,0,Valid
3816,SYN02664,South,Provider Group B,Diabetes Care,2026-03-01,0,Valid
3817,SYN02664,South,Provider Group B,Follow-Up After Hospitalization,2026-03-01,0,Valid
3818,SYN02664,South,Provider Group B,Medication Adherence,2026-03-01,0,Valid
3819,SYN02684,East,Provider Group C,Colorectal Cancer Screening,2026-03-01,0,Valid
3820,SYN02684,East,Provider Group C,Controlling Blood Pressure,2026-03-01,0,Valid
3821,SYN02684,East,Provider Group C,Medication Adherence,2026-03-01,0,Valid
3822,SYN02685,South,Provider Group A,Colorectal Cancer Screening,2026-03-01,0,Valid
3823,SYN02685,South,Provider Group A,Diabetes Care,2026-03-01,0,Valid
3824,SYN02685,South,Provider Group A,Medication Adherence,2026-03-01,0,Valid
3825,SYN02687,East,Provider Group D,Colorectal Cancer Screening,2026-03-01,0,Valid
3826,SYN02687,East,Provider Group D,Controlling Blood Pressure,2026-03-01,0,Valid
3827,SYN02687,East,Provider Group D,Diabetes Care,2026-03-01,0,Valid
3828,SYN02687,East,Provider Group D,Medication Adherence,2026-03-01,0,Valid
3829,SYN02703,East,Provider Group E,Colorectal Cancer Screening,2026-03-01,0,Valid
3830,SYN02703,East,Provider Group E,Controlling Blood Pressure,2026-03-01,0,Valid
3831,SYN02703,East,Provider Group E,Diabetes Care,2026-03-01,0,Valid
3832,SYN02713,West,Provider Group D,Colorectal Cancer Screening,2026-03-01,0,Valid
3833,SYN02713,West,Provider Group D,Diabetes Care,2026-03-01,0,Valid
3834,SYN02713,West,Provider Group D,Medication Adherence,2026-03-01,0,Valid
3835,SYN02730,North,Provider Group B,Colorectal Cancer Screening,2026-03-01,0,Valid
3836,SYN02730,North,Provider Group B,Medication Adherence,2026-03-01,0,Valid
3837,SYN02740,North,Provider Group A,Breast Cancer Screening,2026-03-01,0,Valid
3838,SYN02740,North,Provider Group A,Follow-Up After Hospitalization,2026-03-01,0,Valid
3839,SYN02740,North,Provider Group A,Medication Adherence,2026-03-01,0,Valid
3840,SYN02746,East,Provider Group C,Colorectal Cancer Screening,2026-03-01,0,Valid
3841,SYN02746,East,Provider Group C,Diabetes Care,2026-03-01,0,Valid
3842,SYN02753,South,Provider Group D,Breast Cancer Screening,2026-03-01,0,Valid
3843,SYN02753,South,Provider Group D,Colorectal Cancer Screening,2026-03-01,0,Valid
3844,SYN02753,South,Provider Group D,Diabetes Care,2026-03-01,0,Valid
3845,SYN02753,South,Provider Group D,Medication Adherence,2026-03-01,0,Valid
3846,SYN02756,East,Provider Group C,Breast Cancer Screening,2026-03-01,0,Valid
3847,SYN02756,East,Provider Group C,Diabetes Care,2026-03-01,0,Valid
3848,SYN02756,East,Provider Group C,Medication Adherence,2026-03-01,0,Valid
3849,SYN02758,South,Provider Group D,Colorectal Cancer Screening,2026-03-01,0,Valid
3850,SYN02758,South,Provider Group D,Controlling Blood Pressure,2026-03-01,0,Valid
3851,SYN02758,South,Provider Group D,Follow-Up After Hospitalization,2026-03-01,0,Valid
3852,SYN02758,South,Provider Group D,Medication Adherence,2026-03-01,0,Valid
3853,SYN02768,South,Provider Group D,Controlling Blood Pressure,2026-03-01,0,Valid
3854,SYN02769,West,Provider Group D,Controlling Blood Pressure,2026-03-01,0,Valid
3855,SYN02773,North,Provider Group B,Breast Cancer Screening,2026-03-01,0,Valid
3856,SYN02776,South,Provider Group D,Colorectal Cancer Screening,2026-03-01,0,Valid
3857,SYN02776,South,Provider Group D,Controlling Blood Pressure,2026-03-01,0,Valid
3858,SYN02776,South,Provider Group D,Medication Adherence,2026-03-01,0,Valid
3859,SYN02780,North,Provider Group D,Colorectal Cancer Screening,2026-03-01,0,Valid
3860,SYN02780,North,Provider Group D,Diabetes Care,2026-03-01,0,Valid
3861,SYN02780,North,Provider Group D,Follow-Up After Hospitalization,2026-03-01,0,Valid
3862,SYN02787,East,Provider Group B,Breast Cancer Screening,2026-03-01,0,Valid
3863,SYN02787,East,Provider Group B,Colorectal Cancer Screening,2026-03-01,0,Valid
3864,SYN02787,East,Provider Group B,Controlling Blood Pressure,2026-03-01,0,Valid
3865,SYN02798,East,Provider Group E,Colorectal Cancer Screening,2026-03-01,0,Valid
3866,SYN02799,North,Provider Group B,Breast Cancer Screening,2026-03-01,0,Valid
3867,SYN02799,North,Provider Group B,Controlling Blood Pressure,2026-03-01,0,Valid
3868,SYN02799,North,Provider Group B,Diabetes Care,2026-03-01,0,Valid
3869,SYN02799,North,Provider Group B,Medication Adherence,2026-03-01,0,Valid
3870,SYN02801,South,Provider Group B,Breast Cancer Screening,2026-03-01,0,Valid
3871,SYN02803,West,Provider Group E,Diabetes Care,2026-03-01,0,Valid
3872,SYN02803,West,Provider Group E,Follow-Up After Hospitalization,2026-03-01,0,Valid
3873,SYN02803,West,Provider Group E,Medication Adherence,2026-03-01,0,Valid
3874,SYN02809,South,Provider Group D,Breast Cancer Screening,2026-03-01,0,Valid
3875,SYN02809,South,Provider Group D,Controlling Blood Pressure,2026-03-01,0,Valid
3876,SYN02810,East,Provider Group E,Controlling Blood Pressure,2026-03-01,0,Valid
3877,SYN02810,East,Provider Group E,Follow-Up After Hospitalization,2026-03-01,0,Valid
3878,SYN02814,North,Provider Group C,Colorectal Cancer Screening,2026-03-01,0,Valid
3879,SYN02814,North,Provider Group C,Follow-Up After Hospitalization,2026-03-01,0,Valid
3880,SYN02814,North,Provider Group C,Medication Adherence,2026-03-01,0,Valid
3881,SYN02815,North,Provider Group C,Breast Cancer Screening,2026-03-01,0,Valid
3882,SYN02815,North,Provider Group C,Controlling Blood Pressure,2026-03-01,0,Valid
3883,SYN02815,North,Provider Group C,Diabetes Care,2026-03-01,0,Valid
3884,SYN02826,East,Provider Group A,Breast Cancer Screening,2026-03-01,0,Valid
3885,SYN02826,East,Provider Group A,Colorectal Cancer Screening,2026-03-01,0,Valid
3886,SYN02826,East,Provider Group A,Follow-Up After Hospitalization,2026-03-01,0,Valid
3887,SYN02826,East,Provider Group A,Medication Adherence,2026-03-01,0,Valid
3888,SYN02830,West,Provider Group E,Breast Cancer Screening,2026-03-01,0,Valid
3889,SYN02830,West,Provider Group E,Diabetes Care,2026-03-01,0,Valid
3890,SYN02830,West,Provider Group E,Follow-Up After Hospitalization,2026-03-01,0,Valid
3891,SYN02852,North,Provider Group E,Breast Cancer Screening,2026-03-01,0,Valid
3892,SYN02852,North,Provider Group E,Colorectal Cancer Screening,2026-03-01,0,Valid
3893,SYN02852,North,Provider Group E,Diabetes Care,2026-03-01,0,Valid
3894,SYN02855,East,Provider Group D,Breast Cancer Screening,2026-03-01,0,Valid
3895,SYN02855,East,Provider Group D,Medication Adherence,2026-03-01,0,Valid
3896,SYN02856,South,Provider Group D,Colorectal Cancer Screening,2026-03-01,0,Valid
3897,SYN02856,South,Provider Group D,Diabetes Care,2026-03-01,0,Valid
3898,SYN02856,South,Provider Group D,Medication Adherence,2026-03-01,0,Valid
3899,SYN02857,West,Provider Group E,Colorectal Cancer Screening,2026-03-01,0,Valid
3900,SYN02857,West,Provider Group E,Controlling Blood Pressure,2026-03-01,0,Valid
3901,SYN02857,West,Provider Group E,Diabetes Care,2026-03-01,0,Valid
3902,SYN02857,West,Provider Group E,Medication Adherence,2026-03-01,0,Valid
3903,SYN02875,North,Provider Group B,Controlling Blood Pressure,2026-03-01,0,Valid
3904,SYN02875,North,Provider Group B,Diabetes Care,2026-03-01,0,Valid
3905,SYN02875,North,Provider Group B,Follow-Up After Hospitalization,2026-03-01,0,Valid
3906,SYN02875,North,Provider Group B,Medication Adherence,2026-03-01,0,Valid
3907,SYN02878,South,Provider Group C,Breast Cancer Screening,2026-03-01,0,Valid
3908,SYN02878,South,Provider Group C,Colorectal Cancer Screening,2026-03-01,0,Valid
3909,SYN02878,South,Provider Group C,Controlling Blood Pressure,2026-03-01,0,Valid
3910,SYN02895,North,Provider Group C,Breast Cancer Screening,2026-03-01,0,Valid
3911,SYN02895,North,Provider Group C,Colorectal Cancer Screening,2026-03-01,0,Valid
3912,SYN02895,North,Provider Group C,Controlling Blood Pressure,2026-03-01,0,Valid
3913,SYN02895,North,Provider Group C,Medication Adherence,2026-03-01,0,Valid
3914,SYN02905,North,Provider Group C,Breast Cancer Screening,2026-03-01,0,Valid
3915,SYN02905,North,Provider Group C,Follow-Up After Hospitalization,2026-03-01,0,Valid
3916,SYN02905,North,Provider Group C,Medication Adherence,2026-03-01,0,Valid
3917,SYN02916,South,Provider Group E,Colorectal Cancer Screening,2026-03-01,0,Valid
3918,SYN02916,South,Provider Group E,Diabetes Care,2026-03-01,0,Valid
3919,SYN02916,South,Provider Group E,Follow-Up After Hospitalization,2026-03-01,0,Valid
3920,SYN02916,South,Provider Group E,Medication Adherence,2026-03-01,0,Valid
3921,SYN02922,West,Provider Group A,Breast Cancer Screening,2026-03-01,0,Valid
3922,SYN02922,West,Provider Group A,Follow-Up After Hospitalization,2026-03-01,0,Valid
3923,SYN02922,West,Provider Group A,Medication Adherence,2026-03-01,0,Valid
3924,SYN02923,West,Provider Group B,Breast Cancer Screening,2026-03-01,0,Valid
3925,SYN02923,West,Provider Group B,Controlling Blood Pressure,2026-03-01,0,Valid
3926,SYN02923,West,Provider Group B,Medication Adherence,2026-03-01,0,Valid
3927,SYN02930,North,Provider Group D,Controlling Blood Pressure,2026-03-01,0,Valid
3928,SYN02930,North,Provider Group D,Follow-Up After Hospitalization,2026-03-01,0,Valid
3929,SYN02932,South,Provider Group E,Colorectal Cancer Screening,2026-03-01,0,Valid
3930,SYN02938,West,Provider Group A,Breast Cancer Screening,2026-03-01,0,Valid
3931,SYN02938,West,Provider Group A,Medication Adherence,2026-03-01,0,Valid
3932,SYN02942,East,Provider Group C,Breast Cancer Screening,2026-03-01,0,Valid
3933,SYN02942,East,Provider Group C,Colorectal Cancer Screening,2026-03-01,0,Valid
3934,SYN02942,East,Provider Group C,Controlling Blood Pressure,2026-03-01,0,Valid
3935,SYN02942,East,Provider Group C,Diabetes Care,2026-03-01,0,Valid
3936,SYN02942,East,Provider Group C,Medication Adherence,2026-03-01,0,Valid
3937,SYN02953,East,Provider Group D,Colorectal Cancer Screening,2026-03-01,0,Valid
3938,SYN02953,East,Provider Group D,Diabetes Care,2026-03-01,0,Valid
3939,SYN02963,West,Provider Group A,Breast Cancer Screening,2026-03-01,0,Valid
3940,SYN02963,West,Provider Group A,Colorectal Cancer Screening,2026-03-01,0,Valid
3941,SYN02963,West,Provider Group A,Controlling Blood Pressure,2026-03-01,0,Valid
3942,SYN02963,West,Provider Group A,Diabetes Care,2026-03-01,0,Valid
3943,SYN02963,West,Provider Group A,Follow-Up After Hospitalization,2026-03-01,0,Valid
3944,SYN02963,West,Provider Group A,Medication Adherence,2026-03-01,0,Valid
3945,SYN02964,North,Provider Group B,Breast Cancer Screening,2026-03-01,0,Valid
3946,SYN02964,North,Provider Group B,Controlling Blood Pressure,2026-03-01,0,Valid
3947,SYN02964,North,Provider Group B,Follow-Up After Hospitalization,2026-03-01,0,Valid
3948,SYN02967,North,Provider Group C,Controlling Blood Pressure,2026-03-01,0,Valid
3949,SYN02967,North,Provider Group C,Diabetes Care,2026-03-01,0,Valid
3950,SYN02967,North,Provider Group C,Follow-Up After Hospitalization,2026-03-01,0,Valid
3951,SYN03026,West,Provider Group C,Controlling Blood Pressure,2026-03-01,0,Valid
3952,SYN03026,West,Provider Group C,Follow-Up After Hospitalization,2026-03-01,0,Valid
3953,SYN03066,North,Provider Group B,Colorectal Cancer Screening,2026-03-01,0,Valid
3954,SYN03076,West,Provider Group A,Breast Cancer Screening,2026-03-01,0,Valid
3955,SYN03076,West,Provider Group A,Diabetes Care,2026-03-01,0,Valid
3956,SYN03077,South,Provider Group E,Breast Cancer Screening,2026-03-01,0,Valid
3957,SYN03077,South,Provider Group E,Controlling Blood Pressure,2026-03-01,0,Valid
3958,SYN03077,South,Provider Group E,Diabetes Care,2026-03-01,0,Valid
3959,SYN03080,North,Provider Group D,Breast Cancer Screening,2026-03-01,0,Valid
3960,SYN03080,North,Provider Group D,Colorectal Cancer Screening,2026-03-01,0,Valid
3961,SYN03090,South,Provider Group B,Colorectal Cancer Screening,2026-03-01,0,Valid
3962,SYN03090,South,Provider Group B,Follow-Up After Hospitalization,2026-03-01,0,Valid
3963,SYN03090,South,Provider Group B,Medication Adherence,2026-03-01,0,Valid
3964,SYN03093,North,Provider Group D,Breast Cancer Screening,2026-03-01,0,Valid
3965,SYN03093,North,Provider Group D,Colorectal Cancer Screening,2026-03-01,0,Valid
3966,SYN03093,North,Provider Group D,Diabetes Care,2026-03-01,0,Valid
3967,SYN03093,North,Provider Group D,Medication Adherence,2026-03-01,0,Valid
3968,SYN03096,North,Provider Group D,Controlling Blood Pressure,2026-03-01,0,Valid
3969,SYN03096,North,Provider Group D,Diabetes Care,2026-03-01,0,Valid
3970,SYN03114,East,Provider Group C,Colorectal Cancer Screening,2026-03-01,0,Valid
3971,SYN03114,East,Provider Group C,Medication Adherence,2026-03-01,0,Valid
3972,SYN03121,North,Provider Group A,Breast Cancer Screening,2026-03-01,0,Valid
3973,SYN03121,North,Provider Group A,Colorectal Cancer Screening,2026-03-01,0,Valid
3974,SYN03121,North,Provider Group A,Controlling Blood Pressure,2026-03-01,0,Valid
3975,SYN03121,North,Provider Group A,Diabetes Care,2026-03-01,0,Valid
3976,SYN03123,East,Provider Group D,Colorectal Cancer Screening,2026-03-01,0,Valid
3977,SYN03123,East,Provider Group D,Controlling Blood Pressure,2026-03-01,0,Valid
3978,SYN03123,East,Provider Group D,Diabetes Care,2026-03-01,0,Valid
3979,SYN03129,South,Provider Group A,Diabetes Care,2026-03-01,0,Valid
3980,SYN03129,South,Provider Group A,Follow-Up After Hospitalization,2026-03-01,0,Valid
3981,SYN03143,North,Provider Group E,Breast Cancer Screening,2026-03-01,0,Valid
3982,SYN03143,North,Provider Group E,Colorectal Cancer Screening,2026-03-01,0,Valid
3983,SYN03143,North,Provider Group E,Controlling Blood Pressure,2026-03-01,0,Valid
3984,SYN03143,North,Provider Group E,Diabetes Care,2026-03-01,0,Valid
3985,SYN03148,West,Provider Group C,Diabetes Care,2026-03-01,0,Valid
3986,SYN03154,West,Provider Group C,Diabetes Care,2026-03-01,0,Valid
3987,SYN03154,West,Provider Group C,Follow-Up After Hospitalization,2026-03-01,0,Valid
3988,SYN03158,West,Provider Group E,Breast Cancer Screening,2026-03-01,0,Valid
3989,SYN03158,West,Provider Group E,Diabetes Care,2026-03-01,0,Valid
3990,SYN03165,East,Provider Group C,Follow-Up After Hospitalization,2026-03-01,0,Valid
3991,SYN03169,North,Provider Group E,Diabetes Care,2026-03-01,0,Valid
3992,SYN03169,North,Provider Group E,Follow-Up After Hospitalization,2026-03-01,0,Valid
3993,SYN03171,West,Provider Group E,Medication Adherence,2026-03-01,0,Valid
3994,SYN03174,East,Provider Group A,Breast Cancer Screening,2026-03-01,0,Valid
3995,SYN03174,East,Provider Group A,Colorectal Cancer Screening,2026-03-01,0,Valid
3996,SYN03174,East,Provider Group A,Controlling Blood Pressure,2026-03-01,0,Valid
3997,SYN03174,East,Provider Group A,Medication Adherence,2026-03-01,0,Valid
3998,SYN03183,West,Provider Group C,Colorectal Cancer Screening,2026-03-01,0,Valid
3999,SYN03183,West,Provider Group C,Controlling Blood Pressure,2026-03-01,0,Valid
4000,SYN03187,South,Provider Group C,Diabetes Care,2026-03-01,0,Valid
4001,SYN03187,South,Provider Group C,Medication Adherence,2026-03-01,0,Valid
4002,SYN03189,West,Provider Group B,Diabetes Care,2026-03-01,0,Valid
4003,SYN03189,West,Provider Group B,Medication Adherence,2026-03-01,0,Valid
4004,SYN03192,North,Provider Group A,Colorectal Cancer Screening,2026-03-01,0,Valid
4005,SYN03192,North,Provider Group A,Diabetes Care,2026-03-01,0,Valid
4006,SYN03192,North,Provider Group A,Follow-Up After Hospitalization,2026-03-01,0,Valid
4007,SYN03197,West,Provider Group A,Breast Cancer Screening,2026-03-01,0,Valid
4008,SYN03197,West,Provider Group A,Controlling Blood Pressure,2026-03-01,0,Valid
4009,SYN03197,West,Provider Group A,Follow-Up After Hospitalization,2026-03-01,0,Valid
4010,SYN00029,North,Provider Group D,Breast Cancer Screening,2026-04-01,0,Valid
4011,SYN00029,North,Provider Group D,Diabetes Care,2026-04-01,0,Valid
4012,SYN00029,North,Provider Group D,Follow-Up After Hospitalization,2026-04-01,0,Valid
4013,SYN00029,North,Provider Group D,Medication Adherence,2026-04-01,0,Valid
4014,SYN00030,South,Provider Group B,Colorectal Cancer Screening,2026-04-01,0,Valid
4015,SYN00030,South,Provider Group B,Medication Adherence,2026-04-01,0,Valid
4016,SYN00035,North,Provider Group C,Colorectal Cancer Screening,2026-04-01,0,Valid
4017,SYN00035,North,Provider Group C,Medication Adherence,2026-04-01,0,Valid
4018,SYN00036,North,Provider Group E,Breast Cancer Screening,2026-04-01,0,Valid
4019,SYN00036,North,Provider Group E,Colorectal Cancer Screening,2026-04-01,0,Valid
4020,SYN00036,North,Provider Group E,Controlling Blood Pressure,2026-04-01,0,Valid
4021,SYN00036,North,Provider Group E,Diabetes Care,2026-04-01,0,Valid
4022,SYN00043,North,Provider Group A,Breast Cancer Screening,2026-04-01,0,Valid
4023,SYN00043,North,Provider Group A,Colorectal Cancer Screening,2026-04-01,0,Valid
4024,SYN00043,North,Provider Group A,Controlling Blood Pressure,2026-04-01,0,Valid
4025,SYN00043,North,Provider Group A,Diabetes Care,2026-04-01,0,Valid
4026,SYN00043,North,Provider Group A,Follow-Up After Hospitalization,2026-04-01,0,Valid
4027,SYN00043,North,Provider Group A,Medication Adherence,2026-04-01,0,Valid
4028,SYN00051,South,Provider Group E,Diabetes Care,2026-04-01,0,Valid
4029,SYN00062,North,Provider Group C,Controlling Blood Pressure,2026-04-01,0,Valid
4030,SYN00062,North,Provider Group C,Follow-Up After Hospitalization,2026-04-01,0,Valid
4031,SYN00062,North,Provider Group C,Medication Adherence,2026-04-01,0,Valid
4032,SYN00080,South,Provider Group D,Follow-Up After Hospitalization,2026-04-01,0,Valid
4033,SYN00080,South,Provider Group D,Medication Adherence,2026-04-01,0,Valid
4034,SYN00101,South,Provider Group A,Breast Cancer Screening,2026-04-01,0,Valid
4035,SYN00101,South,Provider Group A,Diabetes Care,2026-04-01,0,Valid
4036,SYN00101,South,Provider Group A,Medication Adherence,2026-04-01,0,Valid
4037,SYN00103,South,Provider Group C,Colorectal Cancer Screening,2026-04-01,0,Valid
4038,SYN00103,South,Provider Group C,Controlling Blood Pressure,2026-04-01,0,Valid
4039,SYN00103,South,Provider Group C,Diabetes Care,2026-04-01,0,Valid
4040,SYN00109,South,Provider Group A,Controlling Blood Pressure,2026-04-01,0,Valid
4041,SYN00109,South,Provider Group A,Follow-Up After Hospitalization,2026-04-01,1,Needs Review
4042,SYN00111,West,Provider Group B,Breast Cancer Screening,2026-04-01,0,Valid
4043,SYN00111,West,Provider Group B,Colorectal Cancer Screening,2026-04-01,0,Valid
4044,SYN00111,West,Provider Group B,Controlling Blood Pressure,2026-04-01,0,Valid
4045,SYN00111,West,Provider Group B,Diabetes Care,2026-04-01,0,Valid
4046,SYN00111,West,Provider Group B,Follow-Up After Hospitalization,2026-04-01,0,Valid
4047,SYN00111,West,Provider Group B,Medication Adherence,2026-04-01,0,Valid
4048,SYN00119,South,Provider Group C,Breast Cancer Screening,2026-04-01,0,Valid
4049,SYN00119,South,Provider Group C,Controlling Blood Pressure,2026-04-01,0,Valid
4050,SYN00119,South,Provider Group C,Diabetes Care,2026-04-01,0,Valid
4051,SYN00123,West,Provider Group A,Breast Cancer Screening,2026-04-01,0,Valid
4052,SYN00123,West,Provider Group A,Colorectal Cancer Screening,2026-04-01,0,Valid
4053,SYN00123,West,Provider Group A,Controlling Blood Pressure,2026-04-01,0,Valid
4054,SYN00123,West,Provider Group A,Follow-Up After Hospitalization,2026-04-01,0,Valid
4055,SYN00125,South,Provider Group D,Diabetes Care,2026-04-01,0,Valid
4056,SYN00144,South,Provider Group B,Diabetes Care,2026-04-01,0,Valid
4057,SYN00147,South,Provider Group D,Breast Cancer Screening,2026-04-01,0,Valid
4058,SYN00147,South,Provider Group D,Medication Adherence,2026-04-01,0,Valid
4059,SYN00157,North,Provider Group D,Colorectal Cancer Screening,2026-04-01,0,Valid
4060,SYN00157,North,Provider Group D,Controlling Blood Pressure,2026-04-01,0,Valid
4061,SYN00171,East,Provider Group D,Colorectal Cancer Screening,2026-04-01,0,Valid
4062,SYN00171,East,Provider Group D,Medication Adherence,2026-04-01,0,Valid
4063,SYN00172,North,Provider Group A,Breast Cancer Screening,2026-04-01,0,Valid
4064,SYN00172,North,Provider Group A,Controlling Blood Pressure,2026-04-01,0,Valid
4065,SYN00172,North,Provider Group A,Medication Adherence,2026-04-01,0,Valid
4066,SYN00177,South,Provider Group D,Breast Cancer Screening,2026-04-01,0,Valid
4067,SYN00177,South,Provider Group D,Medication Adherence,2026-04-01,1,Needs Review
4068,SYN00178,South,Provider Group A,Breast Cancer Screening,2026-04-01,0,Valid
4069,SYN00178,South,Provider Group A,Colorectal Cancer Screening,2026-04-01,0,Valid
4070,SYN00178,South,Provider Group A,Controlling Blood Pressure,2026-04-01,0,Valid
4071,SYN00178,South,Provider Group A,Diabetes Care,2026-04-01,0,Valid
4072,SYN00186,North,Provider Group C,Controlling Blood Pressure,2026-04-01,0,Valid
4073,SYN00186,North,Provider Group C,Follow-Up After Hospitalization,2026-04-01,0,Valid
4074,SYN00186,North,Provider Group C,Medication Adherence,2026-04-01,0,Valid
4075,SYN00191,East,Provider Group A,Breast Cancer Screening,2026-04-01,0,Valid
4076,SYN00191,East,Provider Group A,Controlling Blood Pressure,2026-04-01,0,Valid
4077,SYN00191,East,Provider Group A,Medication Adherence,2026-04-01,0,Valid
4078,SYN00197,North,Provider Group D,Diabetes Care,2026-04-01,0,Valid
4079,SYN00197,North,Provider Group D,Medication Adherence,2026-04-01,0,Valid
4080,SYN00202,South,Provider Group A,Controlling Blood Pressure,2026-04-01,0,Valid
4081,SYN00202,South,Provider Group A,Follow-Up After Hospitalization,2026-04-01,0,Valid
4082,SYN00202,South,Provider Group A,Medication Adherence,2026-04-01,0,Valid
4083,SYN00203,South,Provider Group B,Controlling Blood Pressure,2026-04-01,0,Valid
4084,SYN00206,North,Provider Group D,Diabetes Care,2026-04-01,0,Valid
4085,SYN00206,North,Provider Group D,Follow-Up After Hospitalization,2026-04-01,0,Valid
4086,SYN00206,North,Provider Group D,Medication Adherence,2026-04-01,0,Valid
4087,SYN00212,South,Provider Group B,Breast Cancer Screening,2026-04-01,0,Valid
4088,SYN00212,South,Provider Group B,Colorectal Cancer Screening,2026-04-01,0,Valid
4089,SYN00212,South,Provider Group B,Controlling Blood Pressure,2026-04-01,0,Valid
4090,SYN00215,South,Provider Group A,Colorectal Cancer Screening,2026-04-01,0,Valid
4091,SYN00215,South,Provider Group A,Controlling Blood Pressure,2026-04-01,0,Valid
4092,SYN00215,South,Provider Group A,Diabetes Care,2026-04-01,0,Valid
4093,SYN00218,West,Provider Group A,Colorectal Cancer Screening,2026-04-01,0,Valid
4094,SYN00218,West,Provider Group A,Controlling Blood Pressure,2026-04-01,0,Valid
4095,SYN00218,West,Provider Group A,Diabetes Care,2026-04-01,0,Valid
4096,SYN00218,West,Provider Group A,Follow-Up After Hospitalization,2026-04-01,0,Valid
4097,SYN00218,West,Provider Group A,Medication Adherence,2026-04-01,0,Valid
4098,SYN00221,West,Provider Group E,Controlling Blood Pressure,2026-04-01,0,Valid
4099,SYN00221,West,Provider Group E,Medication Adherence,2026-04-01,0,Valid
4100,SYN00225,East,Provider Group D,Colorectal Cancer Screening,2026-04-01,0,Valid
4101,SYN00225,East,Provider Group D,Controlling Blood Pressure,2026-04-01,0,Valid
4102,SYN00225,East,Provider Group D,Diabetes Care,2026-04-01,0,Valid
4103,SYN00235,East,Provider Group D,Controlling Blood Pressure,2026-04-01,0,Valid
4104,SYN00235,East,Provider Group D,Diabetes Care,2026-04-01,0,Valid
4105,SYN00235,East,Provider Group D,Medication Adherence,2026-04-01,0,Valid
4106,SYN00237,West,Provider Group E,Colorectal Cancer Screening,2026-04-01,0,Valid
4107,SYN00237,West,Provider Group E,Medication Adherence,2026-04-01,0,Valid
4108,SYN00249,West,Provider Group A,Colorectal Cancer Screening,2026-04-01,0,Valid
4109,SYN00249,West,Provider Group A,Diabetes Care,2026-04-01,0,Valid
4110,SYN00249,West,Provider Group A,Medication Adherence,2026-04-01,0,Valid
4111,SYN00250,South,Provider Group B,Diabetes Care,2026-04-01,0,Valid
4112,SYN00251,East,Provider Group B,Colorectal Cancer Screening,2026-04-01,0,Valid
4113,SYN00251,East,Provider Group B,Follow-Up After Hospitalization,2026-04-01,0,Valid
4114,SYN00253,South,Provider Group C,Breast Cancer Screening,2026-04-01,0,Valid
4115,SYN00253,South,Provider Group C,Diabetes Care,2026-04-01,0,Valid
4116,SYN00253,South,Provider Group C,Follow-Up After Hospitalization,2026-04-01,0,Valid
4117,SYN00253,South,Provider Group C,Medication Adherence,2026-04-01,0,Valid
4118,SYN00254,East,Provider Group E,Breast Cancer Screening,2026-04-01,0,Valid
4119,SYN00254,East,Provider Group E,Colorectal Cancer Screening,2026-04-01,0,Valid
4120,SYN00254,East,Provider Group E,Follow-Up After Hospitalization,2026-04-01,0,Valid
4121,SYN00255,North,Provider Group E,Controlling Blood Pressure,2026-04-01,0,Valid
4122,SYN00255,North,Provider Group E,Follow-Up After Hospitalization,2026-04-01,0,Valid
4123,SYN00255,North,Provider Group E,Medication Adherence,2026-04-01,0,Valid
4124,SYN00267,East,Provider Group B,Diabetes Care,2026-04-01,0,Valid
4125,SYN00267,East,Provider Group B,Follow-Up After Hospitalization,2026-04-01,0,Valid
4126,SYN00267,East,Provider Group B,Medication Adherence,2026-04-01,0,Valid
4127,SYN00272,North,Provider Group A,Controlling Blood Pressure,2026-04-01,0,Valid
4128,SYN00272,North,Provider Group A,Follow-Up After Hospitalization,2026-04-01,0,Valid
4129,SYN00272,North,Provider Group A,Medication Adherence,2026-04-01,0,Valid
4130,SYN00278,East,Provider Group B,Colorectal Cancer Screening,2026-04-01,0,Valid
4131,SYN00278,East,Provider Group B,Controlling Blood Pressure,2026-04-01,0,Valid
4132,SYN00278,East,Provider Group B,Follow-Up After Hospitalization,2026-04-01,0,Valid
4133,SYN00278,East,Provider Group B,Medication Adherence,2026-04-01,0,Valid
4134,SYN00284,North,Provider Group A,Controlling Blood Pressure,2026-04-01,0,Valid
4135,SYN00284,North,Provider Group A,Diabetes Care,2026-04-01,0,Valid
4136,SYN00284,North,Provider Group A,Medication Adherence,2026-04-01,0,Valid
4137,SYN00290,East,Provider Group B,Colorectal Cancer Screening,2026-04-01,0,Valid
4138,SYN00290,East,Provider Group B,Medication Adherence,2026-04-01,0,Valid
4139,SYN00308,West,Provider Group C,Breast Cancer Screening,2026-04-01,0,Valid
4140,SYN00308,West,Provider Group C,Diabetes Care,2026-04-01,0,Valid
4141,SYN00308,West,Provider Group C,Medication Adherence,2026-04-01,0,Valid
4142,SYN00309,North,Provider Group C,Controlling Blood Pressure,2026-04-01,0,Valid
4143,SYN00309,North,Provider Group C,Diabetes Care,2026-04-01,0,Valid
4144,SYN00309,North,Provider Group C,Follow-Up After Hospitalization,2026-04-01,0,Valid
4145,SYN00314,West,Provider Group D,Breast Cancer Screening,2026-04-01,0,Valid
4146,SYN00314,West,Provider Group D,Colorectal Cancer Screening,2026-04-01,0,Valid
4147,SYN00314,West,Provider Group D,Controlling Blood Pressure,2026-04-01,0,Valid
4148,SYN00314,West,Provider Group D,Diabetes Care,2026-04-01,0,Valid
4149,SYN00318,West,Provider Group D,Controlling Blood Pressure,2026-04-01,0,Valid
4150,SYN00318,West,Provider Group D,Diabetes Care,2026-04-01,0,Valid
4151,SYN00318,West,Provider Group D,Medication Adherence,2026-04-01,0,Valid
4152,SYN00337,West,Provider Group C,Breast Cancer Screening,2026-04-01,0,Valid
4153,SYN00337,West,Provider Group C,Colorectal Cancer Screening,2026-04-01,0,Valid
4154,SYN00348,West,Provider Group E,Colorectal Cancer Screening,2026-04-01,0,Valid
4155,SYN00348,West,Provider Group E,Controlling Blood Pressure,2026-04-01,0,Valid
4156,SYN00348,West,Provider Group E,Medication Adherence,2026-04-01,0,Valid
4157,SYN00350,South,Provider Group D,Breast Cancer Screening,2026-04-01,0,Valid
4158,SYN00350,South,Provider Group D,Medication Adherence,2026-04-01,0,Valid
4159,SYN00357,North,Provider Group C,Colorectal Cancer Screening,2026-04-01,0,Valid
4160,SYN00358,South,Provider Group A,Breast Cancer Screening,2026-04-01,0,Valid
4161,SYN00358,South,Provider Group A,Colorectal Cancer Screening,2026-04-01,0,Valid
4162,SYN00358,South,Provider Group A,Controlling Blood Pressure,2026-04-01,0,Valid
4163,SYN00358,South,Provider Group A,Medication Adherence,2026-04-01,0,Valid
4164,SYN00371,East,Provider Group B,Controlling Blood Pressure,2026-04-01,0,Valid
4165,SYN00371,East,Provider Group B,Diabetes Care,2026-04-01,0,Valid
4166,SYN00383,West,Provider Group A,Controlling Blood Pressure,2026-04-01,0,Valid
4167,SYN00383,West,Provider Group A,Diabetes Care,2026-04-01,0,Valid
4168,SYN00389,South,Provider Group A,Breast Cancer Screening,2026-04-01,0,Valid
4169,SYN00389,South,Provider Group A,Colorectal Cancer Screening,2026-04-01,0,Valid
4170,SYN00389,South,Provider Group A,Controlling Blood Pressure,2026-04-01,0,Valid
4171,SYN00389,South,Provider Group A,Diabetes Care,2026-04-01,0,Valid
4172,SYN00392,West,Provider Group E,Controlling Blood Pressure,2026-04-01,0,Valid
4173,SYN00392,West,Provider Group E,Medication Adherence,2026-04-01,0,Valid
4174,SYN00412,West,Provider Group A,Follow-Up After Hospitalization,2026-04-01,0,Valid
4175,SYN00421,North,Provider Group C,Controlling Blood Pressure,2026-04-01,0,Valid
4176,SYN00421,North,Provider Group C,Diabetes Care,2026-04-01,0,Valid
4177,SYN00421,North,Provider Group C,Medication Adherence,2026-04-01,0,Valid
4178,SYN00423,South,Provider Group D,Colorectal Cancer Screening,2026-04-01,0,Valid
4179,SYN00423,South,Provider Group D,Medication Adherence,2026-04-01,0,Valid
4180,SYN00427,East,Provider Group A,Breast Cancer Screening,2026-04-01,0,Valid
4181,SYN00427,East,Provider Group A,Colorectal Cancer Screening,2026-04-01,0,Valid
4182,SYN00427,East,Provider Group A,Controlling Blood Pressure,2026-04-01,0,Valid
4183,SYN00427,East,Provider Group A,Diabetes Care,2026-04-01,0,Valid
4184,SYN00431,North,Provider Group A,Breast Cancer Screening,2026-04-01,0,Valid
4185,SYN00431,North,Provider Group A,Colorectal Cancer Screening,2026-04-01,0,Valid
4186,SYN00434,East,Provider Group C,Controlling Blood Pressure,2026-04-01,0,Valid
4187,SYN00439,West,Provider Group C,Colorectal Cancer Screening,2026-04-01,0,Valid
4188,SYN00439,West,Provider Group C,Controlling Blood Pressure,2026-04-01,0,Valid
4189,SYN00439,West,Provider Group C,Follow-Up After Hospitalization,2026-04-01,0,Valid
4190,SYN00449,South,Provider Group D,Controlling Blood Pressure,2026-04-01,0,Valid
4191,SYN00456,North,Provider Group B,Colorectal Cancer Screening,2026-04-01,0,Valid
4192,SYN00456,North,Provider Group B,Controlling Blood Pressure,2026-04-01,0,Valid
4193,SYN00456,North,Provider Group B,Medication Adherence,2026-04-01,0,Valid
4194,SYN00458,North,Provider Group A,Colorectal Cancer Screening,2026-04-01,0,Valid
4195,SYN00458,North,Provider Group A,Controlling Blood Pressure,2026-04-01,0,Valid
4196,SYN00458,North,Provider Group A,Diabetes Care,2026-04-01,0,Valid
4197,SYN00458,North,Provider Group A,Medication Adherence,2026-04-01,0,Valid
4198,SYN00467,West,Provider Group B,Breast Cancer Screening,2026-04-01,0,Valid
4199,SYN00467,West,Provider Group B,Controlling Blood Pressure,2026-04-01,0,Valid
4200,SYN00469,West,Provider Group A,Colorectal Cancer Screening,2026-04-01,0,Valid
4201,SYN00469,West,Provider Group A,Controlling Blood Pressure,2026-04-01,0,Valid
4202,SYN00469,West,Provider Group A,Diabetes Care,2026-04-01,0,Valid
4203,SYN00474,West,Provider Group D,Breast Cancer Screening,2026-04-01,0,Valid
4204,SYN00474,West,Provider Group D,Diabetes Care,2026-04-01,0,Valid
4205,SYN00474,West,Provider Group D,Follow-Up After Hospitalization,2026-04-01,0,Valid
4206,SYN00479,North,Provider Group A,Diabetes Care,2026-04-01,0,Valid
4207,SYN00479,North,Provider Group A,Follow-Up After Hospitalization,2026-04-01,0,Valid
4208,SYN00479,North,Provider Group A,Medication Adherence,2026-04-01,0,Valid
4209,SYN00496,South,Provider Group E,Diabetes Care,2026-04-01,0,Valid
4210,SYN00502,North,Provider Group D,Breast Cancer Screening,2026-04-01,0,Valid
4211,SYN00515,South,Provider Group E,Controlling Blood Pressure,2026-04-01,0,Valid
4212,SYN00515,South,Provider Group E,Diabetes Care,2026-04-01,0,Valid
4213,SYN00515,South,Provider Group E,Medication Adherence,2026-04-01,0,Valid
4214,SYN00519,South,Provider Group C,Breast Cancer Screening,2026-04-01,0,Valid
4215,SYN00519,South,Provider Group C,Controlling Blood Pressure,2026-04-01,0,Valid
4216,SYN00521,North,Provider Group E,Breast Cancer Screening,2026-04-01,0,Valid
4217,SYN00521,North,Provider Group E,Colorectal Cancer Screening,2026-04-01,0,Valid
4218,SYN00523,North,Provider Group A,Controlling Blood Pressure,2026-04-01,0,Valid
4219,SYN00523,North,Provider Group A,Diabetes Care,2026-04-01,0,Valid
4220,SYN00532,North,Provider Group A,Follow-Up After Hospitalization,2026-04-01,0,Valid
4221,SYN00532,North,Provider Group A,Medication Adherence,2026-04-01,0,Valid
4222,SYN00540,South,Provider Group A,Breast Cancer Screening,2026-04-01,0,Valid
4223,SYN00540,South,Provider Group A,Colorectal Cancer Screening,2026-04-01,0,Valid
4224,SYN00540,South,Provider Group A,Medication Adherence,2026-04-01,0,Valid
4225,SYN00542,West,Provider Group D,Colorectal Cancer Screening,2026-04-01,0,Valid
4226,SYN00542,West,Provider Group D,Controlling Blood Pressure,2026-04-01,0,Valid
4227,SYN00550,West,Provider Group A,Controlling Blood Pressure,2026-04-01,0,Valid
4228,SYN00550,West,Provider Group A,Follow-Up After Hospitalization,2026-04-01,0,Valid
4229,SYN00552,North,Provider Group A,Diabetes Care,2026-04-01,0,Valid
4230,SYN00559,West,Provider Group B,Colorectal Cancer Screening,2026-04-01,0,Valid
4231,SYN00562,North,Provider Group B,Colorectal Cancer Screening,2026-04-01,0,Valid
4232,SYN00562,North,Provider Group B,Controlling Blood Pressure,2026-04-01,0,Valid
4233,SYN00562,North,Provider Group B,Diabetes Care,2026-04-01,0,Valid
4234,SYN00566,West,Provider Group D,Colorectal Cancer Screening,2026-04-01,0,Valid
4235,SYN00566,West,Provider Group D,Medication Adherence,2026-04-01,0,Valid
4236,SYN00571,South,Provider Group C,Diabetes Care,2026-04-01,0,Valid
4237,SYN00576,North,Provider Group C,Controlling Blood Pressure,2026-04-01,0,Valid
4238,SYN00576,North,Provider Group C,Medication Adherence,2026-04-01,0,Valid
4239,SYN00581,South,Provider Group A,Controlling Blood Pressure,2026-04-01,0,Valid
4240,SYN00581,South,Provider Group A,Diabetes Care,2026-04-01,0,Valid
4241,SYN00596,West,Provider Group B,Diabetes Care,2026-04-01,0,Valid
4242,SYN00604,East,Provider Group E,Colorectal Cancer Screening,2026-04-01,0,Valid
4243,SYN00604,East,Provider Group E,Controlling Blood Pressure,2026-04-01,0,Valid
4244,SYN00604,East,Provider Group E,Diabetes Care,2026-04-01,0,Valid
4245,SYN00604,East,Provider Group E,Follow-Up After Hospitalization,2026-04-01,0,Valid
4246,SYN00604,East,Provider Group E,Medication Adherence,2026-04-01,0,Valid
4247,SYN00618,West,Provider Group D,Controlling Blood Pressure,2026-04-01,0,Valid
4248,SYN00618,West,Provider Group D,Diabetes Care,2026-04-01,0,Valid
4249,SYN00626,South,Provider Group B,Diabetes Care,2026-04-01,0,Valid
4250,SYN00638,North,Provider Group C,Colorectal Cancer Screening,2026-04-01,0,Valid
4251,SYN00638,North,Provider Group C,Diabetes Care,2026-04-01,0,Valid
4252,SYN00638,North,Provider Group C,Follow-Up After Hospitalization,2026-04-01,0,Valid
4253,SYN00638,North,Provider Group C,Medication Adherence,2026-04-01,0,Valid
4254,SYN00644,West,Provider Group B,Breast Cancer Screening,2026-04-01,0,Valid
4255,SYN00644,West,Provider Group B,Colorectal Cancer Screening,2026-04-01,1,Needs Review
4256,SYN00659,East,Provider Group B,Colorectal Cancer Screening,2026-04-01,0,Valid
4257,SYN00659,East,Provider Group B,Diabetes Care,2026-04-01,0,Valid
4258,SYN00659,East,Provider Group B,Medication Adherence,2026-04-01,0,Valid
4259,SYN00660,East,Provider Group E,Diabetes Care,2026-04-01,0,Valid
4260,SYN00661,North,Provider Group D,Colorectal Cancer Screening,2026-04-01,0,Valid
4261,SYN00661,North,Provider Group D,Follow-Up After Hospitalization,2026-04-01,0,Valid
4262,SYN00661,North,Provider Group D,Medication Adherence,2026-04-01,0,Valid
4263,SYN00673,West,Provider Group A,Controlling Blood Pressure,2026-04-01,0,Valid
4264,SYN00673,West,Provider Group A,Follow-Up After Hospitalization,2026-04-01,0,Valid
4265,SYN00673,West,Provider Group A,Medication Adherence,2026-04-01,0,Valid
4266,SYN00675,North,Provider Group B,Controlling Blood Pressure,2026-04-01,0,Valid
4267,SYN00675,North,Provider Group B,Diabetes Care,2026-04-01,0,Valid
4268,SYN00675,North,Provider Group B,Medication Adherence,2026-04-01,0,Valid
4269,SYN00687,West,Provider Group B,Diabetes Care,2026-04-01,0,Valid
4270,SYN00687,West,Provider Group B,Medication Adherence,2026-04-01,0,Valid
4271,SYN00689,North,Provider Group E,Colorectal Cancer Screening,2026-04-01,0,Valid
4272,SYN00689,North,Provider Group E,Medication Adherence,2026-04-01,0,Valid
4273,SYN00690,East,Provider Group A,Medication Adherence,2026-04-01,0,Valid
4274,SYN00702,West,Provider Group A,Breast Cancer Screening,2026-04-01,0,Valid
4275,SYN00702,West,Provider Group A,Colorectal Cancer Screening,2026-04-01,0,Valid
4276,SYN00702,West,Provider Group A,Controlling Blood Pressure,2026-04-01,0,Valid
4277,SYN00712,East,Provider Group B,Medication Adherence,2026-04-01,0,Valid
4278,SYN00726,East,Provider Group C,Breast Cancer Screening,2026-04-01,0,Valid
4279,SYN00726,East,Provider Group C,Colorectal Cancer Screening,2026-04-01,0,Valid
4280,SYN00726,East,Provider Group C,Diabetes Care,2026-04-01,0,Valid
4281,SYN00729,South,Provider Group B,Colorectal Cancer Screening,2026-04-01,0,Valid
4282,SYN00729,South,Provider Group B,Controlling Blood Pressure,2026-04-01,0,Valid
4283,SYN00729,South,Provider Group B,Follow-Up After Hospitalization,2026-04-01,0,Valid
4284,SYN00729,South,Provider Group B,Medication Adherence,2026-04-01,0,Valid
4285,SYN00740,South,Provider Group A,Colorectal Cancer Screening,2026-04-01,0,Valid
4286,SYN00740,South,Provider Group A,Diabetes Care,2026-04-01,0,Valid
4287,SYN00740,South,Provider Group A,Medication Adherence,2026-04-01,0,Valid
4288,SYN00743,North,Provider Group C,Colorectal Cancer Screening,2026-04-01,0,Valid
4289,SYN00743,North,Provider Group C,Controlling Blood Pressure,2026-04-01,0,Valid
4290,SYN00743,North,Provider Group C,Diabetes Care,2026-04-01,0,Valid
4291,SYN00743,North,Provider Group C,Medication Adherence,2026-04-01,0,Valid
4292,SYN00744,North,Provider Group D,Colorectal Cancer Screening,2026-04-01,0,Valid
4293,SYN00748,South,Provider Group C,Breast Cancer Screening,2026-04-01,0,Valid
4294,SYN00748,South,Provider Group C,Colorectal Cancer Screening,2026-04-01,0,Valid
4295,SYN00748,South,Provider Group C,Diabetes Care,2026-04-01,0,Valid
4296,SYN00748,South,Provider Group C,Medication Adherence,2026-04-01,0,Valid
4297,SYN00749,North,Provider Group A,Breast Cancer Screening,2026-04-01,0,Valid
4298,SYN00749,North,Provider Group A,Controlling Blood Pressure,2026-04-01,0,Valid
4299,SYN00749,North,Provider Group A,Medication Adherence,2026-04-01,0,Valid
4300,SYN00755,South,Provider Group A,Controlling Blood Pressure,2026-04-01,0,Valid
4301,SYN00755,South,Provider Group A,Diabetes Care,2026-04-01,0,Valid
4302,SYN00755,South,Provider Group A,Follow-Up After Hospitalization,2026-04-01,0,Valid
4303,SYN00768,West,Provider Group A,Colorectal Cancer Screening,2026-04-01,0,Valid
4304,SYN00768,West,Provider Group A,Controlling Blood Pressure,2026-04-01,0,Valid
4305,SYN00768,West,Provider Group A,Follow-Up After Hospitalization,2026-04-01,0,Valid
4306,SYN00769,South,Provider Group E,Controlling Blood Pressure,2026-04-01,0,Valid
4307,SYN00769,South,Provider Group E,Diabetes Care,2026-04-01,0,Valid
4308,SYN00776,South,Provider Group B,Controlling Blood Pressure,2026-04-01,0,Valid
4309,SYN00776,South,Provider Group B,Diabetes Care,2026-04-01,0,Valid
4310,SYN00776,South,Provider Group B,Medication Adherence,2026-04-01,0,Valid
4311,SYN00795,East,Provider Group C,Follow-Up After Hospitalization,2026-04-01,0,Valid
4312,SYN00803,South,Provider Group B,Diabetes Care,2026-04-01,0,Valid
4313,SYN00803,South,Provider Group B,Medication Adherence,2026-04-01,0,Valid
4314,SYN00809,South,Provider Group E,Colorectal Cancer Screening,2026-04-01,0,Valid
4315,SYN00809,South,Provider Group E,Diabetes Care,2026-04-01,0,Valid
4316,SYN00809,South,Provider Group E,Medication Adherence,2026-04-01,0,Valid
4317,SYN00812,North,Provider Group C,Controlling Blood Pressure,2026-04-01,0,Valid
4318,SYN00812,North,Provider Group C,Diabetes Care,2026-04-01,0,Valid
4319,SYN00812,North,Provider Group C,Follow-Up After Hospitalization,2026-04-01,0,Valid
4320,SYN00812,North,Provider Group C,Medication Adherence,2026-04-01,0,Valid
4321,SYN00816,East,Provider Group B,Breast Cancer Screening,2026-04-01,0,Valid
4322,SYN00817,South,Provider Group C,Breast Cancer Screening,2026-04-01,0,Valid
4323,SYN00817,South,Provider Group C,Controlling Blood Pressure,2026-04-01,0,Valid
4324,SYN00817,South,Provider Group C,Diabetes Care,2026-04-01,0,Valid
4325,SYN00817,South,Provider Group C,Medication Adherence,2026-04-01,0,Valid
4326,SYN00834,East,Provider Group B,Colorectal Cancer Screening,2026-04-01,0,Valid
4327,SYN00834,East,Provider Group B,Diabetes Care,2026-04-01,0,Valid
4328,SYN00835,South,Provider Group A,Breast Cancer Screening,2026-04-01,0,Valid
4329,SYN00835,South,Provider Group A,Colorectal Cancer Screening,2026-04-01,0,Valid
4330,SYN00835,South,Provider Group A,Controlling Blood Pressure,2026-04-01,0,Valid
4331,SYN00835,South,Provider Group A,Diabetes Care,2026-04-01,0,Valid
4332,SYN00835,South,Provider Group A,Medication Adherence,2026-04-01,0,Valid
4333,SYN00862,West,Provider Group A,Colorectal Cancer Screening,2026-04-01,0,Valid
4334,SYN00862,West,Provider Group A,Controlling Blood Pressure,2026-04-01,0,Valid
4335,SYN00862,West,Provider Group A,Medication Adherence,2026-04-01,0,Valid
4336,SYN00863,West,Provider Group E,Follow-Up After Hospitalization,2026-04-01,0,Valid
4337,SYN00863,West,Provider Group E,Medication Adherence,2026-04-01,0,Valid
4338,SYN00864,North,Provider Group B,Breast Cancer Screening,2026-04-01,0,Valid
4339,SYN00864,North,Provider Group B,Colorectal Cancer Screening,2026-04-01,0,Valid
4340,SYN00864,North,Provider Group B,Controlling Blood Pressure,2026-04-01,0,Valid
4341,SYN00864,North,Provider Group B,Diabetes Care,2026-04-01,0,Valid
4342,SYN00864,North,Provider Group B,Medication Adherence,2026-04-01,0,Valid
4343,SYN00866,West,Provider Group E,Breast Cancer Screening,2026-04-01,0,Valid
4344,SYN00866,West,Provider Group E,Colorectal Cancer Screening,2026-04-01,0,Valid
4345,SYN00866,West,Provider Group E,Controlling Blood Pressure,2026-04-01,0,Valid
4346,SYN00866,West,Provider Group E,Follow-Up After Hospitalization,2026-04-01,0,Valid
4347,SYN00866,West,Provider Group E,Medication Adherence,2026-04-01,0,Valid
4348,SYN00871,North,Provider Group D,Breast Cancer Screening,2026-04-01,0,Valid
4349,SYN00871,North,Provider Group D,Controlling Blood Pressure,2026-04-01,0,Valid
4350,SYN00871,North,Provider Group D,Medication Adherence,2026-04-01,0,Valid
4351,SYN00874,South,Provider Group D,Breast Cancer Screening,2026-04-01,0,Valid
4352,SYN00874,South,Provider Group D,Controlling Blood Pressure,2026-04-01,0,Valid
4353,SYN00874,South,Provider Group D,Diabetes Care,2026-04-01,0,Valid
4354,SYN00878,East,Provider Group B,Colorectal Cancer Screening,2026-04-01,0,Valid
4355,SYN00878,East,Provider Group B,Controlling Blood Pressure,2026-04-01,0,Valid
4356,SYN00878,East,Provider Group B,Diabetes Care,2026-04-01,0,Valid
4357,SYN00878,East,Provider Group B,Medication Adherence,2026-04-01,0,Valid
4358,SYN00879,North,Provider Group C,Controlling Blood Pressure,2026-04-01,0,Valid
4359,SYN00879,North,Provider Group C,Diabetes Care,2026-04-01,0,Valid
4360,SYN00902,North,Provider Group A,Colorectal Cancer Screening,2026-04-01,0,Valid
4361,SYN00902,North,Provider Group A,Controlling Blood Pressure,2026-04-01,0,Valid
4362,SYN00902,North,Provider Group A,Medication Adherence,2026-04-01,0,Valid
4363,SYN00912,South,Provider Group B,Breast Cancer Screening,2026-04-01,0,Valid
4364,SYN00912,South,Provider Group B,Colorectal Cancer Screening,2026-04-01,0,Valid
4365,SYN00912,South,Provider Group B,Controlling Blood Pressure,2026-04-01,0,Valid
4366,SYN00912,South,Provider Group B,Follow-Up After Hospitalization,2026-04-01,0,Valid
4367,SYN00919,South,Provider Group D,Breast Cancer Screening,2026-04-01,0,Valid
4368,SYN00919,South,Provider Group D,Controlling Blood Pressure,2026-04-01,0,Valid
4369,SYN00919,South,Provider Group D,Diabetes Care,2026-04-01,0,Valid
4370,SYN00919,South,Provider Group D,Follow-Up After Hospitalization,2026-04-01,0,Valid
4371,SYN00920,West,Provider Group E,Breast Cancer Screening,2026-04-01,0,Valid
4372,SYN00920,West,Provider Group E,Colorectal Cancer Screening,2026-04-01,0,Valid
4373,SYN00920,West,Provider Group E,Controlling Blood Pressure,2026-04-01,0,Valid
4374,SYN00920,West,Provider Group E,Diabetes Care,2026-04-01,0,Valid
4375,SYN00927,East,Provider Group D,Breast Cancer Screening,2026-04-01,0,Valid
4376,SYN00927,East,Provider Group D,Colorectal Cancer Screening,2026-04-01,0,Valid
4377,SYN00927,East,Provider Group D,Controlling Blood Pressure,2026-04-01,0,Valid
4378,SYN00927,East,Provider Group D,Diabetes Care,2026-04-01,0,Valid
4379,SYN00927,East,Provider Group D,Follow-Up After Hospitalization,2026-04-01,0,Valid
4380,SYN00948,West,Provider Group A,Colorectal Cancer Screening,2026-04-01,0,Valid
4381,SYN00948,West,Provider Group A,Controlling Blood Pressure,2026-04-01,0,Valid
4382,SYN00953,North,Provider Group D,Colorectal Cancer Screening,2026-04-01,0,Valid
4383,SYN00953,North,Provider Group D,Controlling Blood Pressure,2026-04-01,0,Valid
4384,SYN00953,North,Provider Group D,Medication Adherence,2026-04-01,0,Valid
4385,SYN00959,South,Provider Group C,Breast Cancer Screening,2026-04-01,0,Valid
4386,SYN00959,South,Provider Group C,Colorectal Cancer Screening,2026-04-01,0,Valid
4387,SYN00962,South,Provider Group D,Controlling Blood Pressure,2026-04-01,0,Valid
4388,SYN00962,South,Provider Group D,Diabetes Care,2026-04-01,0,Valid
4389,SYN00962,South,Provider Group D,Medication Adherence,2026-04-01,0,Valid
4390,SYN00966,North,Provider Group A,Breast Cancer Screening,2026-04-01,0,Valid
4391,SYN00966,North,Provider Group A,Controlling Blood Pressure,2026-04-01,0,Valid
4392,SYN00966,North,Provider Group A,Follow-Up After Hospitalization,2026-04-01,0,Valid
4393,SYN00966,North,Provider Group A,Medication Adherence,2026-04-01,0,Valid
4394,SYN00973,East,Provider Group E,Breast Cancer Screening,2026-04-01,0,Valid
4395,SYN00973,East,Provider Group E,Diabetes Care,2026-04-01,0,Valid
4396,SYN00973,East,Provider Group E,Medication Adherence,2026-04-01,0,Valid
4397,SYN00978,North,Provider Group B,Breast Cancer Screening,2026-04-01,0,Valid
4398,SYN00978,North,Provider Group B,Colorectal Cancer Screening,2026-04-01,0,Valid
4399,SYN00985,West,Provider Group B,Breast Cancer Screening,2026-04-01,0,Valid
4400,SYN00997,North,Provider Group C,Follow-Up After Hospitalization,2026-04-01,0,Valid
4401,SYN00999,North,Provider Group D,Medication Adherence,2026-04-01,0,Valid
4402,SYN01000,East,Provider Group A,Diabetes Care,2026-04-01,0,Valid
4403,SYN01007,West,Provider Group E,Colorectal Cancer Screening,2026-04-01,0,Valid
4404,SYN01007,West,Provider Group E,Follow-Up After Hospitalization,2026-04-01,0,Valid
4405,SYN01012,East,Provider Group B,Colorectal Cancer Screening,2026-04-01,0,Valid
4406,SYN01012,East,Provider Group B,Follow-Up After Hospitalization,2026-04-01,0,Valid
4407,SYN01012,East,Provider Group B,Medication Adherence,2026-04-01,0,Valid
4408,SYN01017,South,Provider Group C,Breast Cancer Screening,2026-04-01,0,Valid
4409,SYN01017,South,Provider Group C,Colorectal Cancer Screening,2026-04-01,0,Valid
4410,SYN01017,South,Provider Group C,Controlling Blood Pressure,2026-04-01,0,Valid
4411,SYN01017,South,Provider Group C,Follow-Up After Hospitalization,2026-04-01,0,Valid
4412,SYN01022,North,Provider Group C,Colorectal Cancer Screening,2026-04-01,0,Valid
4413,SYN01022,North,Provider Group C,Controlling Blood Pressure,2026-04-01,0,Valid
4414,SYN01022,North,Provider Group C,Diabetes Care,2026-04-01,0,Valid
4415,SYN01022,North,Provider Group C,Medication Adherence,2026-04-01,0,Valid
4416,SYN01033,South,Provider Group E,Controlling Blood Pressure,2026-04-01,0,Valid
4417,SYN01033,South,Provider Group E,Follow-Up After Hospitalization,2026-04-01,0,Valid
4418,SYN01034,West,Provider Group A,Breast Cancer Screening,2026-04-01,0,Valid
4419,SYN01034,West,Provider Group A,Colorectal Cancer Screening,2026-04-01,0,Valid
4420,SYN01034,West,Provider Group A,Follow-Up After Hospitalization,2026-04-01,0,Valid
4421,SYN01034,West,Provider Group A,Medication Adherence,2026-04-01,0,Valid
4422,SYN01035,East,Provider Group E,Controlling Blood Pressure,2026-04-01,0,Valid
4423,SYN01035,East,Provider Group E,Follow-Up After Hospitalization,2026-04-01,0,Valid
4424,SYN01035,East,Provider Group E,Medication Adherence,2026-04-01,0,Valid
4425,SYN01036,East,Provider Group A,Breast Cancer Screening,2026-04-01,0,Valid
4426,SYN01036,East,Provider Group A,Follow-Up After Hospitalization,2026-04-01,0,Valid
4427,SYN01041,West,Provider Group B,Breast Cancer Screening,2026-04-01,0,Valid
4428,SYN01041,West,Provider Group B,Controlling Blood Pressure,2026-04-01,0,Valid
4429,SYN01041,West,Provider Group B,Medication Adherence,2026-04-01,0,Valid
4430,SYN01044,South,Provider Group B,Breast Cancer Screening,2026-04-01,0,Valid
4431,SYN01044,South,Provider Group B,Colorectal Cancer Screening,2026-04-01,0,Valid
4432,SYN01044,South,Provider Group B,Follow-Up After Hospitalization,2026-04-01,0,Valid
4433,SYN01058,North,Provider Group A,Breast Cancer Screening,2026-04-01,0,Valid
4434,SYN01058,North,Provider Group A,Controlling Blood Pressure,2026-04-01,0,Valid
4435,SYN01062,South,Provider Group A,Colorectal Cancer Screening,2026-04-01,0,Valid
4436,SYN01062,South,Provider Group A,Diabetes Care,2026-04-01,0,Valid
4437,SYN01064,East,Provider Group D,Colorectal Cancer Screening,2026-04-01,0,Valid
4438,SYN01064,East,Provider Group D,Diabetes Care,2026-04-01,0,Valid
4439,SYN01064,East,Provider Group D,Follow-Up After Hospitalization,2026-04-01,0,Valid
4440,SYN01065,South,Provider Group E,Colorectal Cancer Screening,2026-04-01,0,Valid
4441,SYN01065,South,Provider Group E,Controlling Blood Pressure,2026-04-01,0,Valid
4442,SYN01065,South,Provider Group E,Follow-Up After Hospitalization,2026-04-01,0,Valid
4443,SYN01065,South,Provider Group E,Medication Adherence,2026-04-01,0,Valid
4444,SYN01067,South,Provider Group A,Breast Cancer Screening,2026-04-01,0,Valid
4445,SYN01067,South,Provider Group A,Controlling Blood Pressure,2026-04-01,0,Valid
4446,SYN01067,South,Provider Group A,Diabetes Care,2026-04-01,0,Valid
4447,SYN01068,East,Provider Group E,Breast Cancer Screening,2026-04-01,0,Valid
4448,SYN01068,East,Provider Group E,Controlling Blood Pressure,2026-04-01,0,Valid
4449,SYN01068,East,Provider Group E,Diabetes Care,2026-04-01,0,Valid
4450,SYN01068,East,Provider Group E,Follow-Up After Hospitalization,2026-04-01,0,Valid
4451,SYN01068,East,Provider Group E,Medication Adherence,2026-04-01,0,Valid
4452,SYN01083,West,Provider Group D,Follow-Up After Hospitalization,2026-04-01,0,Valid
4453,SYN01103,South,Provider Group B,Controlling Blood Pressure,2026-04-01,0,Valid
4454,SYN01116,West,Provider Group A,Breast Cancer Screening,2026-04-01,0,Valid
4455,SYN01116,West,Provider Group A,Colorectal Cancer Screening,2026-04-01,0,Valid
4456,SYN01122,West,Provider Group B,Colorectal Cancer Screening,2026-04-01,0,Valid
4457,SYN01122,West,Provider Group B,Controlling Blood Pressure,2026-04-01,0,Valid
4458,SYN01122,West,Provider Group B,Diabetes Care,2026-04-01,0,Valid
4459,SYN01122,West,Provider Group B,Medication Adherence,2026-04-01,0,Valid
4460,SYN01124,South,Provider Group C,Breast Cancer Screening,2026-04-01,0,Valid
4461,SYN01124,South,Provider Group C,Controlling Blood Pressure,2026-04-01,0,Valid
4462,SYN01129,East,Provider Group A,Follow-Up After Hospitalization,2026-04-01,0,Valid
4463,SYN01129,East,Provider Group A,Medication Adherence,2026-04-01,0,Valid
4464,SYN01133,East,Provider Group D,Breast Cancer Screening,2026-04-01,0,Valid
4465,SYN01133,East,Provider Group D,Diabetes Care,2026-04-01,0,Valid
4466,SYN01134,West,Provider Group A,Diabetes Care,2026-04-01,0,Valid
4467,SYN01134,West,Provider Group A,Follow-Up After Hospitalization,2026-04-01,0,Valid
4468,SYN01134,West,Provider Group A,Medication Adherence,2026-04-01,0,Valid
4469,SYN01137,South,Provider Group C,Controlling Blood Pressure,2026-04-01,0,Valid
4470,SYN01137,South,Provider Group C,Diabetes Care,2026-04-01,0,Valid
4471,SYN01145,North,Provider Group A,Breast Cancer Screening,2026-04-01,0,Valid
4472,SYN01145,North,Provider Group A,Controlling Blood Pressure,2026-04-01,0,Valid
4473,SYN01145,North,Provider Group A,Diabetes Care,2026-04-01,0,Valid
4474,SYN01145,North,Provider Group A,Medication Adherence,2026-04-01,0,Valid
4475,SYN01152,West,Provider Group D,Breast Cancer Screening,2026-04-01,0,Valid
4476,SYN01152,West,Provider Group D,Colorectal Cancer Screening,2026-04-01,0,Valid
4477,SYN01152,West,Provider Group D,Controlling Blood Pressure,2026-04-01,0,Valid
4478,SYN01152,West,Provider Group D,Diabetes Care,2026-04-01,0,Valid
4479,SYN01152,West,Provider Group D,Medication Adherence,2026-04-01,0,Valid
4480,SYN01157,North,Provider Group A,Breast Cancer Screening,2026-04-01,0,Valid
4481,SYN01157,North,Provider Group A,Colorectal Cancer Screening,2026-04-01,0,Valid
4482,SYN01157,North,Provider Group A,Controlling Blood Pressure,2026-04-01,0,Valid
4483,SYN01157,North,Provider Group A,Medication Adherence,2026-04-01,0,Valid
4484,SYN01159,South,Provider Group A,Controlling Blood Pressure,2026-04-01,0,Valid
4485,SYN01159,South,Provider Group A,Diabetes Care,2026-04-01,0,Valid
4486,SYN01159,South,Provider Group A,Medication Adherence,2026-04-01,0,Valid
4487,SYN01164,South,Provider Group D,Breast Cancer Screening,2026-04-01,0,Valid
4488,SYN01164,South,Provider Group D,Medication Adherence,2026-04-01,0,Valid
4489,SYN01168,West,Provider Group D,Follow-Up After Hospitalization,2026-04-01,0,Valid
4490,SYN01175,East,Provider Group B,Colorectal Cancer Screening,2026-04-01,0,Valid
4491,SYN01175,East,Provider Group B,Controlling Blood Pressure,2026-04-01,0,Valid
4492,SYN01175,East,Provider Group B,Medication Adherence,2026-04-01,0,Valid
4493,SYN01176,South,Provider Group B,Breast Cancer Screening,2026-04-01,0,Valid
4494,SYN01176,South,Provider Group B,Colorectal Cancer Screening,2026-04-01,0,Valid
4495,SYN01176,South,Provider Group B,Medication Adherence,2026-04-01,0,Valid
4496,SYN01187,East,Provider Group C,Diabetes Care,2026-04-01,0,Valid
4497,SYN01192,West,Provider Group B,Colorectal Cancer Screening,2026-04-01,0,Valid
4498,SYN01192,West,Provider Group B,Controlling Blood Pressure,2026-04-01,0,Valid
4499,SYN01192,West,Provider Group B,Medication Adherence,2026-04-01,0,Valid
4500,SYN01198,North,Provider Group D,Follow-Up After Hospitalization,2026-04-01,0,Valid
4501,SYN01206,South,Provider Group A,Colorectal Cancer Screening,2026-04-01,0,Valid
4502,SYN01212,North,Provider Group A,Colorectal Cancer Screening,2026-04-01,0,Valid
4503,SYN01212,North,Provider Group A,Medication Adherence,2026-04-01,0,Valid
4504,SYN01218,North,Provider Group B,Breast Cancer Screening,2026-04-01,0,Valid
4505,SYN01218,North,Provider Group B,Controlling Blood Pressure,2026-04-01,0,Valid
4506,SYN01221,South,Provider Group C,Breast Cancer Screening,2026-04-01,0,Valid
4507,SYN01221,South,Provider Group C,Colorectal Cancer Screening,2026-04-01,0,Valid
4508,SYN01221,South,Provider Group C,Diabetes Care,2026-04-01,0,Valid
4509,SYN01227,North,Provider Group D,Diabetes Care,2026-04-01,0,Valid
4510,SYN01227,North,Provider Group D,Follow-Up After Hospitalization,2026-04-01,0,Valid
4511,SYN01227,North,Provider Group D,Medication Adherence,2026-04-01,0,Valid
4512,SYN01228,West,Provider Group B,Controlling Blood Pressure,2026-04-01,0,Valid
4513,SYN01228,West,Provider Group B,Medication Adherence,2026-04-01,0,Valid
4514,SYN01232,West,Provider Group C,Diabetes Care,2026-04-01,0,Valid
4515,SYN01232,West,Provider Group C,Follow-Up After Hospitalization,2026-04-01,0,Valid
4516,SYN01232,West,Provider Group C,Medication Adherence,2026-04-01,0,Valid
4517,SYN01235,West,Provider Group A,Breast Cancer Screening,2026-04-01,0,Valid
4518,SYN01235,West,Provider Group A,Follow-Up After Hospitalization,2026-04-01,0,Valid
4519,SYN01240,East,Provider Group A,Colorectal Cancer Screening,2026-04-01,0,Valid
4520,SYN01240,East,Provider Group A,Diabetes Care,2026-04-01,0,Valid
4521,SYN01240,East,Provider Group A,Medication Adherence,2026-04-01,0,Valid
4522,SYN01244,North,Provider Group A,Breast Cancer Screening,2026-04-01,0,Valid
4523,SYN01244,North,Provider Group A,Controlling Blood Pressure,2026-04-01,0,Valid
4524,SYN01244,North,Provider Group A,Medication Adherence,2026-04-01,0,Valid
4525,SYN01247,North,Provider Group A,Colorectal Cancer Screening,2026-04-01,0,Valid
4526,SYN01247,North,Provider Group A,Controlling Blood Pressure,2026-04-01,0,Valid
4527,SYN01247,North,Provider Group A,Diabetes Care,2026-04-01,0,Valid
4528,SYN01249,North,Provider Group C,Breast Cancer Screening,2026-04-01,0,Valid
4529,SYN01249,North,Provider Group C,Colorectal Cancer Screening,2026-04-01,0,Valid
4530,SYN01249,North,Provider Group C,Controlling Blood Pressure,2026-04-01,0,Valid
4531,SYN01249,North,Provider Group C,Follow-Up After Hospitalization,2026-04-01,0,Valid
4532,SYN01258,South,Provider Group E,Breast Cancer Screening,2026-04-01,0,Valid
4533,SYN01258,South,Provider Group E,Colorectal Cancer Screening,2026-04-01,0,Valid
4534,SYN01258,South,Provider Group E,Controlling Blood Pressure,2026-04-01,0,Valid
4535,SYN01258,South,Provider Group E,Medication Adherence,2026-04-01,0,Valid
4536,SYN01275,West,Provider Group A,Controlling Blood Pressure,2026-04-01,0,Valid
4537,SYN01275,West,Provider Group A,Follow-Up After Hospitalization,2026-04-01,0,Valid
4538,SYN01287,West,Provider Group D,Colorectal Cancer Screening,2026-04-01,0,Valid
4539,SYN01287,West,Provider Group D,Controlling Blood Pressure,2026-04-01,0,Valid
4540,SYN01287,West,Provider Group D,Diabetes Care,2026-04-01,0,Valid
4541,SYN01287,West,Provider Group D,Follow-Up After Hospitalization,2026-04-01,0,Valid
4542,SYN01298,West,Provider Group D,Breast Cancer Screening,2026-04-01,0,Valid
4543,SYN01298,West,Provider Group D,Controlling Blood Pressure,2026-04-01,0,Valid
4544,SYN01298,West,Provider Group D,Medication Adherence,2026-04-01,0,Valid
4545,SYN01303,East,Provider Group B,Medication Adherence,2026-04-01,0,Valid
4546,SYN01312,East,Provider Group B,Breast Cancer Screening,2026-04-01,0,Valid
4547,SYN01312,East,Provider Group B,Diabetes Care,2026-04-01,0,Valid
4548,SYN01312,East,Provider Group B,Follow-Up After Hospitalization,2026-04-01,0,Valid
4549,SYN01316,North,Provider Group D,Breast Cancer Screening,2026-04-01,0,Valid
4550,SYN01316,North,Provider Group D,Follow-Up After Hospitalization,2026-04-01,0,Valid
4551,SYN01316,North,Provider Group D,Medication Adherence,2026-04-01,0,Valid
4552,SYN01321,North,Provider Group C,Controlling Blood Pressure,2026-04-01,0,Valid
4553,SYN01321,North,Provider Group C,Diabetes Care,2026-04-01,0,Valid
4554,SYN01329,North,Provider Group B,Controlling Blood Pressure,2026-04-01,0,Valid
4555,SYN01329,North,Provider Group B,Diabetes Care,2026-04-01,0,Valid
4556,SYN01329,North,Provider Group B,Follow-Up After Hospitalization,2026-04-01,0,Valid
4557,SYN01330,North,Provider Group E,Controlling Blood Pressure,2026-04-01,0,Valid
4558,SYN01330,North,Provider Group E,Diabetes Care,2026-04-01,0,Valid
4559,SYN01330,North,Provider Group E,Follow-Up After Hospitalization,2026-04-01,0,Valid
4560,SYN01330,North,Provider Group E,Medication Adherence,2026-04-01,0,Valid
4561,SYN01340,North,Provider Group A,Diabetes Care,2026-04-01,0,Valid
4562,SYN01340,North,Provider Group A,Medication Adherence,2026-04-01,0,Valid
4563,SYN01350,North,Provider Group E,Colorectal Cancer Screening,2026-04-01,0,Valid
4564,SYN01353,East,Provider Group C,Follow-Up After Hospitalization,2026-04-01,0,Valid
4565,SYN01353,East,Provider Group C,Medication Adherence,2026-04-01,0,Valid
4566,SYN01355,North,Provider Group B,Colorectal Cancer Screening,2026-04-01,0,Valid
4567,SYN01355,North,Provider Group B,Medication Adherence,2026-04-01,0,Valid
4568,SYN01358,West,Provider Group A,Diabetes Care,2026-04-01,0,Valid
4569,SYN01358,West,Provider Group A,Medication Adherence,2026-04-01,0,Valid
4570,SYN01359,South,Provider Group A,Colorectal Cancer Screening,2026-04-01,0,Valid
4571,SYN01359,South,Provider Group A,Controlling Blood Pressure,2026-04-01,0,Valid
4572,SYN01359,South,Provider Group A,Follow-Up After Hospitalization,2026-04-01,0,Valid
4573,SYN01365,North,Provider Group B,Breast Cancer Screening,2026-04-01,0,Valid
4574,SYN01365,North,Provider Group B,Diabetes Care,2026-04-01,0,Valid
4575,SYN01378,North,Provider Group A,Breast Cancer Screening,2026-04-01,0,Valid
4576,SYN01378,North,Provider Group A,Colorectal Cancer Screening,2026-04-01,0,Valid
4577,SYN01378,North,Provider Group A,Controlling Blood Pressure,2026-04-01,0,Valid
4578,SYN01378,North,Provider Group A,Follow-Up After Hospitalization,2026-04-01,0,Valid
4579,SYN01386,North,Provider Group C,Breast Cancer Screening,2026-04-01,0,Valid
4580,SYN01386,North,Provider Group C,Controlling Blood Pressure,2026-04-01,0,Valid
4581,SYN01386,North,Provider Group C,Diabetes Care,2026-04-01,0,Valid
4582,SYN01386,North,Provider Group C,Medication Adherence,2026-04-01,0,Valid
4583,SYN01397,South,Provider Group C,Colorectal Cancer Screening,2026-04-01,0,Valid
4584,SYN01397,South,Provider Group C,Controlling Blood Pressure,2026-04-01,0,Valid
4585,SYN01399,East,Provider Group A,Breast Cancer Screening,2026-04-01,0,Valid
4586,SYN01399,East,Provider Group A,Controlling Blood Pressure,2026-04-01,0,Valid
4587,SYN01406,East,Provider Group A,Controlling Blood Pressure,2026-04-01,0,Valid
4588,SYN01421,East,Provider Group D,Breast Cancer Screening,2026-04-01,0,Valid
4589,SYN01421,East,Provider Group D,Controlling Blood Pressure,2026-04-01,0,Valid
4590,SYN01421,East,Provider Group D,Follow-Up After Hospitalization,2026-04-01,0,Valid
4591,SYN01432,West,Provider Group E,Controlling Blood Pressure,2026-04-01,0,Valid
4592,SYN01432,West,Provider Group E,Medication Adherence,2026-04-01,0,Valid
4593,SYN01433,West,Provider Group C,Breast Cancer Screening,2026-04-01,0,Valid
4594,SYN01433,West,Provider Group C,Colorectal Cancer Screening,2026-04-01,0,Valid
4595,SYN01433,West,Provider Group C,Controlling Blood Pressure,2026-04-01,0,Valid
4596,SYN01433,West,Provider Group C,Diabetes Care,2026-04-01,0,Valid
4597,SYN01439,East,Provider Group D,Breast Cancer Screening,2026-04-01,0,Valid
4598,SYN01439,East,Provider Group D,Colorectal Cancer Screening,2026-04-01,0,Valid
4599,SYN01439,East,Provider Group D,Controlling Blood Pressure,2026-04-01,0,Valid
4600,SYN01439,East,Provider Group D,Follow-Up After Hospitalization,2026-04-01,0,Valid
4601,SYN01441,North,Provider Group D,Colorectal Cancer Screening,2026-04-01,0,Valid
4602,SYN01441,North,Provider Group D,Controlling Blood Pressure,2026-04-01,0,Valid
4603,SYN01441,North,Provider Group D,Diabetes Care,2026-04-01,0,Valid
4604,SYN01441,North,Provider Group D,Follow-Up After Hospitalization,2026-04-01,0,Valid
4605,SYN01441,North,Provider Group D,Medication Adherence,2026-04-01,0,Valid
4606,SYN01453,South,Provider Group C,Colorectal Cancer Screening,2026-04-01,0,Valid
4607,SYN01453,South,Provider Group C,Follow-Up After Hospitalization,2026-04-01,0,Valid
4608,SYN01453,South,Provider Group C,Medication Adherence,2026-04-01,0,Valid
4609,SYN01469,West,Provider Group E,Breast Cancer Screening,2026-04-01,0,Valid
4610,SYN01469,West,Provider Group E,Colorectal Cancer Screening,2026-04-01,0,Valid
4611,SYN01469,West,Provider Group E,Diabetes Care,2026-04-01,0,Valid
4612,SYN01469,West,Provider Group E,Follow-Up After Hospitalization,2026-04-01,0,Valid
4613,SYN01474,North,Provider Group B,Controlling Blood Pressure,2026-04-01,0,Valid
4614,SYN01474,North,Provider Group B,Diabetes Care,2026-04-01,0,Valid
4615,SYN01474,North,Provider Group B,Medication Adherence,2026-04-01,0,Valid
4616,SYN01479,South,Provider Group C,Controlling Blood Pressure,2026-04-01,0,Valid
4617,SYN01479,South,Provider Group C,Diabetes Care,2026-04-01,0,Valid
4618,SYN01479,South,Provider Group C,Follow-Up After Hospitalization,2026-04-01,0,Valid
4619,SYN01483,North,Provider Group B,Colorectal Cancer Screening,2026-04-01,0,Valid
4620,SYN01483,North,Provider Group B,Medication Adherence,2026-04-01,0,Valid
4621,SYN01485,West,Provider Group B,Controlling Blood Pressure,2026-04-01,0,Valid
4622,SYN01485,West,Provider Group B,Follow-Up After Hospitalization,2026-04-01,0,Valid
4623,SYN01486,North,Provider Group C,Breast Cancer Screening,2026-04-01,0,Valid
4624,SYN01486,North,Provider Group C,Diabetes Care,2026-04-01,0,Valid
4625,SYN01486,North,Provider Group C,Follow-Up After Hospitalization,2026-04-01,0,Valid
4626,SYN01486,North,Provider Group C,Medication Adherence,2026-04-01,0,Valid
4627,SYN01487,West,Provider Group B,Colorectal Cancer Screening,2026-04-01,0,Valid
4628,SYN01487,West,Provider Group B,Diabetes Care,2026-04-01,0,Valid
4629,SYN01487,West,Provider Group B,Medication Adherence,2026-04-01,0,Valid
4630,SYN01492,West,Provider Group A,Diabetes Care,2026-04-01,0,Valid
4631,SYN01494,South,Provider Group B,Medication Adherence,2026-04-01,0,Valid
4632,SYN01500,South,Provider Group A,Breast Cancer Screening,2026-04-01,0,Valid
4633,SYN01500,South,Provider Group A,Colorectal Cancer Screening,2026-04-01,0,Valid
4634,SYN01500,South,Provider Group A,Diabetes Care,2026-04-01,0,Valid
4635,SYN01504,South,Provider Group A,Colorectal Cancer Screening,2026-04-01,0,Valid
4636,SYN01510,West,Provider Group A,Controlling Blood Pressure,2026-04-01,0,Valid
4637,SYN01511,North,Provider Group A,Breast Cancer Screening,2026-04-01,0,Valid
4638,SYN01511,North,Provider Group A,Colorectal Cancer Screening,2026-04-01,0,Valid
4639,SYN01511,North,Provider Group A,Diabetes Care,2026-04-01,0,Valid
4640,SYN01511,North,Provider Group A,Follow-Up After Hospitalization,2026-04-01,0,Valid
4641,SYN01511,North,Provider Group A,Medication Adherence,2026-04-01,0,Valid
4642,SYN01519,South,Provider Group A,Breast Cancer Screening,2026-04-01,0,Valid
4643,SYN01519,South,Provider Group A,Colorectal Cancer Screening,2026-04-01,0,Valid
4644,SYN01526,North,Provider Group D,Breast Cancer Screening,2026-04-01,0,Valid
4645,SYN01526,North,Provider Group D,Colorectal Cancer Screening,2026-04-01,0,Valid
4646,SYN01526,North,Provider Group D,Diabetes Care,2026-04-01,0,Valid
4647,SYN01526,North,Provider Group D,Follow-Up After Hospitalization,2026-04-01,0,Valid
4648,SYN01526,North,Provider Group D,Medication Adherence,2026-04-01,0,Valid
4649,SYN01527,West,Provider Group C,Breast Cancer Screening,2026-04-01,0,Valid
4650,SYN01527,West,Provider Group C,Controlling Blood Pressure,2026-04-01,0,Valid
4651,SYN01532,West,Provider Group C,Controlling Blood Pressure,2026-04-01,0,Valid
4652,SYN01533,South,Provider Group B,Breast Cancer Screening,2026-04-01,0,Valid
4653,SYN01533,South,Provider Group B,Colorectal Cancer Screening,2026-04-01,0,Valid
4654,SYN01533,South,Provider Group B,Diabetes Care,2026-04-01,0,Valid
4655,SYN01533,South,Provider Group B,Medication Adherence,2026-04-01,0,Valid
4656,SYN01535,South,Provider Group A,Controlling Blood Pressure,2026-04-01,0,Valid
4657,SYN01537,West,Provider Group A,Controlling Blood Pressure,2026-04-01,0,Valid
4658,SYN01538,South,Provider Group B,Breast Cancer Screening,2026-04-01,0,Valid
4659,SYN01538,South,Provider Group B,Colorectal Cancer Screening,2026-04-01,0,Valid
4660,SYN01538,South,Provider Group B,Diabetes Care,2026-04-01,0,Valid
4661,SYN01538,South,Provider Group B,Follow-Up After Hospitalization,2026-04-01,0,Valid
4662,SYN01543,West,Provider Group D,Diabetes Care,2026-04-01,0,Valid
4663,SYN01543,West,Provider Group D,Medication Adherence,2026-04-01,0,Valid
4664,SYN01546,East,Provider Group E,Breast Cancer Screening,2026-04-01,0,Valid
4665,SYN01546,East,Provider Group E,Colorectal Cancer Screening,2026-04-01,0,Valid
4666,SYN01546,East,Provider Group E,Controlling Blood Pressure,2026-04-01,0,Valid
4667,SYN01546,East,Provider Group E,Diabetes Care,2026-04-01,0,Valid
4668,SYN01546,East,Provider Group E,Medication Adherence,2026-04-01,0,Valid
4669,SYN01555,West,Provider Group A,Breast Cancer Screening,2026-04-01,0,Valid
4670,SYN01555,West,Provider Group A,Diabetes Care,2026-04-01,0,Valid
4671,SYN01586,West,Provider Group E,Breast Cancer Screening,2026-04-01,0,Valid
4672,SYN01588,South,Provider Group B,Breast Cancer Screening,2026-04-01,0,Valid
4673,SYN01588,South,Provider Group B,Controlling Blood Pressure,2026-04-01,0,Valid
4674,SYN01597,North,Provider Group B,Colorectal Cancer Screening,2026-04-01,0,Valid
4675,SYN01597,North,Provider Group B,Controlling Blood Pressure,2026-04-01,0,Valid
4676,SYN01607,West,Provider Group D,Breast Cancer Screening,2026-04-01,0,Valid
4677,SYN01607,West,Provider Group D,Medication Adherence,2026-04-01,0,Valid
4678,SYN01609,West,Provider Group D,Breast Cancer Screening,2026-04-01,0,Valid
4679,SYN01609,West,Provider Group D,Diabetes Care,2026-04-01,0,Valid
4680,SYN01609,West,Provider Group D,Follow-Up After Hospitalization,2026-04-01,0,Valid
4681,SYN01609,West,Provider Group D,Medication Adherence,2026-04-01,0,Valid
4682,SYN01614,North,Provider Group E,Breast Cancer Screening,2026-04-01,0,Valid
4683,SYN01614,North,Provider Group E,Controlling Blood Pressure,2026-04-01,0,Valid
4684,SYN01616,North,Provider Group D,Diabetes Care,2026-04-01,0,Valid
4685,SYN01622,East,Provider Group C,Controlling Blood Pressure,2026-04-01,0,Valid
4686,SYN01622,East,Provider Group C,Diabetes Care,2026-04-01,0,Valid
4687,SYN01622,East,Provider Group C,Follow-Up After Hospitalization,2026-04-01,0,Valid
4688,SYN01622,East,Provider Group C,Medication Adherence,2026-04-01,0,Valid
4689,SYN01631,East,Provider Group B,Controlling Blood Pressure,2026-04-01,0,Valid
4690,SYN01631,East,Provider Group B,Medication Adherence,2026-04-01,0,Valid
4691,SYN01647,East,Provider Group D,Breast Cancer Screening,2026-04-01,0,Valid
4692,SYN01647,East,Provider Group D,Controlling Blood Pressure,2026-04-01,0,Valid
4693,SYN01647,East,Provider Group D,Medication Adherence,2026-04-01,0,Valid
4694,SYN01660,North,Provider Group A,Controlling Blood Pressure,2026-04-01,0,Valid
4695,SYN01664,South,Provider Group B,Controlling Blood Pressure,2026-04-01,0,Valid
4696,SYN01664,South,Provider Group B,Diabetes Care,2026-04-01,0,Valid
4697,SYN01669,North,Provider Group D,Controlling Blood Pressure,2026-04-01,0,Valid
4698,SYN01671,South,Provider Group D,Colorectal Cancer Screening,2026-04-01,0,Valid
4699,SYN01671,South,Provider Group D,Controlling Blood Pressure,2026-04-01,0,Valid
4700,SYN01671,South,Provider Group D,Follow-Up After Hospitalization,2026-04-01,0,Valid
4701,SYN01671,South,Provider Group D,Medication Adherence,2026-04-01,0,Valid
4702,SYN01680,South,Provider Group B,Breast Cancer Screening,2026-04-01,0,Valid
4703,SYN01680,South,Provider Group B,Colorectal Cancer Screening,2026-04-01,0,Valid
4704,SYN01680,South,Provider Group B,Diabetes Care,2026-04-01,0,Valid
4705,SYN01683,East,Provider Group D,Colorectal Cancer Screening,2026-04-01,0,Valid
4706,SYN01685,West,Provider Group E,Breast Cancer Screening,2026-04-01,0,Valid
4707,SYN01685,West,Provider Group E,Colorectal Cancer Screening,2026-04-01,0,Valid
4708,SYN01685,West,Provider Group E,Diabetes Care,2026-04-01,0,Valid
4709,SYN01685,West,Provider Group E,Medication Adherence,2026-04-01,0,Valid
4710,SYN01688,North,Provider Group A,Follow-Up After Hospitalization,2026-04-01,0,Valid
4711,SYN01688,North,Provider Group A,Medication Adherence,2026-04-01,0,Valid
4712,SYN01691,South,Provider Group C,Breast Cancer Screening,2026-04-01,0,Valid
4713,SYN01691,South,Provider Group C,Colorectal Cancer Screening,2026-04-01,0,Valid
4714,SYN01691,South,Provider Group C,Controlling Blood Pressure,2026-04-01,0,Valid
4715,SYN01691,South,Provider Group C,Diabetes Care,2026-04-01,0,Valid
4716,SYN01691,South,Provider Group C,Follow-Up After Hospitalization,2026-04-01,0,Valid
4717,SYN01696,North,Provider Group D,Breast Cancer Screening,2026-04-01,0,Valid
4718,SYN01698,South,Provider Group D,Controlling Blood Pressure,2026-04-01,0,Valid
4719,SYN01698,South,Provider Group D,Diabetes Care,2026-04-01,0,Valid
4720,SYN01698,South,Provider Group D,Medication Adherence,2026-04-01,0,Valid
4721,SYN01702,North,Provider Group A,Breast Cancer Screening,2026-04-01,0,Valid
4722,SYN01702,North,Provider Group A,Colorectal Cancer Screening,2026-04-01,0,Valid
4723,SYN01702,North,Provider Group A,Controlling Blood Pressure,2026-04-01,0,Valid
4724,SYN01702,North,Provider Group A,Follow-Up After Hospitalization,2026-04-01,0,Valid
4725,SYN01702,North,Provider Group A,Medication Adherence,2026-04-01,0,Valid
4726,SYN01709,West,Provider Group E,Breast Cancer Screening,2026-04-01,0,Valid
4727,SYN01709,West,Provider Group E,Follow-Up After Hospitalization,2026-04-01,0,Valid
4728,SYN01709,West,Provider Group E,Medication Adherence,2026-04-01,0,Valid
4729,SYN01712,West,Provider Group A,Colorectal Cancer Screening,2026-04-01,0,Valid
4730,SYN01715,South,Provider Group E,Breast Cancer Screening,2026-04-01,0,Valid
4731,SYN01719,South,Provider Group B,Follow-Up After Hospitalization,2026-04-01,0,Valid
4732,SYN01719,South,Provider Group B,Medication Adherence,2026-04-01,0,Valid
4733,SYN01722,South,Provider Group A,Controlling Blood Pressure,2026-04-01,0,Valid
4734,SYN01728,East,Provider Group D,Colorectal Cancer Screening,2026-04-01,0,Valid
4735,SYN01730,South,Provider Group D,Controlling Blood Pressure,2026-04-01,0,Valid
4736,SYN01730,South,Provider Group D,Diabetes Care,2026-04-01,0,Valid
4737,SYN01733,West,Provider Group C,Controlling Blood Pressure,2026-04-01,0,Valid
4738,SYN01733,West,Provider Group C,Medication Adherence,2026-04-01,0,Valid
4739,SYN01737,North,Provider Group D,Colorectal Cancer Screening,2026-04-01,0,Valid
4740,SYN01737,North,Provider Group D,Controlling Blood Pressure,2026-04-01,0,Valid
4741,SYN01737,North,Provider Group D,Medication Adherence,2026-04-01,0,Valid
4742,SYN01740,South,Provider Group A,Breast Cancer Screening,2026-04-01,0,Valid
4743,SYN01740,South,Provider Group A,Diabetes Care,2026-04-01,0,Valid
4744,SYN01748,West,Provider Group A,Controlling Blood Pressure,2026-04-01,0,Valid
4745,SYN01748,West,Provider Group A,Diabetes Care,2026-04-01,0,Valid
4746,SYN01749,West,Provider Group C,Colorectal Cancer Screening,2026-04-01,0,Valid
4747,SYN01749,West,Provider Group C,Diabetes Care,2026-04-01,0,Valid
4748,SYN01749,West,Provider Group C,Follow-Up After Hospitalization,2026-04-01,0,Valid
4749,SYN01759,South,Provider Group E,Controlling Blood Pressure,2026-04-01,0,Valid
4750,SYN01759,South,Provider Group E,Diabetes Care,2026-04-01,0,Valid
4751,SYN01759,South,Provider Group E,Medication Adherence,2026-04-01,0,Valid
4752,SYN01766,North,Provider Group C,Colorectal Cancer Screening,2026-04-01,0,Valid
4753,SYN01775,West,Provider Group B,Colorectal Cancer Screening,2026-04-01,0,Valid
4754,SYN01775,West,Provider Group B,Controlling Blood Pressure,2026-04-01,0,Valid
4755,SYN01775,West,Provider Group B,Diabetes Care,2026-04-01,0,Valid
4756,SYN01776,North,Provider Group C,Breast Cancer Screening,2026-04-01,0,Valid
4757,SYN01776,North,Provider Group C,Colorectal Cancer Screening,2026-04-01,0,Valid
4758,SYN01778,South,Provider Group A,Breast Cancer Screening,2026-04-01,0,Valid
4759,SYN01778,South,Provider Group A,Colorectal Cancer Screening,2026-04-01,0,Valid
4760,SYN01778,South,Provider Group A,Diabetes Care,2026-04-01,0,Valid
4761,SYN01778,South,Provider Group A,Follow-Up After Hospitalization,2026-04-01,0,Valid
4762,SYN01784,North,Provider Group A,Diabetes Care,2026-04-01,0,Valid
4763,SYN01786,East,Provider Group A,Colorectal Cancer Screening,2026-04-01,0,Valid
4764,SYN01786,East,Provider Group A,Medication Adherence,2026-04-01,0,Valid
4765,SYN01787,North,Provider Group A,Breast Cancer Screening,2026-04-01,0,Valid
4766,SYN01787,North,Provider Group A,Colorectal Cancer Screening,2026-04-01,0,Valid
4767,SYN01787,North,Provider Group A,Follow-Up After Hospitalization,2026-04-01,0,Valid
4768,SYN01792,East,Provider Group B,Breast Cancer Screening,2026-04-01,0,Valid
4769,SYN01792,East,Provider Group B,Controlling Blood Pressure,2026-04-01,0,Valid
4770,SYN01792,East,Provider Group B,Medication Adherence,2026-04-01,0,Valid
4771,SYN01804,West,Provider Group A,Colorectal Cancer Screening,2026-04-01,0,Valid
4772,SYN01804,West,Provider Group A,Controlling Blood Pressure,2026-04-01,0,Valid
4773,SYN01804,West,Provider Group A,Diabetes Care,2026-04-01,0,Valid
4774,SYN01809,East,Provider Group A,Colorectal Cancer Screening,2026-04-01,0,Valid
4775,SYN01809,East,Provider Group A,Medication Adherence,2026-04-01,0,Valid
4776,SYN01821,North,Provider Group B,Breast Cancer Screening,2026-04-01,0,Valid
4777,SYN01821,North,Provider Group B,Colorectal Cancer Screening,2026-04-01,0,Valid
4778,SYN01821,North,Provider Group B,Controlling Blood Pressure,2026-04-01,0,Valid
4779,SYN01821,North,Provider Group B,Diabetes Care,2026-04-01,0,Valid
4780,SYN01821,North,Provider Group B,Follow-Up After Hospitalization,2026-04-01,0,Valid
4781,SYN01833,North,Provider Group A,Colorectal Cancer Screening,2026-04-01,0,Valid
4782,SYN01833,North,Provider Group A,Controlling Blood Pressure,2026-04-01,0,Valid
4783,SYN01833,North,Provider Group A,Diabetes Care,2026-04-01,0,Valid
4784,SYN01833,North,Provider Group A,Medication Adherence,2026-04-01,0,Valid
4785,SYN01834,West,Provider Group D,Breast Cancer Screening,2026-04-01,0,Valid
4786,SYN01834,West,Provider Group D,Colorectal Cancer Screening,2026-04-01,0,Valid
4787,SYN01834,West,Provider Group D,Controlling Blood Pressure,2026-04-01,0,Valid
4788,SYN01836,South,Provider Group A,Breast Cancer Screening,2026-04-01,0,Valid
4789,SYN01836,South,Provider Group A,Colorectal Cancer Screening,2026-04-01,0,Valid
4790,SYN01836,South,Provider Group A,Controlling Blood Pressure,2026-04-01,0,Valid
4791,SYN01836,South,Provider Group A,Diabetes Care,2026-04-01,0,Valid
4792,SYN01836,South,Provider Group A,Follow-Up After Hospitalization,2026-04-01,0,Valid
4793,SYN01837,South,Provider Group B,Diabetes Care,2026-04-01,0,Valid
4794,SYN01837,South,Provider Group B,Medication Adherence,2026-04-01,0,Valid
4795,SYN01838,West,Provider Group C,Colorectal Cancer Screening,2026-04-01,0,Valid
4796,SYN01838,West,Provider Group C,Controlling Blood Pressure,2026-04-01,0,Valid
4797,SYN01845,South,Provider Group C,Colorectal Cancer Screening,2026-04-01,0,Valid
4798,SYN01845,South,Provider Group C,Follow-Up After Hospitalization,2026-04-01,0,Valid
4799,SYN01845,South,Provider Group C,Medication Adherence,2026-04-01,0,Valid
4800,SYN01849,North,Provider Group B,Breast Cancer Screening,2026-04-01,0,Valid
4801,SYN01849,North,Provider Group B,Controlling Blood Pressure,2026-04-01,0,Valid
4802,SYN01857,North,Provider Group B,Follow-Up After Hospitalization,2026-04-01,0,Valid
4803,SYN01857,North,Provider Group B,Medication Adherence,2026-04-01,0,Valid
4804,SYN01858,South,Provider Group D,Colorectal Cancer Screening,2026-04-01,0,Valid
4805,SYN01858,South,Provider Group D,Controlling Blood Pressure,2026-04-01,0,Valid
4806,SYN01858,South,Provider Group D,Follow-Up After Hospitalization,2026-04-01,0,Valid
4807,SYN01875,East,Provider Group B,Controlling Blood Pressure,2026-04-01,0,Valid
4808,SYN01875,East,Provider Group B,Diabetes Care,2026-04-01,0,Valid
4809,SYN01876,South,Provider Group D,Diabetes Care,2026-04-01,0,Valid
4810,SYN01876,South,Provider Group D,Follow-Up After Hospitalization,2026-04-01,0,Valid
4811,SYN01876,South,Provider Group D,Medication Adherence,2026-04-01,0,Valid
4812,SYN01883,South,Provider Group C,Controlling Blood Pressure,2026-04-01,0,Valid
4813,SYN01883,South,Provider Group C,Diabetes Care,2026-04-01,0,Valid
4814,SYN01891,East,Provider Group B,Breast Cancer Screening,2026-04-01,0,Valid
4815,SYN01891,East,Provider Group B,Colorectal Cancer Screening,2026-04-01,0,Valid
4816,SYN01891,East,Provider Group B,Controlling Blood Pressure,2026-04-01,0,Valid
4817,SYN01891,East,Provider Group B,Follow-Up After Hospitalization,2026-04-01,0,Valid
4818,SYN01893,South,Provider Group D,Medication Adherence,2026-04-01,0,Valid
4819,SYN01899,North,Provider Group D,Breast Cancer Screening,2026-04-01,0,Valid
4820,SYN01899,North,Provider Group D,Controlling Blood Pressure,2026-04-01,0,Valid
4821,SYN01899,North,Provider Group D,Diabetes Care,2026-04-01,0,Valid
4822,SYN01899,North,Provider Group D,Follow-Up After Hospitalization,2026-04-01,0,Valid
4823,SYN01901,West,Provider Group A,Breast Cancer Screening,2026-04-01,0,Valid
4824,SYN01901,West,Provider Group A,Medication Adherence,2026-04-01,0,Valid
4825,SYN01902,South,Provider Group E,Breast Cancer Screening,2026-04-01,0,Valid
4826,SYN01902,South,Provider Group E,Controlling Blood Pressure,2026-04-01,0,Valid
4827,SYN01904,South,Provider Group A,Diabetes Care,2026-04-01,0,Valid
4828,SYN01904,South,Provider Group A,Medication Adherence,2026-04-01,0,Valid
4829,SYN01906,North,Provider Group C,Controlling Blood Pressure,2026-04-01,0,Valid
4830,SYN01906,North,Provider Group C,Diabetes Care,2026-04-01,0,Valid
4831,SYN01906,North,Provider Group C,Medication Adherence,2026-04-01,0,Valid
4832,SYN01920,South,Provider Group E,Diabetes Care,2026-04-01,0,Valid
4833,SYN01920,South,Provider Group E,Medication Adherence,2026-04-01,0,Valid
4834,SYN01922,West,Provider Group A,Colorectal Cancer Screening,2026-04-01,0,Valid
4835,SYN01922,West,Provider Group A,Follow-Up After Hospitalization,2026-04-01,0,Valid
4836,SYN01934,North,Provider Group B,Colorectal Cancer Screening,2026-04-01,0,Valid
4837,SYN01934,North,Provider Group B,Follow-Up After Hospitalization,2026-04-01,0,Valid
4838,SYN01934,North,Provider Group B,Medication Adherence,2026-04-01,0,Valid
4839,SYN01938,West,Provider Group A,Colorectal Cancer Screening,2026-04-01,0,Valid
4840,SYN01938,West,Provider Group A,Diabetes Care,2026-04-01,0,Valid
4841,SYN01938,West,Provider Group A,Medication Adherence,2026-04-01,0,Valid
4842,SYN01944,North,Provider Group A,Breast Cancer Screening,2026-04-01,0,Valid
4843,SYN01944,North,Provider Group A,Controlling Blood Pressure,2026-04-01,0,Valid
4844,SYN01945,North,Provider Group B,Colorectal Cancer Screening,2026-04-01,0,Valid
4845,SYN01947,North,Provider Group C,Colorectal Cancer Screening,2026-04-01,0,Valid
4846,SYN01947,North,Provider Group C,Controlling Blood Pressure,2026-04-01,0,Valid
4847,SYN01957,West,Provider Group C,Colorectal Cancer Screening,2026-04-01,0,Valid
4848,SYN01957,West,Provider Group C,Controlling Blood Pressure,2026-04-01,0,Valid
4849,SYN01957,West,Provider Group C,Medication Adherence,2026-04-01,0,Valid
4850,SYN01959,South,Provider Group A,Breast Cancer Screening,2026-04-01,0,Valid
4851,SYN01959,South,Provider Group A,Colorectal Cancer Screening,2026-04-01,0,Valid
4852,SYN01959,South,Provider Group A,Medication Adherence,2026-04-01,0,Valid
4853,SYN01966,East,Provider Group D,Colorectal Cancer Screening,2026-04-01,0,Valid
4854,SYN01966,East,Provider Group D,Follow-Up After Hospitalization,2026-04-01,0,Valid
4855,SYN01968,East,Provider Group E,Diabetes Care,2026-04-01,0,Valid
4856,SYN01968,East,Provider Group E,Medication Adherence,2026-04-01,0,Valid
4857,SYN01976,East,Provider Group B,Colorectal Cancer Screening,2026-04-01,0,Valid
4858,SYN01976,East,Provider Group B,Controlling Blood Pressure,2026-04-01,0,Valid
4859,SYN01976,East,Provider Group B,Medication Adherence,2026-04-01,0,Valid
4860,SYN01988,West,Provider Group C,Controlling Blood Pressure,2026-04-01,0,Valid
4861,SYN01988,West,Provider Group C,Diabetes Care,2026-04-01,0,Valid
4862,SYN01988,West,Provider Group C,Medication Adherence,2026-04-01,0,Valid
4863,SYN01993,West,Provider Group A,Colorectal Cancer Screening,2026-04-01,0,Valid
4864,SYN01993,West,Provider Group A,Diabetes Care,2026-04-01,0,Valid
4865,SYN01993,West,Provider Group A,Follow-Up After Hospitalization,2026-04-01,0,Valid
4866,SYN01996,West,Provider Group B,Colorectal Cancer Screening,2026-04-01,0,Valid
4867,SYN01996,West,Provider Group B,Medication Adherence,2026-04-01,0,Valid
4868,SYN02000,South,Provider Group D,Breast Cancer Screening,2026-04-01,0,Valid
4869,SYN02000,South,Provider Group D,Controlling Blood Pressure,2026-04-01,0,Valid
4870,SYN02000,South,Provider Group D,Medication Adherence,2026-04-01,0,Valid
4871,SYN02013,West,Provider Group C,Colorectal Cancer Screening,2026-04-01,0,Valid
4872,SYN02016,West,Provider Group A,Breast Cancer Screening,2026-04-01,0,Valid
4873,SYN02016,West,Provider Group A,Colorectal Cancer Screening,2026-04-01,0,Valid
4874,SYN02016,West,Provider Group A,Diabetes Care,2026-04-01,0,Valid
4875,SYN02016,West,Provider Group A,Medication Adherence,2026-04-01,0,Valid
4876,SYN02018,South,Provider Group B,Breast Cancer Screening,2026-04-01,0,Valid
4877,SYN02032,West,Provider Group E,Colorectal Cancer Screening,2026-04-01,0,Valid
4878,SYN02032,West,Provider Group E,Controlling Blood Pressure,2026-04-01,0,Valid
4879,SYN02032,West,Provider Group E,Diabetes Care,2026-04-01,0,Valid
4880,SYN02032,West,Provider Group E,Medication Adherence,2026-04-01,0,Valid
4881,SYN02036,West,Provider Group E,Colorectal Cancer Screening,2026-04-01,0,Valid
4882,SYN02036,West,Provider Group E,Medication Adherence,2026-04-01,0,Valid
4883,SYN02043,South,Provider Group A,Diabetes Care,2026-04-01,0,Valid
4884,SYN02043,South,Provider Group A,Medication Adherence,2026-04-01,0,Valid
4885,SYN02057,West,Provider Group E,Medication Adherence,2026-04-01,0,Valid
4886,SYN02070,North,Provider Group E,Breast Cancer Screening,2026-04-01,0,Valid
4887,SYN02070,North,Provider Group E,Colorectal Cancer Screening,2026-04-01,0,Valid
4888,SYN02070,North,Provider Group E,Diabetes Care,2026-04-01,0,Valid
4889,SYN02070,North,Provider Group E,Medication Adherence,2026-04-01,0,Valid
4890,SYN02073,South,Provider Group A,Controlling Blood Pressure,2026-04-01,0,Valid
4891,SYN02073,South,Provider Group A,Diabetes Care,2026-04-01,0,Valid
4892,SYN02073,South,Provider Group A,Follow-Up After Hospitalization,2026-04-01,0,Valid
4893,SYN02076,North,Provider Group B,Breast Cancer Screening,2026-04-01,0,Valid
4894,SYN02076,North,Provider Group B,Controlling Blood Pressure,2026-04-01,0,Valid
4895,SYN02076,North,Provider Group B,Diabetes Care,2026-04-01,0,Valid
4896,SYN02083,North,Provider Group B,Diabetes Care,2026-04-01,0,Valid
4897,SYN02097,East,Provider Group B,Diabetes Care,2026-04-01,0,Valid
4898,SYN02097,East,Provider Group B,Medication Adherence,2026-04-01,0,Valid
4899,SYN02120,South,Provider Group C,Colorectal Cancer Screening,2026-04-01,0,Valid
4900,SYN02120,South,Provider Group C,Medication Adherence,2026-04-01,0,Valid
4901,SYN02121,South,Provider Group C,Controlling Blood Pressure,2026-04-01,0,Valid
4902,SYN02121,South,Provider Group C,Follow-Up After Hospitalization,2026-04-01,0,Valid
4903,SYN02121,South,Provider Group C,Medication Adherence,2026-04-01,0,Valid
4904,SYN02124,South,Provider Group A,Colorectal Cancer Screening,2026-04-01,0,Valid
4905,SYN02129,West,Provider Group A,Breast Cancer Screening,2026-04-01,0,Valid
4906,SYN02129,West,Provider Group A,Diabetes Care,2026-04-01,0,Valid
4907,SYN02129,West,Provider Group A,Follow-Up After Hospitalization,2026-04-01,0,Valid
4908,SYN02129,West,Provider Group A,Medication Adherence,2026-04-01,0,Valid
4909,SYN02131,East,Provider Group D,Diabetes Care,2026-04-01,0,Valid
4910,SYN02131,East,Provider Group D,Follow-Up After Hospitalization,2026-04-01,0,Valid
4911,SYN02139,North,Provider Group C,Medication Adherence,2026-04-01,0,Valid
4912,SYN02149,North,Provider Group A,Breast Cancer Screening,2026-04-01,0,Valid
4913,SYN02149,North,Provider Group A,Medication Adherence,2026-04-01,0,Valid
4914,SYN02161,West,Provider Group A,Colorectal Cancer Screening,2026-04-01,0,Valid
4915,SYN02161,West,Provider Group A,Controlling Blood Pressure,2026-04-01,0,Valid
4916,SYN02161,West,Provider Group A,Diabetes Care,2026-04-01,0,Valid
4917,SYN02161,West,Provider Group A,Medication Adherence,2026-04-01,0,Valid
4918,SYN02170,South,Provider Group B,Breast Cancer Screening,2026-04-01,0,Valid
4919,SYN02170,South,Provider Group B,Medication Adherence,2026-04-01,0,Valid
4920,SYN02171,West,Provider Group B,Breast Cancer Screening,2026-04-01,0,Valid
4921,SYN02171,West,Provider Group B,Colorectal Cancer Screening,2026-04-01,0,Valid
4922,SYN02171,West,Provider Group B,Medication Adherence,2026-04-01,0,Valid
4923,SYN02175,South,Provider Group B,Controlling Blood Pressure,2026-04-01,0,Valid
4924,SYN02175,South,Provider Group B,Diabetes Care,2026-04-01,0,Valid
4925,SYN02175,South,Provider Group B,Medication Adherence,2026-04-01,0,Valid
4926,SYN02183,South,Provider Group C,Breast Cancer Screening,2026-04-01,0,Valid
4927,SYN02183,South,Provider Group C,Colorectal Cancer Screening,2026-04-01,0,Valid
4928,SYN02201,North,Provider Group B,Colorectal Cancer Screening,2026-04-01,0,Valid
4929,SYN02201,North,Provider Group B,Medication Adherence,2026-04-01,0,Valid
4930,SYN02208,East,Provider Group B,Medication Adherence,2026-04-01,0,Valid
4931,SYN02213,North,Provider Group D,Colorectal Cancer Screening,2026-04-01,0,Valid
4932,SYN02214,West,Provider Group B,Breast Cancer Screening,2026-04-01,0,Valid
4933,SYN02214,West,Provider Group B,Colorectal Cancer Screening,2026-04-01,0,Valid
4934,SYN02214,West,Provider Group B,Controlling Blood Pressure,2026-04-01,0,Valid
4935,SYN02214,West,Provider Group B,Medication Adherence,2026-04-01,0,Valid
4936,SYN02216,South,Provider Group B,Controlling Blood Pressure,2026-04-01,0,Valid
4937,SYN02216,South,Provider Group B,Follow-Up After Hospitalization,2026-04-01,0,Valid
4938,SYN02216,South,Provider Group B,Medication Adherence,2026-04-01,0,Valid
4939,SYN02222,West,Provider Group C,Breast Cancer Screening,2026-04-01,0,Valid
4940,SYN02222,West,Provider Group C,Diabetes Care,2026-04-01,0,Valid
4941,SYN02224,South,Provider Group B,Controlling Blood Pressure,2026-04-01,0,Valid
4942,SYN02224,South,Provider Group B,Follow-Up After Hospitalization,2026-04-01,0,Valid
4943,SYN02224,South,Provider Group B,Medication Adherence,2026-04-01,0,Valid
4944,SYN02228,South,Provider Group E,Colorectal Cancer Screening,2026-04-01,0,Valid
4945,SYN02228,South,Provider Group E,Controlling Blood Pressure,2026-04-01,0,Valid
4946,SYN02228,South,Provider Group E,Medication Adherence,2026-04-01,0,Valid
4947,SYN02231,South,Provider Group A,Breast Cancer Screening,2026-04-01,0,Valid
4948,SYN02231,South,Provider Group A,Medication Adherence,2026-04-01,0,Valid
4949,SYN02252,South,Provider Group A,Controlling Blood Pressure,2026-04-01,0,Valid
4950,SYN02252,South,Provider Group A,Diabetes Care,2026-04-01,0,Valid
4951,SYN02252,South,Provider Group A,Medication Adherence,2026-04-01,0,Valid
4952,SYN02266,South,Provider Group C,Controlling Blood Pressure,2026-04-01,0,Valid
4953,SYN02266,South,Provider Group C,Follow-Up After Hospitalization,2026-04-01,0,Valid
4954,SYN02266,South,Provider Group C,Medication Adherence,2026-04-01,0,Valid
4955,SYN02274,South,Provider Group A,Controlling Blood Pressure,2026-04-01,0,Valid
4956,SYN02274,South,Provider Group A,Medication Adherence,2026-04-01,0,Valid
4957,SYN02276,West,Provider Group B,Breast Cancer Screening,2026-04-01,0,Valid
4958,SYN02276,West,Provider Group B,Colorectal Cancer Screening,2026-04-01,0,Valid
4959,SYN02276,West,Provider Group B,Controlling Blood Pressure,2026-04-01,0,Valid
4960,SYN02276,West,Provider Group B,Diabetes Care,2026-04-01,0,Valid
4961,SYN02276,West,Provider Group B,Follow-Up After Hospitalization,2026-04-01,0,Valid
4962,SYN02278,North,Provider Group D,Colorectal Cancer Screening,2026-04-01,0,Valid
4963,SYN02278,North,Provider Group D,Controlling Blood Pressure,2026-04-01,0,Valid
4964,SYN02280,South,Provider Group A,Breast Cancer Screening,2026-04-01,0,Valid
4965,SYN02280,South,Provider Group A,Medication Adherence,2026-04-01,0,Valid
4966,SYN02283,North,Provider Group E,Colorectal Cancer Screening,2026-04-01,0,Valid
4967,SYN02283,North,Provider Group E,Diabetes Care,2026-04-01,0,Valid
4968,SYN02285,North,Provider Group A,Colorectal Cancer Screening,2026-04-01,0,Valid
4969,SYN02285,North,Provider Group A,Controlling Blood Pressure,2026-04-01,0,Valid
4970,SYN02285,North,Provider Group A,Diabetes Care,2026-04-01,0,Valid
4971,SYN02286,West,Provider Group D,Diabetes Care,2026-04-01,0,Valid
4972,SYN02286,West,Provider Group D,Medication Adherence,2026-04-01,0,Valid
4973,SYN02289,East,Provider Group E,Breast Cancer Screening,2026-04-01,0,Valid
4974,SYN02289,East,Provider Group E,Colorectal Cancer Screening,2026-04-01,0,Valid
4975,SYN02289,East,Provider Group E,Diabetes Care,2026-04-01,0,Valid
4976,SYN02293,North,Provider Group D,Controlling Blood Pressure,2026-04-01,0,Valid
4977,SYN02293,North,Provider Group D,Diabetes Care,2026-04-01,0,Valid
4978,SYN02293,North,Provider Group D,Follow-Up After Hospitalization,2026-04-01,0,Valid
4979,SYN02293,North,Provider Group D,Medication Adherence,2026-04-01,0,Valid
4980,SYN02299,South,Provider Group B,Breast Cancer Screening,2026-04-01,0,Valid
4981,SYN02299,South,Provider Group B,Diabetes Care,2026-04-01,0,Valid
4982,SYN02299,South,Provider Group B,Medication Adherence,2026-04-01,0,Valid
4983,SYN02309,South,Provider Group B,Colorectal Cancer Screening,2026-04-01,0,Valid
4984,SYN02309,South,Provider Group B,Controlling Blood Pressure,2026-04-01,0,Valid
4985,SYN02309,South,Provider Group B,Diabetes Care,2026-04-01,0,Valid
4986,SYN02317,South,Provider Group D,Colorectal Cancer Screening,2026-04-01,0,Valid
4987,SYN02317,South,Provider Group D,Medication Adherence,2026-04-01,0,Valid
4988,SYN02321,North,Provider Group E,Diabetes Care,2026-04-01,0,Valid
4989,SYN02321,North,Provider Group E,Follow-Up After Hospitalization,2026-04-01,0,Valid
4990,SYN02337,East,Provider Group B,Colorectal Cancer Screening,2026-04-01,0,Valid
4991,SYN02337,East,Provider Group B,Controlling Blood Pressure,2026-04-01,0,Valid
4992,SYN02337,East,Provider Group B,Diabetes Care,2026-04-01,0,Valid
4993,SYN02348,East,Provider Group B,Diabetes Care,2026-04-01,0,Valid
4994,SYN02348,East,Provider Group B,Medication Adherence,2026-04-01,0,Valid
4995,SYN02355,South,Provider Group A,Diabetes Care,2026-04-01,0,Valid
4996,SYN02355,South,Provider Group A,Follow-Up After Hospitalization,2026-04-01,0,Valid
4997,SYN02358,South,Provider Group A,Colorectal Cancer Screening,2026-04-01,0,Valid
4998,SYN02358,South,Provider Group A,Controlling Blood Pressure,2026-04-01,0,Valid
4999,SYN02358,South,Provider Group A,Medication Adherence,2026-04-01,0,Valid
5000,SYN02366,North,Provider Group D,Breast Cancer Screening,2026-04-01,0,Valid
5001,SYN02366,North,Provider Group D,Colorectal Cancer Screening,2026-04-01,0,Valid
5002,SYN02366,North,Provider Group D,Controlling Blood Pressure,2026-04-01,0,Valid
5003,SYN02366,North,Provider Group D,Follow-Up After Hospitalization,2026-04-01,0,Valid
5004,SYN02371,South,Provider Group A,Colorectal Cancer Screening,2026-04-01,0,Valid
5005,SYN02371,South,Provider Group A,Diabetes Care,2026-04-01,0,Valid
5006,SYN02371,South,Provider Group A,Follow-Up After Hospitalization,2026-04-01,0,Valid
5007,SYN02371,South,Provider Group A,Medication Adherence,2026-04-01,0,Valid
5008,SYN02387,West,Provider Group D,Breast Cancer Screening,2026-04-01,0,Valid
5009,SYN02387,West,Provider Group D,Controlling Blood Pressure,2026-04-01,0,Valid
5010,SYN02387,West,Provider Group D,Medication Adherence,2026-04-01,0,Valid
5011,SYN02405,East,Provider Group A,Breast Cancer Screening,2026-04-01,0,Valid
5012,SYN02405,East,Provider Group A,Colorectal Cancer Screening,2026-04-01,0,Valid
5013,SYN02405,East,Provider Group A,Medication Adherence,2026-04-01,0,Valid
5014,SYN02408,North,Provider Group C,Controlling Blood Pressure,2026-04-01,0,Valid
5015,SYN02408,North,Provider Group C,Diabetes Care,2026-04-01,0,Valid
5016,SYN02408,North,Provider Group C,Medication Adherence,2026-04-01,0,Valid
5017,SYN02416,North,Provider Group D,Colorectal Cancer Screening,2026-04-01,0,Valid
5018,SYN02416,North,Provider Group D,Diabetes Care,2026-04-01,0,Valid
5019,SYN02416,North,Provider Group D,Follow-Up After Hospitalization,2026-04-01,0,Valid
5020,SYN02419,South,Provider Group A,Colorectal Cancer Screening,2026-04-01,0,Valid
5021,SYN02419,South,Provider Group A,Controlling Blood Pressure,2026-04-01,0,Valid
5022,SYN02426,South,Provider Group C,Breast Cancer Screening,2026-04-01,0,Valid
5023,SYN02426,South,Provider Group C,Colorectal Cancer Screening,2026-04-01,0,Valid
5024,SYN02426,South,Provider Group C,Diabetes Care,2026-04-01,0,Valid
5025,SYN02426,South,Provider Group C,Medication Adherence,2026-04-01,0,Valid
5026,SYN02429,East,Provider Group E,Breast Cancer Screening,2026-04-01,0,Valid
5027,SYN02429,East,Provider Group E,Follow-Up After Hospitalization,2026-04-01,0,Valid
5028,SYN02432,West,Provider Group A,Breast Cancer Screening,2026-04-01,0,Valid
5029,SYN02432,West,Provider Group A,Colorectal Cancer Screening,2026-04-01,0,Valid
5030,SYN02432,West,Provider Group A,Follow-Up After Hospitalization,2026-04-01,0,Valid
5031,SYN02432,West,Provider Group A,Medication Adherence,2026-04-01,0,Valid
5032,SYN02435,West,Provider Group C,Colorectal Cancer Screening,2026-04-01,0,Valid
5033,SYN02435,West,Provider Group C,Controlling Blood Pressure,2026-04-01,0,Valid
5034,SYN02435,West,Provider Group C,Follow-Up After Hospitalization,2026-04-01,0,Valid
5035,SYN02437,South,Provider Group A,Follow-Up After Hospitalization,2026-04-01,0,Valid
5036,SYN02444,South,Provider Group A,Breast Cancer Screening,2026-04-01,0,Valid
5037,SYN02444,South,Provider Group A,Colorectal Cancer Screening,2026-04-01,0,Valid
5038,SYN02444,South,Provider Group A,Controlling Blood Pressure,2026-04-01,0,Valid
5039,SYN02444,South,Provider Group A,Diabetes Care,2026-04-01,0,Valid
5040,SYN02446,South,Provider Group A,Breast Cancer Screening,2026-04-01,0,Valid
5041,SYN02446,South,Provider Group A,Controlling Blood Pressure,2026-04-01,0,Valid
5042,SYN02446,South,Provider Group A,Diabetes Care,2026-04-01,0,Valid
5043,SYN02453,North,Provider Group C,Controlling Blood Pressure,2026-04-01,0,Valid
5044,SYN02453,North,Provider Group C,Follow-Up After Hospitalization,2026-04-01,0,Valid
5045,SYN02453,North,Provider Group C,Medication Adherence,2026-04-01,0,Valid
5046,SYN02454,East,Provider Group C,Medication Adherence,2026-04-01,0,Valid
5047,SYN02457,South,Provider Group B,Controlling Blood Pressure,2026-04-01,0,Valid
5048,SYN02457,South,Provider Group B,Follow-Up After Hospitalization,2026-04-01,0,Valid
5049,SYN02457,South,Provider Group B,Medication Adherence,2026-04-01,0,Valid
5050,SYN02462,North,Provider Group B,Colorectal Cancer Screening,2026-04-01,0,Valid
5051,SYN02462,North,Provider Group B,Controlling Blood Pressure,2026-04-01,0,Valid
5052,SYN02462,North,Provider Group B,Diabetes Care,2026-04-01,0,Valid
5053,SYN02462,North,Provider Group B,Follow-Up After Hospitalization,2026-04-01,0,Valid
5054,SYN02466,South,Provider Group A,Breast Cancer Screening,2026-04-01,0,Valid
5055,SYN02468,South,Provider Group A,Breast Cancer Screening,2026-04-01,0,Valid
5056,SYN02468,South,Provider Group A,Colorectal Cancer Screening,2026-04-01,0,Valid
5057,SYN02468,South,Provider Group A,Diabetes Care,2026-04-01,0,Valid
5058,SYN02468,South,Provider Group A,Follow-Up After Hospitalization,2026-04-01,0,Valid
5059,SYN02480,West,Provider Group E,Breast Cancer Screening,2026-04-01,0,Valid
5060,SYN02480,West,Provider Group E,Colorectal Cancer Screening,2026-04-01,0,Valid
5061,SYN02481,North,Provider Group C,Follow-Up After Hospitalization,2026-04-01,0,Valid
5062,SYN02481,North,Provider Group C,Medication Adherence,2026-04-01,0,Valid
5063,SYN02488,North,Provider Group D,Colorectal Cancer Screening,2026-04-01,0,Valid
5064,SYN02488,North,Provider Group D,Controlling Blood Pressure,2026-04-01,0,Valid
5065,SYN02489,West,Provider Group D,Breast Cancer Screening,2026-04-01,0,Valid
5066,SYN02489,West,Provider Group D,Controlling Blood Pressure,2026-04-01,0,Valid
5067,SYN02489,West,Provider Group D,Diabetes Care,2026-04-01,0,Valid
5068,SYN02489,West,Provider Group D,Follow-Up After Hospitalization,2026-04-01,0,Valid
5069,SYN02489,West,Provider Group D,Medication Adherence,2026-04-01,0,Valid
5070,SYN02490,North,Provider Group A,Diabetes Care,2026-04-01,0,Valid
5071,SYN02504,East,Provider Group A,Colorectal Cancer Screening,2026-04-01,0,Valid
5072,SYN02504,East,Provider Group A,Controlling Blood Pressure,2026-04-01,0,Valid
5073,SYN02504,East,Provider Group A,Diabetes Care,2026-04-01,0,Valid
5074,SYN02504,East,Provider Group A,Follow-Up After Hospitalization,2026-04-01,0,Valid
5075,SYN02514,East,Provider Group B,Colorectal Cancer Screening,2026-04-01,0,Valid
5076,SYN02514,East,Provider Group B,Controlling Blood Pressure,2026-04-01,0,Valid
5077,SYN02514,East,Provider Group B,Follow-Up After Hospitalization,2026-04-01,0,Valid
5078,SYN02518,South,Provider Group B,Colorectal Cancer Screening,2026-04-01,0,Valid
5079,SYN02518,South,Provider Group B,Diabetes Care,2026-04-01,0,Valid
5080,SYN02518,South,Provider Group B,Follow-Up After Hospitalization,2026-04-01,0,Valid
5081,SYN02523,South,Provider Group B,Breast Cancer Screening,2026-04-01,0,Valid
5082,SYN02523,South,Provider Group B,Colorectal Cancer Screening,2026-04-01,0,Valid
5083,SYN02523,South,Provider Group B,Controlling Blood Pressure,2026-04-01,0,Valid
5084,SYN02523,South,Provider Group B,Medication Adherence,2026-04-01,0,Valid
5085,SYN02538,North,Provider Group C,Controlling Blood Pressure,2026-04-01,0,Valid
5086,SYN02547,East,Provider Group B,Colorectal Cancer Screening,2026-04-01,0,Valid
5087,SYN02547,East,Provider Group B,Diabetes Care,2026-04-01,0,Valid
5088,SYN02552,South,Provider Group A,Breast Cancer Screening,2026-04-01,0,Valid
5089,SYN02552,South,Provider Group A,Colorectal Cancer Screening,2026-04-01,0,Valid
5090,SYN02552,South,Provider Group A,Controlling Blood Pressure,2026-04-01,0,Valid
5091,SYN02554,East,Provider Group B,Colorectal Cancer Screening,2026-04-01,0,Valid
5092,SYN02554,East,Provider Group B,Controlling Blood Pressure,2026-04-01,0,Valid
5093,SYN02554,East,Provider Group B,Diabetes Care,2026-04-01,1,Needs Review
5094,SYN02554,East,Provider Group B,Follow-Up After Hospitalization,2026-04-01,0,Valid
5095,SYN02554,East,Provider Group B,Medication Adherence,2026-04-01,0,Valid
5096,SYN02565,East,Provider Group A,Controlling Blood Pressure,2026-04-01,0,Valid
5097,SYN02565,East,Provider Group A,Follow-Up After Hospitalization,2026-04-01,0,Valid
5098,SYN02568,West,Provider Group B,Medication Adherence,2026-04-01,0,Valid
5099,SYN02573,West,Provider Group D,Colorectal Cancer Screening,2026-04-01,0,Valid
5100,SYN02590,East,Provider Group B,Breast Cancer Screening,2026-04-01,0,Valid
5101,SYN02590,East,Provider Group B,Colorectal Cancer Screening,2026-04-01,0,Valid
5102,SYN02590,East,Provider Group B,Controlling Blood Pressure,2026-04-01,0,Valid
5103,SYN02590,East,Provider Group B,Diabetes Care,2026-04-01,0,Valid
5104,,East,Provider Group B,Medication Adherence,2026-04-01,1,Needs Review
5105,SYN02595,North,Provider Group E,Breast Cancer Screening,2026-04-01,0,Valid
5106,SYN02595,North,Provider Group E,Colorectal Cancer Screening,2026-04-01,0,Valid
5107,SYN02595,North,Provider Group E,Medication Adherence,2026-04-01,0,Valid
5108,SYN02597,North,Provider Group A,Controlling Blood Pressure,2026-04-01,0,Valid
5109,SYN02597,North,Provider Group A,Medication Adherence,2026-04-01,0,Valid
5110,SYN02600,West,Provider Group B,Colorectal Cancer Screening,2026-04-01,0,Valid
5111,SYN02600,West,Provider Group B,Controlling Blood Pressure,2026-04-01,0,Valid
5112,SYN02600,West,Provider Group B,Diabetes Care,2026-04-01,0,Valid
5113,SYN02600,West,Provider Group B,Medication Adherence,2026-04-01,0,Valid
5114,SYN02601,West,Provider Group D,Controlling Blood Pressure,2026-04-01,0,Valid
5115,SYN02601,West,Provider Group D,Diabetes Care,2026-04-01,0,Valid
5116,SYN02601,West,Provider Group D,Follow-Up After Hospitalization,2026-04-01,0,Valid
5117,SYN02614,North,Provider Group D,Colorectal Cancer Screening,2026-04-01,0,Valid
5118,SYN02614,North,Provider Group D,Diabetes Care,2026-04-01,0,Valid
5119,SYN02614,North,Provider Group D,Medication Adherence,2026-04-01,0,Valid
5120,SYN02630,North,Provider Group E,Diabetes Care,2026-04-01,0,Valid
5121,SYN02630,North,Provider Group E,Follow-Up After Hospitalization,2026-04-01,0,Valid
5122,SYN02630,North,Provider Group E,Medication Adherence,2026-04-01,0,Valid
5123,SYN02631,East,Provider Group A,Breast Cancer Screening,2026-04-01,0,Valid
5124,SYN02631,East,Provider Group A,Colorectal Cancer Screening,2026-04-01,0,Valid
5125,SYN02631,East,Provider Group A,Medication Adherence,2026-04-01,0,Valid
5126,SYN02636,West,Provider Group D,Breast Cancer Screening,2026-04-01,0,Valid
5127,SYN02636,West,Provider Group D,Diabetes Care,2026-04-01,0,Valid
5128,SYN02636,West,Provider Group D,Medication Adherence,2026-04-01,0,Valid
5129,SYN02637,South,Provider Group A,Colorectal Cancer Screening,2026-04-01,0,Valid
5130,SYN02637,South,Provider Group A,Medication Adherence,2026-04-01,0,Valid
5131,SYN02642,South,Provider Group E,Colorectal Cancer Screening,2026-04-01,0,Valid
5132,SYN02642,South,Provider Group E,Controlling Blood Pressure,2026-04-01,0,Valid
5133,SYN02642,South,Provider Group E,Diabetes Care,2026-04-01,0,Valid
5134,SYN02642,South,Provider Group E,Medication Adherence,2026-04-01,0,Valid
5135,SYN02643,West,Provider Group C,Colorectal Cancer Screening,2026-04-01,0,Valid
5136,SYN02643,West,Provider Group C,Controlling Blood Pressure,2026-04-01,0,Valid
5137,SYN02643,West,Provider Group C,Follow-Up After Hospitalization,2026-04-01,0,Valid
5138,SYN02656,West,Provider Group E,Colorectal Cancer Screening,2026-04-01,0,Valid
5139,SYN02656,West,Provider Group E,Medication Adherence,2026-04-01,0,Valid
5140,SYN02660,South,Provider Group E,Controlling Blood Pressure,2026-04-01,0,Valid
5141,SYN02660,South,Provider Group E,Medication Adherence,2026-04-01,0,Valid
5142,SYN02662,North,Provider Group D,Controlling Blood Pressure,2026-04-01,0,Valid
5143,SYN02662,North,Provider Group D,Diabetes Care,2026-04-01,0,Valid
5144,SYN02662,North,Provider Group D,Follow-Up After Hospitalization,2026-04-01,0,Valid
5145,SYN02674,South,Provider Group D,Colorectal Cancer Screening,2026-04-01,0,Valid
5146,SYN02674,South,Provider Group D,Controlling Blood Pressure,2026-04-01,0,Valid
5147,SYN02674,South,Provider Group D,Medication Adherence,2026-04-01,0,Valid
5148,SYN02678,South,Provider Group C,Controlling Blood Pressure,2026-04-01,0,Valid
5149,SYN02678,South,Provider Group C,Diabetes Care,2026-04-01,0,Valid
5150,SYN02678,South,Provider Group C,Medication Adherence,2026-04-01,0,Valid
5151,SYN02681,South,Provider Group D,Colorectal Cancer Screening,2026-04-01,0,Valid
5152,SYN02681,South,Provider Group D,Controlling Blood Pressure,2026-04-01,0,Valid
5153,SYN02691,North,Provider Group D,Colorectal Cancer Screening,2026-04-01,0,Valid
5154,SYN02691,North,Provider Group D,Diabetes Care,2026-04-01,0,Valid
5155,SYN02695,East,Provider Group B,Colorectal Cancer Screening,2026-04-01,0,Valid
5156,SYN02695,East,Provider Group B,Controlling Blood Pressure,2026-04-01,0,Valid
5157,SYN02697,East,Provider Group A,Breast Cancer Screening,2026-04-01,0,Valid
5158,SYN02697,East,Provider Group A,Colorectal Cancer Screening,2026-04-01,0,Valid
5159,SYN02709,South,Provider Group C,Controlling Blood Pressure,2026-04-01,0,Valid
5160,SYN02710,South,Provider Group D,Breast Cancer Screening,2026-04-01,0,Valid
5161,SYN02710,South,Provider Group D,Controlling Blood Pressure,2026-04-01,0,Valid
5162,SYN02710,South,Provider Group D,Medication Adherence,2026-04-01,0,Valid
5163,SYN02712,East,Provider Group A,Diabetes Care,2026-04-01,0,Valid
5164,SYN02712,East,Provider Group A,Medication Adherence,2026-04-01,0,Valid
5165,SYN02715,South,Provider Group B,Colorectal Cancer Screening,2026-04-01,0,Valid
5166,SYN02715,South,Provider Group B,Controlling Blood Pressure,2026-04-01,0,Valid
5167,SYN02715,South,Provider Group B,Diabetes Care,2026-04-01,0,Valid
5168,SYN02717,West,Provider Group C,Breast Cancer Screening,2026-04-01,0,Valid
5169,SYN02717,West,Provider Group C,Diabetes Care,2026-04-01,0,Valid
5170,SYN02717,West,Provider Group C,Follow-Up After Hospitalization,2026-04-01,0,Valid
5171,SYN02724,East,Provider Group C,Controlling Blood Pressure,2026-04-01,0,Valid
5172,SYN02724,East,Provider Group C,Diabetes Care,2026-04-01,0,Valid
5173,SYN02724,East,Provider Group C,Follow-Up After Hospitalization,2026-04-01,0,Valid
5174,SYN02724,East,Provider Group C,Medication Adherence,2026-04-01,0,Valid
5175,SYN02731,North,Provider Group E,Controlling Blood Pressure,2026-04-01,0,Valid
5176,SYN02731,North,Provider Group E,Diabetes Care,2026-04-01,0,Valid
5177,SYN02731,North,Provider Group E,Medication Adherence,2026-04-01,0,Valid
5178,SYN02737,North,Provider Group C,Breast Cancer Screening,2026-04-01,0,Valid
5179,SYN02737,North,Provider Group C,Colorectal Cancer Screening,2026-04-01,0,Valid
5180,SYN02737,North,Provider Group C,Controlling Blood Pressure,2026-04-01,0,Valid
5181,SYN02737,North,Provider Group C,Follow-Up After Hospitalization,2026-04-01,0,Valid
5182,SYN02737,North,Provider Group C,Medication Adherence,2026-04-01,0,Valid
5183,SYN02749,West,Provider Group D,Breast Cancer Screening,2026-04-01,0,Valid
5184,SYN02749,West,Provider Group D,Diabetes Care,2026-04-01,0,Valid
5185,SYN02749,West,Provider Group D,Medication Adherence,2026-04-01,0,Valid
5186,SYN02755,North,Provider Group A,Colorectal Cancer Screening,2026-04-01,0,Valid
5187,SYN02755,North,Provider Group A,Diabetes Care,2026-04-01,0,Valid
5188,SYN02755,North,Provider Group A,Medication Adherence,2026-04-01,0,Valid
5189,SYN02770,South,Provider Group B,Colorectal Cancer Screening,2026-04-01,0,Valid
5190,SYN02770,South,Provider Group B,Diabetes Care,2026-04-01,0,Valid
5191,SYN02771,West,Provider Group D,Controlling Blood Pressure,2026-04-01,0,Valid
5192,SYN02771,West,Provider Group D,Diabetes Care,2026-04-01,0,Valid
5193,SYN02771,West,Provider Group D,Medication Adherence,2026-04-01,0,Valid
5194,SYN02772,East,Provider Group C,Controlling Blood Pressure,2026-04-01,0,Valid
5195,SYN02772,East,Provider Group C,Diabetes Care,2026-04-01,0,Valid
5196,SYN02772,East,Provider Group C,Follow-Up After Hospitalization,2026-04-01,0,Valid
5197,SYN02779,North,Provider Group B,Colorectal Cancer Screening,2026-04-01,0,Valid
5198,SYN02792,North,Provider Group A,Controlling Blood Pressure,2026-04-01,0,Valid
5199,SYN02792,North,Provider Group A,Diabetes Care,2026-04-01,0,Valid
5200,SYN02807,South,Provider Group C,Breast Cancer Screening,2026-04-01,0,Valid
5201,SYN02817,South,Provider Group B,Medication Adherence,2026-04-01,0,Valid
5202,SYN02819,East,Provider Group D,Controlling Blood Pressure,2026-04-01,0,Valid
5203,SYN02819,East,Provider Group D,Diabetes Care,2026-04-01,0,Valid
5204,SYN02819,East,Provider Group D,Medication Adherence,2026-04-01,0,Valid
5205,SYN02822,East,Provider Group C,Breast Cancer Screening,2026-04-01,0,Valid
5206,SYN02822,East,Provider Group C,Controlling Blood Pressure,2026-04-01,0,Valid
5207,SYN02822,East,Provider Group C,Diabetes Care,2026-04-01,0,Valid
5208,SYN02822,East,Provider Group C,Follow-Up After Hospitalization,2026-04-01,0,Valid
5209,SYN02823,West,Provider Group B,Breast Cancer Screening,2026-04-01,0,Valid
5210,SYN02823,West,Provider Group B,Colorectal Cancer Screening,2026-04-01,0,Valid
5211,SYN02824,South,Provider Group E,Breast Cancer Screening,2026-04-01,0,Valid
5212,SYN02836,South,Provider Group D,Colorectal Cancer Screening,2026-04-01,0,Valid
5213,SYN02836,South,Provider Group D,Follow-Up After Hospitalization,2026-04-01,0,Valid
5214,SYN02839,West,Provider Group B,Breast Cancer Screening,2026-04-01,0,Valid
5215,SYN02853,West,Provider Group D,Diabetes Care,2026-04-01,0,Valid
5216,SYN02854,North,Provider Group A,Colorectal Cancer Screening,2026-04-01,0,Valid
5217,SYN02854,North,Provider Group A,Follow-Up After Hospitalization,2026-04-01,0,Valid
5218,SYN02858,North,Provider Group D,Controlling Blood Pressure,2026-04-01,0,Valid
5219,SYN02858,North,Provider Group D,Diabetes Care,2026-04-01,0,Valid
5220,SYN02859,South,Provider Group D,Breast Cancer Screening,2026-04-01,0,Valid
5221,SYN02859,South,Provider Group D,Colorectal Cancer Screening,2026-04-01,0,Valid
5222,SYN02859,South,Provider Group D,Diabetes Care,2026-04-01,0,Valid
5223,SYN02885,East,Provider Group D,Diabetes Care,2026-04-01,0,Valid
5224,SYN02885,East,Provider Group D,Medication Adherence,2026-04-01,0,Valid
5225,SYN02887,North,Provider Group C,Controlling Blood Pressure,2026-04-01,0,Valid
5226,SYN02887,North,Provider Group C,Diabetes Care,2026-04-01,0,Valid
5227,SYN02887,North,Provider Group C,Follow-Up After Hospitalization,2026-04-01,0,Valid
5228,SYN02887,North,Provider Group C,Medication Adherence,2026-04-01,0,Valid
5229,SYN02900,South,Provider Group A,Controlling Blood Pressure,2026-04-01,0,Valid
5230,SYN02900,South,Provider Group A,Follow-Up After Hospitalization,2026-04-01,0,Valid
5231,SYN02900,South,Provider Group A,Medication Adherence,2026-04-01,0,Valid
5232,SYN02921,West,Provider Group A,Breast Cancer Screening,2026-04-01,0,Valid
5233,SYN02924,South,Provider Group A,Controlling Blood Pressure,2026-04-01,0,Valid
5234,SYN02924,South,Provider Group A,Diabetes Care,2026-04-01,0,Valid
5235,SYN02931,North,Provider Group B,Breast Cancer Screening,2026-04-01,0,Valid
5236,SYN02931,North,Provider Group B,Colorectal Cancer Screening,2026-04-01,0,Valid
5237,SYN02939,North,Provider Group D,Breast Cancer Screening,2026-04-01,0,Valid
5238,SYN02939,North,Provider Group D,Colorectal Cancer Screening,2026-04-01,0,Valid
5239,SYN02939,North,Provider Group D,Controlling Blood Pressure,2026-04-01,0,Valid
5240,SYN02944,North,Provider Group A,Controlling Blood Pressure,2026-04-01,0,Valid
5241,SYN02944,North,Provider Group A,Medication Adherence,2026-04-01,0,Valid
5242,SYN02945,North,Provider Group B,Colorectal Cancer Screening,2026-04-01,0,Valid
5243,SYN02945,North,Provider Group B,Controlling Blood Pressure,2026-04-01,0,Valid
5244,SYN02945,North,Provider Group B,Medication Adherence,2026-04-01,0,Valid
5245,SYN02948,West,Provider Group C,Breast Cancer Screening,2026-04-01,0,Valid
5246,SYN02948,West,Provider Group C,Controlling Blood Pressure,2026-04-01,0,Valid
5247,SYN02966,North,Provider Group D,Breast Cancer Screening,2026-04-01,0,Valid
5248,SYN02966,North,Provider Group D,Colorectal Cancer Screening,2026-04-01,0,Valid
5249,SYN02976,East,Provider Group B,Medication Adherence,2026-04-01,0,Valid
5250,SYN02988,East,Provider Group D,Colorectal Cancer Screening,2026-04-01,0,Valid
5251,SYN02988,East,Provider Group D,Controlling Blood Pressure,2026-04-01,0,Valid
5252,SYN02988,East,Provider Group D,Medication Adherence,2026-04-01,0,Valid
5253,SYN02989,North,Provider Group A,Breast Cancer Screening,2026-04-01,0,Valid
5254,SYN02989,North,Provider Group A,Colorectal Cancer Screening,2026-04-01,0,Valid
5255,SYN02989,North,Provider Group A,Controlling Blood Pressure,2026-04-01,0,Valid
5256,SYN02990,South,Provider Group B,Controlling Blood Pressure,2026-04-01,0,Valid
5257,SYN02990,South,Provider Group B,Diabetes Care,2026-04-01,0,Valid
5258,SYN02997,East,Provider Group B,Controlling Blood Pressure,2026-04-01,0,Valid
5259,SYN02997,East,Provider Group B,Diabetes Care,2026-04-01,0,Valid
5260,SYN02997,East,Provider Group B,Follow-Up After Hospitalization,2026-04-01,0,Valid
5261,SYN02997,East,Provider Group B,Medication Adherence,2026-04-01,0,Valid
5262,SYN03010,North,Provider Group A,Breast Cancer Screening,2026-04-01,0,Valid
5263,SYN03010,North,Provider Group A,Controlling Blood Pressure,2026-04-01,0,Valid
5264,SYN03010,North,Provider Group A,Diabetes Care,2026-04-01,0,Valid
5265,SYN03016,East,Provider Group D,Controlling Blood Pressure,2026-04-01,0,Valid
5266,SYN03016,East,Provider Group D,Diabetes Care,2026-04-01,0,Valid
5267,SYN03016,East,Provider Group D,Medication Adherence,2026-04-01,0,Valid
5268,SYN03024,West,Provider Group A,Controlling Blood Pressure,2026-04-01,0,Valid
5269,SYN03024,West,Provider Group A,Medication Adherence,2026-04-01,0,Valid
5270,SYN03030,North,Provider Group B,Diabetes Care,2026-04-01,0,Valid
5271,SYN03030,North,Provider Group B,Follow-Up After Hospitalization,2026-04-01,0,Valid
5272,SYN03030,North,Provider Group B,Medication Adherence,2026-04-01,0,Valid
5273,SYN03043,West,Provider Group E,Follow-Up After Hospitalization,2026-04-01,0,Valid
5274,SYN03043,West,Provider Group E,Medication Adherence,2026-04-01,0,Valid
5275,SYN03044,West,Provider Group B,Controlling Blood Pressure,2026-04-01,0,Valid
5276,SYN03044,West,Provider Group B,Medication Adherence,2026-04-01,0,Valid
5277,SYN03048,West,Provider Group B,Breast Cancer Screening,2026-04-01,0,Valid
5278,SYN03048,West,Provider Group B,Controlling Blood Pressure,2026-04-01,0,Valid
5279,SYN03048,West,Provider Group B,Diabetes Care,2026-04-01,0,Valid
5280,SYN03048,West,Provider Group B,Medication Adherence,2026-04-01,0,Valid
5281,SYN03051,East,Provider Group D,Colorectal Cancer Screening,2026-04-01,0,Valid
5282,SYN03051,East,Provider Group D,Diabetes Care,2026-04-01,0,Valid
5283,SYN03061,South,Provider Group B,Breast Cancer Screening,2026-04-01,0,Valid
5284,SYN03061,South,Provider Group B,Controlling Blood Pressure,2026-04-01,0,Valid
5285,SYN03061,South,Provider Group B,Diabetes Care,2026-04-01,0,Valid
5286,SYN03064,West,Provider Group D,Colorectal Cancer Screening,2026-04-01,0,Valid
5287,SYN03064,West,Provider Group D,Medication Adherence,2026-04-01,0,Valid
5288,SYN03073,North,Provider Group A,Colorectal Cancer Screening,2026-04-01,0,Valid
5289,SYN03073,North,Provider Group A,Controlling Blood Pressure,2026-04-01,0,Valid
5290,SYN03073,North,Provider Group A,Medication Adherence,2026-04-01,0,Valid
5291,SYN03084,West,Provider Group B,Diabetes Care,2026-04-01,0,Valid
5292,SYN03084,West,Provider Group B,Medication Adherence,2026-04-01,0,Valid
5293,SYN03085,North,Provider Group D,Diabetes Care,2026-04-01,0,Valid
5294,SYN03085,North,Provider Group D,Follow-Up After Hospitalization,2026-04-01,0,Valid
5295,SYN03085,North,Provider Group D,Medication Adherence,2026-04-01,0,Valid
5296,SYN03086,North,Provider Group C,Breast Cancer Screening,2026-04-01,0,Valid
5297,SYN03086,North,Provider Group C,Colorectal Cancer Screening,2026-04-01,0,Valid
5298,SYN03086,North,Provider Group C,Diabetes Care,2026-04-01,0,Valid
5299,SYN03091,West,Provider Group B,Colorectal Cancer Screening,2026-04-01,0,Valid
5300,SYN03091,West,Provider Group B,Controlling Blood Pressure,2026-04-01,0,Valid
5301,SYN03094,South,Provider Group B,Breast Cancer Screening,2026-04-01,0,Valid
5302,SYN03094,South,Provider Group B,Medication Adherence,2026-04-01,0,Valid
5303,SYN03101,West,Provider Group E,Breast Cancer Screening,2026-04-01,0,Valid
5304,SYN03101,West,Provider Group E,Colorectal Cancer Screening,2026-04-01,0,Valid
5305,SYN03101,West,Provider Group E,Controlling Blood Pressure,2026-04-01,0,Valid
5306,SYN03101,West,Provider Group E,Follow-Up After Hospitalization,2026-04-01,0,Valid
5307,SYN03110,South,Provider Group D,Breast Cancer Screening,2026-04-01,0,Valid
5308,SYN03112,West,Provider Group B,Diabetes Care,2026-04-01,0,Valid
5309,SYN03117,South,Provider Group A,Colorectal Cancer Screening,2026-04-01,0,Valid
5310,SYN03117,South,Provider Group A,Controlling Blood Pressure,2026-04-01,0,Valid
5311,SYN03117,South,Provider Group A,Medication Adherence,2026-04-01,0,Valid
5312,SYN03118,East,Provider Group D,Follow-Up After Hospitalization,2026-04-01,0,Valid
5313,SYN03118,East,Provider Group D,Medication Adherence,2026-04-01,0,Valid
5314,SYN03125,South,Provider Group D,Breast Cancer Screening,2026-04-01,0,Valid
5315,SYN03126,South,Provider Group B,Colorectal Cancer Screening,2026-04-01,0,Valid
5316,SYN03126,South,Provider Group B,Controlling Blood Pressure,2026-04-01,0,Valid
5317,SYN03126,South,Provider Group B,Medication Adherence,2026-04-01,0,Valid
5318,SYN03133,South,Provider Group E,Colorectal Cancer Screening,2026-04-01,0,Valid
5319,SYN03133,South,Provider Group E,Controlling Blood Pressure,2026-04-01,0,Valid
5320,SYN03133,South,Provider Group E,Diabetes Care,2026-04-01,0,Valid
5321,SYN03139,South,Provider Group C,Follow-Up After Hospitalization,2026-04-01,0,Valid
5322,SYN03139,South,Provider Group C,Medication Adherence,2026-04-01,0,Valid
5323,SYN03140,North,Provider Group A,Breast Cancer Screening,2026-04-01,0,Valid
5324,SYN03140,North,Provider Group A,Colorectal Cancer Screening,2026-04-01,0,Valid
5325,SYN03140,North,Provider Group A,Controlling Blood Pressure,2026-04-01,0,Valid
5326,SYN03140,North,Provider Group A,Follow-Up After Hospitalization,2026-04-01,0,Valid
5327,SYN03140,North,Provider Group A,Medication Adherence,2026-04-01,0,Valid
5328,SYN03144,South,Provider Group C,Breast Cancer Screening,2026-04-01,0,Valid
5329,SYN03144,South,Provider Group C,Controlling Blood Pressure,2026-04-01,0,Valid
5330,SYN03149,North,Provider Group C,Controlling Blood Pressure,2026-04-01,0,Valid
5331,SYN03149,North,Provider Group C,Diabetes Care,2026-04-01,0,Valid
5332,SYN03159,South,Provider Group A,Colorectal Cancer Screening,2026-04-01,0,Valid
5333,SYN03162,West,Provider Group C,Breast Cancer Screening,2026-04-01,0,Valid
5334,SYN03162,West,Provider Group C,Colorectal Cancer Screening,2026-04-01,0,Valid
5335,SYN03162,West,Provider Group C,Diabetes Care,2026-04-01,0,Valid
5336,SYN03162,West,Provider Group C,Follow-Up After Hospitalization,2026-04-01,0,Valid
5337,SYN03177,West,Provider Group B,Colorectal Cancer Screening,2026-04-01,0,Valid
5338,SYN03177,West,Provider Group B,Controlling Blood Pressure,2026-04-01,0,Valid
5339,SYN03177,West,Provider Group B,Medication Adherence,2026-04-01,0,Valid
5340,SYN03179,North,Provider Group C,Colorectal Cancer Screening,2026-04-01,0,Valid
5341,SYN03179,North,Provider Group C,Controlling Blood Pressure,2026-04-01,0,Valid
5342,SYN03179,North,Provider Group C,Follow-Up After Hospitalization,2026-04-01,0,Valid
5343,SYN03179,North,Provider Group C,Medication Adherence,2026-04-01,0,Valid
5344,SYN03182,South,Provider Group B,Diabetes Care,2026-04-01,0,Valid
5345,SYN03188,West,Provider Group E,Controlling Blood Pressure,2026-04-01,0,Valid
5346,SYN03188,West,Provider Group E,Medication Adherence,2026-04-01,0,Valid
5347,SYN03191,East,Provider Group C,Colorectal Cancer Screening,2026-04-01,0,Valid
5348,SYN03191,East,Provider Group C,Controlling Blood Pressure,2026-04-01,0,Valid
5349,SYN03191,East,Provider Group C,Follow-Up After Hospitalization,2026-04-01,0,Valid
5350,SYN03191,East,Provider Group C,Medication Adherence,2026-04-01,0,Valid
5351,SYN03193,South,Provider Group A,Colorectal Cancer Screening,2026-04-01,0,Valid
5352,SYN03193,South,Provider Group A,Medication Adherence,2026-04-01,0,Valid
5353,SYN03198,North,Provider Group D,Colorectal Cancer Screening,2026-04-01,0,Valid
5354,SYN00001,North,Provider Group B,Follow-Up After Hospitalization,2026-05-01,0,Valid
5355,SYN00001,North,Provider Group B,Medication Adherence,2026-05-01,0,Valid
5356,SYN00002,South,Provider Group A,Diabetes Care,2026-05-01,0,Valid
5357,SYN00002,South,Provider Group A,Medication Adherence,2026-05-01,0,Valid
5358,SYN00003,South,Provider Group E,Controlling Blood Pressure,2026-05-01,0,Valid
5359,SYN00003,South,Provider Group E,Diabetes Care,2026-05-01,0,Valid
5360,SYN00004,South,Provider Group A,Colorectal Cancer Screening,2026-05-01,0,Valid
5361,SYN00004,South,Provider Group A,Controlling Blood Pressure,2026-05-01,0,Valid
5362,SYN00022,West,Provider Group C,Breast Cancer Screening,2026-05-01,0,Valid
5363,SYN00022,West,Provider Group C,Diabetes Care,2026-05-01,0,Valid
5364,SYN00022,West,Provider Group C,Medication Adherence,2026-05-01,0,Valid
5365,SYN00032,East,Provider Group C,Breast Cancer Screening,2026-05-01,0,Valid
5366,SYN00032,East,Provider Group C,Diabetes Care,2026-05-01,0,Valid
5367,SYN00032,East,Provider Group C,Medication Adherence,2026-05-01,0,Valid
5368,SYN00039,East,Provider Group E,Controlling Blood Pressure,2026-05-01,0,Valid
5369,SYN00039,East,Provider Group E,Diabetes Care,2026-05-01,0,Valid
5370,SYN00040,East,Provider Group E,Breast Cancer Screening,2026-05-01,0,Valid
5371,SYN00040,East,Provider Group E,Colorectal Cancer Screening,2026-05-01,0,Valid
5372,SYN00042,North,Provider Group A,Diabetes Care,2026-05-01,0,Valid
5373,SYN00042,North,Provider Group A,Medication Adherence,2026-05-01,0,Valid
5374,SYN00048,South,Provider Group E,Follow-Up After Hospitalization,2026-05-01,0,Valid
5375,SYN00049,North,Provider Group D,Colorectal Cancer Screening,2026-05-01,0,Valid
5376,SYN00049,North,Provider Group D,Controlling Blood Pressure,2026-05-01,0,Valid
5377,SYN00049,North,Provider Group D,Diabetes Care,2026-05-01,0,Valid
5378,SYN00049,North,Provider Group D,Medication Adherence,2026-05-01,0,Valid
5379,SYN00053,South,Provider Group B,Colorectal Cancer Screening,2026-05-01,0,Valid
5380,SYN00058,West,Provider Group A,Colorectal Cancer Screening,2026-05-01,0,Valid
5381,SYN00058,West,Provider Group A,Diabetes Care,2026-05-01,0,Valid
5382,SYN00058,West,Provider Group A,Follow-Up After Hospitalization,2026-05-01,0,Valid
5383,SYN00059,North,Provider Group E,Controlling Blood Pressure,2026-05-01,0,Valid
5384,SYN00059,North,Provider Group E,Diabetes Care,2026-05-01,0,Valid
5385,SYN00064,North,Provider Group A,Controlling Blood Pressure,2026-05-01,0,Valid
5386,SYN00064,North,Provider Group A,Diabetes Care,2026-05-01,0,Valid
5387,SYN00068,North,Provider Group E,Colorectal Cancer Screening,2026-05-01,0,Valid
5388,SYN00068,North,Provider Group E,Controlling Blood Pressure,2026-05-01,0,Valid
5389,SYN00072,South,Provider Group C,Colorectal Cancer Screening,2026-05-01,0,Valid
5390,SYN00077,West,Provider Group D,Colorectal Cancer Screening,2026-05-01,0,Valid
5391,SYN00077,West,Provider Group D,Controlling Blood Pressure,2026-05-01,0,Valid
5392,SYN00077,West,Provider Group D,Diabetes Care,2026-05-01,0,Valid
5393,SYN00077,West,Provider Group D,Medication Adherence,2026-05-01,0,Valid
5394,SYN00084,South,Provider Group B,Controlling Blood Pressure,2026-05-01,0,Valid
5395,SYN00084,South,Provider Group B,Follow-Up After Hospitalization,2026-05-01,0,Valid
5396,SYN00084,South,Provider Group B,Medication Adherence,2026-05-01,0,Valid
5397,SYN00093,South,Provider Group B,Diabetes Care,2026-05-01,0,Valid
5398,SYN00093,South,Provider Group B,Medication Adherence,2026-05-01,0,Valid
5399,SYN00094,East,Provider Group B,Controlling Blood Pressure,2026-05-01,0,Valid
5400,SYN00094,East,Provider Group B,Follow-Up After Hospitalization,2026-05-01,0,Valid
5401,SYN00112,North,Provider Group B,Breast Cancer Screening,2026-05-01,0,Valid
5402,SYN00112,North,Provider Group B,Controlling Blood Pressure,2026-05-01,0,Valid
5403,SYN00112,North,Provider Group B,Medication Adherence,2026-05-01,0,Valid
5404,SYN00113,West,Provider Group A,Colorectal Cancer Screening,2026-05-01,0,Valid
5405,SYN00113,West,Provider Group A,Controlling Blood Pressure,2026-05-01,0,Valid
5406,SYN00113,West,Provider Group A,Follow-Up After Hospitalization,2026-05-01,0,Valid
5407,SYN00114,North,Provider Group E,Diabetes Care,2026-05-01,0,Valid
5408,SYN00131,South,Provider Group C,Breast Cancer Screening,2026-05-01,0,Valid
5409,SYN00131,South,Provider Group C,Controlling Blood Pressure,2026-05-01,0,Valid
5410,SYN00131,South,Provider Group C,Diabetes Care,2026-05-01,0,Valid
5411,SYN00134,South,Provider Group B,Breast Cancer Screening,2026-05-01,0,Valid
5412,SYN00134,South,Provider Group B,Controlling Blood Pressure,2026-05-01,0,Valid
5413,SYN00134,South,Provider Group B,Diabetes Care,2026-05-01,0,Valid
5414,SYN00134,South,Provider Group B,Follow-Up After Hospitalization,2026-05-01,0,Valid
5415,SYN00136,West,Provider Group D,Breast Cancer Screening,2026-05-01,0,Valid
5416,SYN00136,West,Provider Group D,Colorectal Cancer Screening,2026-05-01,0,Valid
5417,SYN00136,West,Provider Group D,Controlling Blood Pressure,2026-05-01,0,Valid
5418,SYN00138,East,Provider Group D,Breast Cancer Screening,2026-05-01,0,Valid
5419,SYN00138,East,Provider Group D,Colorectal Cancer Screening,2026-05-01,0,Valid
5420,SYN00138,East,Provider Group D,Controlling Blood Pressure,2026-05-01,1,Needs Review
5421,SYN00139,South,Provider Group A,Medication Adherence,2026-05-01,0,Valid
5422,SYN00151,North,Provider Group D,Controlling Blood Pressure,2026-05-01,0,Valid
5423,SYN00151,North,Provider Group D,Diabetes Care,2026-05-01,0,Valid
5424,SYN00151,North,Provider Group D,Medication Adherence,2026-05-01,0,Valid
5425,SYN00155,East,Provider Group E,Follow-Up After Hospitalization,2026-05-01,0,Valid
5426,SYN00159,South,Provider Group C,Colorectal Cancer Screening,2026-05-01,0,Valid
5427,SYN00159,South,Provider Group C,Diabetes Care,2026-05-01,0,Valid
5428,SYN00159,South,Provider Group C,Medication Adherence,2026-05-01,0,Valid
5429,SYN00164,East,Provider Group E,Breast Cancer Screening,2026-05-01,0,Valid
5430,SYN00164,East,Provider Group E,Colorectal Cancer Screening,2026-05-01,0,Valid
5431,SYN00164,East,Provider Group E,Follow-Up After Hospitalization,2026-05-01,0,Valid
5432,SYN00164,East,Provider Group E,Medication Adherence,2026-05-01,0,Valid
5433,SYN00165,South,Provider Group C,Colorectal Cancer Screening,2026-05-01,0,Valid
5434,SYN00169,South,Provider Group E,Breast Cancer Screening,2026-05-01,0,Valid
5435,SYN00169,South,Provider Group E,Controlling Blood Pressure,2026-05-01,0,Valid
5436,SYN00169,South,Provider Group E,Diabetes Care,2026-05-01,0,Valid
5437,SYN00187,North,Provider Group A,Colorectal Cancer Screening,2026-05-01,0,Valid
5438,SYN00187,North,Provider Group A,Controlling Blood Pressure,2026-05-01,0,Valid
5439,SYN00187,North,Provider Group A,Diabetes Care,2026-05-01,0,Valid
5440,SYN00193,East,Provider Group C,Breast Cancer Screening,2026-05-01,0,Valid
5441,SYN00193,East,Provider Group C,Follow-Up After Hospitalization,2026-05-01,0,Valid
5442,SYN00198,East,Provider Group B,Colorectal Cancer Screening,2026-05-01,0,Valid
5443,SYN00198,East,Provider Group B,Controlling Blood Pressure,2026-05-01,0,Valid
5444,SYN00198,East,Provider Group B,Diabetes Care,2026-05-01,0,Valid
5445,SYN00198,East,Provider Group B,Medication Adherence,2026-05-01,0,Valid
5446,SYN00200,North,Provider Group A,Breast Cancer Screening,2026-05-01,0,Valid
5447,SYN00200,North,Provider Group A,Controlling Blood Pressure,2026-05-01,0,Valid
5448,SYN00200,North,Provider Group A,Diabetes Care,2026-05-01,0,Valid
5449,SYN00200,North,Provider Group A,Medication Adherence,2026-05-01,0,Valid
5450,SYN00201,East,Provider Group B,Controlling Blood Pressure,2026-05-01,0,Valid
5451,SYN00201,East,Provider Group B,Medication Adherence,2026-05-01,0,Valid
5452,SYN00220,East,Provider Group C,Controlling Blood Pressure,2026-05-01,0,Valid
5453,SYN00220,East,Provider Group C,Diabetes Care,2026-05-01,0,Valid
5454,SYN00220,East,Provider Group C,Medication Adherence,2026-05-01,0,Valid
5455,SYN00222,North,Provider Group A,Breast Cancer Screening,2026-05-01,0,Valid
5456,SYN00222,North,Provider Group A,Colorectal Cancer Screening,2026-05-01,0,Valid
5457,SYN00222,North,Provider Group A,Controlling Blood Pressure,2026-05-01,0,Valid
5458,SYN00222,North,Provider Group A,Diabetes Care,2026-05-01,0,Valid
5459,SYN00222,North,Provider Group A,Medication Adherence,2026-05-01,0,Valid
5460,SYN00223,South,Provider Group D,Breast Cancer Screening,2026-05-01,0,Valid
5461,SYN00223,South,Provider Group D,Colorectal Cancer Screening,2026-05-01,0,Valid
5462,SYN00223,South,Provider Group D,Diabetes Care,2026-05-01,0,Valid
5463,SYN00233,South,Provider Group C,Controlling Blood Pressure,2026-05-01,0,Valid
5464,SYN00233,South,Provider Group C,Diabetes Care,2026-05-01,0,Valid
5465,SYN00240,North,Provider Group C,Controlling Blood Pressure,2026-05-01,0,Valid
5466,SYN00240,North,Provider Group C,Diabetes Care,2026-05-01,0,Valid
5467,SYN00240,North,Provider Group C,Follow-Up After Hospitalization,2026-05-01,0,Valid
5468,SYN00241,West,Provider Group D,Controlling Blood Pressure,2026-05-01,0,Valid
5469,SYN00241,West,Provider Group D,Diabetes Care,2026-05-01,0,Valid
5470,SYN00242,West,Provider Group A,Breast Cancer Screening,2026-05-01,0,Valid
5471,SYN00242,West,Provider Group A,Controlling Blood Pressure,2026-05-01,0,Valid
5472,SYN00243,South,Provider Group B,Breast Cancer Screening,2026-05-01,0,Valid
5473,SYN00246,North,Provider Group C,Medication Adherence,2026-05-01,0,Valid
5474,SYN00274,West,Provider Group B,Breast Cancer Screening,2026-05-01,0,Valid
5475,SYN00274,West,Provider Group B,Colorectal Cancer Screening,2026-05-01,0,Valid
5476,SYN00277,South,Provider Group E,Controlling Blood Pressure,2026-05-01,0,Valid
5477,SYN00277,South,Provider Group E,Medication Adherence,2026-05-01,0,Valid
5478,SYN00287,South,Provider Group B,Colorectal Cancer Screening,2026-05-01,0,Valid
5479,SYN00287,South,Provider Group B,Diabetes Care,2026-05-01,0,Valid
5480,SYN00287,South,Provider Group B,Follow-Up After Hospitalization,2026-05-01,0,Valid
5481,SYN00292,North,Provider Group A,Colorectal Cancer Screening,2026-05-01,0,Valid
5482,SYN00292,North,Provider Group A,Medication Adherence,2026-05-01,0,Valid
5483,SYN00293,North,Provider Group D,Controlling Blood Pressure,2026-05-01,0,Valid
5484,SYN00293,North,Provider Group D,Diabetes Care,2026-05-01,0,Valid
5485,SYN00293,North,Provider Group D,Medication Adherence,2026-05-01,0,Valid
5486,SYN00304,West,Provider Group E,Follow-Up After Hospitalization,2026-05-01,0,Valid
5487,SYN00304,West,Provider Group E,Medication Adherence,2026-05-01,0,Valid
5488,SYN00322,East,Provider Group A,Controlling Blood Pressure,2026-05-01,0,Valid
5489,SYN00322,East,Provider Group A,Medication Adherence,2026-05-01,0,Valid
5490,SYN00339,South,Provider Group B,Follow-Up After Hospitalization,2026-05-01,0,Valid
5491,SYN00339,South,Provider Group B,Medication Adherence,2026-05-01,0,Valid
5492,SYN00343,South,Provider Group A,Colorectal Cancer Screening,2026-05-01,0,Valid
5493,SYN00343,South,Provider Group A,Controlling Blood Pressure,2026-05-01,0,Valid
5494,SYN00344,West,Provider Group A,Colorectal Cancer Screening,2026-05-01,0,Valid
5495,SYN00344,West,Provider Group A,Controlling Blood Pressure,2026-05-01,0,Valid
5496,SYN00344,West,Provider Group A,Diabetes Care,2026-05-01,0,Valid
5497,SYN00344,West,Provider Group A,Follow-Up After Hospitalization,2026-05-01,0,Valid
5498,SYN00344,West,Provider Group A,Medication Adherence,2026-05-01,0,Valid
5499,SYN00359,South,Provider Group C,Controlling Blood Pressure,2026-05-01,0,Valid
5500,SYN00359,South,Provider Group C,Medication Adherence,2026-05-01,0,Valid
5501,SYN00361,East,Provider Group C,Breast Cancer Screening,2026-05-01,0,Valid
5502,SYN00361,East,Provider Group C,Controlling Blood Pressure,2026-05-01,0,Valid
5503,SYN00361,East,Provider Group C,Diabetes Care,2026-05-01,0,Valid
5504,SYN00361,East,Provider Group C,Medication Adherence,2026-05-01,0,Valid
5505,SYN00365,North,Provider Group A,Breast Cancer Screening,2026-05-01,0,Valid
5506,SYN00365,North,Provider Group A,Controlling Blood Pressure,2026-05-01,0,Valid
5507,SYN00365,North,Provider Group A,Diabetes Care,2026-05-01,0,Valid
5508,SYN00365,North,Provider Group A,Medication Adherence,2026-05-01,0,Valid
5509,SYN00368,West,Provider Group A,Breast Cancer Screening,2026-05-01,0,Valid
5510,SYN00375,North,Provider Group A,Colorectal Cancer Screening,2026-05-01,0,Valid
5511,SYN00375,North,Provider Group A,Controlling Blood Pressure,2026-05-01,0,Valid
5512,SYN00375,North,Provider Group A,Diabetes Care,2026-05-01,0,Valid
5513,SYN00375,North,Provider Group A,Follow-Up After Hospitalization,2026-05-01,0,Valid
5514,SYN00375,North,Provider Group A,Medication Adherence,2026-05-01,0,Valid
5515,SYN00388,North,Provider Group A,Breast Cancer Screening,2026-05-01,0,Valid
5516,SYN00388,North,Provider Group A,Diabetes Care,2026-05-01,0,Valid
5517,SYN00388,North,Provider Group A,Medication Adherence,2026-05-01,0,Valid
5518,SYN00393,East,Provider Group A,Colorectal Cancer Screening,2026-05-01,0,Valid
5519,SYN00393,East,Provider Group A,Diabetes Care,2026-05-01,0,Valid
5520,SYN00394,East,Provider Group E,Breast Cancer Screening,2026-05-01,0,Valid
5521,SYN00394,East,Provider Group E,Diabetes Care,2026-05-01,0,Valid
5522,SYN00394,East,Provider Group E,Medication Adherence,2026-05-01,0,Valid
5523,SYN00398,South,Provider Group B,Colorectal Cancer Screening,2026-05-01,0,Valid
5524,SYN00398,South,Provider Group B,Controlling Blood Pressure,2026-05-01,0,Valid
5525,SYN00398,South,Provider Group B,Follow-Up After Hospitalization,2026-05-01,0,Valid
5526,SYN00404,West,Provider Group D,Diabetes Care,2026-05-01,0,Valid
5527,SYN00404,West,Provider Group D,Follow-Up After Hospitalization,2026-05-01,0,Valid
5528,SYN00404,West,Provider Group D,Medication Adherence,2026-05-01,0,Valid
5529,SYN00408,North,Provider Group A,Colorectal Cancer Screening,2026-05-01,0,Valid
5530,SYN00408,North,Provider Group A,Controlling Blood Pressure,2026-05-01,0,Valid
5531,SYN00414,South,Provider Group C,Controlling Blood Pressure,2026-05-01,0,Valid
5532,SYN00415,North,Provider Group C,Breast Cancer Screening,2026-05-01,0,Valid
5533,SYN00415,North,Provider Group C,Colorectal Cancer Screening,2026-05-01,0,Valid
5534,SYN00424,East,Provider Group D,Colorectal Cancer Screening,2026-05-01,0,Valid
5535,SYN00424,East,Provider Group D,Controlling Blood Pressure,2026-05-01,0,Valid
5536,SYN00424,East,Provider Group D,Follow-Up After Hospitalization,2026-05-01,0,Valid
5537,SYN00425,North,Provider Group A,Controlling Blood Pressure,2026-05-01,0,Valid
5538,SYN00425,North,Provider Group A,Diabetes Care,2026-05-01,0,Valid
5539,SYN00428,East,Provider Group B,Breast Cancer Screening,2026-05-01,0,Valid
5540,SYN00428,East,Provider Group B,Diabetes Care,2026-05-01,0,Valid
5541,SYN00433,East,Provider Group E,Breast Cancer Screening,2026-05-01,0,Valid
5542,SYN00433,East,Provider Group E,Controlling Blood Pressure,2026-05-01,0,Valid
5543,SYN00433,East,Provider Group E,Diabetes Care,2026-05-01,0,Valid
5544,SYN00441,East,Provider Group E,Colorectal Cancer Screening,2026-05-01,0,Valid
5545,SYN00441,East,Provider Group E,Controlling Blood Pressure,2026-05-01,0,Valid
5546,SYN00441,East,Provider Group E,Diabetes Care,2026-05-01,0,Valid
5547,SYN00441,East,Provider Group E,Follow-Up After Hospitalization,2026-05-01,0,Valid
5548,SYN00441,East,Provider Group E,Medication Adherence,2026-05-01,0,Valid
5549,SYN00442,East,Provider Group A,Colorectal Cancer Screening,2026-05-01,0,Valid
5550,SYN00442,East,Provider Group A,Controlling Blood Pressure,2026-05-01,0,Valid
5551,SYN00453,West,Provider Group A,Controlling Blood Pressure,2026-05-01,0,Valid
5552,SYN00453,West,Provider Group A,Diabetes Care,2026-05-01,0,Valid
5553,SYN00471,East,Provider Group A,Controlling Blood Pressure,2026-05-01,0,Valid
5554,SYN00471,East,Provider Group A,Diabetes Care,2026-05-01,0,Valid
5555,SYN00473,North,Provider Group D,Colorectal Cancer Screening,2026-05-01,0,Valid
5556,SYN00473,North,Provider Group D,Diabetes Care,2026-05-01,0,Valid
5557,SYN00478,West,Provider Group A,Breast Cancer Screening,2026-05-01,0,Valid
5558,SYN00478,West,Provider Group A,Colorectal Cancer Screening,2026-05-01,0,Valid
5559,SYN00478,West,Provider Group A,Follow-Up After Hospitalization,2026-05-01,0,Valid
5560,SYN00483,South,Provider Group A,Breast Cancer Screening,2026-05-01,0,Valid
5561,SYN00486,West,Provider Group C,Breast Cancer Screening,2026-05-01,0,Valid
5562,SYN00486,West,Provider Group C,Colorectal Cancer Screening,2026-05-01,0,Valid
5563,SYN00486,West,Provider Group C,Controlling Blood Pressure,2026-05-01,0,Valid
5564,SYN00486,West,Provider Group C,Medication Adherence,2026-05-01,0,Valid
5565,SYN00489,South,Provider Group A,Breast Cancer Screening,2026-05-01,0,Valid
5566,SYN00489,South,Provider Group A,Colorectal Cancer Screening,2026-05-01,0,Valid
5567,SYN00489,South,Provider Group A,Medication Adherence,2026-05-01,0,Valid
5568,SYN00492,East,Provider Group C,Follow-Up After Hospitalization,2026-05-01,0,Valid
5569,SYN00500,West,Provider Group D,Controlling Blood Pressure,2026-05-01,0,Valid
5570,SYN00500,West,Provider Group D,Diabetes Care,2026-05-01,0,Valid
5571,SYN00500,West,Provider Group D,Follow-Up After Hospitalization,2026-05-01,0,Valid
5572,SYN00507,West,Provider Group C,Colorectal Cancer Screening,2026-05-01,0,Valid
5573,SYN00507,West,Provider Group C,Diabetes Care,2026-05-01,0,Valid
5574,SYN00507,West,Provider Group C,Follow-Up After Hospitalization,2026-05-01,0,Valid
5575,SYN00517,East,Provider Group C,Diabetes Care,2026-05-01,0,Valid
5576,SYN00517,East,Provider Group C,Follow-Up After Hospitalization,2026-05-01,0,Valid
5577,SYN00530,West,Provider Group D,Controlling Blood Pressure,2026-05-01,0,Valid
5578,SYN00530,West,Provider Group D,Diabetes Care,2026-05-01,0,Valid
5579,SYN00530,West,Provider Group D,Medication Adherence,2026-05-01,0,Valid
5580,SYN00534,West,Provider Group C,Controlling Blood Pressure,2026-05-01,0,Valid
5581,SYN00534,West,Provider Group C,Diabetes Care,2026-05-01,0,Valid
5582,SYN00535,South,Provider Group A,Breast Cancer Screening,2026-05-01,0,Valid
5583,SYN00535,South,Provider Group A,Diabetes Care,2026-05-01,0,Valid
5584,SYN00535,South,Provider Group A,Medication Adherence,2026-05-01,0,Valid
5585,SYN00536,South,Provider Group A,Colorectal Cancer Screening,2026-05-01,0,Valid
5586,SYN00543,South,Provider Group E,Breast Cancer Screening,2026-05-01,0,Valid
5587,SYN00543,South,Provider Group E,Controlling Blood Pressure,2026-05-01,0,Valid
5588,SYN00543,South,Provider Group E,Diabetes Care,2026-05-01,0,Valid
5589,SYN00543,South,Provider Group E,Follow-Up After Hospitalization,2026-05-01,0,Valid
5590,SYN00543,South,Provider Group E,Medication Adherence,2026-05-01,0,Valid
5591,SYN00544,East,Provider Group A,Colorectal Cancer Screening,2026-05-01,0,Valid
5592,SYN00544,East,Provider Group A,Controlling Blood Pressure,2026-05-01,0,Valid
5593,SYN00544,East,Provider Group A,Diabetes Care,2026-05-01,0,Valid
5594,SYN00544,East,Provider Group A,Follow-Up After Hospitalization,2026-05-01,0,Valid
5595,SYN00544,East,Provider Group A,Medication Adherence,2026-05-01,0,Valid
5596,SYN00556,West,Provider Group C,Colorectal Cancer Screening,2026-05-01,0,Valid
5597,SYN00557,South,Provider Group E,Colorectal Cancer Screening,2026-05-01,0,Valid
5598,SYN00557,South,Provider Group E,Medication Adherence,2026-05-01,0,Valid
5599,SYN00564,North,Provider Group B,Breast Cancer Screening,2026-05-01,0,Valid
5600,SYN00564,North,Provider Group B,Controlling Blood Pressure,2026-05-01,0,Valid
5601,SYN00564,North,Provider Group B,Diabetes Care,2026-05-01,0,Valid
5602,SYN00564,North,Provider Group B,Medication Adherence,2026-05-01,0,Valid
5603,SYN00568,West,Provider Group C,Colorectal Cancer Screening,2026-05-01,0,Valid
5604,SYN00568,West,Provider Group C,Diabetes Care,2026-05-01,0,Valid
5605,SYN00568,West,Provider Group C,Medication Adherence,2026-05-01,0,Valid
5606,SYN00569,North,Provider Group C,Diabetes Care,2026-05-01,0,Valid
5607,SYN00579,West,Provider Group A,Colorectal Cancer Screening,2026-05-01,0,Valid
5608,SYN00579,West,Provider Group A,Controlling Blood Pressure,2026-05-01,0,Valid
5609,SYN00579,West,Provider Group A,Diabetes Care,2026-05-01,0,Valid
5610,SYN00580,West,Provider Group C,Colorectal Cancer Screening,2026-05-01,0,Valid
5611,SYN00580,West,Provider Group C,Diabetes Care,2026-05-01,0,Valid
5612,SYN00580,West,Provider Group C,Medication Adherence,2026-05-01,0,Valid
5613,SYN00583,North,Provider Group B,Breast Cancer Screening,2026-05-01,0,Valid
5614,SYN00583,North,Provider Group B,Controlling Blood Pressure,2026-05-01,0,Valid
5615,SYN00583,North,Provider Group B,Medication Adherence,2026-05-01,0,Valid
5616,SYN00594,West,Provider Group C,Colorectal Cancer Screening,2026-05-01,0,Valid
5617,SYN00594,West,Provider Group C,Diabetes Care,2026-05-01,0,Valid
5618,SYN00605,North,Provider Group A,Diabetes Care,2026-05-01,0,Valid
5619,SYN00611,South,Provider Group A,Breast Cancer Screening,2026-05-01,0,Valid
5620,SYN00611,South,Provider Group A,Colorectal Cancer Screening,2026-05-01,0,Valid
5621,SYN00611,South,Provider Group A,Controlling Blood Pressure,2026-05-01,0,Valid
5622,SYN00617,South,Provider Group B,Breast Cancer Screening,2026-05-01,0,Valid
5623,SYN00617,South,Provider Group B,Diabetes Care,2026-05-01,0,Valid
5624,SYN00619,West,Provider Group E,Breast Cancer Screening,2026-05-01,0,Valid
5625,SYN00619,West,Provider Group E,Colorectal Cancer Screening,2026-05-01,0,Valid
5626,SYN00619,West,Provider Group E,Diabetes Care,2026-05-01,0,Valid
5627,SYN00619,West,Provider Group E,Medication Adherence,2026-05-01,0,Valid
5628,SYN00635,North,Provider Group C,Colorectal Cancer Screening,2026-05-01,0,Valid
5629,SYN00635,North,Provider Group C,Diabetes Care,2026-05-01,0,Valid
5630,SYN00635,North,Provider Group C,Follow-Up After Hospitalization,2026-05-01,1,Needs Review
5631,SYN00636,South,Provider Group C,Colorectal Cancer Screening,2026-05-01,0,Valid
5632,SYN00639,West,Provider Group E,Controlling Blood Pressure,2026-05-01,0,Valid
5633,SYN00655,East,Provider Group A,Breast Cancer Screening,2026-05-01,0,Valid
5634,SYN00655,East,Provider Group A,Diabetes Care,2026-05-01,0,Valid
5635,SYN00667,North,Provider Group D,Colorectal Cancer Screening,2026-05-01,0,Valid
5636,SYN00667,North,Provider Group D,Controlling Blood Pressure,2026-05-01,0,Valid
5637,SYN00670,South,Provider Group C,Colorectal Cancer Screening,2026-05-01,0,Valid
5638,SYN00670,South,Provider Group C,Diabetes Care,2026-05-01,0,Valid
5639,SYN00681,South,Provider Group E,Breast Cancer Screening,2026-05-01,0,Valid
5640,SYN00681,South,Provider Group E,Diabetes Care,2026-05-01,0,Valid
5641,SYN00681,South,Provider Group E,Medication Adherence,2026-05-01,0,Valid
5642,SYN00686,South,Provider Group E,Breast Cancer Screening,2026-05-01,0,Valid
5643,SYN00688,South,Provider Group C,Controlling Blood Pressure,2026-05-01,0,Valid
5644,SYN00688,South,Provider Group C,Follow-Up After Hospitalization,2026-05-01,0,Valid
5645,SYN00693,East,Provider Group E,Controlling Blood Pressure,2026-05-01,0,Valid
5646,SYN00699,East,Provider Group B,Breast Cancer Screening,2026-05-01,0,Valid
5647,SYN00699,East,Provider Group B,Diabetes Care,2026-05-01,0,Valid
5648,SYN00703,South,Provider Group A,Colorectal Cancer Screening,2026-05-01,0,Valid
5649,SYN00703,South,Provider Group A,Controlling Blood Pressure,2026-05-01,0,Valid
5650,SYN00703,South,Provider Group A,Diabetes Care,2026-05-01,0,Valid
5651,SYN00703,South,Provider Group A,Follow-Up After Hospitalization,2026-05-01,0,Valid
5652,SYN00722,South,Provider Group B,Diabetes Care,2026-05-01,0,Valid
5653,SYN00738,North,Provider Group C,Breast Cancer Screening,2026-05-01,0,Valid
5654,SYN00738,North,Provider Group C,Follow-Up After Hospitalization,2026-05-01,0,Valid
5655,SYN00738,North,Provider Group C,Medication Adherence,2026-05-01,0,Valid
5656,SYN00745,East,Provider Group E,Colorectal Cancer Screening,2026-05-01,0,Valid
5657,SYN00745,East,Provider Group E,Controlling Blood Pressure,2026-05-01,0,Valid
5658,SYN00745,East,Provider Group E,Medication Adherence,2026-05-01,0,Valid
5659,SYN00750,East,Provider Group B,Breast Cancer Screening,2026-05-01,0,Valid
5660,SYN00750,East,Provider Group B,Controlling Blood Pressure,2026-05-01,0,Valid
5661,SYN00750,East,Provider Group B,Medication Adherence,2026-05-01,0,Valid
5662,SYN00753,South,Provider Group A,Controlling Blood Pressure,2026-05-01,0,Valid
5663,SYN00753,South,Provider Group A,Diabetes Care,2026-05-01,0,Valid
5664,SYN00753,South,Provider Group A,Follow-Up After Hospitalization,2026-05-01,0,Valid
5665,SYN00766,West,Provider Group B,Breast Cancer Screening,2026-05-01,0,Valid
5666,SYN00766,West,Provider Group B,Colorectal Cancer Screening,2026-05-01,0,Valid
5667,SYN00766,West,Provider Group B,Controlling Blood Pressure,2026-05-01,0,Valid
5668,SYN00766,West,Provider Group B,Diabetes Care,2026-05-01,0,Valid
5669,SYN00766,West,Provider Group B,Follow-Up After Hospitalization,2026-05-01,0,Valid
5670,SYN00766,West,Provider Group B,Medication Adherence,2026-05-01,0,Valid
5671,SYN00767,South,Provider Group B,Colorectal Cancer Screening,2026-05-01,0,Valid
5672,SYN00767,South,Provider Group B,Diabetes Care,2026-05-01,0,Valid
5673,SYN00767,South,Provider Group B,Medication Adherence,2026-05-01,0,Valid
5674,SYN00770,South,Provider Group A,Follow-Up After Hospitalization,2026-05-01,0,Valid
5675,SYN00775,South,Provider Group B,Breast Cancer Screening,2026-05-01,0,Valid
5676,SYN00775,South,Provider Group B,Colorectal Cancer Screening,2026-05-01,0,Valid
5677,SYN00775,South,Provider Group B,Controlling Blood Pressure,2026-05-01,0,Valid
5678,SYN00775,South,Provider Group B,Diabetes Care,2026-05-01,0,Valid
5679,SYN00779,North,Provider Group A,Controlling Blood Pressure,2026-05-01,0,Valid
5680,SYN00791,South,Provider Group A,Colorectal Cancer Screening,2026-05-01,0,Valid
5681,SYN00791,South,Provider Group A,Diabetes Care,2026-05-01,0,Valid
5682,SYN00799,South,Provider Group C,Colorectal Cancer Screening,2026-05-01,0,Valid
5683,SYN00799,South,Provider Group C,Controlling Blood Pressure,2026-05-01,0,Valid
5684,SYN00799,South,Provider Group C,Diabetes Care,2026-05-01,0,Valid
5685,SYN00799,South,Provider Group C,Follow-Up After Hospitalization,2026-05-01,0,Valid
5686,SYN00800,South,Provider Group C,Breast Cancer Screening,2026-05-01,0,Valid
5687,SYN00800,South,Provider Group C,Colorectal Cancer Screening,2026-05-01,0,Valid
5688,SYN00800,South,Provider Group C,Controlling Blood Pressure,2026-05-01,0,Valid
5689,SYN00800,South,Provider Group C,Follow-Up After Hospitalization,2026-05-01,0,Valid
5690,SYN00800,South,Provider Group C,Medication Adherence,2026-05-01,0,Valid
5691,SYN00808,South,Provider Group A,Controlling Blood Pressure,2026-05-01,0,Valid
5692,SYN00808,South,Provider Group A,Diabetes Care,2026-05-01,0,Valid
5693,SYN00808,South,Provider Group A,Medication Adherence,2026-05-01,0,Valid
5694,SYN00821,North,Provider Group D,Colorectal Cancer Screening,2026-05-01,0,Valid
5695,SYN00826,North,Provider Group A,Breast Cancer Screening,2026-05-01,0,Valid
5696,SYN00826,North,Provider Group A,Colorectal Cancer Screening,2026-05-01,0,Valid
5697,SYN00826,North,Provider Group A,Controlling Blood Pressure,2026-05-01,0,Valid
5698,SYN00826,North,Provider Group A,Diabetes Care,2026-05-01,0,Valid
5699,SYN00826,North,Provider Group A,Medication Adherence,2026-05-01,0,Valid
5700,SYN00832,East,Provider Group B,Colorectal Cancer Screening,2026-05-01,0,Valid
5701,SYN00832,East,Provider Group B,Controlling Blood Pressure,2026-05-01,0,Valid
5702,SYN00832,East,Provider Group B,Diabetes Care,2026-05-01,0,Valid
5703,SYN00832,East,Provider Group B,Medication Adherence,2026-05-01,0,Valid
5704,SYN00840,North,Provider Group C,Colorectal Cancer Screening,2026-05-01,0,Valid
5705,SYN00840,North,Provider Group C,Controlling Blood Pressure,2026-05-01,0,Valid
5706,SYN00840,North,Provider Group C,Diabetes Care,2026-05-01,0,Valid
5707,SYN00840,North,Provider Group C,Follow-Up After Hospitalization,2026-05-01,0,Valid
5708,SYN00847,West,Provider Group D,Controlling Blood Pressure,2026-05-01,0,Valid
5709,SYN00847,West,Provider Group D,Diabetes Care,2026-05-01,0,Valid
5710,SYN00848,East,Provider Group B,Colorectal Cancer Screening,2026-05-01,0,Valid
5711,SYN00848,East,Provider Group B,Controlling Blood Pressure,2026-05-01,0,Valid
5712,SYN00849,North,Provider Group C,Colorectal Cancer Screening,2026-05-01,0,Valid
5713,SYN00849,North,Provider Group C,Medication Adherence,2026-05-01,0,Valid
5714,SYN00850,North,Provider Group A,Colorectal Cancer Screening,2026-05-01,0,Valid
5715,SYN00850,North,Provider Group A,Controlling Blood Pressure,2026-05-01,0,Valid
5716,SYN00850,North,Provider Group A,Medication Adherence,2026-05-01,0,Valid
5717,SYN00851,East,Provider Group A,Controlling Blood Pressure,2026-05-01,0,Valid
5718,SYN00851,East,Provider Group A,Medication Adherence,2026-05-01,0,Valid
5719,SYN00858,West,Provider Group C,Diabetes Care,2026-05-01,0,Valid
5720,SYN00859,North,Provider Group C,Colorectal Cancer Screening,2026-05-01,0,Valid
5721,SYN00859,North,Provider Group C,Diabetes Care,2026-05-01,0,Valid
5722,SYN00859,North,Provider Group C,Follow-Up After Hospitalization,2026-05-01,0,Valid
5723,SYN00875,West,Provider Group C,Colorectal Cancer Screening,2026-05-01,0,Valid
5724,SYN00875,West,Provider Group C,Controlling Blood Pressure,2026-05-01,0,Valid
5725,SYN00875,West,Provider Group C,Diabetes Care,2026-05-01,0,Valid
5726,SYN00875,West,Provider Group C,Follow-Up After Hospitalization,2026-05-01,0,Valid
5727,SYN00877,North,Provider Group A,Colorectal Cancer Screening,2026-05-01,0,Valid
5728,SYN00877,North,Provider Group A,Controlling Blood Pressure,2026-05-01,0,Valid
5729,SYN00877,North,Provider Group A,Diabetes Care,2026-05-01,0,Valid
5730,SYN00895,East,Provider Group C,Breast Cancer Screening,2026-05-01,0,Valid
5731,SYN00895,East,Provider Group C,Colorectal Cancer Screening,2026-05-01,0,Valid
5732,SYN00895,East,Provider Group C,Controlling Blood Pressure,2026-05-01,0,Valid
5733,SYN00897,West,Provider Group D,Breast Cancer Screening,2026-05-01,0,Valid
5734,SYN00897,West,Provider Group D,Controlling Blood Pressure,2026-05-01,0,Valid
5735,SYN00897,West,Provider Group D,Follow-Up After Hospitalization,2026-05-01,0,Valid
5736,SYN00904,East,Provider Group D,Controlling Blood Pressure,2026-05-01,0,Valid
5737,SYN00904,East,Provider Group D,Medication Adherence,2026-05-01,0,Valid
5738,SYN00907,North,Provider Group B,Breast Cancer Screening,2026-05-01,0,Valid
5739,SYN00907,North,Provider Group B,Controlling Blood Pressure,2026-05-01,0,Valid
5740,SYN00907,North,Provider Group B,Diabetes Care,2026-05-01,0,Valid
5741,SYN00907,North,Provider Group B,Medication Adherence,2026-05-01,0,Valid
5742,SYN00908,South,Provider Group C,Diabetes Care,2026-05-01,0,Valid
5743,SYN00911,South,Provider Group E,Colorectal Cancer Screening,2026-05-01,0,Valid
5744,SYN00913,North,Provider Group B,Colorectal Cancer Screening,2026-05-01,0,Valid
5745,SYN00917,South,Provider Group E,Colorectal Cancer Screening,2026-05-01,0,Valid
5746,SYN00917,South,Provider Group E,Controlling Blood Pressure,2026-05-01,0,Valid
5747,SYN00917,South,Provider Group E,Diabetes Care,2026-05-01,0,Valid
5748,SYN00926,North,Provider Group D,Breast Cancer Screening,2026-05-01,0,Valid
5749,SYN00926,North,Provider Group D,Follow-Up After Hospitalization,2026-05-01,0,Valid
5750,SYN00926,North,Provider Group D,Medication Adherence,2026-05-01,0,Valid
5751,SYN00933,East,Provider Group D,Breast Cancer Screening,2026-05-01,0,Valid
5752,SYN00933,East,Provider Group D,Controlling Blood Pressure,2026-05-01,0,Valid
5753,SYN00933,East,Provider Group D,Diabetes Care,2026-05-01,0,Valid
5754,SYN00937,South,Provider Group C,Breast Cancer Screening,2026-05-01,0,Valid
5755,SYN00937,South,Provider Group C,Controlling Blood Pressure,2026-05-01,0,Valid
5756,SYN00937,South,Provider Group C,Follow-Up After Hospitalization,2026-05-01,0,Valid
5757,SYN00950,East,Provider Group D,Colorectal Cancer Screening,2026-05-01,0,Valid
5758,SYN00950,East,Provider Group D,Follow-Up After Hospitalization,2026-05-01,0,Valid
5759,SYN00950,East,Provider Group D,Medication Adherence,2026-05-01,0,Valid
5760,SYN00960,East,Provider Group D,Controlling Blood Pressure,2026-05-01,0,Valid
5761,SYN00960,East,Provider Group D,Medication Adherence,2026-05-01,0,Valid
5762,SYN00963,East,Provider Group D,Colorectal Cancer Screening,2026-05-01,0,Valid
5763,SYN00963,East,Provider Group D,Controlling Blood Pressure,2026-05-01,0,Valid
5764,SYN00963,East,Provider Group D,Diabetes Care,2026-05-01,0,Valid
5765,SYN00963,East,Provider Group D,Follow-Up After Hospitalization,2026-05-01,0,Valid
5766,SYN00974,North,Provider Group A,Breast Cancer Screening,2026-05-01,0,Valid
5767,SYN00974,North,Provider Group A,Colorectal Cancer Screening,2026-05-01,0,Valid
5768,SYN00974,North,Provider Group A,Controlling Blood Pressure,2026-05-01,0,Valid
5769,SYN00974,North,Provider Group A,Medication Adherence,2026-05-01,0,Valid
5770,SYN00975,West,Provider Group A,Controlling Blood Pressure,2026-05-01,0,Valid
5771,SYN00975,West,Provider Group A,Medication Adherence,2026-05-01,0,Valid
5772,SYN00977,South,Provider Group C,Colorectal Cancer Screening,2026-05-01,0,Valid
5773,SYN00977,South,Provider Group C,Diabetes Care,2026-05-01,0,Valid
5774,SYN00979,West,Provider Group E,Breast Cancer Screening,2026-05-01,0,Valid
5775,SYN00979,West,Provider Group E,Colorectal Cancer Screening,2026-05-01,0,Valid
5776,SYN00979,West,Provider Group E,Follow-Up After Hospitalization,2026-05-01,0,Valid
5777,SYN00979,West,Provider Group E,Medication Adherence,2026-05-01,0,Valid
5778,SYN00981,East,Provider Group C,Colorectal Cancer Screening,2026-05-01,0,Valid
5779,SYN00981,East,Provider Group C,Diabetes Care,2026-05-01,0,Valid
5780,SYN00991,North,Provider Group C,Breast Cancer Screening,2026-05-01,0,Valid
5781,SYN00991,North,Provider Group C,Controlling Blood Pressure,2026-05-01,0,Valid
5782,SYN00991,North,Provider Group C,Follow-Up After Hospitalization,2026-05-01,0,Valid
5783,SYN00998,South,Provider Group C,Breast Cancer Screening,2026-05-01,0,Valid
5784,SYN00998,South,Provider Group C,Colorectal Cancer Screening,2026-05-01,0,Valid
5785,SYN01009,North,Provider Group B,Controlling Blood Pressure,2026-05-01,0,Valid
5786,SYN01009,North,Provider Group B,Follow-Up After Hospitalization,2026-05-01,0,Valid
5787,SYN01030,North,Provider Group A,Colorectal Cancer Screening,2026-05-01,0,Valid
5788,SYN01030,North,Provider Group A,Follow-Up After Hospitalization,2026-05-01,0,Valid
5789,SYN01030,North,Provider Group A,Medication Adherence,2026-05-01,0,Valid
5790,SYN01043,East,Provider Group A,Breast Cancer Screening,2026-05-01,0,Valid
5791,SYN01043,East,Provider Group A,Controlling Blood Pressure,2026-05-01,0,Valid
5792,SYN01043,East,Provider Group A,Diabetes Care,2026-05-01,0,Valid
5793,SYN01043,East,Provider Group A,Medication Adherence,2026-05-01,0,Valid
5794,SYN01048,West,Provider Group D,Breast Cancer Screening,2026-05-01,0,Valid
5795,SYN01048,West,Provider Group D,Colorectal Cancer Screening,2026-05-01,0,Valid
5796,SYN01048,West,Provider Group D,Controlling Blood Pressure,2026-05-01,0,Valid
5797,SYN01048,West,Provider Group D,Diabetes Care,2026-05-01,0,Valid
5798,SYN01048,West,Provider Group D,Follow-Up After Hospitalization,2026-05-01,0,Valid
5799,SYN01048,West,Provider Group D,Medication Adherence,2026-05-01,0,Valid
5800,SYN01051,East,Provider Group D,Colorectal Cancer Screening,2026-05-01,0,Valid
5801,SYN01051,East,Provider Group D,Controlling Blood Pressure,2026-05-01,0,Valid
5802,SYN01051,East,Provider Group D,Medication Adherence,2026-05-01,0,Valid
5803,SYN01057,East,Provider Group A,Medication Adherence,2026-05-01,0,Valid
5804,SYN01066,West,Provider Group B,Breast Cancer Screening,2026-05-01,0,Valid
5805,SYN01066,West,Provider Group B,Colorectal Cancer Screening,2026-05-01,0,Valid
5806,SYN01066,West,Provider Group B,Controlling Blood Pressure,2026-05-01,0,Valid
5807,SYN01070,North,Provider Group B,Breast Cancer Screening,2026-05-01,0,Valid
5808,SYN01070,North,Provider Group B,Diabetes Care,2026-05-01,0,Valid
5809,SYN01074,East,Provider Group A,Colorectal Cancer Screening,2026-05-01,0,Valid
5810,SYN01074,East,Provider Group A,Controlling Blood Pressure,2026-05-01,0,Valid
5811,SYN01074,East,Provider Group A,Diabetes Care,2026-05-01,0,Valid
5812,SYN01074,East,Provider Group A,Follow-Up After Hospitalization,2026-05-01,0,Valid
5813,SYN01084,North,Provider Group B,Breast Cancer Screening,2026-05-01,0,Valid
5814,SYN01084,North,Provider Group B,Colorectal Cancer Screening,2026-05-01,0,Valid
5815,SYN01084,North,Provider Group B,Diabetes Care,2026-05-01,0,Valid
5816,SYN01084,North,Provider Group B,Follow-Up After Hospitalization,2026-05-01,0,Valid
5817,SYN01084,North,Provider Group B,Medication Adherence,2026-05-01,0,Valid
5818,SYN01088,North,Provider Group B,Follow-Up After Hospitalization,2026-05-01,0,Valid
5819,SYN01088,North,Provider Group B,Medication Adherence,2026-05-01,0,Valid
5820,SYN01117,South,Provider Group A,Colorectal Cancer Screening,2026-05-01,0,Valid
5821,SYN01117,South,Provider Group A,Controlling Blood Pressure,2026-05-01,0,Valid
5822,SYN01120,West,Provider Group E,Follow-Up After Hospitalization,2026-05-01,0,Valid
5823,SYN01127,North,Provider Group C,Colorectal Cancer Screening,2026-05-01,0,Valid
5824,SYN01127,North,Provider Group C,Diabetes Care,2026-05-01,0,Valid
5825,SYN01127,North,Provider Group C,Follow-Up After Hospitalization,2026-05-01,0,Valid
5826,SYN01132,South,Provider Group A,Breast Cancer Screening,2026-05-01,0,Valid
5827,SYN01132,South,Provider Group A,Colorectal Cancer Screening,2026-05-01,0,Valid
5828,SYN01132,South,Provider Group A,Medication Adherence,2026-05-01,0,Valid
5829,SYN01138,North,Provider Group A,Diabetes Care,2026-05-01,0,Valid
5830,SYN01147,West,Provider Group C,Breast Cancer Screening,2026-05-01,0,Valid
5831,SYN01147,West,Provider Group C,Colorectal Cancer Screening,2026-05-01,0,Valid
5832,SYN01147,West,Provider Group C,Controlling Blood Pressure,2026-05-01,0,Valid
5833,SYN01147,West,Provider Group C,Diabetes Care,2026-05-01,0,Valid
5834,SYN01147,West,Provider Group C,Follow-Up After Hospitalization,2026-05-01,0,Valid
5835,SYN01147,West,Provider Group C,Medication Adherence,2026-05-01,0,Valid
5836,SYN01149,South,Provider Group A,Colorectal Cancer Screening,2026-05-01,0,Valid
5837,SYN01149,South,Provider Group A,Diabetes Care,2026-05-01,0,Valid
5838,SYN01154,East,Provider Group B,Breast Cancer Screening,2026-05-01,0,Valid
5839,SYN01154,East,Provider Group B,Colorectal Cancer Screening,2026-05-01,0,Valid
5840,SYN01154,East,Provider Group B,Controlling Blood Pressure,2026-05-01,0,Valid
5841,SYN01154,East,Provider Group B,Diabetes Care,2026-05-01,0,Valid
5842,SYN01160,South,Provider Group A,Colorectal Cancer Screening,2026-05-01,0,Valid
5843,SYN01160,South,Provider Group A,Diabetes Care,2026-05-01,0,Valid
5844,SYN01169,South,Provider Group B,Colorectal Cancer Screening,2026-05-01,0,Valid
5845,SYN01169,South,Provider Group B,Diabetes Care,2026-05-01,0,Valid
5846,SYN01174,West,Provider Group C,Diabetes Care,2026-05-01,0,Valid
5847,SYN01174,West,Provider Group C,Medication Adherence,2026-05-01,0,Valid
5848,SYN01179,North,Provider Group C,Diabetes Care,2026-05-01,0,Valid
5849,SYN01179,North,Provider Group C,Follow-Up After Hospitalization,2026-05-01,0,Valid
5850,SYN01179,North,Provider Group C,Medication Adherence,2026-05-01,0,Valid
5851,SYN01183,North,Provider Group C,Colorectal Cancer Screening,2026-05-01,0,Valid
5852,SYN01183,North,Provider Group C,Controlling Blood Pressure,2026-05-01,0,Valid
5853,SYN01183,North,Provider Group C,Diabetes Care,2026-05-01,0,Valid
5854,SYN01188,East,Provider Group A,Controlling Blood Pressure,2026-05-01,0,Valid
5855,SYN01188,East,Provider Group A,Diabetes Care,2026-05-01,0,Valid
5856,SYN01188,East,Provider Group A,Follow-Up After Hospitalization,2026-05-01,0,Valid
5857,SYN01188,East,Provider Group A,Medication Adherence,2026-05-01,0,Valid
5858,SYN01189,East,Provider Group B,Breast Cancer Screening,2026-05-01,0,Valid
5859,SYN01191,South,Provider Group D,Breast Cancer Screening,2026-05-01,0,Valid
5860,SYN01191,South,Provider Group D,Colorectal Cancer Screening,2026-05-01,0,Valid
5861,SYN01191,South,Provider Group D,Diabetes Care,2026-05-01,0,Valid
5862,SYN01191,South,Provider Group D,Medication Adherence,2026-05-01,0,Valid
5863,SYN01210,South,Provider Group D,Diabetes Care,2026-05-01,0,Valid
5864,SYN01214,North,Provider Group C,Breast Cancer Screening,2026-05-01,0,Valid
5865,SYN01214,North,Provider Group C,Controlling Blood Pressure,2026-05-01,0,Valid
5866,SYN01214,North,Provider Group C,Medication Adherence,2026-05-01,0,Valid
5867,SYN01216,West,Provider Group C,Controlling Blood Pressure,2026-05-01,0,Valid
5868,SYN01216,West,Provider Group C,Diabetes Care,2026-05-01,0,Valid
5869,SYN01262,North,Provider Group A,Follow-Up After Hospitalization,2026-05-01,0,Valid
5870,SYN01262,North,Provider Group A,Medication Adherence,2026-05-01,0,Valid
5871,SYN01276,North,Provider Group A,Breast Cancer Screening,2026-05-01,0,Valid
5872,SYN01284,East,Provider Group A,Colorectal Cancer Screening,2026-05-01,0,Valid
5873,SYN01284,East,Provider Group A,Controlling Blood Pressure,2026-05-01,0,Valid
5874,SYN01284,East,Provider Group A,Diabetes Care,2026-05-01,0,Valid
5875,SYN01284,East,Provider Group A,Follow-Up After Hospitalization,2026-05-01,0,Valid
5876,SYN01297,North,Provider Group D,Controlling Blood Pressure,2026-05-01,0,Valid
5877,SYN01297,North,Provider Group D,Diabetes Care,2026-05-01,0,Valid
5878,SYN01297,North,Provider Group D,Medication Adherence,2026-05-01,0,Valid
5879,SYN01299,East,Provider Group B,Controlling Blood Pressure,2026-05-01,0,Valid
5880,SYN01302,South,Provider Group B,Colorectal Cancer Screening,2026-05-01,0,Valid
5881,SYN01307,West,Provider Group D,Controlling Blood Pressure,2026-05-01,0,Valid
5882,SYN01307,West,Provider Group D,Diabetes Care,2026-05-01,0,Valid
5883,SYN01308,North,Provider Group D,Colorectal Cancer Screening,2026-05-01,0,Valid
5884,SYN01308,North,Provider Group D,Controlling Blood Pressure,2026-05-01,0,Valid
5885,SYN01308,North,Provider Group D,Diabetes Care,2026-05-01,0,Valid
5886,SYN01308,North,Provider Group D,Follow-Up After Hospitalization,2026-05-01,0,Valid
5887,SYN01317,South,Provider Group C,Controlling Blood Pressure,2026-05-01,0,Valid
5888,SYN01317,South,Provider Group C,Diabetes Care,2026-05-01,0,Valid
5889,SYN01317,South,Provider Group C,Medication Adherence,2026-05-01,0,Valid
5890,SYN01322,East,Provider Group B,Breast Cancer Screening,2026-05-01,0,Valid
5891,SYN01322,East,Provider Group B,Colorectal Cancer Screening,2026-05-01,0,Valid
5892,SYN01322,East,Provider Group B,Diabetes Care,2026-05-01,0,Valid
5893,SYN01322,East,Provider Group B,Medication Adherence,2026-05-01,0,Valid
5894,SYN01328,East,Provider Group D,Colorectal Cancer Screening,2026-05-01,0,Valid
5895,SYN01328,East,Provider Group D,Medication Adherence,2026-05-01,0,Valid
5896,SYN01335,South,Provider Group C,Colorectal Cancer Screening,2026-05-01,0,Valid
5897,SYN01349,East,Provider Group B,Follow-Up After Hospitalization,2026-05-01,0,Valid
5898,SYN01351,East,Provider Group A,Breast Cancer Screening,2026-05-01,0,Valid
5899,SYN01351,East,Provider Group A,Diabetes Care,2026-05-01,0,Valid
5900,SYN01351,East,Provider Group A,Follow-Up After Hospitalization,2026-05-01,0,Valid
5901,SYN01363,West,Provider Group D,Controlling Blood Pressure,2026-05-01,0,Valid
5902,SYN01363,West,Provider Group D,Diabetes Care,2026-05-01,0,Valid
5903,SYN01363,West,Provider Group D,Follow-Up After Hospitalization,2026-05-01,0,Valid
5904,SYN01363,West,Provider Group D,Medication Adherence,2026-05-01,0,Valid
5905,SYN01368,South,Provider Group E,Breast Cancer Screening,2026-05-01,0,Valid
5906,SYN01368,South,Provider Group E,Colorectal Cancer Screening,2026-05-01,0,Valid
5907,SYN01375,South,Provider Group C,Breast Cancer Screening,2026-05-01,0,Valid
5908,SYN01375,South,Provider Group C,Medication Adherence,2026-05-01,0,Valid
5909,SYN01379,North,Provider Group A,Diabetes Care,2026-05-01,0,Valid
5910,SYN01379,North,Provider Group A,Medication Adherence,2026-05-01,0,Valid
5911,SYN01383,West,Provider Group C,Colorectal Cancer Screening,2026-05-01,0,Valid
5912,SYN01383,West,Provider Group C,Diabetes Care,2026-05-01,0,Valid
5913,SYN01383,West,Provider Group C,Medication Adherence,2026-05-01,0,Valid
5914,SYN01405,North,Provider Group D,Follow-Up After Hospitalization,2026-05-01,0,Valid
5915,SYN01408,North,Provider Group B,Controlling Blood Pressure,2026-05-01,0,Valid
5916,SYN01408,North,Provider Group B,Follow-Up After Hospitalization,2026-05-01,0,Valid
5917,SYN01408,North,Provider Group B,Medication Adherence,2026-05-01,0,Valid
5918,SYN01416,West,Provider Group A,Medication Adherence,2026-05-01,0,Valid
5919,SYN01418,South,Provider Group B,Breast Cancer Screening,2026-05-01,0,Valid
5920,SYN01418,South,Provider Group B,Colorectal Cancer Screening,2026-05-01,0,Valid
5921,SYN01418,South,Provider Group B,Diabetes Care,2026-05-01,0,Valid
5922,SYN01418,South,Provider Group B,Follow-Up After Hospitalization,2026-05-01,0,Valid
5923,SYN01426,West,Provider Group D,Colorectal Cancer Screening,2026-05-01,0,Valid
5924,SYN01426,West,Provider Group D,Controlling Blood Pressure,2026-05-01,0,Valid
5925,SYN01426,West,Provider Group D,Diabetes Care,2026-05-01,0,Valid
5926,SYN01426,West,Provider Group D,Medication Adherence,2026-05-01,0,Valid
5927,SYN01427,North,Provider Group D,Colorectal Cancer Screening,2026-05-01,0,Valid
5928,SYN01427,North,Provider Group D,Diabetes Care,2026-05-01,0,Valid
5929,SYN01427,North,Provider Group D,Follow-Up After Hospitalization,2026-05-01,0,Valid
5930,SYN01438,South,Provider Group A,Colorectal Cancer Screening,2026-05-01,0,Valid
5931,SYN01438,South,Provider Group A,Controlling Blood Pressure,2026-05-01,0,Valid
5932,SYN01438,South,Provider Group A,Diabetes Care,2026-05-01,0,Valid
5933,SYN01449,West,Provider Group B,Controlling Blood Pressure,2026-05-01,0,Valid
5934,SYN01449,West,Provider Group B,Medication Adherence,2026-05-01,0,Valid
5935,SYN01450,East,Provider Group C,Breast Cancer Screening,2026-05-01,0,Valid
5936,SYN01450,East,Provider Group C,Follow-Up After Hospitalization,2026-05-01,1,Needs Review
5937,SYN01450,East,Provider Group C,Medication Adherence,2026-05-01,0,Valid
5938,SYN01452,West,Provider Group C,Controlling Blood Pressure,2026-05-01,0,Valid
5939,SYN01452,West,Provider Group C,Diabetes Care,2026-05-01,0,Valid
5940,SYN01452,West,Provider Group C,Follow-Up After Hospitalization,2026-05-01,0,Valid
5941,SYN01460,East,Provider Group B,Colorectal Cancer Screening,2026-05-01,0,Valid
5942,SYN01460,East,Provider Group B,Controlling Blood Pressure,2026-05-01,0,Valid
5943,SYN01460,East,Provider Group B,Follow-Up After Hospitalization,2026-05-01,0,Valid
5944,SYN01466,East,Provider Group C,Colorectal Cancer Screening,2026-05-01,0,Valid
5945,SYN01466,East,Provider Group C,Controlling Blood Pressure,2026-05-01,0,Valid
5946,SYN01466,East,Provider Group C,Diabetes Care,2026-05-01,0,Valid
5947,SYN01466,East,Provider Group C,Medication Adherence,2026-05-01,0,Valid
5948,SYN01475,North,Provider Group E,Breast Cancer Screening,2026-05-01,0,Valid
5949,SYN01475,North,Provider Group E,Colorectal Cancer Screening,2026-05-01,0,Valid
5950,SYN01475,North,Provider Group E,Controlling Blood Pressure,2026-05-01,0,Valid
5951,SYN01476,East,Provider Group E,Breast Cancer Screening,2026-05-01,0,Valid
5952,SYN01477,South,Provider Group C,Breast Cancer Screening,2026-05-01,0,Valid
5953,SYN01477,South,Provider Group C,Colorectal Cancer Screening,2026-05-01,0,Valid
5954,SYN01477,South,Provider Group C,Diabetes Care,2026-05-01,0,Valid
5955,SYN01477,South,Provider Group C,Follow-Up After Hospitalization,2026-05-01,0,Valid
5956,SYN01482,South,Provider Group C,Colorectal Cancer Screening,2026-05-01,0,Valid
5957,SYN01482,South,Provider Group C,Controlling Blood Pressure,2026-05-01,0,Valid
5958,SYN01482,South,Provider Group C,Medication Adherence,2026-05-01,0,Valid
5959,SYN01489,East,Provider Group A,Diabetes Care,2026-05-01,0,Valid
5960,SYN01489,East,Provider Group A,Follow-Up After Hospitalization,2026-05-01,0,Valid
5961,SYN01489,East,Provider Group A,Medication Adherence,2026-05-01,0,Valid
5962,SYN01502,West,Provider Group D,Breast Cancer Screening,2026-05-01,0,Valid
5963,SYN01502,West,Provider Group D,Colorectal Cancer Screening,2026-05-01,0,Valid
5964,SYN01502,West,Provider Group D,Controlling Blood Pressure,2026-05-01,0,Valid
5965,SYN01502,West,Provider Group D,Diabetes Care,2026-05-01,0,Valid
5966,SYN01502,West,Provider Group D,Medication Adherence,2026-05-01,0,Valid
5967,SYN01505,South,Provider Group E,Breast Cancer Screening,2026-05-01,0,Valid
5968,SYN01509,East,Provider Group E,Colorectal Cancer Screening,2026-05-01,0,Valid
5969,SYN01509,East,Provider Group E,Diabetes Care,2026-05-01,0,Valid
5970,SYN01528,West,Provider Group B,Colorectal Cancer Screening,2026-05-01,0,Valid
5971,SYN01528,West,Provider Group B,Controlling Blood Pressure,2026-05-01,0,Valid
5972,SYN01528,West,Provider Group B,Diabetes Care,2026-05-01,0,Valid
5973,SYN01530,West,Provider Group E,Follow-Up After Hospitalization,2026-05-01,0,Valid
5974,SYN01531,North,Provider Group A,Colorectal Cancer Screening,2026-05-01,0,Valid
5975,SYN01531,North,Provider Group A,Follow-Up After Hospitalization,2026-05-01,0,Valid
5976,SYN01531,North,Provider Group A,Medication Adherence,2026-05-01,0,Valid
5977,SYN01558,South,Provider Group E,Breast Cancer Screening,2026-05-01,0,Valid
5978,SYN01558,South,Provider Group E,Colorectal Cancer Screening,2026-05-01,0,Valid
5979,SYN01560,East,Provider Group E,Breast Cancer Screening,2026-05-01,0,Valid
5980,SYN01560,East,Provider Group E,Colorectal Cancer Screening,2026-05-01,0,Valid
5981,SYN01560,East,Provider Group E,Follow-Up After Hospitalization,2026-05-01,0,Valid
5982,SYN01561,South,Provider Group C,Breast Cancer Screening,2026-05-01,0,Valid
5983,SYN01561,South,Provider Group C,Controlling Blood Pressure,2026-05-01,0,Valid
5984,SYN01561,South,Provider Group C,Diabetes Care,2026-05-01,0,Valid
5985,SYN01564,South,Provider Group A,Breast Cancer Screening,2026-05-01,0,Valid
5986,SYN01564,South,Provider Group A,Colorectal Cancer Screening,2026-05-01,0,Valid
5987,SYN01564,South,Provider Group A,Controlling Blood Pressure,2026-05-01,0,Valid
5988,SYN01569,West,Provider Group C,Breast Cancer Screening,2026-05-01,0,Valid
5989,SYN01570,South,Provider Group D,Diabetes Care,2026-05-01,0,Valid
5990,SYN01570,South,Provider Group D,Medication Adherence,2026-05-01,0,Valid
5991,SYN01589,East,Provider Group D,Breast Cancer Screening,2026-05-01,0,Valid
5992,SYN01589,East,Provider Group D,Colorectal Cancer Screening,2026-05-01,0,Valid
5993,SYN01589,East,Provider Group D,Controlling Blood Pressure,2026-05-01,0,Valid
5994,SYN01589,East,Provider Group D,Follow-Up After Hospitalization,2026-05-01,0,Valid
5995,SYN01589,East,Provider Group D,Medication Adherence,2026-05-01,0,Valid
5996,SYN01596,North,Provider Group D,Controlling Blood Pressure,2026-05-01,0,Valid
5997,SYN01596,North,Provider Group D,Follow-Up After Hospitalization,2026-05-01,0,Valid
5998,SYN01598,North,Provider Group E,Breast Cancer Screening,2026-05-01,0,Valid
5999,SYN01598,North,Provider Group E,Colorectal Cancer Screening,2026-05-01,0,Valid
6000,SYN01598,North,Provider Group E,Controlling Blood Pressure,2026-05-01,0,Valid
6001,SYN01598,North,Provider Group E,Diabetes Care,2026-05-01,0,Valid
6002,SYN01598,North,Provider Group E,Medication Adherence,2026-05-01,0,Valid
6003,SYN01604,North,Provider Group B,Controlling Blood Pressure,2026-05-01,0,Valid
6004,SYN01604,North,Provider Group B,Diabetes Care,2026-05-01,0,Valid
6005,SYN01604,North,Provider Group B,Medication Adherence,2026-05-01,0,Valid
6006,SYN01610,South,Provider Group D,Colorectal Cancer Screening,2026-05-01,0,Valid
6007,SYN01610,South,Provider Group D,Controlling Blood Pressure,2026-05-01,0,Valid
6008,SYN01612,South,Provider Group B,Controlling Blood Pressure,2026-05-01,0,Valid
6009,SYN01612,South,Provider Group B,Medication Adherence,2026-05-01,0,Valid
6010,SYN01619,East,Provider Group D,Diabetes Care,2026-05-01,0,Valid
6011,SYN01619,East,Provider Group D,Follow-Up After Hospitalization,2026-05-01,0,Valid
6012,SYN01619,East,Provider Group D,Medication Adherence,2026-05-01,0,Valid
6013,SYN01635,East,Provider Group A,Breast Cancer Screening,2026-05-01,0,Valid
6014,SYN01635,East,Provider Group A,Controlling Blood Pressure,2026-05-01,0,Valid
6015,SYN01639,West,Provider Group E,Breast Cancer Screening,2026-05-01,0,Valid
6016,SYN01639,West,Provider Group E,Controlling Blood Pressure,2026-05-01,0,Valid
6017,SYN01639,West,Provider Group E,Diabetes Care,2026-05-01,0,Valid
6018,SYN01640,West,Provider Group A,Colorectal Cancer Screening,2026-05-01,0,Valid
6019,SYN01640,West,Provider Group A,Controlling Blood Pressure,2026-05-01,0,Valid
6020,SYN01640,West,Provider Group A,Diabetes Care,2026-05-01,0,Valid
6021,SYN01648,East,Provider Group A,Breast Cancer Screening,2026-05-01,0,Valid
6022,SYN01648,East,Provider Group A,Diabetes Care,2026-05-01,0,Valid
6023,SYN01648,East,Provider Group A,Follow-Up After Hospitalization,2026-05-01,0,Valid
6024,SYN01648,East,Provider Group A,Medication Adherence,2026-05-01,0,Valid
6025,SYN01663,South,Provider Group D,Colorectal Cancer Screening,2026-05-01,0,Valid
6026,SYN01663,South,Provider Group D,Controlling Blood Pressure,2026-05-01,0,Valid
6027,SYN01667,West,Provider Group A,Controlling Blood Pressure,2026-05-01,0,Valid
6028,SYN01667,West,Provider Group A,Follow-Up After Hospitalization,2026-05-01,0,Valid
6029,SYN01667,West,Provider Group A,Medication Adherence,2026-05-01,0,Valid
6030,SYN01668,South,Provider Group E,Breast Cancer Screening,2026-05-01,0,Valid
6031,SYN01668,South,Provider Group E,Follow-Up After Hospitalization,2026-05-01,0,Valid
6032,SYN01675,West,Provider Group A,Colorectal Cancer Screening,2026-05-01,0,Valid
6033,SYN01675,West,Provider Group A,Controlling Blood Pressure,2026-05-01,0,Valid
6034,SYN01675,West,Provider Group A,Diabetes Care,2026-05-01,0,Valid
6035,SYN01679,West,Provider Group C,Colorectal Cancer Screening,2026-05-01,0,Valid
6036,SYN01679,West,Provider Group C,Diabetes Care,2026-05-01,0,Valid
6037,SYN01679,West,Provider Group C,Medication Adherence,2026-05-01,0,Valid
6038,SYN01690,West,Provider Group C,Breast Cancer Screening,2026-05-01,0,Valid
6039,SYN01690,West,Provider Group C,Controlling Blood Pressure,2026-05-01,0,Valid
6040,SYN01690,West,Provider Group C,Medication Adherence,2026-05-01,0,Valid
6041,SYN01695,South,Provider Group A,Diabetes Care,2026-05-01,0,Valid
6042,SYN01695,South,Provider Group A,Medication Adherence,2026-05-01,0,Valid
6043,SYN01704,North,Provider Group B,Colorectal Cancer Screening,2026-05-01,0,Valid
6044,SYN01710,South,Provider Group A,Colorectal Cancer Screening,2026-05-01,0,Valid
6045,SYN01723,South,Provider Group E,Breast Cancer Screening,2026-05-01,0,Valid
6046,SYN01723,South,Provider Group E,Controlling Blood Pressure,2026-05-01,0,Valid
6047,SYN01724,South,Provider Group D,Breast Cancer Screening,2026-05-01,0,Valid
6048,SYN01724,South,Provider Group D,Colorectal Cancer Screening,2026-05-01,0,Valid
6049,SYN01724,South,Provider Group D,Controlling Blood Pressure,2026-05-01,0,Valid
6050,SYN01724,South,Provider Group D,Medication Adherence,2026-05-01,0,Valid
6051,SYN01725,West,Provider Group A,Breast Cancer Screening,2026-05-01,0,Valid
6052,SYN01725,West,Provider Group A,Diabetes Care,2026-05-01,0,Valid
6053,SYN01725,West,Provider Group A,Medication Adherence,2026-05-01,0,Valid
6054,SYN01731,North,Provider Group C,Breast Cancer Screening,2026-05-01,0,Valid
6055,SYN01731,North,Provider Group C,Colorectal Cancer Screening,2026-05-01,0,Valid
6056,SYN01731,North,Provider Group C,Controlling Blood Pressure,2026-05-01,0,Valid
6057,SYN01731,North,Provider Group C,Diabetes Care,2026-05-01,0,Valid
6058,SYN01741,West,Provider Group B,Controlling Blood Pressure,2026-05-01,0,Valid
6059,SYN01741,West,Provider Group B,Diabetes Care,2026-05-01,0,Valid
6060,SYN01741,West,Provider Group B,Medication Adherence,2026-05-01,0,Valid
6061,SYN01743,East,Provider Group C,Breast Cancer Screening,2026-05-01,0,Valid
6062,SYN01743,East,Provider Group C,Colorectal Cancer Screening,2026-05-01,0,Valid
6063,SYN01743,East,Provider Group C,Diabetes Care,2026-05-01,0,Valid
6064,SYN01753,North,Provider Group B,Breast Cancer Screening,2026-05-01,0,Valid
6065,SYN01753,North,Provider Group B,Controlling Blood Pressure,2026-05-01,0,Valid
6066,SYN01753,North,Provider Group B,Medication Adherence,2026-05-01,0,Valid
6067,SYN01754,South,Provider Group C,Colorectal Cancer Screening,2026-05-01,0,Valid
6068,SYN01754,South,Provider Group C,Controlling Blood Pressure,2026-05-01,0,Valid
6069,SYN01754,South,Provider Group C,Medication Adherence,2026-05-01,0,Valid
6070,SYN01762,South,Provider Group A,Colorectal Cancer Screening,2026-05-01,0,Valid
6071,SYN01762,South,Provider Group A,Medication Adherence,2026-05-01,0,Valid
6072,SYN01763,East,Provider Group E,Controlling Blood Pressure,2026-05-01,0,Valid
6073,SYN01763,East,Provider Group E,Diabetes Care,2026-05-01,0,Valid
6074,SYN01767,East,Provider Group B,Breast Cancer Screening,2026-05-01,0,Valid
6075,SYN01767,East,Provider Group B,Colorectal Cancer Screening,2026-05-01,0,Valid
6076,SYN01767,East,Provider Group B,Diabetes Care,2026-05-01,0,Valid
6077,SYN01767,East,Provider Group B,Follow-Up After Hospitalization,2026-05-01,0,Valid
6078,SYN01767,East,Provider Group B,Medication Adherence,2026-05-01,0,Valid
6079,SYN01768,South,Provider Group A,Breast Cancer Screening,2026-05-01,0,Valid
6080,SYN01768,South,Provider Group A,Colorectal Cancer Screening,2026-05-01,0,Valid
6081,SYN01768,South,Provider Group A,Controlling Blood Pressure,2026-05-01,0,Valid
6082,SYN01768,South,Provider Group A,Follow-Up After Hospitalization,2026-05-01,1,Needs Review
6083,SYN01773,South,Provider Group D,Colorectal Cancer Screening,2026-05-01,0,Valid
6084,SYN01773,South,Provider Group D,Controlling Blood Pressure,2026-05-01,0,Valid
6085,SYN01773,South,Provider Group D,Follow-Up After Hospitalization,2026-05-01,0,Valid
6086,SYN01774,North,Provider Group D,Colorectal Cancer Screening,2026-05-01,0,Valid
6087,SYN01774,North,Provider Group D,Controlling Blood Pressure,2026-05-01,0,Valid
6088,SYN01774,North,Provider Group D,Diabetes Care,2026-05-01,0,Valid
6089,SYN01774,North,Provider Group D,Medication Adherence,2026-05-01,0,Valid
6090,SYN01782,East,Provider Group B,Diabetes Care,2026-05-01,0,Valid
6091,SYN01782,East,Provider Group B,Medication Adherence,2026-05-01,0,Valid
6092,SYN01791,East,Provider Group C,Colorectal Cancer Screening,2026-05-01,0,Valid
6093,SYN01791,East,Provider Group C,Controlling Blood Pressure,2026-05-01,0,Valid
6094,SYN01791,East,Provider Group C,Follow-Up After Hospitalization,2026-05-01,0,Valid
6095,SYN01791,East,Provider Group C,Medication Adherence,2026-05-01,0,Valid
6096,SYN01794,West,Provider Group A,Colorectal Cancer Screening,2026-05-01,0,Valid
6097,SYN01794,West,Provider Group A,Controlling Blood Pressure,2026-05-01,0,Valid
6098,SYN01794,West,Provider Group A,Medication Adherence,2026-05-01,0,Valid
6099,SYN01798,West,Provider Group E,Breast Cancer Screening,2026-05-01,0,Valid
6100,SYN01798,West,Provider Group E,Colorectal Cancer Screening,2026-05-01,0,Valid
6101,SYN01798,West,Provider Group E,Controlling Blood Pressure,2026-05-01,0,Valid
6102,SYN01798,West,Provider Group E,Diabetes Care,2026-05-01,0,Valid
6103,SYN01798,West,Provider Group E,Medication Adherence,2026-05-01,0,Valid
6104,SYN01813,West,Provider Group B,Breast Cancer Screening,2026-05-01,0,Valid
6105,SYN01813,West,Provider Group B,Colorectal Cancer Screening,2026-05-01,0,Valid
6106,SYN01826,North,Provider Group A,Colorectal Cancer Screening,2026-05-01,0,Valid
6107,SYN01826,North,Provider Group A,Controlling Blood Pressure,2026-05-01,0,Valid
6108,SYN01826,North,Provider Group A,Diabetes Care,2026-05-01,0,Valid
6109,SYN01839,East,Provider Group A,Breast Cancer Screening,2026-05-01,0,Valid
6110,SYN01841,North,Provider Group A,Colorectal Cancer Screening,2026-05-01,0,Valid
6111,SYN01864,West,Provider Group D,Breast Cancer Screening,2026-05-01,0,Valid
6112,SYN01864,West,Provider Group D,Diabetes Care,2026-05-01,0,Valid
6113,SYN01864,West,Provider Group D,Medication Adherence,2026-05-01,0,Valid
6114,SYN01865,East,Provider Group D,Controlling Blood Pressure,2026-05-01,0,Valid
6115,SYN01865,East,Provider Group D,Diabetes Care,2026-05-01,0,Valid
6116,SYN01877,South,Provider Group B,Colorectal Cancer Screening,2026-05-01,0,Valid
6117,SYN01877,South,Provider Group B,Follow-Up After Hospitalization,2026-05-01,0,Valid
6118,SYN01877,South,Provider Group B,Medication Adherence,2026-05-01,0,Valid
6119,SYN01881,West,Provider Group B,Breast Cancer Screening,2026-05-01,0,Valid
6120,SYN01881,West,Provider Group B,Colorectal Cancer Screening,2026-05-01,0,Valid
6121,SYN01881,West,Provider Group B,Controlling Blood Pressure,2026-05-01,0,Valid
6122,SYN01881,West,Provider Group B,Diabetes Care,2026-05-01,0,Valid
6123,SYN01881,West,Provider Group B,Medication Adherence,2026-05-01,0,Valid
6124,SYN01888,North,Provider Group D,Breast Cancer Screening,2026-05-01,0,Valid
6125,SYN01888,North,Provider Group D,Colorectal Cancer Screening,2026-05-01,0,Valid
6126,SYN01888,North,Provider Group D,Controlling Blood Pressure,2026-05-01,0,Valid
6127,SYN01888,North,Provider Group D,Follow-Up After Hospitalization,2026-05-01,0,Valid
6128,SYN01890,East,Provider Group E,Colorectal Cancer Screening,2026-05-01,0,Valid
6129,SYN01890,East,Provider Group E,Diabetes Care,2026-05-01,0,Valid
6130,SYN01890,East,Provider Group E,Medication Adherence,2026-05-01,0,Valid
6131,SYN01907,South,Provider Group A,Colorectal Cancer Screening,2026-05-01,0,Valid
6132,SYN01907,South,Provider Group A,Controlling Blood Pressure,2026-05-01,0,Valid
6133,SYN01907,South,Provider Group A,Diabetes Care,2026-05-01,0,Valid
6134,SYN01913,South,Provider Group E,Diabetes Care,2026-05-01,0,Valid
6135,SYN01913,South,Provider Group E,Follow-Up After Hospitalization,2026-05-01,0,Valid
6136,SYN01913,South,Provider Group E,Medication Adherence,2026-05-01,0,Valid
6137,SYN01915,North,Provider Group A,Breast Cancer Screening,2026-05-01,0,Valid
6138,SYN01915,North,Provider Group A,Controlling Blood Pressure,2026-05-01,0,Valid
6139,SYN01915,North,Provider Group A,Diabetes Care,2026-05-01,0,Valid
6140,SYN01915,North,Provider Group A,Follow-Up After Hospitalization,2026-05-01,0,Valid
6141,SYN01915,North,Provider Group A,Medication Adherence,2026-05-01,0,Valid
6142,SYN01916,West,Provider Group B,Controlling Blood Pressure,2026-05-01,0,Valid
6143,SYN01916,West,Provider Group B,Follow-Up After Hospitalization,2026-05-01,0,Valid
6144,SYN01924,South,Provider Group B,Breast Cancer Screening,2026-05-01,0,Valid
6145,SYN01927,South,Provider Group C,Colorectal Cancer Screening,2026-05-01,0,Valid
6146,SYN01927,South,Provider Group C,Medication Adherence,2026-05-01,0,Valid
6147,SYN01932,South,Provider Group C,Breast Cancer Screening,2026-05-01,0,Valid
6148,SYN01932,South,Provider Group C,Controlling Blood Pressure,2026-05-01,0,Valid
6149,SYN01932,South,Provider Group C,Medication Adherence,2026-05-01,0,Valid
6150,SYN01935,South,Provider Group A,Colorectal Cancer Screening,2026-05-01,0,Valid
6151,SYN01935,South,Provider Group A,Medication Adherence,2026-05-01,0,Valid
6152,SYN01939,North,Provider Group B,Diabetes Care,2026-05-01,0,Valid
6153,SYN01939,North,Provider Group B,Follow-Up After Hospitalization,2026-05-01,0,Valid
6154,SYN01940,West,Provider Group B,Colorectal Cancer Screening,2026-05-01,0,Valid
6155,SYN01940,West,Provider Group B,Controlling Blood Pressure,2026-05-01,0,Valid
6156,SYN01940,West,Provider Group B,Medication Adherence,2026-05-01,0,Valid
6157,SYN01943,East,Provider Group E,Colorectal Cancer Screening,2026-05-01,0,Valid
6158,SYN01943,East,Provider Group E,Diabetes Care,2026-05-01,0,Valid
6159,SYN01943,East,Provider Group E,Medication Adherence,2026-05-01,0,Valid
6160,SYN01952,East,Provider Group B,Controlling Blood Pressure,2026-05-01,0,Valid
6161,SYN01952,East,Provider Group B,Medication Adherence,2026-05-01,0,Valid
6162,SYN01954,North,Provider Group D,Colorectal Cancer Screening,2026-05-01,0,Valid
6163,SYN01955,East,Provider Group D,Follow-Up After Hospitalization,2026-05-01,0,Valid
6164,SYN01964,South,Provider Group D,Colorectal Cancer Screening,2026-05-01,0,Valid
6165,SYN01964,South,Provider Group D,Controlling Blood Pressure,2026-05-01,1,Needs Review
6166,SYN01964,South,Provider Group D,Medication Adherence,2026-05-01,0,Valid
6167,SYN01971,South,Provider Group D,Colorectal Cancer Screening,2026-05-01,0,Valid
6168,SYN01971,South,Provider Group D,Controlling Blood Pressure,2026-05-01,0,Valid
6169,SYN01978,North,Provider Group A,Colorectal Cancer Screening,2026-05-01,0,Valid
6170,SYN01978,North,Provider Group A,Diabetes Care,2026-05-01,0,Valid
6171,SYN01978,North,Provider Group A,Medication Adherence,2026-05-01,0,Valid
6172,SYN01979,East,Provider Group C,Colorectal Cancer Screening,2026-05-01,0,Valid
6173,SYN01979,East,Provider Group C,Follow-Up After Hospitalization,2026-05-01,0,Valid
6174,SYN02023,South,Provider Group A,Colorectal Cancer Screening,2026-05-01,0,Valid
6175,SYN02023,South,Provider Group A,Controlling Blood Pressure,2026-05-01,0,Valid
6176,SYN02023,South,Provider Group A,Diabetes Care,2026-05-01,0,Valid
6177,SYN02023,South,Provider Group A,Follow-Up After Hospitalization,2026-05-01,0,Valid
6178,SYN02024,South,Provider Group A,Diabetes Care,2026-05-01,0,Valid
6179,SYN02024,South,Provider Group A,Medication Adherence,2026-05-01,0,Valid
6180,SYN02027,East,Provider Group C,Breast Cancer Screening,2026-05-01,0,Valid
6181,SYN02027,East,Provider Group C,Colorectal Cancer Screening,2026-05-01,0,Valid
6182,SYN02027,East,Provider Group C,Controlling Blood Pressure,2026-05-01,0,Valid
6183,SYN02027,East,Provider Group C,Follow-Up After Hospitalization,2026-05-01,0,Valid
6184,SYN02027,East,Provider Group C,Medication Adherence,2026-05-01,0,Valid
6185,SYN02037,South,Provider Group D,Breast Cancer Screening,2026-05-01,0,Valid
6186,SYN02037,South,Provider Group D,Colorectal Cancer Screening,2026-05-01,0,Valid
6187,SYN02037,South,Provider Group D,Controlling Blood Pressure,2026-05-01,0,Valid
6188,SYN02037,South,Provider Group D,Medication Adherence,2026-05-01,0,Valid
6189,SYN02041,West,Provider Group C,Diabetes Care,2026-05-01,0,Valid
6190,SYN02041,West,Provider Group C,Medication Adherence,2026-05-01,0,Valid
6191,SYN02054,North,Provider Group C,Colorectal Cancer Screening,2026-05-01,0,Valid
6192,SYN02054,North,Provider Group C,Diabetes Care,2026-05-01,0,Valid
6193,SYN02054,North,Provider Group C,Follow-Up After Hospitalization,2026-05-01,0,Valid
6194,SYN02058,East,Provider Group D,Colorectal Cancer Screening,2026-05-01,0,Valid
6195,SYN02058,East,Provider Group D,Diabetes Care,2026-05-01,0,Valid
6196,SYN02062,North,Provider Group A,Diabetes Care,2026-05-01,0,Valid
6197,SYN02062,North,Provider Group A,Medication Adherence,2026-05-01,0,Valid
6198,SYN02063,East,Provider Group E,Follow-Up After Hospitalization,2026-05-01,0,Valid
6199,SYN02082,West,Provider Group C,Colorectal Cancer Screening,2026-05-01,0,Valid
6200,SYN02082,West,Provider Group C,Diabetes Care,2026-05-01,0,Valid
6201,SYN02087,West,Provider Group E,Breast Cancer Screening,2026-05-01,0,Valid
6202,SYN02087,West,Provider Group E,Colorectal Cancer Screening,2026-05-01,0,Valid
6203,SYN02087,West,Provider Group E,Controlling Blood Pressure,2026-05-01,0,Valid
6204,SYN02087,West,Provider Group E,Diabetes Care,2026-05-01,0,Valid
6205,SYN02087,West,Provider Group E,Medication Adherence,2026-05-01,0,Valid
6206,SYN02094,South,Provider Group E,Follow-Up After Hospitalization,2026-05-01,0,Valid
6207,SYN02096,East,Provider Group B,Medication Adherence,2026-05-01,0,Valid
6208,SYN02098,South,Provider Group A,Controlling Blood Pressure,2026-05-01,0,Valid
6209,SYN02098,South,Provider Group A,Medication Adherence,2026-05-01,0,Valid
6210,SYN02103,South,Provider Group C,Breast Cancer Screening,2026-05-01,0,Valid
6211,SYN02103,South,Provider Group C,Medication Adherence,2026-05-01,0,Valid
6212,SYN02119,South,Provider Group A,Breast Cancer Screening,2026-05-01,0,Valid
6213,SYN02119,South,Provider Group A,Colorectal Cancer Screening,2026-05-01,0,Valid
6214,SYN02119,South,Provider Group A,Controlling Blood Pressure,2026-05-01,0,Valid
6215,SYN02119,South,Provider Group A,Diabetes Care,2026-05-01,0,Valid
6216,SYN02119,South,Provider Group A,Follow-Up After Hospitalization,2026-05-01,0,Valid
6217,SYN02135,East,Provider Group A,Colorectal Cancer Screening,2026-05-01,0,Valid
6218,SYN02135,East,Provider Group A,Controlling Blood Pressure,2026-05-01,0,Valid
6219,SYN02135,East,Provider Group A,Diabetes Care,2026-05-01,0,Valid
6220,SYN02135,East,Provider Group A,Medication Adherence,2026-05-01,0,Valid
6221,SYN02142,North,Provider Group B,Controlling Blood Pressure,2026-05-01,0,Valid
6222,SYN02142,North,Provider Group B,Diabetes Care,2026-05-01,0,Valid
6223,SYN02142,North,Provider Group B,Follow-Up After Hospitalization,2026-05-01,0,Valid
6224,SYN02142,North,Provider Group B,Medication Adherence,2026-05-01,0,Valid
6225,SYN02152,West,Provider Group E,Controlling Blood Pressure,2026-05-01,0,Valid
6226,SYN02154,West,Provider Group B,Colorectal Cancer Screening,2026-05-01,0,Valid
6227,SYN02154,West,Provider Group B,Medication Adherence,2026-05-01,0,Valid
6228,SYN02167,West,Provider Group A,Breast Cancer Screening,2026-05-01,0,Valid
6229,SYN02167,West,Provider Group A,Colorectal Cancer Screening,2026-05-01,0,Valid
6230,SYN02167,West,Provider Group A,Diabetes Care,2026-05-01,0,Valid
6231,SYN02167,West,Provider Group A,Medication Adherence,2026-05-01,0,Valid
6232,SYN02176,East,Provider Group A,Colorectal Cancer Screening,2026-05-01,0,Valid
6233,SYN02176,East,Provider Group A,Diabetes Care,2026-05-01,0,Valid
6234,SYN02181,North,Provider Group E,Breast Cancer Screening,2026-05-01,0,Valid
6235,SYN02181,North,Provider Group E,Controlling Blood Pressure,2026-05-01,0,Valid
6236,SYN02181,North,Provider Group E,Follow-Up After Hospitalization,2026-05-01,0,Valid
6237,SYN02185,South,Provider Group B,Colorectal Cancer Screening,2026-05-01,0,Valid
6238,SYN02185,South,Provider Group B,Diabetes Care,2026-05-01,0,Valid
6239,SYN02186,East,Provider Group E,Diabetes Care,2026-05-01,0,Valid
6240,SYN02186,East,Provider Group E,Medication Adherence,2026-05-01,0,Valid
6241,SYN02187,North,Provider Group D,Controlling Blood Pressure,2026-05-01,0,Valid
6242,SYN02187,North,Provider Group D,Medication Adherence,2026-05-01,0,Valid
6243,SYN02196,South,Provider Group C,Controlling Blood Pressure,2026-05-01,0,Valid
6244,SYN02196,South,Provider Group C,Diabetes Care,2026-05-01,0,Valid
6245,SYN02196,South,Provider Group C,Follow-Up After Hospitalization,2026-05-01,0,Valid
6246,SYN02217,North,Provider Group C,Breast Cancer Screening,2026-05-01,0,Valid
6247,SYN02217,North,Provider Group C,Colorectal Cancer Screening,2026-05-01,0,Valid
6248,SYN02217,North,Provider Group C,Diabetes Care,2026-05-01,0,Valid
6249,SYN02219,North,Provider Group D,Colorectal Cancer Screening,2026-05-01,0,Valid
6250,SYN02219,North,Provider Group D,Controlling Blood Pressure,2026-05-01,0,Valid
6251,SYN02220,West,Provider Group A,Follow-Up After Hospitalization,2026-05-01,0,Valid
6252,SYN02220,West,Provider Group A,Medication Adherence,2026-05-01,0,Valid
6253,SYN02221,South,Provider Group A,Breast Cancer Screening,2026-05-01,0,Valid
6254,SYN02221,South,Provider Group A,Colorectal Cancer Screening,2026-05-01,0,Valid
6255,SYN02221,South,Provider Group A,Controlling Blood Pressure,2026-05-01,0,Valid
6256,SYN02221,South,Provider Group A,Diabetes Care,2026-05-01,0,Valid
6257,SYN02221,South,Provider Group A,Follow-Up After Hospitalization,2026-05-01,0,Valid
6258,SYN02221,South,Provider Group A,Medication Adherence,2026-05-01,0,Valid
6259,SYN02239,South,Provider Group E,Colorectal Cancer Screening,2026-05-01,0,Valid
6260,SYN02239,South,Provider Group E,Diabetes Care,2026-05-01,0,Valid
6261,SYN02239,South,Provider Group E,Medication Adherence,2026-05-01,0,Valid
6262,SYN02243,East,Provider Group C,Breast Cancer Screening,2026-05-01,0,Valid
6263,SYN02243,East,Provider Group C,Colorectal Cancer Screening,2026-05-01,0,Valid
6264,SYN02243,East,Provider Group C,Controlling Blood Pressure,2026-05-01,0,Valid
6265,SYN02243,East,Provider Group C,Diabetes Care,2026-05-01,0,Valid
6266,SYN02243,East,Provider Group C,Medication Adherence,2026-05-01,0,Valid
6267,SYN02254,East,Provider Group E,Follow-Up After Hospitalization,2026-05-01,0,Valid
6268,SYN02254,East,Provider Group E,Medication Adherence,2026-05-01,0,Valid
6269,SYN02284,East,Provider Group B,Colorectal Cancer Screening,2026-05-01,0,Valid
6270,SYN02304,North,Provider Group D,Colorectal Cancer Screening,2026-05-01,0,Valid
6271,SYN02312,South,Provider Group B,Breast Cancer Screening,2026-05-01,0,Valid
6272,SYN02312,South,Provider Group B,Diabetes Care,2026-05-01,0,Valid
6273,SYN02313,South,Provider Group E,Breast Cancer Screening,2026-05-01,0,Valid
6274,SYN02313,South,Provider Group E,Colorectal Cancer Screening,2026-05-01,0,Valid
6275,SYN02313,South,Provider Group E,Controlling Blood Pressure,2026-05-01,0,Valid
6276,SYN02314,West,Provider Group C,Colorectal Cancer Screening,2026-05-01,0,Valid
6277,SYN02330,West,Provider Group B,Controlling Blood Pressure,2026-05-01,0,Valid
6278,SYN02331,East,Provider Group A,Breast Cancer Screening,2026-05-01,0,Valid
6279,SYN02331,East,Provider Group A,Colorectal Cancer Screening,2026-05-01,0,Valid
6280,SYN02331,East,Provider Group A,Controlling Blood Pressure,2026-05-01,0,Valid
6281,SYN02331,East,Provider Group A,Follow-Up After Hospitalization,2026-05-01,0,Valid
6282,SYN02333,North,Provider Group A,Controlling Blood Pressure,2026-05-01,0,Valid
6283,SYN02333,North,Provider Group A,Follow-Up After Hospitalization,2026-05-01,0,Valid
6284,SYN02347,North,Provider Group E,Breast Cancer Screening,2026-05-01,0,Valid
6285,SYN02347,North,Provider Group E,Colorectal Cancer Screening,2026-05-01,0,Valid
6286,SYN02347,North,Provider Group E,Controlling Blood Pressure,2026-05-01,0,Valid
6287,SYN02347,North,Provider Group E,Follow-Up After Hospitalization,2026-05-01,0,Valid
6288,SYN02347,North,Provider Group E,Medication Adherence,2026-05-01,0,Valid
6289,SYN02351,North,Provider Group C,Diabetes Care,2026-05-01,0,Valid
6290,SYN02351,North,Provider Group C,Follow-Up After Hospitalization,2026-05-01,0,Valid
6291,SYN02351,North,Provider Group C,Medication Adherence,2026-05-01,0,Valid
6292,SYN02352,North,Provider Group D,Controlling Blood Pressure,2026-05-01,0,Valid
6293,SYN02352,North,Provider Group D,Diabetes Care,2026-05-01,0,Valid
6294,SYN02353,East,Provider Group D,Breast Cancer Screening,2026-05-01,0,Valid
6295,SYN02353,East,Provider Group D,Controlling Blood Pressure,2026-05-01,0,Valid
6296,SYN02353,East,Provider Group D,Diabetes Care,2026-05-01,0,Valid
6297,SYN02361,East,Provider Group D,Colorectal Cancer Screening,2026-05-01,0,Valid
6298,SYN02361,East,Provider Group D,Controlling Blood Pressure,2026-05-01,0,Valid
6299,SYN02361,East,Provider Group D,Diabetes Care,2026-05-01,0,Valid
6300,SYN02361,East,Provider Group D,Medication Adherence,2026-05-01,0,Valid
6301,SYN02363,East,Provider Group A,Colorectal Cancer Screening,2026-05-01,0,Valid
6302,SYN02363,East,Provider Group A,Controlling Blood Pressure,2026-05-01,0,Valid
6303,SYN02363,East,Provider Group A,Follow-Up After Hospitalization,2026-05-01,0,Valid
6304,SYN02363,East,Provider Group A,Medication Adherence,2026-05-01,0,Valid
6305,SYN02367,North,Provider Group A,Controlling Blood Pressure,2026-05-01,0,Valid
6306,SYN02367,North,Provider Group A,Diabetes Care,2026-05-01,0,Valid
6307,SYN02369,North,Provider Group A,Medication Adherence,2026-05-01,0,Valid
6308,SYN02372,East,Provider Group C,Breast Cancer Screening,2026-05-01,0,Valid
6309,SYN02372,East,Provider Group C,Medication Adherence,2026-05-01,0,Valid
6310,SYN02380,North,Provider Group D,Colorectal Cancer Screening,2026-05-01,0,Valid
6311,SYN02380,North,Provider Group D,Controlling Blood Pressure,2026-05-01,0,Valid
6312,SYN02386,North,Provider Group E,Controlling Blood Pressure,2026-05-01,0,Valid
6313,SYN02386,North,Provider Group E,Diabetes Care,2026-05-01,0,Valid
6314,SYN02396,South,Provider Group B,Breast Cancer Screening,2026-05-01,0,Valid
6315,SYN02396,South,Provider Group B,Controlling Blood Pressure,2026-05-01,0,Valid
6316,SYN02396,South,Provider Group B,Diabetes Care,2026-05-01,0,Valid
6317,SYN02399,East,Provider Group C,Controlling Blood Pressure,2026-05-01,0,Valid
6318,SYN02399,East,Provider Group C,Diabetes Care,2026-05-01,0,Valid
6319,SYN02413,West,Provider Group E,Controlling Blood Pressure,2026-05-01,0,Valid
6320,SYN02415,North,Provider Group B,Colorectal Cancer Screening,2026-05-01,0,Valid
6321,SYN02415,North,Provider Group B,Controlling Blood Pressure,2026-05-01,0,Valid
6322,SYN02415,North,Provider Group B,Diabetes Care,2026-05-01,0,Valid
6323,SYN02415,North,Provider Group B,Medication Adherence,2026-05-01,0,Valid
6324,SYN02427,North,Provider Group E,Controlling Blood Pressure,2026-05-01,0,Valid
6325,SYN02427,North,Provider Group E,Follow-Up After Hospitalization,2026-05-01,0,Valid
6326,SYN02430,West,Provider Group A,Breast Cancer Screening,2026-05-01,0,Valid
6327,SYN02430,West,Provider Group A,Colorectal Cancer Screening,2026-05-01,0,Valid
6328,SYN02430,West,Provider Group A,Diabetes Care,2026-05-01,0,Valid
6329,SYN02430,West,Provider Group A,Follow-Up After Hospitalization,2026-05-01,0,Valid
6330,SYN02448,South,Provider Group C,Colorectal Cancer Screening,2026-05-01,0,Valid
6331,SYN02448,South,Provider Group C,Diabetes Care,2026-05-01,0,Valid
6332,SYN02448,South,Provider Group C,Follow-Up After Hospitalization,2026-05-01,0,Valid
6333,SYN02448,South,Provider Group C,Medication Adherence,2026-05-01,0,Valid
6334,SYN02455,South,Provider Group B,Diabetes Care,2026-05-01,0,Valid
6335,SYN02455,South,Provider Group B,Follow-Up After Hospitalization,2026-05-01,0,Valid
6336,SYN02455,South,Provider Group B,Medication Adherence,2026-05-01,0,Valid
6337,SYN02465,East,Provider Group B,Colorectal Cancer Screening,2026-05-01,0,Valid
6338,SYN02465,East,Provider Group B,Controlling Blood Pressure,2026-05-01,0,Valid
6339,SYN02465,East,Provider Group B,Diabetes Care,2026-05-01,0,Valid
6340,SYN02465,East,Provider Group B,Medication Adherence,2026-05-01,0,Valid
6341,SYN02467,North,Provider Group C,Colorectal Cancer Screening,2026-05-01,0,Valid
6342,SYN02467,North,Provider Group C,Diabetes Care,2026-05-01,0,Valid
6343,SYN02467,North,Provider Group C,Follow-Up After Hospitalization,2026-05-01,0,Valid
6344,SYN02469,West,Provider Group C,Colorectal Cancer Screening,2026-05-01,0,Valid
6345,SYN02469,West,Provider Group C,Diabetes Care,2026-05-01,0,Valid
6346,SYN02470,East,Provider Group C,Breast Cancer Screening,2026-05-01,0,Valid
6347,SYN02470,East,Provider Group C,Diabetes Care,2026-05-01,0,Valid
6348,SYN02470,East,Provider Group C,Medication Adherence,2026-05-01,0,Valid
6349,SYN02482,South,Provider Group A,Controlling Blood Pressure,2026-05-01,0,Valid
6350,SYN02482,South,Provider Group A,Medication Adherence,2026-05-01,0,Valid
6351,SYN02487,North,Provider Group D,Diabetes Care,2026-05-01,0,Valid
6352,SYN02487,North,Provider Group D,Follow-Up After Hospitalization,2026-05-01,0,Valid
6353,SYN02491,North,Provider Group D,Controlling Blood Pressure,2026-05-01,0,Valid
6354,SYN02491,North,Provider Group D,Diabetes Care,2026-05-01,0,Valid
6355,SYN02495,West,Provider Group A,Breast Cancer Screening,2026-05-01,0,Valid
6356,SYN02495,West,Provider Group A,Colorectal Cancer Screening,2026-05-01,0,Valid
6357,SYN02495,West,Provider Group A,Diabetes Care,2026-05-01,0,Valid
6358,SYN02495,West,Provider Group A,Medication Adherence,2026-05-01,0,Valid
6359,SYN02500,North,Provider Group B,Colorectal Cancer Screening,2026-05-01,0,Valid
6360,SYN02500,North,Provider Group B,Diabetes Care,2026-05-01,0,Valid
6361,SYN02500,North,Provider Group B,Medication Adherence,2026-05-01,0,Valid
6362,SYN02503,West,Provider Group B,Colorectal Cancer Screening,2026-05-01,0,Valid
6363,SYN02503,West,Provider Group B,Controlling Blood Pressure,2026-05-01,0,Valid
6364,SYN02503,West,Provider Group B,Diabetes Care,2026-05-01,0,Valid
6365,SYN02503,West,Provider Group B,Medication Adherence,2026-05-01,0,Valid
6366,SYN02508,West,Provider Group B,Breast Cancer Screening,2026-05-01,0,Valid
6367,SYN02508,West,Provider Group B,Controlling Blood Pressure,2026-05-01,0,Valid
6368,SYN02508,West,Provider Group B,Diabetes Care,2026-05-01,0,Valid
6369,SYN02508,West,Provider Group B,Medication Adherence,2026-05-01,0,Valid
6370,SYN02513,East,Provider Group A,Breast Cancer Screening,2026-05-01,0,Valid
6371,SYN02513,East,Provider Group A,Diabetes Care,2026-05-01,0,Valid
6372,SYN02513,East,Provider Group A,Follow-Up After Hospitalization,2026-05-01,0,Valid
6373,SYN02513,East,Provider Group A,Medication Adherence,2026-05-01,0,Valid
6374,SYN02521,South,Provider Group D,Breast Cancer Screening,2026-05-01,0,Valid
6375,SYN02521,South,Provider Group D,Controlling Blood Pressure,2026-05-01,0,Valid
6376,SYN02524,South,Provider Group D,Controlling Blood Pressure,2026-05-01,0,Valid
6377,SYN02524,South,Provider Group D,Diabetes Care,2026-05-01,0,Valid
6378,SYN02530,West,Provider Group C,Diabetes Care,2026-05-01,0,Valid
6379,SYN02530,West,Provider Group C,Medication Adherence,2026-05-01,0,Valid
6380,SYN02531,West,Provider Group D,Colorectal Cancer Screening,2026-05-01,0,Valid
6381,SYN02531,West,Provider Group D,Controlling Blood Pressure,2026-05-01,0,Valid
6382,SYN02531,West,Provider Group D,Diabetes Care,2026-05-01,0,Valid
6383,SYN02534,East,Provider Group A,Colorectal Cancer Screening,2026-05-01,0,Valid
6384,SYN02534,East,Provider Group A,Follow-Up After Hospitalization,2026-05-01,0,Valid
6385,SYN02536,South,Provider Group B,Colorectal Cancer Screening,2026-05-01,0,Valid
6386,SYN02536,South,Provider Group B,Diabetes Care,2026-05-01,0,Valid
6387,SYN02537,South,Provider Group C,Colorectal Cancer Screening,2026-05-01,0,Valid
6388,SYN02537,South,Provider Group C,Controlling Blood Pressure,2026-05-01,0,Valid
6389,SYN02537,South,Provider Group C,Diabetes Care,2026-05-01,0,Valid
6390,SYN02537,South,Provider Group C,Medication Adherence,2026-05-01,0,Valid
6391,SYN02541,South,Provider Group B,Follow-Up After Hospitalization,2026-05-01,0,Valid
6392,SYN02550,East,Provider Group A,Controlling Blood Pressure,2026-05-01,0,Valid
6393,SYN02550,East,Provider Group A,Diabetes Care,2026-05-01,0,Valid
6394,SYN02550,East,Provider Group A,Medication Adherence,2026-05-01,0,Valid
6395,SYN02561,West,Provider Group E,Controlling Blood Pressure,2026-05-01,0,Valid
6396,SYN02561,West,Provider Group E,Medication Adherence,2026-05-01,0,Valid
6397,SYN02570,West,Provider Group B,Breast Cancer Screening,2026-05-01,0,Valid
6398,SYN02575,East,Provider Group D,Diabetes Care,2026-05-01,0,Valid
6399,SYN02575,East,Provider Group D,Medication Adherence,2026-05-01,0,Valid
6400,SYN02580,East,Provider Group B,Breast Cancer Screening,2026-05-01,0,Valid
6401,SYN02580,East,Provider Group B,Controlling Blood Pressure,2026-05-01,0,Valid
6402,SYN02581,East,Provider Group D,Colorectal Cancer Screening,2026-05-01,0,Valid
6403,SYN02581,East,Provider Group D,Diabetes Care,2026-05-01,0,Valid
6404,SYN02585,South,Provider Group A,Diabetes Care,2026-05-01,0,Valid
6405,SYN02585,South,Provider Group A,Medication Adherence,2026-05-01,0,Valid
6406,SYN02596,East,Provider Group D,Colorectal Cancer Screening,2026-05-01,0,Valid
6407,SYN02596,East,Provider Group D,Follow-Up After Hospitalization,2026-05-01,0,Valid
6408,SYN02605,West,Provider Group B,Diabetes Care,2026-05-01,0,Valid
6409,SYN02605,West,Provider Group B,Follow-Up After Hospitalization,2026-05-01,0,Valid
6410,SYN02610,East,Provider Group E,Colorectal Cancer Screening,2026-05-01,0,Valid
6411,SYN02610,East,Provider Group E,Medication Adherence,2026-05-01,0,Valid
6412,SYN02612,West,Provider Group C,Controlling Blood Pressure,2026-05-01,0,Valid
6413,SYN02612,West,Provider Group C,Diabetes Care,2026-05-01,0,Valid
6414,SYN02612,West,Provider Group C,Follow-Up After Hospitalization,2026-05-01,0,Valid
6415,SYN02612,West,Provider Group C,Medication Adherence,2026-05-01,0,Valid
6416,SYN02632,South,Provider Group D,Colorectal Cancer Screening,2026-05-01,0,Valid
6417,SYN02632,South,Provider Group D,Controlling Blood Pressure,2026-05-01,0,Valid
6418,SYN02632,South,Provider Group D,Follow-Up After Hospitalization,2026-05-01,0,Valid
6419,SYN02639,West,Provider Group D,Colorectal Cancer Screening,2026-05-01,0,Valid
6420,SYN02639,West,Provider Group D,Controlling Blood Pressure,2026-05-01,0,Valid
6421,SYN02639,West,Provider Group D,Medication Adherence,2026-05-01,0,Valid
6422,SYN02645,North,Provider Group D,Diabetes Care,2026-05-01,0,Valid
6423,SYN02645,North,Provider Group D,Medication Adherence,2026-05-01,0,Valid
6424,SYN02652,South,Provider Group A,Diabetes Care,2026-05-01,0,Valid
6425,SYN02659,East,Provider Group D,Breast Cancer Screening,2026-05-01,0,Valid
6426,SYN02659,East,Provider Group D,Colorectal Cancer Screening,2026-05-01,0,Valid
6427,SYN02661,South,Provider Group B,Breast Cancer Screening,2026-05-01,0,Valid
6428,SYN02661,South,Provider Group B,Colorectal Cancer Screening,2026-05-01,0,Valid
6429,SYN02661,South,Provider Group B,Controlling Blood Pressure,2026-05-01,0,Valid
6430,SYN02661,South,Provider Group B,Medication Adherence,2026-05-01,0,Valid
6431,SYN02665,West,Provider Group B,Breast Cancer Screening,2026-05-01,0,Valid
6432,SYN02665,West,Provider Group B,Colorectal Cancer Screening,2026-05-01,0,Valid
6433,SYN02665,West,Provider Group B,Controlling Blood Pressure,2026-05-01,0,Valid
6434,SYN02665,West,Provider Group B,Medication Adherence,2026-05-01,0,Valid
6435,SYN02666,East,Provider Group E,Controlling Blood Pressure,2026-05-01,0,Valid
6436,SYN02666,East,Provider Group E,Follow-Up After Hospitalization,2026-05-01,1,Needs Review
6437,SYN02666,East,Provider Group E,Medication Adherence,2026-05-01,0,Valid
6438,SYN02669,South,Provider Group C,Controlling Blood Pressure,2026-05-01,0,Valid
6439,SYN02675,South,Provider Group C,Breast Cancer Screening,2026-05-01,0,Valid
6440,SYN02682,South,Provider Group D,Colorectal Cancer Screening,2026-05-01,0,Valid
6441,SYN02682,South,Provider Group D,Medication Adherence,2026-05-01,0,Valid
6442,SYN02689,East,Provider Group D,Medication Adherence,2026-05-01,0,Valid
6443,SYN02694,West,Provider Group B,Controlling Blood Pressure,2026-05-01,0,Valid
6444,SYN02694,West,Provider Group B,Follow-Up After Hospitalization,2026-05-01,0,Valid
6445,SYN02696,North,Provider Group E,Diabetes Care,2026-05-01,0,Valid
6446,SYN02699,North,Provider Group A,Colorectal Cancer Screening,2026-05-01,0,Valid
6447,SYN02699,North,Provider Group A,Controlling Blood Pressure,2026-05-01,0,Valid
6448,SYN02699,North,Provider Group A,Follow-Up After Hospitalization,2026-05-01,0,Valid
6449,SYN02702,West,Provider Group C,Breast Cancer Screening,2026-05-01,0,Valid
6450,SYN02702,West,Provider Group C,Colorectal Cancer Screening,2026-05-01,0,Valid
6451,SYN02702,West,Provider Group C,Diabetes Care,2026-05-01,0,Valid
6452,SYN02706,North,Provider Group B,Colorectal Cancer Screening,2026-05-01,0,Valid
6453,SYN02706,North,Provider Group B,Controlling Blood Pressure,2026-05-01,0,Valid
6454,SYN02706,North,Provider Group B,Follow-Up After Hospitalization,2026-05-01,0,Valid
6455,SYN02706,North,Provider Group B,Medication Adherence,2026-05-01,0,Valid
6456,SYN02711,West,Provider Group D,Colorectal Cancer Screening,2026-05-01,0,Valid
6457,SYN02711,West,Provider Group D,Controlling Blood Pressure,2026-05-01,0,Valid
6458,SYN02711,West,Provider Group D,Diabetes Care,2026-05-01,0,Valid
6459,SYN02711,West,Provider Group D,Follow-Up After Hospitalization,2026-05-01,0,Valid
6460,SYN02711,West,Provider Group D,Medication Adherence,2026-05-01,0,Valid
6461,SYN02716,South,Provider Group E,Controlling Blood Pressure,2026-05-01,0,Valid
6462,SYN02721,South,Provider Group B,Breast Cancer Screening,2026-05-01,0,Valid
6463,SYN02721,South,Provider Group B,Controlling Blood Pressure,2026-05-01,0,Valid
6464,SYN02721,South,Provider Group B,Diabetes Care,2026-05-01,0,Valid
6465,SYN02726,South,Provider Group D,Colorectal Cancer Screening,2026-05-01,0,Valid
6466,SYN02726,South,Provider Group D,Medication Adherence,2026-05-01,0,Valid
6467,SYN02742,East,Provider Group D,Colorectal Cancer Screening,2026-05-01,0,Valid
6468,SYN02742,East,Provider Group D,Controlling Blood Pressure,2026-05-01,0,Valid
6469,SYN02742,East,Provider Group D,Diabetes Care,2026-05-01,0,Valid
6470,SYN02742,East,Provider Group D,Follow-Up After Hospitalization,2026-05-01,0,Valid
6471,SYN02742,East,Provider Group D,Medication Adherence,2026-05-01,0,Valid
6472,SYN02743,North,Provider Group A,Breast Cancer Screening,2026-05-01,0,Valid
6473,SYN02743,North,Provider Group A,Colorectal Cancer Screening,2026-05-01,0,Valid
6474,SYN02743,North,Provider Group A,Follow-Up After Hospitalization,2026-05-01,0,Valid
6475,SYN02745,West,Provider Group A,Controlling Blood Pressure,2026-05-01,0,Valid
6476,SYN02764,East,Provider Group D,Breast Cancer Screening,2026-05-01,0,Valid
6477,SYN02764,East,Provider Group D,Colorectal Cancer Screening,2026-05-01,0,Valid
6478,SYN02764,East,Provider Group D,Controlling Blood Pressure,2026-05-01,0,Valid
6479,SYN02764,East,Provider Group D,Diabetes Care,2026-05-01,0,Valid
6480,SYN02765,South,Provider Group B,Breast Cancer Screening,2026-05-01,0,Valid
6481,SYN02765,South,Provider Group B,Follow-Up After Hospitalization,2026-05-01,0,Valid
6482,SYN02775,South,Provider Group D,Colorectal Cancer Screening,2026-05-01,0,Valid
6483,SYN02790,South,Provider Group A,Diabetes Care,2026-05-01,0,Valid
6484,SYN02790,South,Provider Group A,Follow-Up After Hospitalization,2026-05-01,0,Valid
6485,SYN02794,West,Provider Group D,Colorectal Cancer Screening,2026-05-01,0,Valid
6486,SYN02794,West,Provider Group D,Diabetes Care,2026-05-01,0,Valid
6487,SYN02794,West,Provider Group D,Medication Adherence,2026-05-01,0,Valid
6488,SYN02800,West,Provider Group C,Colorectal Cancer Screening,2026-05-01,0,Valid
6489,SYN02800,West,Provider Group C,Medication Adherence,2026-05-01,0,Valid
6490,SYN02806,South,Provider Group E,Breast Cancer Screening,2026-05-01,0,Valid
6491,SYN02808,South,Provider Group D,Colorectal Cancer Screening,2026-05-01,0,Valid
6492,SYN02808,South,Provider Group D,Medication Adherence,2026-05-01,0,Valid
6493,SYN02821,South,Provider Group C,Controlling Blood Pressure,2026-05-01,0,Valid
6494,SYN02821,South,Provider Group C,Diabetes Care,2026-05-01,0,Valid
6495,SYN02821,South,Provider Group C,Medication Adherence,2026-05-01,0,Valid
6496,SYN02828,West,Provider Group E,Colorectal Cancer Screening,2026-05-01,0,Valid
6497,SYN02828,West,Provider Group E,Follow-Up After Hospitalization,2026-05-01,0,Valid
6498,SYN02828,West,Provider Group E,Medication Adherence,2026-05-01,0,Valid
6499,SYN02832,South,Provider Group B,Breast Cancer Screening,2026-05-01,0,Valid
6500,SYN02832,South,Provider Group B,Colorectal Cancer Screening,2026-05-01,0,Valid
6501,SYN02832,South,Provider Group B,Controlling Blood Pressure,2026-05-01,0,Valid
6502,SYN02832,South,Provider Group B,Diabetes Care,2026-05-01,0,Valid
6503,SYN02832,South,Provider Group B,Follow-Up After Hospitalization,2026-05-01,0,Valid
6504,SYN02832,South,Provider Group B,Medication Adherence,2026-05-01,0,Valid
6505,SYN02833,West,Provider Group C,Controlling Blood Pressure,2026-05-01,0,Valid
6506,SYN02833,West,Provider Group C,Diabetes Care,2026-05-01,0,Valid
6507,SYN02837,West,Provider Group D,Follow-Up After Hospitalization,2026-05-01,0,Valid
6508,SYN02837,West,Provider Group D,Medication Adherence,2026-05-01,0,Valid
6509,SYN02838,South,Provider Group A,Breast Cancer Screening,2026-05-01,0,Valid
6510,SYN02838,South,Provider Group A,Colorectal Cancer Screening,2026-05-01,0,Valid
6511,SYN02838,South,Provider Group A,Diabetes Care,2026-05-01,0,Valid
6512,SYN02838,South,Provider Group A,Follow-Up After Hospitalization,2026-05-01,0,Valid
6513,SYN02838,South,Provider Group A,Medication Adherence,2026-05-01,0,Valid
6514,SYN02842,East,Provider Group D,Breast Cancer Screening,2026-05-01,0,Valid
6515,SYN02842,East,Provider Group D,Colorectal Cancer Screening,2026-05-01,0,Valid
6516,SYN02842,East,Provider Group D,Controlling Blood Pressure,2026-05-01,0,Valid
6517,SYN02842,East,Provider Group D,Diabetes Care,2026-05-01,0,Valid
6518,SYN02850,North,Provider Group C,Diabetes Care,2026-05-01,0,Valid
6519,SYN02851,North,Provider Group A,Colorectal Cancer Screening,2026-05-01,0,Valid
6520,SYN02861,East,Provider Group A,Colorectal Cancer Screening,2026-05-01,0,Valid
6521,SYN02861,East,Provider Group A,Controlling Blood Pressure,2026-05-01,0,Valid
6522,SYN02861,East,Provider Group A,Follow-Up After Hospitalization,2026-05-01,0,Valid
6523,SYN02861,East,Provider Group A,Medication Adherence,2026-05-01,0,Valid
6524,SYN02865,West,Provider Group B,Breast Cancer Screening,2026-05-01,0,Valid
6525,SYN02865,West,Provider Group B,Diabetes Care,2026-05-01,0,Valid
6526,SYN02865,West,Provider Group B,Follow-Up After Hospitalization,2026-05-01,0,Valid
6527,SYN02866,North,Provider Group E,Colorectal Cancer Screening,2026-05-01,0,Valid
6528,SYN02866,North,Provider Group E,Medication Adherence,2026-05-01,0,Valid
6529,SYN02873,South,Provider Group E,Colorectal Cancer Screening,2026-05-01,0,Valid
6530,SYN02873,South,Provider Group E,Medication Adherence,2026-05-01,0,Valid
6531,SYN02891,North,Provider Group A,Colorectal Cancer Screening,2026-05-01,0,Valid
6532,SYN02891,North,Provider Group A,Controlling Blood Pressure,2026-05-01,0,Valid
6533,SYN02891,North,Provider Group A,Diabetes Care,2026-05-01,0,Valid
6534,SYN02891,North,Provider Group A,Follow-Up After Hospitalization,2026-05-01,0,Valid
6535,SYN02897,South,Provider Group B,Breast Cancer Screening,2026-05-01,1,Needs Review
6536,SYN02897,South,Provider Group B,Colorectal Cancer Screening,2026-05-01,0,Valid
6537,SYN02897,South,Provider Group B,Controlling Blood Pressure,2026-05-01,0,Valid
6538,SYN02897,South,Provider Group B,Diabetes Care,2026-05-01,0,Valid
6539,SYN02897,South,Provider Group B,Medication Adherence,2026-05-01,0,Valid
6540,SYN02898,North,Provider Group E,Controlling Blood Pressure,2026-05-01,0,Valid
6541,SYN02898,North,Provider Group E,Diabetes Care,2026-05-01,1,Needs Review
6542,SYN02898,North,Provider Group E,Follow-Up After Hospitalization,2026-05-01,0,Valid
6543,SYN02902,South,Provider Group C,Medication Adherence,2026-05-01,0,Valid
6544,SYN02904,East,Provider Group B,Breast Cancer Screening,2026-05-01,0,Valid
6545,SYN02904,East,Provider Group B,Controlling Blood Pressure,2026-05-01,0,Valid
6546,SYN02904,East,Provider Group B,Follow-Up After Hospitalization,2026-05-01,0,Valid
6547,SYN02913,North,Provider Group D,Medication Adherence,2026-05-01,0,Valid
6548,SYN02914,South,Provider Group C,Controlling Blood Pressure,2026-05-01,0,Valid
6549,SYN02917,South,Provider Group C,Colorectal Cancer Screening,2026-05-01,0,Valid
6550,SYN02917,South,Provider Group C,Controlling Blood Pressure,2026-05-01,0,Valid
6551,SYN02919,North,Provider Group C,Breast Cancer Screening,2026-05-01,0,Valid
6552,SYN02919,North,Provider Group C,Colorectal Cancer Screening,2026-05-01,0,Valid
6553,SYN02919,North,Provider Group C,Diabetes Care,2026-05-01,0,Valid
6554,SYN02919,North,Provider Group C,Medication Adherence,2026-05-01,0,Valid
6555,SYN02926,North,Provider Group A,Breast Cancer Screening,2026-05-01,0,Valid
6556,SYN02926,North,Provider Group A,Diabetes Care,2026-05-01,0,Valid
6557,SYN02927,North,Provider Group E,Colorectal Cancer Screening,2026-05-01,0,Valid
6558,SYN02927,North,Provider Group E,Diabetes Care,2026-05-01,0,Valid
6559,SYN02928,West,Provider Group D,Breast Cancer Screening,2026-05-01,0,Valid
6560,SYN02928,West,Provider Group D,Colorectal Cancer Screening,2026-05-01,0,Valid
6561,SYN02928,West,Provider Group D,Controlling Blood Pressure,2026-05-01,0,Valid
6562,SYN02928,West,Provider Group D,Medication Adherence,2026-05-01,0,Valid
6563,SYN02941,West,Provider Group B,Controlling Blood Pressure,2026-05-01,0,Valid
6564,SYN02941,West,Provider Group B,Follow-Up After Hospitalization,2026-05-01,0,Valid
6565,SYN02946,West,Provider Group A,Breast Cancer Screening,2026-05-01,0,Valid
6566,SYN02946,West,Provider Group A,Colorectal Cancer Screening,2026-05-01,0,Valid
6567,SYN02946,West,Provider Group A,Diabetes Care,2026-05-01,0,Valid
6568,SYN02946,West,Provider Group A,Medication Adherence,2026-05-01,0,Valid
6569,SYN02949,East,Provider Group D,Controlling Blood Pressure,2026-05-01,0,Valid
6570,SYN02949,East,Provider Group D,Medication Adherence,2026-05-01,0,Valid
6571,SYN02951,North,Provider Group A,Breast Cancer Screening,2026-05-01,0,Valid
6572,SYN02955,South,Provider Group B,Controlling Blood Pressure,2026-05-01,0,Valid
6573,SYN02962,South,Provider Group B,Breast Cancer Screening,2026-05-01,0,Valid
6574,SYN02962,South,Provider Group B,Colorectal Cancer Screening,2026-05-01,0,Valid
6575,SYN02962,South,Provider Group B,Controlling Blood Pressure,2026-05-01,0,Valid
6576,SYN02962,South,Provider Group B,Diabetes Care,2026-05-01,0,Valid
6577,SYN02962,South,Provider Group B,Medication Adherence,2026-05-01,0,Valid
6578,SYN02981,South,Provider Group E,Breast Cancer Screening,2026-05-01,0,Valid
6579,SYN02981,South,Provider Group E,Controlling Blood Pressure,2026-05-01,0,Valid
6580,SYN02981,South,Provider Group E,Follow-Up After Hospitalization,2026-05-01,0,Valid
6581,SYN02981,South,Provider Group E,Medication Adherence,2026-05-01,0,Valid
6582,SYN02992,North,Provider Group D,Colorectal Cancer Screening,2026-05-01,0,Valid
6583,SYN02992,North,Provider Group D,Controlling Blood Pressure,2026-05-01,0,Valid
6584,SYN03000,North,Provider Group D,Colorectal Cancer Screening,2026-05-01,0,Valid
6585,SYN03000,North,Provider Group D,Controlling Blood Pressure,2026-05-01,0,Valid
6586,SYN03000,North,Provider Group D,Diabetes Care,2026-05-01,0,Valid
6587,SYN03007,North,Provider Group A,Diabetes Care,2026-05-01,0,Valid
6588,SYN03008,South,Provider Group C,Diabetes Care,2026-05-01,0,Valid
6589,SYN03008,South,Provider Group C,Medication Adherence,2026-05-01,0,Valid
6590,SYN03012,South,Provider Group D,Breast Cancer Screening,2026-05-01,0,Valid
6591,SYN03012,South,Provider Group D,Controlling Blood Pressure,2026-05-01,0,Valid
6592,SYN03013,South,Provider Group E,Breast Cancer Screening,2026-05-01,0,Valid
6593,SYN03013,South,Provider Group E,Diabetes Care,2026-05-01,0,Valid
6594,SYN03013,South,Provider Group E,Medication Adherence,2026-05-01,0,Valid
6595,SYN03019,West,Provider Group B,Controlling Blood Pressure,2026-05-01,0,Valid
6596,SYN03019,West,Provider Group B,Diabetes Care,2026-05-01,0,Valid
6597,SYN03025,West,Provider Group C,Colorectal Cancer Screening,2026-05-01,0,Valid
6598,SYN03031,South,Provider Group A,Follow-Up After Hospitalization,2026-05-01,0,Valid
6599,SYN03033,East,Provider Group A,Breast Cancer Screening,2026-05-01,0,Valid
6600,SYN03033,East,Provider Group A,Controlling Blood Pressure,2026-05-01,0,Valid
6601,SYN03033,East,Provider Group A,Medication Adherence,2026-05-01,0,Valid
6602,SYN03040,South,Provider Group A,Colorectal Cancer Screening,2026-05-01,0,Valid
6603,SYN03040,South,Provider Group A,Controlling Blood Pressure,2026-05-01,0,Valid
6604,SYN03040,South,Provider Group A,Diabetes Care,2026-05-01,0,Valid
6605,SYN03042,East,Provider Group D,Medication Adherence,2026-05-01,0,Valid
6606,SYN03046,West,Provider Group B,Colorectal Cancer Screening,2026-05-01,0,Valid
6607,SYN03046,West,Provider Group B,Diabetes Care,2026-05-01,0,Valid
6608,SYN03046,West,Provider Group B,Follow-Up After Hospitalization,2026-05-01,0,Valid
6609,SYN03059,West,Provider Group A,Breast Cancer Screening,2026-05-01,0,Valid
6610,SYN03059,West,Provider Group A,Colorectal Cancer Screening,2026-05-01,0,Valid
6611,SYN03059,West,Provider Group A,Controlling Blood Pressure,2026-05-01,0,Valid
6612,SYN03065,North,Provider Group E,Breast Cancer Screening,2026-05-01,0,Valid
6613,SYN03068,North,Provider Group D,Controlling Blood Pressure,2026-05-01,0,Valid
6614,SYN03068,North,Provider Group D,Medication Adherence,2026-05-01,0,Valid
6615,SYN03070,North,Provider Group C,Breast Cancer Screening,2026-05-01,0,Valid
6616,SYN03070,North,Provider Group C,Colorectal Cancer Screening,2026-05-01,0,Valid
6617,SYN03070,North,Provider Group C,Controlling Blood Pressure,2026-05-01,0,Valid
6618,SYN03070,North,Provider Group C,Follow-Up After Hospitalization,2026-05-01,0,Valid
6619,SYN03070,North,Provider Group C,Medication Adherence,2026-05-01,0,Valid
6620,SYN03072,East,Provider Group A,Breast Cancer Screening,2026-05-01,0,Valid
6621,SYN03072,East,Provider Group A,Colorectal Cancer Screening,2026-05-01,0,Valid
6622,SYN03072,East,Provider Group A,Controlling Blood Pressure,2026-05-01,0,Valid
6623,SYN03072,East,Provider Group A,Diabetes Care,2026-05-01,0,Valid
6624,SYN03072,East,Provider Group A,Medication Adherence,2026-05-01,0,Valid
6625,SYN03074,East,Provider Group B,Follow-Up After Hospitalization,2026-05-01,0,Valid
6626,SYN03088,North,Provider Group B,Colorectal Cancer Screening,2026-05-01,0,Valid
6627,SYN03088,North,Provider Group B,Controlling Blood Pressure,2026-05-01,0,Valid
6628,SYN03088,North,Provider Group B,Medication Adherence,2026-05-01,0,Valid
6629,SYN03097,South,Provider Group D,Controlling Blood Pressure,2026-05-01,0,Valid
6630,SYN03097,South,Provider Group D,Follow-Up After Hospitalization,2026-05-01,0,Valid
6631,SYN03097,South,Provider Group D,Medication Adherence,2026-05-01,0,Valid
6632,SYN03100,East,Provider Group A,Controlling Blood Pressure,2026-05-01,0,Valid
6633,SYN03100,East,Provider Group A,Diabetes Care,2026-05-01,0,Valid
6634,SYN03100,East,Provider Group A,Medication Adherence,2026-05-01,0,Valid
6635,SYN03103,North,Provider Group D,Controlling Blood Pressure,2026-05-01,0,Valid
6636,SYN03103,North,Provider Group D,Diabetes Care,2026-05-01,0,Valid
6637,SYN03111,West,Provider Group C,Breast Cancer Screening,2026-05-01,0,Valid
6638,SYN03111,West,Provider Group C,Controlling Blood Pressure,2026-05-01,0,Valid
6639,SYN03111,West,Provider Group C,Follow-Up After Hospitalization,2026-05-01,0,Valid
6640,SYN03111,West,Provider Group C,Medication Adherence,2026-05-01,0,Valid
6641,SYN03116,South,Provider Group B,Breast Cancer Screening,2026-05-01,0,Valid
6642,SYN03116,South,Provider Group B,Colorectal Cancer Screening,2026-05-01,0,Valid
6643,SYN03116,South,Provider Group B,Controlling Blood Pressure,2026-05-01,0,Valid
6644,SYN03116,South,Provider Group B,Medication Adherence,2026-05-01,0,Valid
6645,SYN03127,East,Provider Group B,Colorectal Cancer Screening,2026-05-01,0,Valid
6646,SYN03131,East,Provider Group E,Breast Cancer Screening,2026-05-01,0,Valid
6647,SYN03131,East,Provider Group E,Controlling Blood Pressure,2026-05-01,0,Valid
6648,SYN03131,East,Provider Group E,Diabetes Care,2026-05-01,0,Valid
6649,SYN03135,East,Provider Group C,Breast Cancer Screening,2026-05-01,0,Valid
6650,SYN03135,East,Provider Group C,Colorectal Cancer Screening,2026-05-01,0,Valid
6651,SYN03135,East,Provider Group C,Diabetes Care,2026-05-01,0,Valid
6652,SYN03137,West,Provider Group E,Medication Adherence,2026-05-01,0,Valid
6653,SYN03150,South,Provider Group C,Colorectal Cancer Screening,2026-05-01,0,Valid
6654,SYN03150,South,Provider Group C,Diabetes Care,2026-05-01,0,Valid
6655,SYN03151,North,Provider Group C,Breast Cancer Screening,2026-05-01,0,Valid
6656,SYN03151,North,Provider Group C,Medication Adherence,2026-05-01,0,Valid
6657,SYN03157,South,Provider Group D,Follow-Up After Hospitalization,2026-05-01,0,Valid
6658,SYN03167,North,Provider Group E,Breast Cancer Screening,2026-05-01,0,Valid
6659,SYN03167,North,Provider Group E,Medication Adherence,2026-05-01,0,Valid
6660,SYN03168,East,Provider Group E,Colorectal Cancer Screening,2026-05-01,0,Valid
6661,SYN03168,East,Provider Group E,Controlling Blood Pressure,2026-05-01,0,Valid
6662,SYN03185,West,Provider Group A,Colorectal Cancer Screening,2026-05-01,0,Valid
6663,SYN03185,West,Provider Group A,Controlling Blood Pressure,2026-05-01,0,Valid
6664,SYN03185,West,Provider Group A,Medication Adherence,2026-05-01,0,Valid
6665,SYN03190,South,Provider Group A,Colorectal Cancer Screening,2026-05-01,0,Valid
6666,SYN03190,South,Provider Group A,Controlling Blood Pressure,2026-05-01,0,Valid
6667,SYN03190,South,Provider Group A,Follow-Up After Hospitalization,2026-05-01,0,Valid
6668,SYN03190,South,Provider Group A,Medication Adherence,2026-05-01,0,Valid
6669,SYN00009,South,Provider Group B,Colorectal Cancer Screening,2026-06-01,0,Valid
6670,SYN00009,South,Provider Group B,Controlling Blood Pressure,2026-06-01,0,Valid
6671,SYN00009,South,Provider Group B,Follow-Up After Hospitalization,2026-06-01,0,Valid
6672,SYN00009,South,Provider Group B,Medication Adherence,2026-06-01,0,Valid
6673,SYN00010,South,Provider Group C,Breast Cancer Screening,2026-06-01,0,Valid
6674,SYN00011,East,Provider Group C,Breast Cancer Screening,2026-06-01,0,Valid
6675,SYN00011,East,Provider Group C,Colorectal Cancer Screening,2026-06-01,0,Valid
6676,SYN00011,East,Provider Group C,Controlling Blood Pressure,2026-06-01,0,Valid
6677,SYN00011,East,Provider Group C,Follow-Up After Hospitalization,2026-06-01,0,Valid
6678,SYN00018,North,Provider Group E,Breast Cancer Screening,2026-06-01,0,Valid
6679,SYN00018,North,Provider Group E,Follow-Up After Hospitalization,2026-06-01,0,Valid
6680,SYN00018,North,Provider Group E,Medication Adherence,2026-06-01,0,Valid
6681,SYN00024,West,Provider Group C,Colorectal Cancer Screening,2026-06-01,0,Valid
6682,SYN00024,West,Provider Group C,Medication Adherence,2026-06-01,0,Valid
6683,SYN00026,West,Provider Group B,Controlling Blood Pressure,2026-06-01,0,Valid
6684,SYN00026,West,Provider Group B,Diabetes Care,2026-06-01,0,Valid
6685,SYN00026,West,Provider Group B,Follow-Up After Hospitalization,2026-06-01,0,Valid
6686,SYN00026,West,Provider Group B,Medication Adherence,2026-06-01,0,Valid
6687,SYN00041,South,Provider Group C,Breast Cancer Screening,2026-06-01,0,Valid
6688,SYN00047,North,Provider Group B,Diabetes Care,2026-06-01,0,Valid
6689,SYN00047,North,Provider Group B,Follow-Up After Hospitalization,2026-06-01,0,Valid
6690,SYN00063,South,Provider Group D,Colorectal Cancer Screening,2026-06-01,0,Valid
6691,SYN00063,South,Provider Group D,Diabetes Care,2026-06-01,0,Valid
6692,SYN00063,South,Provider Group D,Follow-Up After Hospitalization,2026-06-01,0,Valid
6693,SYN00067,North,Provider Group C,Controlling Blood Pressure,2026-06-01,0,Valid
6694,SYN00067,North,Provider Group C,Medication Adherence,2026-06-01,0,Valid
6695,SYN00070,West,Provider Group D,Colorectal Cancer Screening,2026-06-01,0,Valid
6696,SYN00070,West,Provider Group D,Controlling Blood Pressure,2026-06-01,0,Valid
6697,SYN00070,West,Provider Group D,Follow-Up After Hospitalization,2026-06-01,0,Valid
6698,SYN00070,West,Provider Group D,Medication Adherence,2026-06-01,0,Valid
6699,SYN00078,South,Provider Group A,Breast Cancer Screening,2026-06-01,0,Valid
6700,SYN00078,South,Provider Group A,Colorectal Cancer Screening,2026-06-01,0,Valid
6701,SYN00078,South,Provider Group A,Controlling Blood Pressure,2026-06-01,0,Valid
6702,SYN00078,South,Provider Group A,Follow-Up After Hospitalization,2026-06-01,0,Valid
6703,SYN00078,South,Provider Group A,Medication Adherence,2026-06-01,0,Valid
6704,SYN00085,South,Provider Group E,Colorectal Cancer Screening,2026-06-01,0,Valid
6705,SYN00085,South,Provider Group E,Follow-Up After Hospitalization,2026-06-01,0,Valid
6706,SYN00085,South,Provider Group E,Medication Adherence,2026-06-01,0,Valid
6707,SYN00086,North,Provider Group D,Breast Cancer Screening,2026-06-01,0,Valid
6708,SYN00086,North,Provider Group D,Colorectal Cancer Screening,2026-06-01,0,Valid
6709,SYN00086,North,Provider Group D,Follow-Up After Hospitalization,2026-06-01,0,Valid
6710,SYN00086,North,Provider Group D,Medication Adherence,2026-06-01,0,Valid
6711,SYN00087,East,Provider Group B,Controlling Blood Pressure,2026-06-01,0,Valid
6712,SYN00090,East,Provider Group E,Colorectal Cancer Screening,2026-06-01,0,Valid
6713,SYN00090,East,Provider Group E,Controlling Blood Pressure,2026-06-01,0,Valid
6714,SYN00090,East,Provider Group E,Diabetes Care,2026-06-01,0,Valid
6715,SYN00099,South,Provider Group B,Colorectal Cancer Screening,2026-06-01,0,Valid
6716,SYN00099,South,Provider Group B,Controlling Blood Pressure,2026-06-01,0,Valid
6717,SYN00099,South,Provider Group B,Diabetes Care,2026-06-01,0,Valid
6718,SYN00099,South,Provider Group B,Follow-Up After Hospitalization,2026-06-01,0,Valid
6719,SYN00099,South,Provider Group B,Medication Adherence,2026-06-01,0,Valid
6720,SYN00115,South,Provider Group B,Colorectal Cancer Screening,2026-06-01,0,Valid
6721,SYN00115,South,Provider Group B,Controlling Blood Pressure,2026-06-01,0,Valid
6722,SYN00120,North,Provider Group E,Controlling Blood Pressure,2026-06-01,0,Valid
6723,SYN00120,North,Provider Group E,Medication Adherence,2026-06-01,0,Valid
6724,SYN00121,East,Provider Group D,Colorectal Cancer Screening,2026-06-01,0,Valid
6725,SYN00121,East,Provider Group D,Diabetes Care,2026-06-01,0,Valid
6726,SYN00132,West,Provider Group B,Colorectal Cancer Screening,2026-06-01,0,Valid
6727,SYN00132,West,Provider Group B,Controlling Blood Pressure,2026-06-01,0,Valid
6728,SYN00132,West,Provider Group B,Diabetes Care,2026-06-01,0,Valid
6729,SYN00132,West,Provider Group B,Follow-Up After Hospitalization,2026-06-01,0,Valid
6730,SYN00135,East,Provider Group A,Colorectal Cancer Screening,2026-06-01,0,Valid
6731,SYN00135,East,Provider Group A,Diabetes Care,2026-06-01,0,Valid
6732,SYN00135,East,Provider Group A,Follow-Up After Hospitalization,2026-06-01,0,Valid
6733,SYN00135,East,Provider Group A,Medication Adherence,2026-06-01,0,Valid
6734,SYN00140,East,Provider Group A,Colorectal Cancer Screening,2026-06-01,0,Valid
6735,SYN00140,East,Provider Group A,Controlling Blood Pressure,2026-06-01,0,Valid
6736,SYN00140,East,Provider Group A,Medication Adherence,2026-06-01,0,Valid
6737,SYN00141,North,Provider Group C,Breast Cancer Screening,2026-06-01,0,Valid
6738,SYN00141,North,Provider Group C,Colorectal Cancer Screening,2026-06-01,0,Valid
6739,SYN00141,North,Provider Group C,Controlling Blood Pressure,2026-06-01,0,Valid
6740,SYN00141,North,Provider Group C,Diabetes Care,2026-06-01,0,Valid
6741,SYN00143,North,Provider Group E,Colorectal Cancer Screening,2026-06-01,0,Valid
6742,SYN00143,North,Provider Group E,Controlling Blood Pressure,2026-06-01,0,Valid
6743,SYN00143,North,Provider Group E,Diabetes Care,2026-06-01,0,Valid
6744,SYN00148,West,Provider Group D,Breast Cancer Screening,2026-06-01,0,Valid
6745,SYN00156,West,Provider Group E,Breast Cancer Screening,2026-06-01,0,Valid
6746,SYN00156,West,Provider Group E,Colorectal Cancer Screening,2026-06-01,0,Valid
6747,SYN00156,West,Provider Group E,Diabetes Care,2026-06-01,0,Valid
6748,SYN00170,South,Provider Group A,Controlling Blood Pressure,2026-06-01,0,Valid
6749,SYN00176,South,Provider Group D,Controlling Blood Pressure,2026-06-01,0,Valid
6750,SYN00176,South,Provider Group D,Follow-Up After Hospitalization,2026-06-01,0,Valid
6751,SYN00180,West,Provider Group B,Colorectal Cancer Screening,2026-06-01,0,Valid
6752,SYN00183,South,Provider Group D,Breast Cancer Screening,2026-06-01,0,Valid
6753,SYN00183,South,Provider Group D,Colorectal Cancer Screening,2026-06-01,0,Valid
6754,SYN00183,South,Provider Group D,Diabetes Care,2026-06-01,0,Valid
6755,SYN00188,West,Provider Group A,Colorectal Cancer Screening,2026-06-01,0,Valid
6756,SYN00188,West,Provider Group A,Controlling Blood Pressure,2026-06-01,0,Valid
6757,SYN00188,West,Provider Group A,Diabetes Care,2026-06-01,0,Valid
6758,SYN00188,West,Provider Group A,Medication Adherence,2026-06-01,0,Valid
6759,SYN00205,North,Provider Group E,Breast Cancer Screening,2026-06-01,0,Valid
6760,SYN00205,North,Provider Group E,Medication Adherence,2026-06-01,0,Valid
6761,SYN00209,East,Provider Group C,Breast Cancer Screening,2026-06-01,0,Valid
6762,SYN00213,South,Provider Group A,Controlling Blood Pressure,2026-06-01,0,Valid
6763,SYN00213,South,Provider Group A,Follow-Up After Hospitalization,2026-06-01,0,Valid
6764,SYN00213,South,Provider Group A,Medication Adherence,2026-06-01,0,Valid
6765,SYN00224,East,Provider Group B,Colorectal Cancer Screening,2026-06-01,0,Valid
6766,SYN00224,East,Provider Group B,Diabetes Care,2026-06-01,0,Valid
6767,SYN00224,East,Provider Group B,Follow-Up After Hospitalization,2026-06-01,0,Valid
6768,SYN00224,East,Provider Group B,Medication Adherence,2026-06-01,0,Valid
6769,SYN00226,West,Provider Group B,Controlling Blood Pressure,2026-06-01,0,Valid
6770,SYN00238,North,Provider Group B,Breast Cancer Screening,2026-06-01,0,Valid
6771,SYN00238,North,Provider Group B,Diabetes Care,2026-06-01,0,Valid
6772,SYN00245,West,Provider Group D,Diabetes Care,2026-06-01,0,Valid
6773,SYN00260,East,Provider Group D,Breast Cancer Screening,2026-06-01,0,Valid
6774,SYN00260,East,Provider Group D,Controlling Blood Pressure,2026-06-01,0,Valid
6775,SYN00260,East,Provider Group D,Follow-Up After Hospitalization,2026-06-01,0,Valid
6776,SYN00260,East,Provider Group D,Medication Adherence,2026-06-01,0,Valid
6777,SYN00280,South,Provider Group D,Diabetes Care,2026-06-01,0,Valid
6778,SYN00280,South,Provider Group D,Medication Adherence,2026-06-01,0,Valid
6779,SYN00281,South,Provider Group D,Controlling Blood Pressure,2026-06-01,0,Valid
6780,SYN00281,South,Provider Group D,Follow-Up After Hospitalization,2026-06-01,0,Valid
6781,SYN00281,South,Provider Group D,Medication Adherence,2026-06-01,0,Valid
6782,SYN00289,North,Provider Group B,Breast Cancer Screening,2026-06-01,0,Valid
6783,SYN00289,North,Provider Group B,Colorectal Cancer Screening,2026-06-01,0,Valid
6784,SYN00289,North,Provider Group B,Diabetes Care,2026-06-01,0,Valid
6785,SYN00289,North,Provider Group B,Follow-Up After Hospitalization,2026-06-01,0,Valid
6786,SYN00291,South,Provider Group C,Breast Cancer Screening,2026-06-01,0,Valid
6787,SYN00291,South,Provider Group C,Colorectal Cancer Screening,2026-06-01,0,Valid
6788,SYN00291,South,Provider Group C,Controlling Blood Pressure,2026-06-01,0,Valid
6789,SYN00291,South,Provider Group C,Follow-Up After Hospitalization,2026-06-01,0,Valid
6790,SYN00303,West,Provider Group A,Medication Adherence,2026-06-01,0,Valid
6791,SYN00305,East,Provider Group B,Colorectal Cancer Screening,2026-06-01,0,Valid
6792,SYN00305,East,Provider Group B,Diabetes Care,2026-06-01,0,Valid
6793,SYN00305,East,Provider Group B,Follow-Up After Hospitalization,2026-06-01,0,Valid
6794,SYN00305,East,Provider Group B,Medication Adherence,2026-06-01,0,Valid
6795,SYN00306,South,Provider Group D,Breast Cancer Screening,2026-06-01,0,Valid
6796,SYN00306,South,Provider Group D,Controlling Blood Pressure,2026-06-01,0,Valid
6797,SYN00306,South,Provider Group D,Medication Adherence,2026-06-01,0,Valid
6798,SYN00311,West,Provider Group A,Controlling Blood Pressure,2026-06-01,0,Valid
6799,SYN00312,South,Provider Group C,Breast Cancer Screening,2026-06-01,0,Valid
6800,SYN00312,South,Provider Group C,Controlling Blood Pressure,2026-06-01,0,Valid
6801,SYN00313,East,Provider Group C,Colorectal Cancer Screening,2026-06-01,0,Valid
6802,SYN00313,East,Provider Group C,Controlling Blood Pressure,2026-06-01,0,Valid
6803,SYN00315,West,Provider Group C,Colorectal Cancer Screening,2026-06-01,0,Valid
6804,SYN00315,West,Provider Group C,Controlling Blood Pressure,2026-06-01,0,Valid
6805,SYN00315,West,Provider Group C,Follow-Up After Hospitalization,2026-06-01,0,Valid
6806,SYN00317,North,Provider Group C,Breast Cancer Screening,2026-06-01,0,Valid
6807,SYN00317,North,Provider Group C,Controlling Blood Pressure,2026-06-01,0,Valid
6808,SYN00317,North,Provider Group C,Diabetes Care,2026-06-01,0,Valid
6809,SYN00317,North,Provider Group C,Medication Adherence,2026-06-01,0,Valid
6810,SYN00330,North,Provider Group B,Breast Cancer Screening,2026-06-01,0,Valid
6811,SYN00330,North,Provider Group B,Colorectal Cancer Screening,2026-06-01,0,Valid
6812,SYN00342,East,Provider Group E,Colorectal Cancer Screening,2026-06-01,0,Valid
6813,SYN00342,East,Provider Group E,Controlling Blood Pressure,2026-06-01,0,Valid
6814,SYN00345,South,Provider Group A,Controlling Blood Pressure,2026-06-01,0,Valid
6815,SYN00345,South,Provider Group A,Diabetes Care,2026-06-01,0,Valid
6816,SYN00345,South,Provider Group A,Follow-Up After Hospitalization,2026-06-01,0,Valid
6817,SYN00345,South,Provider Group A,Medication Adherence,2026-06-01,0,Valid
6818,SYN00349,South,Provider Group E,Breast Cancer Screening,2026-06-01,0,Valid
6819,SYN00349,South,Provider Group E,Controlling Blood Pressure,2026-06-01,0,Valid
6820,SYN00352,North,Provider Group B,Breast Cancer Screening,2026-06-01,0,Valid
6821,SYN00362,East,Provider Group C,Diabetes Care,2026-06-01,0,Valid
6822,SYN00364,East,Provider Group B,Colorectal Cancer Screening,2026-06-01,0,Valid
6823,SYN00364,East,Provider Group B,Controlling Blood Pressure,2026-06-01,0,Valid
6824,SYN00367,South,Provider Group D,Colorectal Cancer Screening,2026-06-01,0,Valid
6825,SYN00367,South,Provider Group D,Medication Adherence,2026-06-01,0,Valid
6826,SYN00370,West,Provider Group B,Breast Cancer Screening,2026-06-01,0,Valid
6827,SYN00370,West,Provider Group B,Diabetes Care,2026-06-01,0,Valid
6828,SYN00370,West,Provider Group B,Medication Adherence,2026-06-01,0,Valid
6829,SYN00373,North,Provider Group A,Breast Cancer Screening,2026-06-01,0,Valid
6830,SYN00384,South,Provider Group A,Diabetes Care,2026-06-01,0,Valid
6831,SYN00384,South,Provider Group A,Medication Adherence,2026-06-01,0,Valid
6832,SYN00385,South,Provider Group D,Colorectal Cancer Screening,2026-06-01,0,Valid
6833,SYN00385,South,Provider Group D,Follow-Up After Hospitalization,2026-06-01,0,Valid
6834,SYN00385,South,Provider Group D,Medication Adherence,2026-06-01,0,Valid
6835,SYN00396,West,Provider Group E,Colorectal Cancer Screening,2026-06-01,0,Valid
6836,SYN00396,West,Provider Group E,Controlling Blood Pressure,2026-06-01,0,Valid
6837,SYN00396,West,Provider Group E,Diabetes Care,2026-06-01,0,Valid
6838,SYN00396,West,Provider Group E,Follow-Up After Hospitalization,2026-06-01,0,Valid
6839,SYN00407,North,Provider Group C,Controlling Blood Pressure,2026-06-01,0,Valid
6840,SYN00407,North,Provider Group C,Diabetes Care,2026-06-01,0,Valid
6841,SYN00407,North,Provider Group C,Medication Adherence,2026-06-01,0,Valid
6842,SYN00409,South,Provider Group E,Follow-Up After Hospitalization,2026-06-01,0,Valid
6843,SYN00409,South,Provider Group E,Medication Adherence,2026-06-01,0,Valid
6844,SYN00410,West,Provider Group A,Colorectal Cancer Screening,2026-06-01,0,Valid
6845,SYN00410,West,Provider Group A,Diabetes Care,2026-06-01,0,Valid
6846,SYN00411,North,Provider Group E,Breast Cancer Screening,2026-06-01,0,Valid
6847,SYN00411,North,Provider Group E,Colorectal Cancer Screening,2026-06-01,0,Valid
6848,SYN00411,North,Provider Group E,Controlling Blood Pressure,2026-06-01,0,Valid
6849,SYN00413,South,Provider Group B,Colorectal Cancer Screening,2026-06-01,0,Valid
6850,SYN00413,South,Provider Group B,Diabetes Care,2026-06-01,0,Valid
6851,SYN00413,South,Provider Group B,Medication Adherence,2026-06-01,0,Valid
6852,SYN00444,South,Provider Group D,Controlling Blood Pressure,2026-06-01,0,Valid
6853,SYN00451,East,Provider Group C,Controlling Blood Pressure,2026-06-01,0,Valid
6854,SYN00451,East,Provider Group C,Diabetes Care,2026-06-01,0,Valid
6855,SYN00452,South,Provider Group C,Breast Cancer Screening,2026-06-01,0,Valid
6856,SYN00452,South,Provider Group C,Controlling Blood Pressure,2026-06-01,0,Valid
6857,SYN00452,South,Provider Group C,Diabetes Care,2026-06-01,0,Valid
6858,SYN00455,East,Provider Group A,Colorectal Cancer Screening,2026-06-01,0,Valid
6859,SYN00455,East,Provider Group A,Controlling Blood Pressure,2026-06-01,0,Valid
6860,SYN00455,East,Provider Group A,Diabetes Care,2026-06-01,0,Valid
6861,SYN00460,South,Provider Group B,Breast Cancer Screening,2026-06-01,0,Valid
6862,SYN00460,South,Provider Group B,Controlling Blood Pressure,2026-06-01,0,Valid
6863,SYN00460,South,Provider Group B,Diabetes Care,2026-06-01,0,Valid
6864,SYN00462,South,Provider Group B,Medication Adherence,2026-06-01,0,Valid
6865,SYN00466,North,Provider Group A,Breast Cancer Screening,2026-06-01,0,Valid
6866,SYN00466,North,Provider Group A,Colorectal Cancer Screening,2026-06-01,0,Valid
6867,SYN00466,North,Provider Group A,Controlling Blood Pressure,2026-06-01,0,Valid
6868,SYN00468,North,Provider Group A,Controlling Blood Pressure,2026-06-01,0,Valid
6869,SYN00468,North,Provider Group A,Medication Adherence,2026-06-01,0,Valid
6870,SYN00470,North,Provider Group D,Breast Cancer Screening,2026-06-01,0,Valid
6871,SYN00470,North,Provider Group D,Colorectal Cancer Screening,2026-06-01,0,Valid
6872,SYN00470,North,Provider Group D,Diabetes Care,2026-06-01,0,Valid
6873,SYN00470,North,Provider Group D,Medication Adherence,2026-06-01,0,Valid
6874,SYN00485,North,Provider Group A,Diabetes Care,2026-06-01,0,Valid
6875,SYN00494,North,Provider Group D,Diabetes Care,2026-06-01,0,Valid
6876,SYN00494,North,Provider Group D,Follow-Up After Hospitalization,2026-06-01,0,Valid
6877,SYN00494,North,Provider Group D,Medication Adherence,2026-06-01,0,Valid
6878,SYN00513,East,Provider Group A,Breast Cancer Screening,2026-06-01,0,Valid
6879,SYN00513,East,Provider Group A,Diabetes Care,2026-06-01,0,Valid
6880,SYN00520,North,Provider Group C,Controlling Blood Pressure,2026-06-01,1,Needs Review
6881,SYN00525,South,Provider Group E,Breast Cancer Screening,2026-06-01,0,Valid
6882,SYN00525,South,Provider Group E,Colorectal Cancer Screening,2026-06-01,0,Valid
6883,SYN00525,South,Provider Group E,Controlling Blood Pressure,2026-06-01,0,Valid
6884,SYN00525,South,Provider Group E,Diabetes Care,2026-06-01,0,Valid
6885,SYN00528,South,Provider Group C,Colorectal Cancer Screening,2026-06-01,0,Valid
6886,SYN00528,South,Provider Group C,Diabetes Care,2026-06-01,0,Valid
6887,SYN00528,South,Provider Group C,Follow-Up After Hospitalization,2026-06-01,0,Valid
6888,SYN00528,South,Provider Group C,Medication Adherence,2026-06-01,0,Valid
6889,SYN00538,East,Provider Group E,Controlling Blood Pressure,2026-06-01,0,Valid
6890,SYN00538,East,Provider Group E,Diabetes Care,2026-06-01,0,Valid
6891,SYN00541,South,Provider Group B,Colorectal Cancer Screening,2026-06-01,0,Valid
6892,SYN00541,South,Provider Group B,Diabetes Care,2026-06-01,0,Valid
6893,SYN00546,West,Provider Group C,Breast Cancer Screening,2026-06-01,0,Valid
6894,SYN00546,West,Provider Group C,Diabetes Care,2026-06-01,0,Valid
6895,SYN00546,West,Provider Group C,Follow-Up After Hospitalization,2026-06-01,0,Valid
6896,SYN00554,East,Provider Group D,Controlling Blood Pressure,2026-06-01,0,Valid
6897,SYN00554,East,Provider Group D,Diabetes Care,2026-06-01,0,Valid
6898,SYN00572,West,Provider Group B,Controlling Blood Pressure,2026-06-01,0,Valid
6899,SYN00572,West,Provider Group B,Follow-Up After Hospitalization,2026-06-01,0,Valid
6900,SYN00572,West,Provider Group B,Medication Adherence,2026-06-01,0,Valid
6901,SYN00574,North,Provider Group E,Breast Cancer Screening,2026-06-01,0,Valid
6902,SYN00574,North,Provider Group E,Controlling Blood Pressure,2026-06-01,0,Valid
6903,SYN00574,North,Provider Group E,Diabetes Care,2026-06-01,0,Valid
6904,SYN00574,North,Provider Group E,Follow-Up After Hospitalization,2026-06-01,0,Valid
6905,SYN00577,North,Provider Group A,Controlling Blood Pressure,2026-06-01,0,Valid
6906,SYN00577,North,Provider Group A,Diabetes Care,2026-06-01,0,Valid
6907,SYN00577,North,Provider Group A,Follow-Up After Hospitalization,2026-06-01,0,Valid
6908,SYN00588,South,Provider Group E,Colorectal Cancer Screening,2026-06-01,0,Valid
6909,SYN00588,South,Provider Group E,Controlling Blood Pressure,2026-06-01,0,Valid
6910,SYN00588,South,Provider Group E,Follow-Up After Hospitalization,2026-06-01,0,Valid
6911,SYN00588,South,Provider Group E,Medication Adherence,2026-06-01,0,Valid
6912,SYN00589,South,Provider Group D,Breast Cancer Screening,2026-06-01,0,Valid
6913,SYN00589,South,Provider Group D,Colorectal Cancer Screening,2026-06-01,0,Valid
6914,SYN00589,South,Provider Group D,Controlling Blood Pressure,2026-06-01,0,Valid
6915,SYN00589,South,Provider Group D,Diabetes Care,2026-06-01,0,Valid
6916,SYN00589,South,Provider Group D,Follow-Up After Hospitalization,2026-06-01,0,Valid
6917,SYN00589,South,Provider Group D,Medication Adherence,2026-06-01,0,Valid
6918,SYN00591,West,Provider Group A,Colorectal Cancer Screening,2026-06-01,0,Valid
6919,SYN00591,West,Provider Group A,Controlling Blood Pressure,2026-06-01,0,Valid
6920,SYN00591,West,Provider Group A,Diabetes Care,2026-06-01,0,Valid
6921,SYN00598,East,Provider Group C,Controlling Blood Pressure,2026-06-01,0,Valid
6922,SYN00598,East,Provider Group C,Diabetes Care,2026-06-01,0,Valid
6923,SYN00598,East,Provider Group C,Medication Adherence,2026-06-01,0,Valid
6924,SYN00601,East,Provider Group E,Breast Cancer Screening,2026-06-01,0,Valid
6925,,East,Provider Group E,Colorectal Cancer Screening,2026-06-01,1,Needs Review
6926,SYN00601,East,Provider Group E,Controlling Blood Pressure,2026-06-01,0,Valid
6927,SYN00606,West,Provider Group C,Colorectal Cancer Screening,2026-06-01,0,Valid
6928,SYN00606,West,Provider Group C,Controlling Blood Pressure,2026-06-01,0,Valid
6929,SYN00606,West,Provider Group C,Diabetes Care,2026-06-01,0,Valid
6930,SYN00609,North,Provider Group E,Breast Cancer Screening,2026-06-01,0,Valid
6931,SYN00609,North,Provider Group E,Controlling Blood Pressure,2026-06-01,0,Valid
6932,SYN00609,North,Provider Group E,Diabetes Care,2026-06-01,0,Valid
6933,SYN00624,West,Provider Group A,Breast Cancer Screening,2026-06-01,0,Valid
6934,SYN00624,West,Provider Group A,Colorectal Cancer Screening,2026-06-01,0,Valid
6935,SYN00624,West,Provider Group A,Controlling Blood Pressure,2026-06-01,0,Valid
6936,SYN00624,West,Provider Group A,Diabetes Care,2026-06-01,0,Valid
6937,SYN00624,West,Provider Group A,Follow-Up After Hospitalization,2026-06-01,0,Valid
6938,SYN00624,West,Provider Group A,Medication Adherence,2026-06-01,0,Valid
6939,SYN00632,North,Provider Group E,Breast Cancer Screening,2026-06-01,0,Valid
6940,SYN00632,North,Provider Group E,Colorectal Cancer Screening,2026-06-01,0,Valid
6941,SYN00632,North,Provider Group E,Medication Adherence,2026-06-01,0,Valid
6942,SYN00637,West,Provider Group E,Colorectal Cancer Screening,2026-06-01,0,Valid
6943,SYN00637,West,Provider Group E,Controlling Blood Pressure,2026-06-01,0,Valid
6944,SYN00637,West,Provider Group E,Medication Adherence,2026-06-01,0,Valid
6945,SYN00640,South,Provider Group C,Breast Cancer Screening,2026-06-01,0,Valid
6946,SYN00640,South,Provider Group C,Controlling Blood Pressure,2026-06-01,0,Valid
6947,SYN00640,South,Provider Group C,Diabetes Care,2026-06-01,0,Valid
6948,SYN00646,East,Provider Group B,Diabetes Care,2026-06-01,0,Valid
6949,SYN00646,East,Provider Group B,Medication Adherence,2026-06-01,0,Valid
6950,SYN00654,West,Provider Group E,Colorectal Cancer Screening,2026-06-01,0,Valid
6951,SYN00654,West,Provider Group E,Controlling Blood Pressure,2026-06-01,0,Valid
6952,SYN00654,West,Provider Group E,Medication Adherence,2026-06-01,0,Valid
6953,SYN00662,North,Provider Group A,Breast Cancer Screening,2026-06-01,0,Valid
6954,SYN00662,North,Provider Group A,Diabetes Care,2026-06-01,0,Valid
6955,SYN00662,North,Provider Group A,Medication Adherence,2026-06-01,0,Valid
6956,SYN00664,North,Provider Group A,Colorectal Cancer Screening,2026-06-01,0,Valid
6957,SYN00664,North,Provider Group A,Controlling Blood Pressure,2026-06-01,0,Valid
6958,SYN00664,North,Provider Group A,Medication Adherence,2026-06-01,0,Valid
6959,SYN00668,South,Provider Group B,Breast Cancer Screening,2026-06-01,0,Valid
6960,SYN00668,South,Provider Group B,Colorectal Cancer Screening,2026-06-01,0,Valid
6961,SYN00668,South,Provider Group B,Controlling Blood Pressure,2026-06-01,0,Valid
6962,SYN00668,South,Provider Group B,Diabetes Care,2026-06-01,0,Valid
6963,SYN00668,South,Provider Group B,Medication Adherence,2026-06-01,0,Valid
6964,SYN00671,West,Provider Group A,Colorectal Cancer Screening,2026-06-01,0,Valid
6965,SYN00671,West,Provider Group A,Follow-Up After Hospitalization,2026-06-01,0,Valid
6966,SYN00671,West,Provider Group A,Medication Adherence,2026-06-01,0,Valid
6967,SYN00672,South,Provider Group A,Controlling Blood Pressure,2026-06-01,0,Valid
6968,SYN00672,South,Provider Group A,Diabetes Care,2026-06-01,0,Valid
6969,SYN00676,South,Provider Group A,Breast Cancer Screening,2026-06-01,0,Valid
6970,SYN00676,South,Provider Group A,Controlling Blood Pressure,2026-06-01,0,Valid
6971,SYN00677,South,Provider Group A,Diabetes Care,2026-06-01,0,Valid
6972,SYN00677,South,Provider Group A,Medication Adherence,2026-06-01,0,Valid
6973,SYN00679,West,Provider Group C,Controlling Blood Pressure,2026-06-01,0,Valid
6974,SYN00679,West,Provider Group C,Follow-Up After Hospitalization,2026-06-01,0,Valid
6975,SYN00680,North,Provider Group E,Breast Cancer Screening,2026-06-01,0,Valid
6976,SYN00680,North,Provider Group E,Medication Adherence,2026-06-01,0,Valid
6977,SYN00684,West,Provider Group A,Controlling Blood Pressure,2026-06-01,0,Valid
6978,SYN00694,North,Provider Group E,Controlling Blood Pressure,2026-06-01,0,Valid
6979,SYN00694,North,Provider Group E,Diabetes Care,2026-06-01,0,Valid
6980,SYN00694,North,Provider Group E,Follow-Up After Hospitalization,2026-06-01,0,Valid
6981,SYN00694,North,Provider Group E,Medication Adherence,2026-06-01,0,Valid
6982,SYN00706,South,Provider Group C,Colorectal Cancer Screening,2026-06-01,0,Valid
6983,SYN00706,South,Provider Group C,Diabetes Care,2026-06-01,0,Valid
6984,SYN00709,East,Provider Group B,Controlling Blood Pressure,2026-06-01,0,Valid
6985,SYN00709,East,Provider Group B,Medication Adherence,2026-06-01,0,Valid
6986,SYN00710,North,Provider Group B,Breast Cancer Screening,2026-06-01,0,Valid
6987,SYN00710,North,Provider Group B,Controlling Blood Pressure,2026-06-01,0,Valid
6988,SYN00715,North,Provider Group D,Breast Cancer Screening,2026-06-01,0,Valid
6989,SYN00715,North,Provider Group D,Diabetes Care,2026-06-01,0,Valid
6990,SYN00715,North,Provider Group D,Follow-Up After Hospitalization,2026-06-01,0,Valid
6991,SYN00715,North,Provider Group D,Medication Adherence,2026-06-01,0,Valid
6992,SYN00716,East,Provider Group B,Controlling Blood Pressure,2026-06-01,0,Valid
6993,SYN00716,East,Provider Group B,Diabetes Care,2026-06-01,0,Valid
6994,SYN00716,East,Provider Group B,Follow-Up After Hospitalization,2026-06-01,0,Valid
6995,SYN00719,North,Provider Group A,Follow-Up After Hospitalization,2026-06-01,0,Valid
6996,SYN00719,North,Provider Group A,Medication Adherence,2026-06-01,0,Valid
6997,SYN00720,South,Provider Group E,Breast Cancer Screening,2026-06-01,0,Valid
6998,SYN00720,South,Provider Group E,Colorectal Cancer Screening,2026-06-01,0,Valid
6999,SYN00720,South,Provider Group E,Controlling Blood Pressure,2026-06-01,0,Valid
7000,SYN00721,North,Provider Group C,Controlling Blood Pressure,2026-06-01,0,Valid
7001,SYN00721,North,Provider Group C,Diabetes Care,2026-06-01,0,Valid
7002,SYN00727,West,Provider Group C,Controlling Blood Pressure,2026-06-01,0,Valid
7003,SYN00727,West,Provider Group C,Medication Adherence,2026-06-01,0,Valid
7004,SYN00736,South,Provider Group B,Controlling Blood Pressure,2026-06-01,0,Valid
7005,SYN00736,South,Provider Group B,Medication Adherence,2026-06-01,0,Valid
7006,SYN00737,East,Provider Group B,Colorectal Cancer Screening,2026-06-01,0,Valid
7007,SYN00737,East,Provider Group B,Controlling Blood Pressure,2026-06-01,0,Valid
7008,SYN00737,East,Provider Group B,Medication Adherence,2026-06-01,0,Valid
7009,SYN00752,South,Provider Group A,Colorectal Cancer Screening,2026-06-01,0,Valid
7010,SYN00752,South,Provider Group A,Medication Adherence,2026-06-01,0,Valid
7011,SYN00773,North,Provider Group A,Colorectal Cancer Screening,2026-06-01,0,Valid
7012,SYN00773,North,Provider Group A,Controlling Blood Pressure,2026-06-01,0,Valid
7013,SYN00773,North,Provider Group A,Follow-Up After Hospitalization,2026-06-01,0,Valid
7014,SYN00774,West,Provider Group B,Breast Cancer Screening,2026-06-01,0,Valid
7015,SYN00774,West,Provider Group B,Diabetes Care,2026-06-01,0,Valid
7016,SYN00774,West,Provider Group B,Medication Adherence,2026-06-01,0,Valid
7017,SYN00784,West,Provider Group C,Colorectal Cancer Screening,2026-06-01,0,Valid
7018,SYN00784,West,Provider Group C,Medication Adherence,2026-06-01,0,Valid
7019,SYN00798,South,Provider Group E,Breast Cancer Screening,2026-06-01,0,Valid
7020,SYN00798,South,Provider Group E,Colorectal Cancer Screening,2026-06-01,0,Valid
7021,SYN00798,South,Provider Group E,Controlling Blood Pressure,2026-06-01,0,Valid
7022,SYN00798,South,Provider Group E,Follow-Up After Hospitalization,2026-06-01,0,Valid
7023,SYN00798,South,Provider Group E,Medication Adherence,2026-06-01,0,Valid
7024,SYN00804,West,Provider Group B,Colorectal Cancer Screening,2026-06-01,0,Valid
7025,SYN00804,West,Provider Group B,Controlling Blood Pressure,2026-06-01,0,Valid
7026,SYN00804,West,Provider Group B,Medication Adherence,2026-06-01,0,Valid
7027,SYN00823,East,Provider Group D,Breast Cancer Screening,2026-06-01,0,Valid
7028,SYN00823,East,Provider Group D,Colorectal Cancer Screening,2026-06-01,0,Valid
7029,SYN00823,East,Provider Group D,Diabetes Care,2026-06-01,0,Valid
7030,SYN00823,East,Provider Group D,Follow-Up After Hospitalization,2026-06-01,0,Valid
7031,SYN00825,North,Provider Group E,Diabetes Care,2026-06-01,0,Valid
7032,SYN00825,North,Provider Group E,Medication Adherence,2026-06-01,0,Valid
7033,SYN00830,South,Provider Group E,Breast Cancer Screening,2026-06-01,0,Valid
7034,SYN00830,South,Provider Group E,Colorectal Cancer Screening,2026-06-01,0,Valid
7035,SYN00830,South,Provider Group E,Controlling Blood Pressure,2026-06-01,0,Valid
7036,SYN00841,South,Provider Group A,Medication Adherence,2026-06-01,0,Valid
7037,SYN00842,South,Provider Group C,Colorectal Cancer Screening,2026-06-01,0,Valid
7038,SYN00842,South,Provider Group C,Controlling Blood Pressure,2026-06-01,0,Valid
7039,SYN00842,South,Provider Group C,Diabetes Care,2026-06-01,0,Valid
7040,SYN00842,South,Provider Group C,Medication Adherence,2026-06-01,0,Valid
7041,SYN00843,South,Provider Group D,Controlling Blood Pressure,2026-06-01,0,Valid
7042,SYN00843,South,Provider Group D,Diabetes Care,2026-06-01,0,Valid
7043,SYN00843,South,Provider Group D,Medication Adherence,2026-06-01,0,Valid
7044,SYN00852,South,Provider Group D,Controlling Blood Pressure,2026-06-01,0,Valid
7045,SYN00852,South,Provider Group D,Diabetes Care,2026-06-01,0,Valid
7046,SYN00852,South,Provider Group D,Medication Adherence,2026-06-01,0,Valid
7047,SYN00856,East,Provider Group C,Controlling Blood Pressure,2026-06-01,0,Valid
7048,SYN00856,East,Provider Group C,Medication Adherence,2026-06-01,0,Valid
7049,SYN00857,East,Provider Group A,Diabetes Care,2026-06-01,0,Valid
7050,SYN00857,East,Provider Group A,Medication Adherence,2026-06-01,0,Valid
7051,SYN00861,South,Provider Group E,Colorectal Cancer Screening,2026-06-01,0,Valid
7052,SYN00861,South,Provider Group E,Follow-Up After Hospitalization,2026-06-01,0,Valid
7053,SYN00861,South,Provider Group E,Medication Adherence,2026-06-01,0,Valid
7054,SYN00865,South,Provider Group A,Controlling Blood Pressure,2026-06-01,0,Valid
7055,SYN00865,South,Provider Group A,Medication Adherence,2026-06-01,0,Valid
7056,SYN00894,North,Provider Group B,Colorectal Cancer Screening,2026-06-01,0,Valid
7057,SYN00894,North,Provider Group B,Diabetes Care,2026-06-01,0,Valid
7058,SYN00894,North,Provider Group B,Medication Adherence,2026-06-01,0,Valid
7059,SYN00898,South,Provider Group B,Breast Cancer Screening,2026-06-01,0,Valid
7060,SYN00898,South,Provider Group B,Colorectal Cancer Screening,2026-06-01,0,Valid
7061,SYN00898,South,Provider Group B,Controlling Blood Pressure,2026-06-01,0,Valid
7062,SYN00898,South,Provider Group B,Diabetes Care,2026-06-01,0,Valid
7063,SYN00898,South,Provider Group B,Medication Adherence,2026-06-01,0,Valid
7064,SYN00900,North,Provider Group B,Breast Cancer Screening,2026-06-01,0,Valid
7065,SYN00900,North,Provider Group B,Colorectal Cancer Screening,2026-06-01,0,Valid
7066,SYN00900,North,Provider Group B,Diabetes Care,2026-06-01,0,Valid
7067,SYN00900,North,Provider Group B,Medication Adherence,2026-06-01,0,Valid
7068,SYN00924,South,Provider Group D,Breast Cancer Screening,2026-06-01,0,Valid
7069,SYN00924,South,Provider Group D,Controlling Blood Pressure,2026-06-01,0,Valid
7070,SYN00932,North,Provider Group B,Breast Cancer Screening,2026-06-01,0,Valid
7071,SYN00932,North,Provider Group B,Controlling Blood Pressure,2026-06-01,0,Valid
7072,SYN00955,East,Provider Group A,Colorectal Cancer Screening,2026-06-01,0,Valid
7073,SYN00955,East,Provider Group A,Diabetes Care,2026-06-01,0,Valid
7074,SYN00955,East,Provider Group A,Medication Adherence,2026-06-01,0,Valid
7075,SYN00956,North,Provider Group E,Controlling Blood Pressure,2026-06-01,0,Valid
7076,SYN00969,West,Provider Group E,Breast Cancer Screening,2026-06-01,0,Valid
7077,SYN00969,West,Provider Group E,Colorectal Cancer Screening,2026-06-01,0,Valid
7078,SYN00969,West,Provider Group E,Follow-Up After Hospitalization,2026-06-01,0,Valid
7079,SYN00969,West,Provider Group E,Medication Adherence,2026-06-01,0,Valid
7080,SYN00971,North,Provider Group E,Colorectal Cancer Screening,2026-06-01,0,Valid
7081,SYN00971,North,Provider Group E,Controlling Blood Pressure,2026-06-01,0,Valid
7082,SYN00971,North,Provider Group E,Medication Adherence,2026-06-01,0,Valid
7083,SYN00984,North,Provider Group D,Breast Cancer Screening,2026-06-01,0,Valid
7084,SYN00984,North,Provider Group D,Controlling Blood Pressure,2026-06-01,0,Valid
7085,SYN00984,North,Provider Group D,Follow-Up After Hospitalization,2026-06-01,0,Valid
7086,SYN00986,North,Provider Group A,Controlling Blood Pressure,2026-06-01,0,Valid
7087,SYN00986,North,Provider Group A,Diabetes Care,2026-06-01,0,Valid
7088,SYN00986,North,Provider Group A,Medication Adherence,2026-06-01,0,Valid
7089,SYN00993,West,Provider Group E,Breast Cancer Screening,2026-06-01,0,Valid
7090,SYN00996,East,Provider Group A,Controlling Blood Pressure,2026-06-01,0,Valid
7091,SYN01005,East,Provider Group C,Breast Cancer Screening,2026-06-01,0,Valid
7092,SYN01005,East,Provider Group C,Controlling Blood Pressure,2026-06-01,0,Valid
7093,SYN01005,East,Provider Group C,Medication Adherence,2026-06-01,0,Valid
7094,SYN01008,West,Provider Group D,Colorectal Cancer Screening,2026-06-01,0,Valid
7095,SYN01008,West,Provider Group D,Medication Adherence,2026-06-01,0,Valid
7096,SYN01010,South,Provider Group D,Breast Cancer Screening,2026-06-01,0,Valid
7097,SYN01010,South,Provider Group D,Controlling Blood Pressure,2026-06-01,0,Valid
7098,SYN01027,South,Provider Group C,Controlling Blood Pressure,2026-06-01,0,Valid
7099,SYN01027,South,Provider Group C,Diabetes Care,2026-06-01,0,Valid
7100,SYN01031,West,Provider Group B,Breast Cancer Screening,2026-06-01,0,Valid
7101,SYN01031,West,Provider Group B,Medication Adherence,2026-06-01,0,Valid
7102,SYN01037,East,Provider Group B,Colorectal Cancer Screening,2026-06-01,0,Valid
7103,SYN01039,North,Provider Group E,Diabetes Care,2026-06-01,0,Valid
7104,SYN01039,North,Provider Group E,Follow-Up After Hospitalization,2026-06-01,0,Valid
7105,SYN01040,East,Provider Group C,Colorectal Cancer Screening,2026-06-01,0,Valid
7106,SYN01040,East,Provider Group C,Controlling Blood Pressure,2026-06-01,0,Valid
7107,SYN01040,East,Provider Group C,Medication Adherence,2026-06-01,0,Valid
7108,SYN01045,North,Provider Group A,Breast Cancer Screening,2026-06-01,0,Valid
7109,SYN01045,North,Provider Group A,Colorectal Cancer Screening,2026-06-01,0,Valid
7110,SYN01045,North,Provider Group A,Controlling Blood Pressure,2026-06-01,0,Valid
7111,SYN01046,West,Provider Group E,Controlling Blood Pressure,2026-06-01,0,Valid
7112,SYN01046,West,Provider Group E,Follow-Up After Hospitalization,2026-06-01,0,Valid
7113,SYN01046,West,Provider Group E,Medication Adherence,2026-06-01,0,Valid
7114,SYN01060,South,Provider Group B,Follow-Up After Hospitalization,2026-06-01,0,Valid
7115,SYN01061,North,Provider Group A,Colorectal Cancer Screening,2026-06-01,0,Valid
7116,SYN01061,North,Provider Group A,Follow-Up After Hospitalization,2026-06-01,0,Valid
7117,SYN01069,North,Provider Group A,Breast Cancer Screening,2026-06-01,0,Valid
7118,SYN01069,North,Provider Group A,Colorectal Cancer Screening,2026-06-01,0,Valid
7119,SYN01078,North,Provider Group C,Colorectal Cancer Screening,2026-06-01,0,Valid
7120,SYN01081,West,Provider Group A,Breast Cancer Screening,2026-06-01,0,Valid
7121,SYN01081,West,Provider Group A,Controlling Blood Pressure,2026-06-01,0,Valid
7122,SYN01081,West,Provider Group A,Diabetes Care,2026-06-01,0,Valid
7123,SYN01081,West,Provider Group A,Medication Adherence,2026-06-01,0,Valid
7124,SYN01092,North,Provider Group B,Breast Cancer Screening,2026-06-01,0,Valid
7125,SYN01092,North,Provider Group B,Colorectal Cancer Screening,2026-06-01,0,Valid
7126,SYN01092,North,Provider Group B,Diabetes Care,2026-06-01,0,Valid
7127,SYN01093,South,Provider Group C,Colorectal Cancer Screening,2026-06-01,0,Valid
7128,SYN01093,South,Provider Group C,Controlling Blood Pressure,2026-06-01,0,Valid
7129,SYN01109,West,Provider Group E,Controlling Blood Pressure,2026-06-01,0,Valid
7130,SYN01109,West,Provider Group E,Diabetes Care,2026-06-01,0,Valid
7131,SYN01112,West,Provider Group E,Colorectal Cancer Screening,2026-06-01,0,Valid
7132,SYN01112,West,Provider Group E,Diabetes Care,2026-06-01,0,Valid
7133,SYN01112,West,Provider Group E,Follow-Up After Hospitalization,2026-06-01,0,Valid
7134,SYN01112,West,Provider Group E,Medication Adherence,2026-06-01,0,Valid
7135,SYN01114,South,Provider Group A,Breast Cancer Screening,2026-06-01,0,Valid
7136,SYN01114,South,Provider Group A,Colorectal Cancer Screening,2026-06-01,0,Valid
7137,SYN01114,South,Provider Group A,Controlling Blood Pressure,2026-06-01,0,Valid
7138,SYN01114,South,Provider Group A,Diabetes Care,2026-06-01,0,Valid
7139,SYN01121,East,Provider Group D,Controlling Blood Pressure,2026-06-01,0,Valid
7140,SYN01121,East,Provider Group D,Medication Adherence,2026-06-01,0,Valid
7141,SYN01125,West,Provider Group C,Breast Cancer Screening,2026-06-01,0,Valid
7142,SYN01135,North,Provider Group C,Breast Cancer Screening,2026-06-01,0,Valid
7143,SYN01135,North,Provider Group C,Medication Adherence,2026-06-01,0,Valid
7144,SYN01136,South,Provider Group C,Controlling Blood Pressure,2026-06-01,0,Valid
7145,SYN01136,South,Provider Group C,Medication Adherence,2026-06-01,0,Valid
7146,SYN01141,North,Provider Group B,Medication Adherence,2026-06-01,0,Valid
7147,SYN01142,West,Provider Group C,Medication Adherence,2026-06-01,0,Valid
7148,SYN01143,North,Provider Group E,Colorectal Cancer Screening,2026-06-01,0,Valid
7149,SYN01143,North,Provider Group E,Controlling Blood Pressure,2026-06-01,0,Valid
7150,SYN01143,North,Provider Group E,Medication Adherence,2026-06-01,0,Valid
7151,SYN01151,East,Provider Group C,Colorectal Cancer Screening,2026-06-01,0,Valid
7152,SYN01151,East,Provider Group C,Diabetes Care,2026-06-01,0,Valid
7153,SYN01170,South,Provider Group B,Colorectal Cancer Screening,2026-06-01,0,Valid
7154,SYN01170,South,Provider Group B,Controlling Blood Pressure,2026-06-01,0,Valid
7155,SYN01172,South,Provider Group B,Colorectal Cancer Screening,2026-06-01,0,Valid
7156,SYN01172,South,Provider Group B,Medication Adherence,2026-06-01,0,Valid
7157,SYN01182,East,Provider Group D,Medication Adherence,2026-06-01,0,Valid
7158,SYN01190,West,Provider Group D,Controlling Blood Pressure,2026-06-01,0,Valid
7159,SYN01190,West,Provider Group D,Diabetes Care,2026-06-01,0,Valid
7160,SYN01190,West,Provider Group D,Follow-Up After Hospitalization,2026-06-01,0,Valid
7161,SYN01190,West,Provider Group D,Medication Adherence,2026-06-01,0,Valid
7162,SYN01194,North,Provider Group A,Colorectal Cancer Screening,2026-06-01,0,Valid
7163,SYN01194,North,Provider Group A,Medication Adherence,2026-06-01,0,Valid
7164,SYN01203,West,Provider Group C,Breast Cancer Screening,2026-06-01,0,Valid
7165,SYN01203,West,Provider Group C,Controlling Blood Pressure,2026-06-01,0,Valid
7166,SYN01203,West,Provider Group C,Diabetes Care,2026-06-01,0,Valid
7167,SYN01209,West,Provider Group C,Diabetes Care,2026-06-01,0,Valid
7168,SYN01211,East,Provider Group A,Controlling Blood Pressure,2026-06-01,0,Valid
7169,SYN01211,East,Provider Group A,Follow-Up After Hospitalization,2026-06-01,0,Valid
7170,SYN01211,East,Provider Group A,Medication Adherence,2026-06-01,0,Valid
7171,SYN01217,West,Provider Group D,Colorectal Cancer Screening,2026-06-01,0,Valid
7172,SYN01217,West,Provider Group D,Medication Adherence,2026-06-01,0,Valid
7173,SYN01225,West,Provider Group D,Breast Cancer Screening,2026-06-01,0,Valid
7174,SYN01225,West,Provider Group D,Controlling Blood Pressure,2026-06-01,0,Valid
7175,SYN01225,West,Provider Group D,Diabetes Care,2026-06-01,0,Valid
7176,SYN01225,West,Provider Group D,Medication Adherence,2026-06-01,0,Valid
7177,SYN01229,East,Provider Group C,Colorectal Cancer Screening,2026-06-01,0,Valid
7178,SYN01229,East,Provider Group C,Controlling Blood Pressure,2026-06-01,0,Valid
7179,SYN01229,East,Provider Group C,Follow-Up After Hospitalization,2026-06-01,0,Valid
7180,SYN01229,East,Provider Group C,Medication Adherence,2026-06-01,0,Valid
7181,SYN01234,West,Provider Group A,Colorectal Cancer Screening,2026-06-01,0,Valid
7182,SYN01234,West,Provider Group A,Diabetes Care,2026-06-01,0,Valid
7183,SYN01239,North,Provider Group C,Breast Cancer Screening,2026-06-01,0,Valid
7184,SYN01239,North,Provider Group C,Medication Adherence,2026-06-01,0,Valid
7185,SYN01242,North,Provider Group A,Breast Cancer Screening,2026-06-01,0,Valid
7186,SYN01242,North,Provider Group A,Diabetes Care,2026-06-01,0,Valid
7187,SYN01242,North,Provider Group A,Medication Adherence,2026-06-01,0,Valid
7188,SYN01245,North,Provider Group B,Controlling Blood Pressure,2026-06-01,0,Valid
7189,SYN01245,North,Provider Group B,Follow-Up After Hospitalization,2026-06-01,0,Valid
7190,SYN01245,North,Provider Group B,Medication Adherence,2026-06-01,0,Valid
7191,SYN01255,South,Provider Group B,Breast Cancer Screening,2026-06-01,0,Valid
7192,SYN01255,South,Provider Group B,Colorectal Cancer Screening,2026-06-01,0,Valid
7193,SYN01274,South,Provider Group A,Colorectal Cancer Screening,2026-06-01,0,Valid
7194,SYN01274,South,Provider Group A,Diabetes Care,2026-06-01,0,Valid
7195,SYN01288,North,Provider Group A,Colorectal Cancer Screening,2026-06-01,0,Valid
7196,SYN01288,North,Provider Group A,Controlling Blood Pressure,2026-06-01,0,Valid
7197,SYN01289,North,Provider Group D,Colorectal Cancer Screening,2026-06-01,0,Valid
7198,SYN01289,North,Provider Group D,Controlling Blood Pressure,2026-06-01,0,Valid
7199,SYN01289,North,Provider Group D,Diabetes Care,2026-06-01,0,Valid
7200,SYN01289,North,Provider Group D,Follow-Up After Hospitalization,2026-06-01,0,Valid
7201,SYN01290,North,Provider Group B,Breast Cancer Screening,2026-06-01,0,Valid
7202,SYN01290,North,Provider Group B,Medication Adherence,2026-06-01,0,Valid
7203,SYN01296,North,Provider Group C,Colorectal Cancer Screening,2026-06-01,0,Valid
7204,SYN01296,North,Provider Group C,Controlling Blood Pressure,2026-06-01,0,Valid
7205,SYN01296,North,Provider Group C,Diabetes Care,2026-06-01,0,Valid
7206,SYN01296,North,Provider Group C,Medication Adherence,2026-06-01,0,Valid
7207,SYN01301,North,Provider Group C,Breast Cancer Screening,2026-06-01,0,Valid
7208,SYN01301,North,Provider Group C,Diabetes Care,2026-06-01,0,Valid
7209,SYN01306,East,Provider Group C,Colorectal Cancer Screening,2026-06-01,0,Valid
7210,SYN01306,East,Provider Group C,Controlling Blood Pressure,2026-06-01,0,Valid
7211,SYN01306,East,Provider Group C,Diabetes Care,2026-06-01,0,Valid
7212,SYN01310,East,Provider Group A,Breast Cancer Screening,2026-06-01,0,Valid
7213,SYN01310,East,Provider Group A,Colorectal Cancer Screening,2026-06-01,0,Valid
7214,SYN01314,East,Provider Group D,Breast Cancer Screening,2026-06-01,0,Valid
7215,SYN01314,East,Provider Group D,Colorectal Cancer Screening,2026-06-01,0,Valid
7216,SYN01314,East,Provider Group D,Controlling Blood Pressure,2026-06-01,0,Valid
7217,SYN01314,East,Provider Group D,Follow-Up After Hospitalization,2026-06-01,0,Valid
7218,SYN01315,South,Provider Group A,Colorectal Cancer Screening,2026-06-01,0,Valid
7219,SYN01315,South,Provider Group A,Medication Adherence,2026-06-01,0,Valid
7220,SYN01320,North,Provider Group E,Breast Cancer Screening,2026-06-01,0,Valid
7221,SYN01320,North,Provider Group E,Controlling Blood Pressure,2026-06-01,0,Valid
7222,SYN01323,South,Provider Group A,Breast Cancer Screening,2026-06-01,0,Valid
7223,SYN01323,South,Provider Group A,Colorectal Cancer Screening,2026-06-01,0,Valid
7224,SYN01323,South,Provider Group A,Controlling Blood Pressure,2026-06-01,0,Valid
7225,SYN01323,South,Provider Group A,Follow-Up After Hospitalization,2026-06-01,0,Valid
7226,SYN01334,West,Provider Group A,Controlling Blood Pressure,2026-06-01,0,Valid
7227,SYN01334,West,Provider Group A,Diabetes Care,2026-06-01,0,Valid
7228,SYN01334,West,Provider Group A,Medication Adherence,2026-06-01,0,Valid
7229,SYN01338,South,Provider Group E,Colorectal Cancer Screening,2026-06-01,0,Valid
7230,SYN01338,South,Provider Group E,Medication Adherence,2026-06-01,0,Valid
7231,SYN01339,South,Provider Group E,Colorectal Cancer Screening,2026-06-01,0,Valid
7232,SYN01339,South,Provider Group E,Controlling Blood Pressure,2026-06-01,0,Valid
7233,SYN01344,West,Provider Group E,Colorectal Cancer Screening,2026-06-01,0,Valid
7234,SYN01344,West,Provider Group E,Controlling Blood Pressure,2026-06-01,0,Valid
7235,SYN01344,West,Provider Group E,Diabetes Care,2026-06-01,0,Valid
7236,SYN01344,West,Provider Group E,Follow-Up After Hospitalization,2026-06-01,0,Valid
7237,SYN01354,South,Provider Group E,Breast Cancer Screening,2026-06-01,0,Valid
7238,SYN01354,South,Provider Group E,Colorectal Cancer Screening,2026-06-01,0,Valid
7239,SYN01354,South,Provider Group E,Controlling Blood Pressure,2026-06-01,0,Valid
7240,SYN01354,South,Provider Group E,Follow-Up After Hospitalization,2026-06-01,0,Valid
7241,SYN01354,South,Provider Group E,Medication Adherence,2026-06-01,0,Valid
7242,SYN01367,West,Provider Group C,Breast Cancer Screening,2026-06-01,0,Valid
7243,SYN01367,West,Provider Group C,Colorectal Cancer Screening,2026-06-01,0,Valid
7244,SYN01367,West,Provider Group C,Controlling Blood Pressure,2026-06-01,0,Valid
7245,SYN01367,West,Provider Group C,Follow-Up After Hospitalization,2026-06-01,0,Valid
7246,SYN01380,West,Provider Group B,Diabetes Care,2026-06-01,0,Valid
7247,SYN01380,West,Provider Group B,Follow-Up After Hospitalization,2026-06-01,0,Valid
7248,SYN01382,South,Provider Group D,Controlling Blood Pressure,2026-06-01,0,Valid
7249,SYN01384,South,Provider Group D,Breast Cancer Screening,2026-06-01,0,Valid
7250,SYN01384,South,Provider Group D,Colorectal Cancer Screening,2026-06-01,0,Valid
7251,SYN01384,South,Provider Group D,Controlling Blood Pressure,2026-06-01,0,Valid
7252,SYN01384,South,Provider Group D,Medication Adherence,2026-06-01,0,Valid
7253,SYN01400,South,Provider Group B,Breast Cancer Screening,2026-06-01,0,Valid
7254,SYN01400,South,Provider Group B,Colorectal Cancer Screening,2026-06-01,0,Valid
7255,SYN01400,South,Provider Group B,Controlling Blood Pressure,2026-06-01,0,Valid
7256,SYN01400,South,Provider Group B,Medication Adherence,2026-06-01,0,Valid
7257,SYN01404,East,Provider Group E,Breast Cancer Screening,2026-06-01,0,Valid
7258,SYN01404,East,Provider Group E,Medication Adherence,2026-06-01,0,Valid
7259,SYN01409,East,Provider Group A,Colorectal Cancer Screening,2026-06-01,0,Valid
7260,SYN01409,East,Provider Group A,Controlling Blood Pressure,2026-06-01,0,Valid
7261,SYN01409,East,Provider Group A,Medication Adherence,2026-06-01,0,Valid
7262,SYN01414,South,Provider Group A,Colorectal Cancer Screening,2026-06-01,0,Valid
7263,SYN01414,South,Provider Group A,Controlling Blood Pressure,2026-06-01,0,Valid
7264,SYN01415,East,Provider Group C,Breast Cancer Screening,2026-06-01,0,Valid
7265,SYN01415,East,Provider Group C,Colorectal Cancer Screening,2026-06-01,0,Valid
7266,SYN01415,East,Provider Group C,Diabetes Care,2026-06-01,0,Valid
7267,SYN01415,East,Provider Group C,Follow-Up After Hospitalization,2026-06-01,0,Valid
7268,SYN01434,North,Provider Group A,Colorectal Cancer Screening,2026-06-01,0,Valid
7269,SYN01434,North,Provider Group A,Controlling Blood Pressure,2026-06-01,0,Valid
7270,SYN01435,West,Provider Group C,Breast Cancer Screening,2026-06-01,0,Valid
7271,SYN01435,West,Provider Group C,Colorectal Cancer Screening,2026-06-01,0,Valid
7272,SYN01435,West,Provider Group C,Controlling Blood Pressure,2026-06-01,0,Valid
7273,SYN01445,West,Provider Group B,Medication Adherence,2026-06-01,0,Valid
7274,SYN01457,South,Provider Group B,Diabetes Care,2026-06-01,0,Valid
7275,SYN01457,South,Provider Group B,Medication Adherence,2026-06-01,0,Valid
7276,SYN01458,West,Provider Group A,Controlling Blood Pressure,2026-06-01,0,Valid
7277,SYN01463,West,Provider Group B,Breast Cancer Screening,2026-06-01,0,Valid
7278,SYN01463,West,Provider Group B,Diabetes Care,2026-06-01,0,Valid
7279,SYN01463,West,Provider Group B,Medication Adherence,2026-06-01,0,Valid
7280,SYN01464,South,Provider Group B,Colorectal Cancer Screening,2026-06-01,0,Valid
7281,SYN01464,South,Provider Group B,Controlling Blood Pressure,2026-06-01,0,Valid
7282,SYN01468,North,Provider Group C,Colorectal Cancer Screening,2026-06-01,0,Valid
7283,SYN01473,South,Provider Group C,Breast Cancer Screening,2026-06-01,0,Valid
7284,SYN01473,South,Provider Group C,Colorectal Cancer Screening,2026-06-01,0,Valid
7285,SYN01473,South,Provider Group C,Controlling Blood Pressure,2026-06-01,0,Valid
7286,SYN01473,South,Provider Group C,Diabetes Care,2026-06-01,0,Valid
7287,SYN01481,North,Provider Group B,Breast Cancer Screening,2026-06-01,0,Valid
7288,SYN01481,North,Provider Group B,Controlling Blood Pressure,2026-06-01,0,Valid
7289,SYN01481,North,Provider Group B,Follow-Up After Hospitalization,2026-06-01,0,Valid
7290,SYN01513,East,Provider Group B,Controlling Blood Pressure,2026-06-01,0,Valid
7291,SYN01513,East,Provider Group B,Medication Adherence,2026-06-01,0,Valid
7292,SYN01516,East,Provider Group C,Breast Cancer Screening,2026-06-01,0,Valid
7293,SYN01516,East,Provider Group C,Controlling Blood Pressure,2026-06-01,0,Valid
7294,SYN01517,North,Provider Group C,Colorectal Cancer Screening,2026-06-01,0,Valid
7295,SYN01517,North,Provider Group C,Diabetes Care,2026-06-01,0,Valid
7296,SYN01517,North,Provider Group C,Medication Adherence,2026-06-01,0,Valid
7297,SYN01522,West,Provider Group A,Controlling Blood Pressure,2026-06-01,0,Valid
7298,SYN01524,North,Provider Group C,Breast Cancer Screening,2026-06-01,0,Valid
7299,SYN01524,North,Provider Group C,Controlling Blood Pressure,2026-06-01,0,Valid
7300,SYN01524,North,Provider Group C,Diabetes Care,2026-06-01,0,Valid
7301,SYN01529,North,Provider Group D,Controlling Blood Pressure,2026-06-01,0,Valid
7302,SYN01529,North,Provider Group D,Diabetes Care,2026-06-01,0,Valid
7303,SYN01539,South,Provider Group A,Breast Cancer Screening,2026-06-01,0,Valid
7304,SYN01539,South,Provider Group A,Colorectal Cancer Screening,2026-06-01,0,Valid
7305,SYN01539,South,Provider Group A,Follow-Up After Hospitalization,2026-06-01,0,Valid
7306,SYN01568,South,Provider Group B,Breast Cancer Screening,2026-06-01,0,Valid
7307,SYN01581,West,Provider Group A,Controlling Blood Pressure,2026-06-01,0,Valid
7308,SYN01581,West,Provider Group A,Medication Adherence,2026-06-01,0,Valid
7309,SYN01587,North,Provider Group A,Breast Cancer Screening,2026-06-01,0,Valid
7310,SYN01587,North,Provider Group A,Colorectal Cancer Screening,2026-06-01,0,Valid
7311,SYN01587,North,Provider Group A,Medication Adherence,2026-06-01,0,Valid
7312,SYN01602,South,Provider Group C,Follow-Up After Hospitalization,2026-06-01,0,Valid
7313,SYN01611,South,Provider Group C,Follow-Up After Hospitalization,2026-06-01,0,Valid
7314,SYN01611,South,Provider Group C,Medication Adherence,2026-06-01,0,Valid
7315,SYN01624,West,Provider Group B,Breast Cancer Screening,2026-06-01,0,Valid
7316,SYN01624,West,Provider Group B,Colorectal Cancer Screening,2026-06-01,0,Valid
7317,SYN01643,East,Provider Group A,Breast Cancer Screening,2026-06-01,0,Valid
7318,SYN01643,East,Provider Group A,Controlling Blood Pressure,2026-06-01,0,Valid
7319,SYN01643,East,Provider Group A,Diabetes Care,2026-06-01,0,Valid
7320,SYN01649,East,Provider Group D,Breast Cancer Screening,2026-06-01,0,Valid
7321,SYN01649,East,Provider Group D,Colorectal Cancer Screening,2026-06-01,0,Valid
7322,SYN01649,East,Provider Group D,Diabetes Care,2026-06-01,0,Valid
7323,SYN01653,West,Provider Group C,Breast Cancer Screening,2026-06-01,0,Valid
7324,SYN01653,West,Provider Group C,Controlling Blood Pressure,2026-06-01,0,Valid
7325,SYN01653,West,Provider Group C,Diabetes Care,2026-06-01,0,Valid
7326,SYN01653,West,Provider Group C,Medication Adherence,2026-06-01,0,Valid
7327,SYN01693,West,Provider Group A,Colorectal Cancer Screening,2026-06-01,0,Valid
7328,SYN01693,West,Provider Group A,Controlling Blood Pressure,2026-06-01,0,Valid
7329,SYN01693,West,Provider Group A,Medication Adherence,2026-06-01,0,Valid
7330,SYN01700,East,Provider Group A,Controlling Blood Pressure,2026-06-01,0,Valid
7331,SYN01700,East,Provider Group A,Diabetes Care,2026-06-01,0,Valid
7332,SYN01700,East,Provider Group A,Medication Adherence,2026-06-01,0,Valid
7333,SYN01705,East,Provider Group B,Controlling Blood Pressure,2026-06-01,0,Valid
7334,SYN01705,East,Provider Group B,Medication Adherence,2026-06-01,0,Valid
7335,SYN01714,South,Provider Group D,Controlling Blood Pressure,2026-06-01,0,Valid
7336,SYN01714,South,Provider Group D,Medication Adherence,2026-06-01,0,Valid
7337,SYN01717,South,Provider Group D,Breast Cancer Screening,2026-06-01,0,Valid
7338,SYN01717,South,Provider Group D,Medication Adherence,2026-06-01,0,Valid
7339,SYN01721,East,Provider Group B,Colorectal Cancer Screening,2026-06-01,0,Valid
7340,SYN01721,East,Provider Group B,Controlling Blood Pressure,2026-06-01,0,Valid
7341,SYN01721,East,Provider Group B,Diabetes Care,2026-06-01,0,Valid
7342,SYN01721,East,Provider Group B,Medication Adherence,2026-06-01,0,Valid
7343,SYN01729,North,Provider Group A,Breast Cancer Screening,2026-06-01,0,Valid
7344,SYN01729,North,Provider Group A,Colorectal Cancer Screening,2026-06-01,0,Valid
7345,SYN01729,North,Provider Group A,Medication Adherence,2026-06-01,0,Valid
7346,SYN01738,North,Provider Group A,Breast Cancer Screening,2026-06-01,0,Valid
7347,SYN01738,North,Provider Group A,Colorectal Cancer Screening,2026-06-01,0,Valid
7348,SYN01739,South,Provider Group A,Diabetes Care,2026-06-01,0,Valid
7349,SYN01739,South,Provider Group A,Medication Adherence,2026-06-01,0,Valid
7350,SYN01747,South,Provider Group A,Breast Cancer Screening,2026-06-01,0,Valid
7351,SYN01747,South,Provider Group A,Follow-Up After Hospitalization,2026-06-01,0,Valid
7352,SYN01747,South,Provider Group A,Medication Adherence,2026-06-01,0,Valid
7353,SYN01756,North,Provider Group E,Diabetes Care,2026-06-01,0,Valid
7354,SYN01756,North,Provider Group E,Follow-Up After Hospitalization,2026-06-01,0,Valid
7355,SYN01756,North,Provider Group E,Medication Adherence,2026-06-01,0,Valid
7356,SYN01765,South,Provider Group A,Colorectal Cancer Screening,2026-06-01,0,Valid
7357,SYN01765,South,Provider Group A,Controlling Blood Pressure,2026-06-01,0,Valid
7358,SYN01765,South,Provider Group A,Medication Adherence,2026-06-01,0,Valid
7359,SYN01769,North,Provider Group A,Breast Cancer Screening,2026-06-01,0,Valid
7360,SYN01769,North,Provider Group A,Controlling Blood Pressure,2026-06-01,0,Valid
7361,SYN01769,North,Provider Group A,Medication Adherence,2026-06-01,0,Valid
7362,SYN01771,South,Provider Group B,Medication Adherence,2026-06-01,0,Valid
7363,SYN01788,South,Provider Group A,Breast Cancer Screening,2026-06-01,0,Valid
7364,SYN01788,South,Provider Group A,Controlling Blood Pressure,2026-06-01,0,Valid
7365,SYN01788,South,Provider Group A,Diabetes Care,2026-06-01,0,Valid
7366,SYN01793,North,Provider Group E,Follow-Up After Hospitalization,2026-06-01,0,Valid
7367,SYN01793,North,Provider Group E,Medication Adherence,2026-06-01,0,Valid
7368,SYN01797,North,Provider Group B,Breast Cancer Screening,2026-06-01,0,Valid
7369,SYN01797,North,Provider Group B,Colorectal Cancer Screening,2026-06-01,0,Valid
7370,SYN01797,North,Provider Group B,Controlling Blood Pressure,2026-06-01,0,Valid
7371,SYN01797,North,Provider Group B,Diabetes Care,2026-06-01,0,Valid
7372,SYN01797,North,Provider Group B,Medication Adherence,2026-06-01,0,Valid
7373,SYN01799,West,Provider Group A,Colorectal Cancer Screening,2026-06-01,0,Valid
7374,SYN01799,West,Provider Group A,Controlling Blood Pressure,2026-06-01,0,Valid
7375,SYN01799,West,Provider Group A,Diabetes Care,2026-06-01,0,Valid
7376,SYN01799,West,Provider Group A,Follow-Up After Hospitalization,2026-06-01,0,Valid
7377,SYN01801,West,Provider Group D,Breast Cancer Screening,2026-06-01,0,Valid
7378,SYN01801,West,Provider Group D,Colorectal Cancer Screening,2026-06-01,0,Valid
7379,SYN01801,West,Provider Group D,Controlling Blood Pressure,2026-06-01,0,Valid
7380,SYN01801,West,Provider Group D,Diabetes Care,2026-06-01,0,Valid
7381,SYN01801,West,Provider Group D,Medication Adherence,2026-06-01,0,Valid
7382,SYN01807,West,Provider Group C,Colorectal Cancer Screening,2026-06-01,0,Valid
7383,SYN01807,West,Provider Group C,Diabetes Care,2026-06-01,0,Valid
7384,SYN01808,North,Provider Group C,Controlling Blood Pressure,2026-06-01,0,Valid
7385,SYN01808,North,Provider Group C,Follow-Up After Hospitalization,2026-06-01,0,Valid
7386,SYN01815,South,Provider Group E,Colorectal Cancer Screening,2026-06-01,0,Valid
7387,SYN01815,South,Provider Group E,Diabetes Care,2026-06-01,0,Valid
7388,SYN01816,East,Provider Group C,Breast Cancer Screening,2026-06-01,0,Valid
7389,SYN01817,South,Provider Group D,Colorectal Cancer Screening,2026-06-01,0,Valid
7390,SYN01817,South,Provider Group D,Controlling Blood Pressure,2026-06-01,0,Valid
7391,SYN01817,South,Provider Group D,Diabetes Care,2026-06-01,0,Valid
7392,SYN01817,South,Provider Group D,Follow-Up After Hospitalization,2026-06-01,0,Valid
7393,SYN01830,South,Provider Group A,Breast Cancer Screening,2026-06-01,0,Valid
7394,SYN01830,South,Provider Group A,Controlling Blood Pressure,2026-06-01,0,Valid
7395,SYN01830,South,Provider Group A,Medication Adherence,2026-06-01,0,Valid
7396,SYN01832,South,Provider Group C,Diabetes Care,2026-06-01,0,Valid
7397,SYN01835,South,Provider Group D,Breast Cancer Screening,2026-06-01,0,Valid
7398,SYN01844,North,Provider Group E,Controlling Blood Pressure,2026-06-01,0,Valid
7399,SYN01844,North,Provider Group E,Diabetes Care,2026-06-01,0,Valid
7400,SYN01846,South,Provider Group B,Colorectal Cancer Screening,2026-06-01,0,Valid
7401,SYN01846,South,Provider Group B,Controlling Blood Pressure,2026-06-01,0,Valid
7402,SYN01846,South,Provider Group B,Diabetes Care,2026-06-01,0,Valid
7403,SYN01852,North,Provider Group D,Colorectal Cancer Screening,2026-06-01,0,Valid
7404,SYN01852,North,Provider Group D,Controlling Blood Pressure,2026-06-01,0,Valid
7405,SYN01855,West,Provider Group C,Controlling Blood Pressure,2026-06-01,0,Valid
7406,SYN01855,West,Provider Group C,Diabetes Care,2026-06-01,0,Valid
7407,SYN01855,West,Provider Group C,Follow-Up After Hospitalization,2026-06-01,0,Valid
7408,SYN01860,South,Provider Group D,Breast Cancer Screening,2026-06-01,0,Valid
7409,SYN01860,South,Provider Group D,Colorectal Cancer Screening,2026-06-01,0,Valid
7410,SYN01860,South,Provider Group D,Follow-Up After Hospitalization,2026-06-01,0,Valid
7411,SYN01860,South,Provider Group D,Medication Adherence,2026-06-01,0,Valid
7412,SYN01870,East,Provider Group D,Diabetes Care,2026-06-01,0,Valid
7413,SYN01870,East,Provider Group D,Medication Adherence,2026-06-01,0,Valid
7414,SYN01871,South,Provider Group D,Colorectal Cancer Screening,2026-06-01,0,Valid
7415,SYN01871,South,Provider Group D,Controlling Blood Pressure,2026-06-01,0,Valid
7416,SYN01871,South,Provider Group D,Follow-Up After Hospitalization,2026-06-01,0,Valid
7417,SYN01872,South,Provider Group B,Controlling Blood Pressure,2026-06-01,0,Valid
7418,SYN01872,South,Provider Group B,Medication Adherence,2026-06-01,0,Valid
7419,SYN01885,East,Provider Group A,Medication Adherence,2026-06-01,0,Valid
7420,SYN01887,West,Provider Group E,Diabetes Care,2026-06-01,0,Valid
7421,SYN01887,West,Provider Group E,Follow-Up After Hospitalization,2026-06-01,0,Valid
7422,SYN01892,East,Provider Group C,Controlling Blood Pressure,2026-06-01,0,Valid
7423,SYN01892,East,Provider Group C,Diabetes Care,2026-06-01,0,Valid
7424,SYN01892,East,Provider Group C,Medication Adherence,2026-06-01,0,Valid
7425,SYN01896,East,Provider Group E,Colorectal Cancer Screening,2026-06-01,0,Valid
7426,SYN01896,East,Provider Group E,Controlling Blood Pressure,2026-06-01,0,Valid
7427,SYN01896,East,Provider Group E,Diabetes Care,2026-06-01,0,Valid
7428,SYN01897,South,Provider Group E,Colorectal Cancer Screening,2026-06-01,0,Valid
7429,SYN01897,South,Provider Group E,Controlling Blood Pressure,2026-06-01,0,Valid
7430,SYN01897,South,Provider Group E,Diabetes Care,2026-06-01,0,Valid
7431,SYN01900,East,Provider Group C,Breast Cancer Screening,2026-06-01,0,Valid
7432,SYN01900,East,Provider Group C,Colorectal Cancer Screening,2026-06-01,0,Valid
7433,SYN01900,East,Provider Group C,Controlling Blood Pressure,2026-06-01,0,Valid
7434,SYN01900,East,Provider Group C,Diabetes Care,2026-06-01,0,Valid
7435,SYN01900,East,Provider Group C,Medication Adherence,2026-06-01,0,Valid
7436,SYN01905,East,Provider Group D,Controlling Blood Pressure,2026-06-01,0,Valid
7437,SYN01905,East,Provider Group D,Medication Adherence,2026-06-01,0,Valid
7438,SYN01917,South,Provider Group A,Breast Cancer Screening,2026-06-01,0,Valid
7439,SYN01917,South,Provider Group A,Controlling Blood Pressure,2026-06-01,0,Valid
7440,SYN01921,North,Provider Group D,Breast Cancer Screening,2026-06-01,0,Valid
7441,SYN01921,North,Provider Group D,Controlling Blood Pressure,2026-06-01,0,Valid
7442,SYN01921,North,Provider Group D,Follow-Up After Hospitalization,2026-06-01,0,Valid
7443,SYN01928,West,Provider Group D,Breast Cancer Screening,2026-06-01,0,Valid
7444,SYN01928,West,Provider Group D,Controlling Blood Pressure,2026-06-01,0,Valid
7445,SYN01933,North,Provider Group A,Breast Cancer Screening,2026-06-01,0,Valid
7446,SYN01933,North,Provider Group A,Colorectal Cancer Screening,2026-06-01,0,Valid
7447,SYN01933,North,Provider Group A,Controlling Blood Pressure,2026-06-01,0,Valid
7448,SYN01933,North,Provider Group A,Diabetes Care,2026-06-01,0,Valid
7449,SYN01948,East,Provider Group C,Colorectal Cancer Screening,2026-06-01,0,Valid
7450,SYN01948,East,Provider Group C,Diabetes Care,2026-06-01,0,Valid
7451,SYN01951,North,Provider Group B,Breast Cancer Screening,2026-06-01,0,Valid
7452,SYN01951,North,Provider Group B,Follow-Up After Hospitalization,2026-06-01,0,Valid
7453,SYN01951,North,Provider Group B,Medication Adherence,2026-06-01,0,Valid
7454,SYN01970,East,Provider Group C,Diabetes Care,2026-06-01,0,Valid
7455,SYN01970,East,Provider Group C,Follow-Up After Hospitalization,2026-06-01,0,Valid
7456,SYN01970,East,Provider Group C,Medication Adherence,2026-06-01,0,Valid
7457,SYN01975,West,Provider Group C,Breast Cancer Screening,2026-06-01,0,Valid
7458,SYN01975,West,Provider Group C,Colorectal Cancer Screening,2026-06-01,0,Valid
7459,SYN01975,West,Provider Group C,Controlling Blood Pressure,2026-06-01,0,Valid
7460,SYN01975,West,Provider Group C,Diabetes Care,2026-06-01,0,Valid
7461,SYN01975,West,Provider Group C,Medication Adherence,2026-06-01,0,Valid
7462,SYN01980,East,Provider Group A,Breast Cancer Screening,2026-06-01,0,Valid
7463,,East,Provider Group C,Breast Cancer Screening,2026-06-01,1,Needs Review
7464,SYN01983,East,Provider Group C,Colorectal Cancer Screening,2026-06-01,0,Valid
7465,SYN01983,East,Provider Group C,Controlling Blood Pressure,2026-06-01,0,Valid
7466,SYN01986,South,Provider Group C,Colorectal Cancer Screening,2026-06-01,0,Valid
7467,SYN01987,West,Provider Group E,Controlling Blood Pressure,2026-06-01,0,Valid
7468,SYN01987,West,Provider Group E,Diabetes Care,2026-06-01,0,Valid
7469,SYN01987,West,Provider Group E,Medication Adherence,2026-06-01,0,Valid
7470,SYN01989,West,Provider Group A,Controlling Blood Pressure,2026-06-01,0,Valid
7471,SYN01989,West,Provider Group A,Diabetes Care,2026-06-01,0,Valid
7472,SYN01990,West,Provider Group B,Colorectal Cancer Screening,2026-06-01,0,Valid
7473,SYN01991,South,Provider Group A,Colorectal Cancer Screening,2026-06-01,0,Valid
7474,SYN01991,South,Provider Group A,Diabetes Care,2026-06-01,0,Valid
7475,SYN01992,North,Provider Group D,Diabetes Care,2026-06-01,0,Valid
7476,SYN01992,North,Provider Group D,Medication Adherence,2026-06-01,0,Valid
7477,SYN01995,West,Provider Group C,Follow-Up After Hospitalization,2026-06-01,0,Valid
7478,SYN01997,South,Provider Group B,Controlling Blood Pressure,2026-06-01,0,Valid
7479,SYN01997,South,Provider Group B,Diabetes Care,2026-06-01,0,Valid
7480,SYN01997,South,Provider Group B,Follow-Up After Hospitalization,2026-06-01,0,Valid
7481,SYN01998,West,Provider Group A,Breast Cancer Screening,2026-06-01,0,Valid
7482,SYN01998,West,Provider Group A,Colorectal Cancer Screening,2026-06-01,0,Valid
7483,SYN01998,West,Provider Group A,Controlling Blood Pressure,2026-06-01,0,Valid
7484,SYN01998,West,Provider Group A,Follow-Up After Hospitalization,2026-06-01,0,Valid
7485,SYN01999,East,Provider Group D,Medication Adherence,2026-06-01,0,Valid
7486,SYN02004,East,Provider Group A,Controlling Blood Pressure,2026-06-01,0,Valid
7487,SYN02004,East,Provider Group A,Follow-Up After Hospitalization,2026-06-01,0,Valid
7488,SYN02004,East,Provider Group A,Medication Adherence,2026-06-01,0,Valid
7489,SYN02007,West,Provider Group A,Colorectal Cancer Screening,2026-06-01,0,Valid
7490,SYN02007,West,Provider Group A,Controlling Blood Pressure,2026-06-01,0,Valid
7491,SYN02034,South,Provider Group C,Breast Cancer Screening,2026-06-01,0,Valid
7492,SYN02034,South,Provider Group C,Colorectal Cancer Screening,2026-06-01,0,Valid
7493,SYN02034,South,Provider Group C,Controlling Blood Pressure,2026-06-01,0,Valid
7494,SYN02038,North,Provider Group B,Controlling Blood Pressure,2026-06-01,0,Valid
7495,SYN02038,North,Provider Group B,Diabetes Care,2026-06-01,0,Valid
7496,SYN02040,North,Provider Group E,Diabetes Care,2026-06-01,0,Valid
7497,SYN02040,North,Provider Group E,Follow-Up After Hospitalization,2026-06-01,0,Valid
7498,SYN02040,North,Provider Group E,Medication Adherence,2026-06-01,0,Valid
7499,SYN02059,South,Provider Group B,Diabetes Care,2026-06-01,0,Valid
7500,SYN02059,South,Provider Group B,Follow-Up After Hospitalization,2026-06-01,0,Valid
7501,SYN02059,South,Provider Group B,Medication Adherence,2026-06-01,0,Valid
7502,SYN02060,West,Provider Group C,Colorectal Cancer Screening,2026-06-01,0,Valid
7503,SYN02060,West,Provider Group C,Controlling Blood Pressure,2026-06-01,0,Valid
7504,SYN02060,West,Provider Group C,Diabetes Care,2026-06-01,0,Valid
7505,SYN02069,South,Provider Group E,Colorectal Cancer Screening,2026-06-01,0,Valid
7506,SYN02069,South,Provider Group E,Controlling Blood Pressure,2026-06-01,0,Valid
7507,SYN02069,South,Provider Group E,Follow-Up After Hospitalization,2026-06-01,0,Valid
7508,SYN02071,South,Provider Group B,Controlling Blood Pressure,2026-06-01,0,Valid
7509,SYN02086,North,Provider Group B,Controlling Blood Pressure,2026-06-01,0,Valid
7510,SYN02088,North,Provider Group A,Breast Cancer Screening,2026-06-01,0,Valid
7511,SYN02088,North,Provider Group A,Colorectal Cancer Screening,2026-06-01,0,Valid
7512,SYN02088,North,Provider Group A,Controlling Blood Pressure,2026-06-01,0,Valid
7513,SYN02088,North,Provider Group A,Medication Adherence,2026-06-01,0,Valid
7514,SYN02095,South,Provider Group B,Breast Cancer Screening,2026-06-01,0,Valid
7515,SYN02095,South,Provider Group B,Colorectal Cancer Screening,2026-06-01,0,Valid
7516,SYN02095,South,Provider Group B,Controlling Blood Pressure,2026-06-01,0,Valid
7517,SYN02099,South,Provider Group C,Breast Cancer Screening,2026-06-01,0,Valid
7518,SYN02104,West,Provider Group C,Controlling Blood Pressure,2026-06-01,0,Valid
7519,SYN02104,West,Provider Group C,Diabetes Care,2026-06-01,0,Valid
7520,SYN02104,West,Provider Group C,Medication Adherence,2026-06-01,0,Valid
7521,SYN02122,South,Provider Group C,Diabetes Care,2026-06-01,0,Valid
7522,SYN02123,South,Provider Group D,Breast Cancer Screening,2026-06-01,0,Valid
7523,SYN02123,South,Provider Group D,Follow-Up After Hospitalization,2026-06-01,0,Valid
7524,SYN02132,West,Provider Group E,Colorectal Cancer Screening,2026-06-01,0,Valid
7525,SYN02133,South,Provider Group E,Controlling Blood Pressure,2026-06-01,0,Valid
7526,SYN02134,East,Provider Group B,Diabetes Care,2026-06-01,0,Valid
7527,SYN02134,East,Provider Group B,Follow-Up After Hospitalization,2026-06-01,0,Valid
7528,SYN02134,East,Provider Group B,Medication Adherence,2026-06-01,0,Valid
7529,SYN02141,South,Provider Group B,Breast Cancer Screening,2026-06-01,0,Valid
7530,SYN02145,South,Provider Group B,Breast Cancer Screening,2026-06-01,0,Valid
7531,SYN02145,South,Provider Group B,Colorectal Cancer Screening,2026-06-01,0,Valid
7532,SYN02145,South,Provider Group B,Medication Adherence,2026-06-01,0,Valid
7533,SYN02159,South,Provider Group B,Colorectal Cancer Screening,2026-06-01,0,Valid
7534,SYN02159,South,Provider Group B,Diabetes Care,2026-06-01,0,Valid
7535,SYN02190,North,Provider Group C,Breast Cancer Screening,2026-06-01,0,Valid
7536,SYN02190,North,Provider Group C,Colorectal Cancer Screening,2026-06-01,0,Valid
7537,SYN02195,West,Provider Group B,Colorectal Cancer Screening,2026-06-01,0,Valid
7538,SYN02197,North,Provider Group E,Colorectal Cancer Screening,2026-06-01,0,Valid
7539,SYN02197,North,Provider Group E,Diabetes Care,2026-06-01,0,Valid
7540,SYN02198,South,Provider Group A,Controlling Blood Pressure,2026-06-01,0,Valid
7541,SYN02198,South,Provider Group A,Diabetes Care,2026-06-01,0,Valid
7542,SYN02198,South,Provider Group A,Medication Adherence,2026-06-01,0,Valid
7543,SYN02199,West,Provider Group A,Breast Cancer Screening,2026-06-01,0,Valid
7544,SYN02199,West,Provider Group A,Colorectal Cancer Screening,2026-06-01,0,Valid
7545,SYN02199,West,Provider Group A,Follow-Up After Hospitalization,2026-06-01,0,Valid
7546,SYN02204,West,Provider Group B,Controlling Blood Pressure,2026-06-01,0,Valid
7547,SYN02205,North,Provider Group E,Colorectal Cancer Screening,2026-06-01,0,Valid
7548,SYN02205,North,Provider Group E,Controlling Blood Pressure,2026-06-01,0,Valid
7549,SYN02205,North,Provider Group E,Diabetes Care,2026-06-01,0,Valid
7550,SYN02205,North,Provider Group E,Medication Adherence,2026-06-01,0,Valid
7551,SYN02207,West,Provider Group D,Breast Cancer Screening,2026-06-01,0,Valid
7552,SYN02207,West,Provider Group D,Diabetes Care,2026-06-01,0,Valid
7553,SYN02207,West,Provider Group D,Medication Adherence,2026-06-01,0,Valid
7554,SYN02211,South,Provider Group A,Diabetes Care,2026-06-01,0,Valid
7555,SYN02212,South,Provider Group D,Colorectal Cancer Screening,2026-06-01,0,Valid
7556,SYN02212,South,Provider Group D,Diabetes Care,2026-06-01,0,Valid
7557,SYN02225,East,Provider Group B,Breast Cancer Screening,2026-06-01,0,Valid
7558,SYN02225,East,Provider Group B,Colorectal Cancer Screening,2026-06-01,0,Valid
7559,SYN02225,East,Provider Group B,Controlling Blood Pressure,2026-06-01,0,Valid
7560,SYN02225,East,Provider Group B,Diabetes Care,2026-06-01,0,Valid
7561,SYN02225,East,Provider Group B,Follow-Up After Hospitalization,2026-06-01,0,Valid
7562,SYN02225,East,Provider Group B,Medication Adherence,2026-06-01,0,Valid
7563,SYN02226,South,Provider Group E,Breast Cancer Screening,2026-06-01,0,Valid
7564,SYN02226,South,Provider Group E,Controlling Blood Pressure,2026-06-01,0,Valid
7565,SYN02226,South,Provider Group E,Diabetes Care,2026-06-01,0,Valid
7566,SYN02226,South,Provider Group E,Medication Adherence,2026-06-01,0,Valid
7567,SYN02229,South,Provider Group B,Colorectal Cancer Screening,2026-06-01,0,Valid
7568,SYN02229,South,Provider Group B,Controlling Blood Pressure,2026-06-01,0,Valid
7569,SYN02229,South,Provider Group B,Diabetes Care,2026-06-01,1,Needs Review
7570,SYN02238,North,Provider Group A,Follow-Up After Hospitalization,2026-06-01,0,Valid
7571,SYN02238,North,Provider Group A,Medication Adherence,2026-06-01,0,Valid
7572,SYN02245,North,Provider Group B,Colorectal Cancer Screening,2026-06-01,0,Valid
7573,SYN02245,North,Provider Group B,Diabetes Care,2026-06-01,0,Valid
7574,SYN02248,North,Provider Group A,Breast Cancer Screening,2026-06-01,0,Valid
7575,SYN02248,North,Provider Group A,Medication Adherence,2026-06-01,0,Valid
7576,SYN02251,South,Provider Group A,Controlling Blood Pressure,2026-06-01,0,Valid
7577,SYN02251,South,Provider Group A,Medication Adherence,2026-06-01,0,Valid
7578,SYN02255,West,Provider Group A,Controlling Blood Pressure,2026-06-01,0,Valid
7579,SYN02256,South,Provider Group E,Medication Adherence,2026-06-01,0,Valid
7580,SYN02257,East,Provider Group B,Colorectal Cancer Screening,2026-06-01,0,Valid
7581,SYN02257,East,Provider Group B,Medication Adherence,2026-06-01,0,Valid
7582,SYN02258,South,Provider Group D,Colorectal Cancer Screening,2026-06-01,0,Valid
7583,SYN02260,West,Provider Group B,Controlling Blood Pressure,2026-06-01,0,Valid
7584,SYN02260,West,Provider Group B,Follow-Up After Hospitalization,2026-06-01,0,Valid
7585,SYN02260,West,Provider Group B,Medication Adherence,2026-06-01,0,Valid
7586,SYN02262,North,Provider Group B,Breast Cancer Screening,2026-06-01,0,Valid
7587,SYN02262,North,Provider Group B,Colorectal Cancer Screening,2026-06-01,0,Valid
7588,SYN02262,North,Provider Group B,Controlling Blood Pressure,2026-06-01,0,Valid
7589,SYN02262,North,Provider Group B,Diabetes Care,2026-06-01,0,Valid
7590,SYN02262,North,Provider Group B,Medication Adherence,2026-06-01,0,Valid
7591,SYN02270,South,Provider Group E,Colorectal Cancer Screening,2026-06-01,0,Valid
7592,SYN02270,South,Provider Group E,Diabetes Care,2026-06-01,0,Valid
7593,SYN02270,South,Provider Group E,Follow-Up After Hospitalization,2026-06-01,0,Valid
7594,SYN02270,South,Provider Group E,Medication Adherence,2026-06-01,0,Valid
7595,SYN02288,West,Provider Group A,Colorectal Cancer Screening,2026-06-01,0,Valid
7596,SYN02288,West,Provider Group A,Follow-Up After Hospitalization,2026-06-01,0,Valid
7597,SYN02288,West,Provider Group A,Medication Adherence,2026-06-01,0,Valid
7598,SYN02290,West,Provider Group C,Controlling Blood Pressure,2026-06-01,0,Valid
7599,SYN02290,West,Provider Group C,Diabetes Care,2026-06-01,0,Valid
7600,SYN02290,West,Provider Group C,Follow-Up After Hospitalization,2026-06-01,0,Valid
7601,SYN02305,North,Provider Group C,Colorectal Cancer Screening,2026-06-01,0,Valid
7602,SYN02305,North,Provider Group C,Follow-Up After Hospitalization,2026-06-01,0,Valid
7603,SYN02318,South,Provider Group C,Colorectal Cancer Screening,2026-06-01,0,Valid
7604,SYN02318,South,Provider Group C,Medication Adherence,2026-06-01,0,Valid
7605,SYN02320,West,Provider Group B,Breast Cancer Screening,2026-06-01,0,Valid
7606,SYN02320,West,Provider Group B,Colorectal Cancer Screening,2026-06-01,0,Valid
7607,SYN02320,West,Provider Group B,Diabetes Care,2026-06-01,0,Valid
7608,SYN02324,South,Provider Group B,Breast Cancer Screening,2026-06-01,0,Valid
7609,SYN02324,South,Provider Group B,Follow-Up After Hospitalization,2026-06-01,0,Valid
7610,SYN02327,South,Provider Group D,Breast Cancer Screening,2026-06-01,0,Valid
7611,SYN02327,South,Provider Group D,Medication Adherence,2026-06-01,0,Valid
7612,SYN02328,South,Provider Group E,Colorectal Cancer Screening,2026-06-01,0,Valid
7613,SYN02328,South,Provider Group E,Controlling Blood Pressure,2026-06-01,0,Valid
7614,SYN02334,North,Provider Group B,Breast Cancer Screening,2026-06-01,0,Valid
7615,SYN02334,North,Provider Group B,Medication Adherence,2026-06-01,0,Valid
7616,SYN02335,West,Provider Group B,Colorectal Cancer Screening,2026-06-01,0,Valid
7617,SYN02335,West,Provider Group B,Controlling Blood Pressure,2026-06-01,0,Valid
7618,SYN02335,West,Provider Group B,Medication Adherence,2026-06-01,0,Valid
7619,SYN02338,North,Provider Group B,Diabetes Care,2026-06-01,0,Valid
7620,SYN02344,South,Provider Group B,Colorectal Cancer Screening,2026-06-01,0,Valid
7621,SYN02344,South,Provider Group B,Controlling Blood Pressure,2026-06-01,0,Valid
7622,SYN02344,South,Provider Group B,Follow-Up After Hospitalization,2026-06-01,0,Valid
7623,SYN02345,South,Provider Group B,Medication Adherence,2026-06-01,0,Valid
7624,SYN02356,North,Provider Group D,Breast Cancer Screening,2026-06-01,0,Valid
7625,SYN02356,North,Provider Group D,Colorectal Cancer Screening,2026-06-01,0,Valid
7626,SYN02356,North,Provider Group D,Controlling Blood Pressure,2026-06-01,0,Valid
7627,SYN02357,North,Provider Group E,Colorectal Cancer Screening,2026-06-01,0,Valid
7628,SYN02357,North,Provider Group E,Controlling Blood Pressure,2026-06-01,0,Valid
7629,SYN02357,North,Provider Group E,Follow-Up After Hospitalization,2026-06-01,0,Valid
7630,SYN02365,North,Provider Group D,Controlling Blood Pressure,2026-06-01,0,Valid
7631,SYN02365,North,Provider Group D,Diabetes Care,2026-06-01,0,Valid
7632,SYN02365,North,Provider Group D,Medication Adherence,2026-06-01,0,Valid
7633,SYN02378,North,Provider Group B,Controlling Blood Pressure,2026-06-01,0,Valid
7634,SYN02378,North,Provider Group B,Diabetes Care,2026-06-01,0,Valid
7635,SYN02378,North,Provider Group B,Medication Adherence,2026-06-01,0,Valid
7636,SYN02382,South,Provider Group B,Breast Cancer Screening,2026-06-01,0,Valid
7637,SYN02382,South,Provider Group B,Controlling Blood Pressure,2026-06-01,0,Valid
7638,SYN02382,South,Provider Group B,Medication Adherence,2026-06-01,0,Valid
7639,SYN02394,South,Provider Group A,Breast Cancer Screening,2026-06-01,0,Valid
7640,SYN02394,South,Provider Group A,Controlling Blood Pressure,2026-06-01,0,Valid
7641,SYN02394,South,Provider Group A,Medication Adherence,2026-06-01,0,Valid
7642,SYN02401,South,Provider Group C,Colorectal Cancer Screening,2026-06-01,0,Valid
7643,SYN02401,South,Provider Group C,Controlling Blood Pressure,2026-06-01,0,Valid
7644,SYN02401,South,Provider Group C,Diabetes Care,2026-06-01,0,Valid
7645,SYN02401,South,Provider Group C,Follow-Up After Hospitalization,2026-06-01,0,Valid
7646,SYN02409,North,Provider Group A,Controlling Blood Pressure,2026-06-01,0,Valid
7647,SYN02409,North,Provider Group A,Diabetes Care,2026-06-01,0,Valid
7648,SYN02412,North,Provider Group B,Breast Cancer Screening,2026-06-01,0,Valid
7649,SYN02412,North,Provider Group B,Colorectal Cancer Screening,2026-06-01,0,Valid
7650,SYN02412,North,Provider Group B,Follow-Up After Hospitalization,2026-06-01,0,Valid
7651,SYN02417,West,Provider Group B,Breast Cancer Screening,2026-06-01,0,Valid
7652,SYN02417,West,Provider Group B,Controlling Blood Pressure,2026-06-01,0,Valid
7653,SYN02417,West,Provider Group B,Diabetes Care,2026-06-01,0,Valid
7654,SYN02417,West,Provider Group B,Medication Adherence,2026-06-01,0,Valid
7655,SYN02421,South,Provider Group E,Breast Cancer Screening,2026-06-01,0,Valid
7656,SYN02421,South,Provider Group E,Colorectal Cancer Screening,2026-06-01,0,Valid
7657,SYN02421,South,Provider Group E,Diabetes Care,2026-06-01,0,Valid
7658,SYN02421,South,Provider Group E,Follow-Up After Hospitalization,2026-06-01,0,Valid
7659,SYN02433,West,Provider Group A,Breast Cancer Screening,2026-06-01,0,Valid
7660,SYN02433,West,Provider Group A,Controlling Blood Pressure,2026-06-01,0,Valid
7661,SYN02433,West,Provider Group A,Medication Adherence,2026-06-01,0,Valid
7662,SYN02434,East,Provider Group E,Breast Cancer Screening,2026-06-01,0,Valid
7663,SYN02434,East,Provider Group E,Colorectal Cancer Screening,2026-06-01,0,Valid
7664,SYN02434,East,Provider Group E,Controlling Blood Pressure,2026-06-01,0,Valid
7665,SYN02434,East,Provider Group E,Diabetes Care,2026-06-01,0,Valid
7666,SYN02438,South,Provider Group E,Colorectal Cancer Screening,2026-06-01,0,Valid
7667,SYN02438,South,Provider Group E,Controlling Blood Pressure,2026-06-01,0,Valid
7668,SYN02441,East,Provider Group B,Colorectal Cancer Screening,2026-06-01,0,Valid
7669,SYN02441,East,Provider Group B,Controlling Blood Pressure,2026-06-01,0,Valid
7670,SYN02447,South,Provider Group B,Controlling Blood Pressure,2026-06-01,0,Valid
7671,SYN02447,South,Provider Group B,Diabetes Care,2026-06-01,0,Valid
7672,SYN02447,South,Provider Group B,Follow-Up After Hospitalization,2026-06-01,0,Valid
7673,SYN02450,North,Provider Group E,Controlling Blood Pressure,2026-06-01,0,Valid
7674,SYN02450,North,Provider Group E,Diabetes Care,2026-06-01,0,Valid
7675,SYN02450,North,Provider Group E,Follow-Up After Hospitalization,2026-06-01,0,Valid
7676,SYN02456,West,Provider Group A,Breast Cancer Screening,2026-06-01,0,Valid
7677,SYN02456,West,Provider Group A,Controlling Blood Pressure,2026-06-01,0,Valid
7678,SYN02456,West,Provider Group A,Diabetes Care,2026-06-01,0,Valid
7679,SYN02464,North,Provider Group B,Colorectal Cancer Screening,2026-06-01,0,Valid
7680,SYN02464,North,Provider Group B,Controlling Blood Pressure,2026-06-01,0,Valid
7681,SYN02464,North,Provider Group B,Diabetes Care,2026-06-01,0,Valid
7682,SYN02464,North,Provider Group B,Follow-Up After Hospitalization,2026-06-01,0,Valid
7683,SYN02483,East,Provider Group B,Controlling Blood Pressure,2026-06-01,0,Valid
7684,SYN02483,East,Provider Group B,Medication Adherence,2026-06-01,0,Valid
7685,SYN02484,West,Provider Group E,Controlling Blood Pressure,2026-06-01,0,Valid
7686,SYN02498,North,Provider Group A,Breast Cancer Screening,2026-06-01,0,Valid
7687,SYN02498,North,Provider Group A,Colorectal Cancer Screening,2026-06-01,0,Valid
7688,SYN02498,North,Provider Group A,Controlling Blood Pressure,2026-06-01,0,Valid
7689,SYN02498,North,Provider Group A,Diabetes Care,2026-06-01,0,Valid
7690,SYN02498,North,Provider Group A,Medication Adherence,2026-06-01,0,Valid
7691,SYN02501,South,Provider Group C,Breast Cancer Screening,2026-06-01,0,Valid
7692,SYN02501,South,Provider Group C,Colorectal Cancer Screening,2026-06-01,0,Valid
7693,SYN02501,South,Provider Group C,Controlling Blood Pressure,2026-06-01,0,Valid
7694,SYN02501,South,Provider Group C,Follow-Up After Hospitalization,2026-06-01,0,Valid
7695,SYN02501,South,Provider Group C,Medication Adherence,2026-06-01,0,Valid
7696,SYN02502,East,Provider Group E,Breast Cancer Screening,2026-06-01,0,Valid
7697,SYN02502,East,Provider Group E,Colorectal Cancer Screening,2026-06-01,0,Valid
7698,SYN02502,East,Provider Group E,Controlling Blood Pressure,2026-06-01,0,Valid
7699,SYN02502,East,Provider Group E,Diabetes Care,2026-06-01,0,Valid
7700,SYN02502,East,Provider Group E,Medication Adherence,2026-06-01,0,Valid
7701,SYN02515,East,Provider Group C,Colorectal Cancer Screening,2026-06-01,0,Valid
7702,SYN02515,East,Provider Group C,Controlling Blood Pressure,2026-06-01,0,Valid
7703,SYN02515,East,Provider Group C,Medication Adherence,2026-06-01,0,Valid
7704,SYN02516,West,Provider Group B,Breast Cancer Screening,2026-06-01,0,Valid
7705,SYN02516,West,Provider Group B,Colorectal Cancer Screening,2026-06-01,0,Valid
7706,SYN02516,West,Provider Group B,Controlling Blood Pressure,2026-06-01,0,Valid
7707,SYN02516,West,Provider Group B,Diabetes Care,2026-06-01,0,Valid
7708,SYN02517,South,Provider Group D,Colorectal Cancer Screening,2026-06-01,0,Valid
7709,SYN02517,South,Provider Group D,Diabetes Care,2026-06-01,1,Needs Review
7710,SYN02517,South,Provider Group D,Medication Adherence,2026-06-01,0,Valid
7711,SYN02520,West,Provider Group B,Breast Cancer Screening,2026-06-01,0,Valid
7712,SYN02520,West,Provider Group B,Colorectal Cancer Screening,2026-06-01,0,Valid
7713,SYN02520,West,Provider Group B,Diabetes Care,2026-06-01,0,Valid
7714,SYN02520,West,Provider Group B,Medication Adherence,2026-06-01,0,Valid
7715,SYN02528,South,Provider Group C,Breast Cancer Screening,2026-06-01,0,Valid
7716,SYN02528,South,Provider Group C,Controlling Blood Pressure,2026-06-01,0,Valid
7717,SYN02539,West,Provider Group B,Breast Cancer Screening,2026-06-01,0,Valid
7718,SYN02539,West,Provider Group B,Follow-Up After Hospitalization,2026-06-01,0,Valid
7719,SYN02549,North,Provider Group B,Breast Cancer Screening,2026-06-01,0,Valid
7720,SYN02549,North,Provider Group B,Colorectal Cancer Screening,2026-06-01,0,Valid
7721,SYN02555,South,Provider Group E,Colorectal Cancer Screening,2026-06-01,0,Valid
7722,SYN02555,South,Provider Group E,Diabetes Care,2026-06-01,0,Valid
7723,SYN02555,South,Provider Group E,Follow-Up After Hospitalization,2026-06-01,0,Valid
7724,SYN02557,North,Provider Group C,Controlling Blood Pressure,2026-06-01,0,Valid
7725,SYN02557,North,Provider Group C,Follow-Up After Hospitalization,2026-06-01,0,Valid
7726,SYN02557,North,Provider Group C,Medication Adherence,2026-06-01,0,Valid
7727,SYN02566,South,Provider Group D,Controlling Blood Pressure,2026-06-01,0,Valid
7728,SYN02566,South,Provider Group D,Diabetes Care,2026-06-01,0,Valid
7729,SYN02566,South,Provider Group D,Follow-Up After Hospitalization,2026-06-01,0,Valid
7730,SYN02566,South,Provider Group D,Medication Adherence,2026-06-01,0,Valid
7731,SYN02567,West,Provider Group A,Breast Cancer Screening,2026-06-01,0,Valid
7732,SYN02567,West,Provider Group A,Controlling Blood Pressure,2026-06-01,0,Valid
7733,SYN02567,West,Provider Group A,Diabetes Care,2026-06-01,0,Valid
7734,SYN02567,West,Provider Group A,Medication Adherence,2026-06-01,0,Valid
7735,SYN02578,South,Provider Group D,Breast Cancer Screening,2026-06-01,0,Valid
7736,SYN02578,South,Provider Group D,Diabetes Care,2026-06-01,0,Valid
7737,SYN02578,South,Provider Group D,Medication Adherence,2026-06-01,0,Valid
7738,SYN02582,South,Provider Group A,Colorectal Cancer Screening,2026-06-01,0,Valid
7739,SYN02582,South,Provider Group A,Controlling Blood Pressure,2026-06-01,0,Valid
7740,SYN02582,South,Provider Group A,Diabetes Care,2026-06-01,0,Valid
7741,SYN02582,South,Provider Group A,Follow-Up After Hospitalization,2026-06-01,0,Valid
7742,SYN02587,West,Provider Group E,Colorectal Cancer Screening,2026-06-01,0,Valid
7743,SYN02587,West,Provider Group E,Controlling Blood Pressure,2026-06-01,0,Valid
7744,SYN02587,West,Provider Group E,Medication Adherence,2026-06-01,0,Valid
7745,SYN02591,West,Provider Group D,Colorectal Cancer Screening,2026-06-01,0,Valid
7746,SYN02591,West,Provider Group D,Diabetes Care,2026-06-01,0,Valid
7747,SYN02591,West,Provider Group D,Follow-Up After Hospitalization,2026-06-01,0,Valid
7748,SYN02604,South,Provider Group B,Colorectal Cancer Screening,2026-06-01,0,Valid
7749,SYN02604,South,Provider Group B,Diabetes Care,2026-06-01,0,Valid
7750,SYN02604,South,Provider Group B,Medication Adherence,2026-06-01,0,Valid
7751,SYN02611,South,Provider Group E,Diabetes Care,2026-06-01,0,Valid
7752,SYN02611,South,Provider Group E,Follow-Up After Hospitalization,2026-06-01,0,Valid
7753,SYN02618,East,Provider Group B,Colorectal Cancer Screening,2026-06-01,0,Valid
7754,SYN02618,East,Provider Group B,Controlling Blood Pressure,2026-06-01,0,Valid
7755,SYN02618,East,Provider Group B,Diabetes Care,2026-06-01,0,Valid
7756,SYN02618,East,Provider Group B,Follow-Up After Hospitalization,2026-06-01,0,Valid
7757,SYN02621,West,Provider Group E,Colorectal Cancer Screening,2026-06-01,0,Valid
7758,SYN02621,West,Provider Group E,Controlling Blood Pressure,2026-06-01,0,Valid
7759,SYN02622,West,Provider Group D,Breast Cancer Screening,2026-06-01,0,Valid
7760,SYN02626,West,Provider Group C,Breast Cancer Screening,2026-06-01,0,Valid
7761,SYN02627,North,Provider Group D,Colorectal Cancer Screening,2026-06-01,0,Valid
7762,SYN02627,North,Provider Group D,Controlling Blood Pressure,2026-06-01,0,Valid
7763,SYN02627,North,Provider Group D,Diabetes Care,2026-06-01,0,Valid
7764,SYN02628,North,Provider Group E,Follow-Up After Hospitalization,2026-06-01,0,Valid
7765,SYN02634,West,Provider Group D,Medication Adherence,2026-06-01,0,Valid
7766,SYN02638,South,Provider Group A,Breast Cancer Screening,2026-06-01,0,Valid
7767,SYN02638,South,Provider Group A,Colorectal Cancer Screening,2026-06-01,0,Valid
7768,SYN02638,South,Provider Group A,Diabetes Care,2026-06-01,0,Valid
7769,SYN02638,South,Provider Group A,Medication Adherence,2026-06-01,0,Valid
7770,SYN02644,East,Provider Group E,Breast Cancer Screening,2026-06-01,0,Valid
7771,SYN02644,East,Provider Group E,Colorectal Cancer Screening,2026-06-01,0,Valid
7772,SYN02644,East,Provider Group E,Diabetes Care,2026-06-01,0,Valid
7773,SYN02644,East,Provider Group E,Medication Adherence,2026-06-01,0,Valid
7774,SYN02647,West,Provider Group D,Colorectal Cancer Screening,2026-06-01,0,Valid
7775,SYN02647,West,Provider Group D,Controlling Blood Pressure,2026-06-01,0,Valid
7776,SYN02647,West,Provider Group D,Diabetes Care,2026-06-01,0,Valid
7777,SYN02647,West,Provider Group D,Medication Adherence,2026-06-01,0,Valid
7778,SYN02649,North,Provider Group A,Controlling Blood Pressure,2026-06-01,0,Valid
7779,SYN02649,North,Provider Group A,Follow-Up After Hospitalization,2026-06-01,0,Valid
7780,SYN02650,West,Provider Group D,Breast Cancer Screening,2026-06-01,0,Valid
7781,SYN02650,West,Provider Group D,Colorectal Cancer Screening,2026-06-01,0,Valid
7782,SYN02650,West,Provider Group D,Controlling Blood Pressure,2026-06-01,0,Valid
7783,SYN02657,South,Provider Group C,Medication Adherence,2026-06-01,0,Valid
7784,SYN02663,East,Provider Group D,Controlling Blood Pressure,2026-06-01,0,Valid
7785,SYN02663,East,Provider Group D,Medication Adherence,2026-06-01,0,Valid
7786,SYN02676,South,Provider Group C,Controlling Blood Pressure,2026-06-01,0,Valid
7787,SYN02676,South,Provider Group C,Medication Adherence,2026-06-01,0,Valid
7788,SYN02679,South,Provider Group B,Breast Cancer Screening,2026-06-01,0,Valid
7789,SYN02679,South,Provider Group B,Diabetes Care,2026-06-01,0,Valid
7790,SYN02686,South,Provider Group D,Breast Cancer Screening,2026-06-01,0,Valid
7791,SYN02686,South,Provider Group D,Colorectal Cancer Screening,2026-06-01,0,Valid
7792,SYN02686,South,Provider Group D,Diabetes Care,2026-06-01,0,Valid
7793,SYN02686,South,Provider Group D,Follow-Up After Hospitalization,2026-06-01,0,Valid
7794,SYN02686,South,Provider Group D,Medication Adherence,2026-06-01,0,Valid
7795,SYN02692,South,Provider Group C,Colorectal Cancer Screening,2026-06-01,0,Valid
7796,SYN02692,South,Provider Group C,Medication Adherence,2026-06-01,0,Valid
7797,SYN02705,North,Provider Group A,Breast Cancer Screening,2026-06-01,0,Valid
7798,SYN02705,North,Provider Group A,Controlling Blood Pressure,2026-06-01,0,Valid
7799,SYN02705,North,Provider Group A,Medication Adherence,2026-06-01,0,Valid
7800,SYN02714,North,Provider Group C,Controlling Blood Pressure,2026-06-01,0,Valid
7801,SYN02714,North,Provider Group C,Diabetes Care,2026-06-01,0,Valid
7802,SYN02714,North,Provider Group C,Follow-Up After Hospitalization,2026-06-01,0,Valid
7803,SYN02719,South,Provider Group B,Colorectal Cancer Screening,2026-06-01,0,Valid
7804,SYN02719,South,Provider Group B,Controlling Blood Pressure,2026-06-01,0,Valid
7805,SYN02725,West,Provider Group C,Colorectal Cancer Screening,2026-06-01,0,Valid
7806,SYN02725,West,Provider Group C,Controlling Blood Pressure,2026-06-01,0,Valid
7807,SYN02725,West,Provider Group C,Diabetes Care,2026-06-01,0,Valid
7808,SYN02728,West,Provider Group D,Breast Cancer Screening,2026-06-01,0,Valid
7809,SYN02728,West,Provider Group D,Colorectal Cancer Screening,2026-06-01,0,Valid
7810,SYN02728,West,Provider Group D,Controlling Blood Pressure,2026-06-01,0,Valid
7811,SYN02738,South,Provider Group D,Controlling Blood Pressure,2026-06-01,0,Valid
7812,SYN02741,East,Provider Group A,Breast Cancer Screening,2026-06-01,0,Valid
7813,SYN02741,East,Provider Group A,Medication Adherence,2026-06-01,0,Valid
7814,SYN02747,West,Provider Group E,Colorectal Cancer Screening,2026-06-01,0,Valid
7815,SYN02748,South,Provider Group A,Follow-Up After Hospitalization,2026-06-01,0,Valid
7816,SYN02748,South,Provider Group A,Medication Adherence,2026-06-01,0,Valid
7817,SYN02757,East,Provider Group E,Diabetes Care,2026-06-01,0,Valid
7818,SYN02757,East,Provider Group E,Medication Adherence,2026-06-01,0,Valid
7819,SYN02766,West,Provider Group A,Breast Cancer Screening,2026-06-01,0,Valid
7820,SYN02766,West,Provider Group A,Controlling Blood Pressure,2026-06-01,0,Valid
7821,SYN02766,West,Provider Group A,Medication Adherence,2026-06-01,0,Valid
7822,SYN02774,South,Provider Group D,Controlling Blood Pressure,2026-06-01,0,Valid
7823,SYN02782,East,Provider Group C,Follow-Up After Hospitalization,2026-06-01,0,Valid
7824,SYN02782,East,Provider Group C,Medication Adherence,2026-06-01,0,Valid
7825,SYN02783,South,Provider Group C,Colorectal Cancer Screening,2026-06-01,0,Valid
7826,SYN02783,South,Provider Group C,Follow-Up After Hospitalization,2026-06-01,0,Valid
7827,SYN02783,South,Provider Group C,Medication Adherence,2026-06-01,0,Valid
7828,SYN02786,North,Provider Group D,Controlling Blood Pressure,2026-06-01,0,Valid
7829,SYN02797,North,Provider Group A,Breast Cancer Screening,2026-06-01,0,Valid
7830,SYN02804,East,Provider Group A,Breast Cancer Screening,2026-06-01,0,Valid
7831,SYN02804,East,Provider Group A,Controlling Blood Pressure,2026-06-01,0,Valid
7832,SYN02804,East,Provider Group A,Diabetes Care,2026-06-01,0,Valid
7833,SYN02804,East,Provider Group A,Follow-Up After Hospitalization,2026-06-01,0,Valid
7834,SYN02804,East,Provider Group A,Medication Adherence,2026-06-01,0,Valid
7835,SYN02820,East,Provider Group D,Diabetes Care,2026-06-01,0,Valid
7836,SYN02820,East,Provider Group D,Medication Adherence,2026-06-01,0,Valid
7837,SYN02825,West,Provider Group D,Controlling Blood Pressure,2026-06-01,0,Valid
7838,SYN02825,West,Provider Group D,Diabetes Care,2026-06-01,0,Valid
7839,SYN02825,West,Provider Group D,Medication Adherence,2026-06-01,0,Valid
7840,SYN02827,South,Provider Group A,Colorectal Cancer Screening,2026-06-01,0,Valid
7841,SYN02827,South,Provider Group A,Follow-Up After Hospitalization,2026-06-01,0,Valid
7842,SYN02827,South,Provider Group A,Medication Adherence,2026-06-01,0,Valid
7843,SYN02840,West,Provider Group B,Breast Cancer Screening,2026-06-01,0,Valid
7844,SYN02840,West,Provider Group B,Medication Adherence,2026-06-01,0,Valid
7845,SYN02841,East,Provider Group B,Breast Cancer Screening,2026-06-01,0,Valid
7846,SYN02841,East,Provider Group B,Controlling Blood Pressure,2026-06-01,0,Valid
7847,SYN02841,East,Provider Group B,Follow-Up After Hospitalization,2026-06-01,0,Valid
7848,SYN02845,South,Provider Group D,Controlling Blood Pressure,2026-06-01,0,Valid
7849,SYN02845,South,Provider Group D,Medication Adherence,2026-06-01,0,Valid
7850,SYN02847,North,Provider Group C,Breast Cancer Screening,2026-06-01,0,Valid
7851,SYN02847,North,Provider Group C,Colorectal Cancer Screening,2026-06-01,0,Valid
7852,SYN02847,North,Provider Group C,Diabetes Care,2026-06-01,0,Valid
7853,SYN02848,South,Provider Group C,Controlling Blood Pressure,2026-06-01,0,Valid
7854,SYN02848,South,Provider Group C,Diabetes Care,2026-06-01,0,Valid
7855,SYN02848,South,Provider Group C,Medication Adherence,2026-06-01,0,Valid
7856,SYN02867,East,Provider Group D,Medication Adherence,2026-06-01,0,Valid
7857,SYN02868,East,Provider Group A,Colorectal Cancer Screening,2026-06-01,0,Valid
7858,SYN02869,North,Provider Group A,Breast Cancer Screening,2026-06-01,0,Valid
7859,SYN02869,North,Provider Group A,Diabetes Care,2026-06-01,0,Valid
7860,SYN02874,West,Provider Group B,Breast Cancer Screening,2026-06-01,0,Valid
7861,SYN02874,West,Provider Group B,Colorectal Cancer Screening,2026-06-01,0,Valid
7862,SYN02874,West,Provider Group B,Controlling Blood Pressure,2026-06-01,0,Valid
7863,SYN02874,West,Provider Group B,Medication Adherence,2026-06-01,0,Valid
7864,SYN02876,North,Provider Group B,Breast Cancer Screening,2026-06-01,0,Valid
7865,SYN02876,North,Provider Group B,Diabetes Care,2026-06-01,0,Valid
7866,SYN02876,North,Provider Group B,Follow-Up After Hospitalization,2026-06-01,0,Valid
7867,SYN02876,North,Provider Group B,Medication Adherence,2026-06-01,0,Valid
7868,SYN02877,South,Provider Group A,Controlling Blood Pressure,2026-06-01,0,Valid
7869,SYN02877,South,Provider Group A,Medication Adherence,2026-06-01,0,Valid
7870,SYN02881,South,Provider Group E,Controlling Blood Pressure,2026-06-01,0,Valid
7871,SYN02881,South,Provider Group E,Diabetes Care,2026-06-01,0,Valid
7872,SYN02884,South,Provider Group B,Controlling Blood Pressure,2026-06-01,0,Valid
7873,SYN02884,South,Provider Group B,Diabetes Care,2026-06-01,0,Valid
7874,SYN02884,South,Provider Group B,Follow-Up After Hospitalization,2026-06-01,0,Valid
7875,SYN02886,South,Provider Group C,Controlling Blood Pressure,2026-06-01,0,Valid
7876,SYN02886,South,Provider Group C,Medication Adherence,2026-06-01,0,Valid
7877,SYN02888,East,Provider Group A,Colorectal Cancer Screening,2026-06-01,0,Valid
7878,SYN02888,East,Provider Group A,Diabetes Care,2026-06-01,0,Valid
7879,SYN02901,North,Provider Group C,Controlling Blood Pressure,2026-06-01,0,Valid
7880,SYN02901,North,Provider Group C,Follow-Up After Hospitalization,2026-06-01,0,Valid
7881,SYN02903,South,Provider Group E,Follow-Up After Hospitalization,2026-06-01,0,Valid
7882,SYN02911,South,Provider Group C,Breast Cancer Screening,2026-06-01,0,Valid
7883,SYN02911,South,Provider Group C,Controlling Blood Pressure,2026-06-01,0,Valid
7884,SYN02911,South,Provider Group C,Follow-Up After Hospitalization,2026-06-01,0,Valid
7885,SYN02912,North,Provider Group B,Diabetes Care,2026-06-01,0,Valid
7886,SYN02925,North,Provider Group A,Breast Cancer Screening,2026-06-01,0,Valid
7887,SYN02925,North,Provider Group A,Controlling Blood Pressure,2026-06-01,0,Valid
7888,SYN02925,North,Provider Group A,Medication Adherence,2026-06-01,0,Valid
7889,SYN02935,South,Provider Group B,Breast Cancer Screening,2026-06-01,0,Valid
7890,SYN02935,South,Provider Group B,Controlling Blood Pressure,2026-06-01,0,Valid
7891,SYN02935,South,Provider Group B,Medication Adherence,2026-06-01,0,Valid
7892,SYN02959,West,Provider Group E,Breast Cancer Screening,2026-06-01,0,Valid
7893,SYN02959,West,Provider Group E,Controlling Blood Pressure,2026-06-01,0,Valid
7894,SYN02959,West,Provider Group E,Diabetes Care,2026-06-01,0,Valid
7895,SYN02959,West,Provider Group E,Medication Adherence,2026-06-01,0,Valid
7896,SYN02961,East,Provider Group A,Breast Cancer Screening,2026-06-01,0,Valid
7897,SYN02961,East,Provider Group A,Colorectal Cancer Screening,2026-06-01,0,Valid
7898,SYN02961,East,Provider Group A,Follow-Up After Hospitalization,2026-06-01,0,Valid
7899,SYN02965,North,Provider Group B,Controlling Blood Pressure,2026-06-01,0,Valid
7900,SYN02965,North,Provider Group B,Diabetes Care,2026-06-01,0,Valid
7901,SYN02965,North,Provider Group B,Follow-Up After Hospitalization,2026-06-01,0,Valid
7902,SYN02965,North,Provider Group B,Medication Adherence,2026-06-01,0,Valid
7903,SYN02975,South,Provider Group A,Colorectal Cancer Screening,2026-06-01,0,Valid
7904,SYN02975,South,Provider Group A,Medication Adherence,2026-06-01,0,Valid
7905,SYN02977,North,Provider Group B,Breast Cancer Screening,2026-06-01,0,Valid
7906,SYN02977,North,Provider Group B,Controlling Blood Pressure,2026-06-01,0,Valid
7907,SYN02977,North,Provider Group B,Medication Adherence,2026-06-01,0,Valid
7908,SYN02978,West,Provider Group E,Colorectal Cancer Screening,2026-06-01,0,Valid
7909,SYN02980,East,Provider Group E,Diabetes Care,2026-06-01,0,Valid
7910,SYN02980,East,Provider Group E,Medication Adherence,2026-06-01,0,Valid
7911,SYN02987,North,Provider Group A,Colorectal Cancer Screening,2026-06-01,0,Valid
7912,SYN02987,North,Provider Group A,Controlling Blood Pressure,2026-06-01,0,Valid
7913,SYN02991,North,Provider Group D,Colorectal Cancer Screening,2026-06-01,0,Valid
7914,SYN02991,North,Provider Group D,Controlling Blood Pressure,2026-06-01,0,Valid
7915,SYN02991,North,Provider Group D,Diabetes Care,2026-06-01,0,Valid
7916,SYN02994,South,Provider Group B,Colorectal Cancer Screening,2026-06-01,0,Valid
7917,SYN02994,South,Provider Group B,Controlling Blood Pressure,2026-06-01,0,Valid
7918,SYN03001,South,Provider Group D,Breast Cancer Screening,2026-06-01,0,Valid
7919,SYN03001,South,Provider Group D,Controlling Blood Pressure,2026-06-01,0,Valid
7920,SYN03001,South,Provider Group D,Diabetes Care,2026-06-01,0,Valid
7921,SYN03001,South,Provider Group D,Follow-Up After Hospitalization,2026-06-01,0,Valid
7922,SYN03002,West,Provider Group B,Medication Adherence,2026-06-01,0,Valid
7923,SYN03006,South,Provider Group A,Colorectal Cancer Screening,2026-06-01,0,Valid
7924,SYN03006,South,Provider Group A,Diabetes Care,2026-06-01,0,Valid
7925,SYN03009,South,Provider Group B,Colorectal Cancer Screening,2026-06-01,0,Valid
7926,SYN03011,North,Provider Group D,Breast Cancer Screening,2026-06-01,0,Valid
7927,SYN03011,North,Provider Group D,Colorectal Cancer Screening,2026-06-01,0,Valid
7928,SYN03011,North,Provider Group D,Controlling Blood Pressure,2026-06-01,0,Valid
7929,SYN03011,North,Provider Group D,Diabetes Care,2026-06-01,0,Valid
7930,SYN03011,North,Provider Group D,Medication Adherence,2026-06-01,0,Valid
7931,SYN03014,North,Provider Group A,Breast Cancer Screening,2026-06-01,0,Valid
7932,SYN03014,North,Provider Group A,Controlling Blood Pressure,2026-06-01,0,Valid
7933,SYN03015,North,Provider Group C,Breast Cancer Screening,2026-06-01,0,Valid
7934,SYN03015,North,Provider Group C,Colorectal Cancer Screening,2026-06-01,0,Valid
7935,SYN03015,North,Provider Group C,Controlling Blood Pressure,2026-06-01,0,Valid
7936,SYN03018,West,Provider Group A,Colorectal Cancer Screening,2026-06-01,0,Valid
7937,SYN03018,West,Provider Group A,Controlling Blood Pressure,2026-06-01,0,Valid
7938,SYN03018,West,Provider Group A,Follow-Up After Hospitalization,2026-06-01,0,Valid
7939,SYN03027,East,Provider Group D,Follow-Up After Hospitalization,2026-06-01,0,Valid
7940,SYN03036,South,Provider Group B,Colorectal Cancer Screening,2026-06-01,0,Valid
7941,SYN03036,South,Provider Group B,Controlling Blood Pressure,2026-06-01,0,Valid
7942,SYN03039,North,Provider Group C,Breast Cancer Screening,2026-06-01,0,Valid
7943,SYN03039,North,Provider Group C,Colorectal Cancer Screening,2026-06-01,0,Valid
7944,SYN03039,North,Provider Group C,Follow-Up After Hospitalization,2026-06-01,0,Valid
7945,SYN03045,North,Provider Group C,Colorectal Cancer Screening,2026-06-01,0,Valid
7946,SYN03045,North,Provider Group C,Controlling Blood Pressure,2026-06-01,0,Valid
7947,SYN03045,North,Provider Group C,Follow-Up After Hospitalization,2026-06-01,0,Valid
7948,SYN03045,North,Provider Group C,Medication Adherence,2026-06-01,0,Valid
7949,SYN03055,East,Provider Group B,Colorectal Cancer Screening,2026-06-01,0,Valid
7950,SYN03057,West,Provider Group C,Follow-Up After Hospitalization,2026-06-01,0,Valid
7951,SYN03057,West,Provider Group C,Medication Adherence,2026-06-01,0,Valid
7952,SYN03062,South,Provider Group A,Colorectal Cancer Screening,2026-06-01,0,Valid
7953,SYN03062,South,Provider Group A,Diabetes Care,2026-06-01,0,Valid
7954,SYN03062,South,Provider Group A,Follow-Up After Hospitalization,2026-06-01,0,Valid
7955,SYN03062,South,Provider Group A,Medication Adherence,2026-06-01,0,Valid
7956,SYN03079,North,Provider Group B,Breast Cancer Screening,2026-06-01,0,Valid
7957,SYN03079,North,Provider Group B,Colorectal Cancer Screening,2026-06-01,0,Valid
7958,SYN03079,North,Provider Group B,Controlling Blood Pressure,2026-06-01,0,Valid
7959,SYN03099,East,Provider Group A,Colorectal Cancer Screening,2026-06-01,0,Valid
7960,SYN03099,East,Provider Group A,Controlling Blood Pressure,2026-06-01,0,Valid
7961,SYN03099,East,Provider Group A,Diabetes Care,2026-06-01,0,Valid
7962,SYN03099,East,Provider Group A,Medication Adherence,2026-06-01,0,Valid
7963,SYN03104,South,Provider Group B,Breast Cancer Screening,2026-06-01,0,Valid
7964,SYN03104,South,Provider Group B,Controlling Blood Pressure,2026-06-01,0,Valid
7965,SYN03104,South,Provider Group B,Diabetes Care,2026-06-01,0,Valid
7966,SYN03105,East,Provider Group A,Diabetes Care,2026-06-01,0,Valid
7967,SYN03105,East,Provider Group A,Medication Adherence,2026-06-01,0,Valid
7968,SYN03106,South,Provider Group A,Breast Cancer Screening,2026-06-01,0,Valid
7969,SYN03106,South,Provider Group A,Medication Adherence,2026-06-01,0,Valid
7970,SYN03119,West,Provider Group E,Diabetes Care,2026-06-01,0,Valid
7971,SYN03119,West,Provider Group E,Follow-Up After Hospitalization,2026-06-01,0,Valid
7972,SYN03119,West,Provider Group E,Medication Adherence,2026-06-01,0,Valid
7973,SYN03141,West,Provider Group B,Breast Cancer Screening,2026-06-01,0,Valid
7974,SYN03141,West,Provider Group B,Colorectal Cancer Screening,2026-06-01,0,Valid
7975,SYN03141,West,Provider Group B,Follow-Up After Hospitalization,2026-06-01,0,Valid
7976,SYN03142,North,Provider Group E,Follow-Up After Hospitalization,2026-06-01,0,Valid
7977,SYN03145,North,Provider Group E,Breast Cancer Screening,2026-06-01,0,Valid
7978,SYN03145,North,Provider Group E,Controlling Blood Pressure,2026-06-01,0,Valid
7979,SYN03145,North,Provider Group E,Diabetes Care,2026-06-01,0,Valid
7980,SYN03146,West,Provider Group A,Controlling Blood Pressure,2026-06-01,0,Valid
7981,SYN03146,West,Provider Group A,Diabetes Care,2026-06-01,0,Valid
7982,SYN03161,South,Provider Group C,Breast Cancer Screening,2026-06-01,0,Valid
7983,SYN03161,South,Provider Group C,Colorectal Cancer Screening,2026-06-01,0,Valid
7984,SYN03161,South,Provider Group C,Controlling Blood Pressure,2026-06-01,0,Valid
7985,SYN03170,South,Provider Group D,Breast Cancer Screening,2026-06-01,0,Valid
7986,SYN03170,South,Provider Group D,Colorectal Cancer Screening,2026-06-01,0,Valid
7987,SYN03170,South,Provider Group D,Diabetes Care,2026-06-01,0,Valid
7988,SYN03170,South,Provider Group D,Medication Adherence,2026-06-01,0,Valid
7989,SYN03172,South,Provider Group B,Breast Cancer Screening,2026-06-01,0,Valid
7990,SYN03172,South,Provider Group B,Diabetes Care,2026-06-01,0,Valid
7991,SYN03178,North,Provider Group A,Breast Cancer Screening,2026-06-01,0,Valid
7992,SYN03178,North,Provider Group A,Colorectal Cancer Screening,2026-06-01,0,Valid
7993,SYN03178,North,Provider Group A,Controlling Blood Pressure,2026-06-01,0,Valid
7994,SYN03178,North,Provider Group A,Medication Adherence,2026-06-01,0,Valid
7995,SYN03195,East,Provider Group A,Breast Cancer Screening,2026-06-01,0,Valid
7996,SYN03195,East,Provider Group A,Colorectal Cancer Screening,2026-06-01,0,Valid
7997,SYN03195,East,Provider Group A,Controlling Blood Pressure,2026-06-01,0,Valid
7998,SYN03195,East,Provider Group A,Diabetes Care,2026-06-01,0,Valid
7999,SYN03195,East,Provider Group A,Follow-Up After Hospitalization,2026-06-01,0,Valid
8000,SYN03195,East,Provider Group A,Medication Adherence,2026-06-01,0,Valid
8001,SYN02074,West,Provider Group A,Medication Adherence,2026-02-01,1,Needs Review
8002,SYN02350,East,Provider Group E,Medication Adherence,2026-03-01,1,Needs Review
8003,SYN02156,West,Provider Group C,Medication Adherence,2026-02-01,1,Needs Review
8004,SYN00274,West,Provider Group B,Colorectal Cancer Screening,2026-05-01,1,Needs Review
8005,SYN01466,East,Provider Group C,Medication Adherence,2026-05-01,1,Needs Review
8006,SYN00285,West,Provider Group B,Controlling Blood Pressure,2026-01-01,1,Needs Review
8007,SYN03004,East,Provider Group D,Medication Adherence,2026-02-01,1,Needs Review
8008,SYN00514,North,Provider Group E,Controlling Blood Pressure,2026-01-01,1,Needs Review
8009,SYN01557,North,Provider Group D,Medication Adherence,2026-03-01,1,Needs Review
8010,SYN02644,East,Provider Group E,Medication Adherence,2026-06-01,1,Needs Review
8011,SYN01526,North,Provider Group D,Colorectal Cancer Screening,2026-04-01,1,Needs Review
8012,SYN02187,North,Provider Group D,Medication Adherence,2026-05-01,1,Needs Review
8013,SYN00193,East,Provider Group C,Follow-Up After Hospitalization,2026-05-01,1,Needs Review
8014,SYN02664,South,Provider Group B,Colorectal Cancer Screening,2026-03-01,1,Needs Review
8015,SYN00989,West,Provider Group C,Medication Adherence,2026-03-01,1,Needs Review
8016,SYN00424,East,Provider Group D,Controlling Blood Pressure,2026-05-01,1,Needs Review
8017,SYN02641,North,Provider Group C,Colorectal Cancer Screening,2026-01-01,1,Needs Review
8018,SYN01307,West,Provider Group D,Controlling Blood Pressure,2026-05-01,1,Needs Review
8019,SYN01639,West,Provider Group E,Controlling Blood Pressure,2026-05-01,1,Needs Review
8020,SYN01538,South,Provider Group B,Diabetes Care,2026-04-01,1,Needs Review
