Member_ID,Age,Gender,Region,Provider_Group,Measure_Name,Eligible_Flag,Compliant_Flag,Gap_Status,Measurement_Month,Outreach_Attempts,Outreach_Channel,Outreach_Status,Gap_Closed,Target_Rate
SYN00005,74,Female,South,Provider Group B,Colorectal Cancer Screening,1,1,Compliant,2026-01-01,0,None,Not Needed,0,0.75
SYN00005,74,Female,South,Provider Group B,Controlling Blood Pressure,1,1,Compliant,2026-01-01,0,None,Not Needed,0,0.8
SYN00005,74,Female,South,Provider Group B,Medication Adherence,1,1,Compliant,2026-01-01,0,None,Not Needed,0,0.85
SYN00007,73,Female,West,Provider Group D,Colorectal Cancer Screening,1,1,Compliant,2026-01-01,1,Phone,Reached,1,0.75
SYN00007,73,Female,West,Provider Group D,Controlling Blood Pressure,1,1,Compliant,2026-01-01,0,None,Not Needed,0,0.8
SYN00007,73,Female,West,Provider Group D,Diabetes Care,1,1,Compliant,2026-01-01,0,None,Not Needed,0,0.78
SYN00007,73,Female,West,Provider Group D,Follow-Up After Hospitalization,1,0,Open,2026-01-01,0,None,Not Attempted,0,0.75
SYN00007,73,Female,West,Provider Group D,Medication Adherence,1,1,Compliant,2026-01-01,0,None,Not Needed,0,0.85
SYN00016,67,Female,South,Provider Group D,Breast Cancer Screening,1,0,Open,2026-01-01,0,None,Not Attempted,0,0.8
SYN00016,67,Female,South,Provider Group D,Controlling Blood Pressure,0,0,Not Eligible,2026-01-01,0,None,Not Needed,0,0.8
SYN00016,67,Female,South,Provider Group D,Diabetes Care,1,0,Open,2026-01-01,2,,Unable to Reach,0,0.78
SYN00020,70,Male,West,Provider Group E,Colorectal Cancer Screening,1,1,Compliant,2026-01-01,0,None,Not Needed,0,0.75
SYN00021,82,Male,East,Provider Group B,Breast Cancer Screening,0,0,Not Eligible,2026-01-01,0,None,Not Needed,0,0.8
SYN00021,82,Male,East,Provider Group B,Controlling Blood Pressure,1,1,Compliant,2026-01-01,0,None,Not Needed,0,0.8
SYN00021,82,Male,East,Provider Group B,Medication Adherence,1,0,Open,2026-01-01,0,None,Not Attempted,0,0.85
SYN00023,67,Male,South,Provider Group B,Colorectal Cancer Screening,1,1,Compliant,2026-01-01,3,Mail,Reached,1,0.75
SYN00023,67,Male,South,Provider Group B,Medication Adherence,1,1,Compliant,2026-01-01,0,None,Not Needed,0,0.85
SYN00027,66,Male,North,Provider Group E,Controlling Blood Pressure,1,1,Compliant,2026-01-01,0,None,Not Needed,0,0.8
SYN00027,66,Male,North,Provider Group E,Diabetes Care,1,1,Compliant,2026-01-01,0,None,Not Needed,0,0.78
SYN00027,66,Male,North,Provider Group E,Follow-Up After Hospitalization,1,1,Compliant,2026-01-01,0,None,Not Needed,0,0.75
SYN00034,85,Female,East,Provider Group A,Breast Cancer Screening,0,0,Not Eligible,2026-01-01,0,None,Not Needed,0,0.8
SYN00034,85,Female,East,Provider Group A,Controlling Blood Pressure,1,1,Compliant,2026-01-01,0,None,Not Needed,0,0.8
SYN00046,73,Male,South,Provider Group E,Breast Cancer Screening,0,0,Not Eligible,2026-01-01,0,None,Not Needed,0,0.8
SYN00050,68,Female,East,Provider Group A,Breast Cancer Screening,1,1,Compliant,2026-01-01,0,None,Not Needed,0,0.8
SYN00050,68,Female,East,Provider Group A,Controlling Blood Pressure,1,0,Open,2026-01-01,1,Phone,Unable to Reach,0,0.8
SYN00050,68,Female,East,Provider Group A,Diabetes Care,0,0,Not Eligible,2026-01-01,0,None,Not Needed,0,0.78
SYN00056,69,Female,East,Provider Group C,Colorectal Cancer Screening,1,0,Open,2026-01-01,2,Phone,Reached,0,0.75
SYN00065,84,Male,North,Provider Group A,Diabetes Care,1,1,Compliant,2026-01-01,0,None,Not Needed,0,0.78
SYN00071,76,Female,South,Provider Group A,Breast Cancer Screening,0,0,Not Eligible,2026-01-01,0,None,Not Needed,0,0.8
SYN00071,76,Female,South,Provider Group A,Colorectal Cancer Screening,0,0,Not Eligible,2026-01-01,0,None,Not Needed,0,0.75
SYN00071,76,Female,South,Provider Group A,Controlling Blood Pressure,1,1,Compliant,2026-01-01,0,None,Not Needed,0,0.8
SYN00071,76,Female,South,Provider Group A,Diabetes Care,1,1,Compliant,2026-01-01,0,None,Not Needed,0,0.78
SYN00071,76,Female,South,Provider Group A,Medication Adherence,1,1,Compliant,2026-01-01,0,None,Not Needed,0,0.85
SYN00073,73,Female,West,Provider Group A,Breast Cancer Screening,1,1,Compliant,2026-01-01,0,None,Not Needed,0,0.8
SYN00073,73,Female,West,Provider Group A,Diabetes Care,1,1,Compliant,2026-01-01,0,None,Not Needed,0,0.78
SYN00073,73,Female,West,Provider Group A,Medication Adherence,1,1,Compliant,2026-01-01,0,None,Not Needed,0,0.85
SYN00075,82,Male,East,Provider Group D,Diabetes Care,1,0,Open,2026-01-01,3,Mail,Reached,0,0.78
SYN00075,82,Male,East,Provider Group D,Medication Adherence,1,1,Compliant,2026-01-01,0,None,Not Needed,0,0.85
SYN00076,77,Male,East,Provider Group C,Colorectal Cancer Screening,0,0,Not Eligible,2026-01-01,0,None,Not Needed,0,0.75
SYN00081,73,Male,North,Provider Group C,Controlling Blood Pressure,1,1,Compliant,2026-01-01,0,None,Not Needed,0,0.8
SYN00081,73,Male,North,Provider Group C,Diabetes Care,1,1,Compliant,2026-01-01,0,None,Not Needed,0,0.78
SYN00095,75,Male,South,Provider Group D,Colorectal Cancer Screening,1,1,Compliant,2026-01-01,0,None,Not Needed,0,0.75
SYN00095,75,Male,South,Provider Group D,Controlling Blood Pressure,0,0,Not Eligible,2026-01-01,0,None,Not Needed,0,0.8
SYN00108,68,Female,South,Provider Group A,Breast Cancer Screening,1,0,Open,2026-01-01,1,Phone,Reached,0,0.8
SYN00108,68,Female,South,Provider Group A,Colorectal Cancer Screening,1,1,Compliant,2026-01-01,0,None,Not Needed,0,0.75
SYN00108,68,Female,South,Provider Group A,Medication Adherence,1,1,Compliant,2026-01-01,0,None,Not Needed,0,0.85
SYN00126,81,Female,North,Provider Group D,Colorectal Cancer Screening,0,1,Not Eligible,2026-01-01,0,None,Not Needed,0,0.75
SYN00127,77,Male,West,Provider Group B,Colorectal Cancer Screening,0,0,Not Eligible,2026-01-01,0,None,Not Needed,0,0.75
SYN00127,77,Male,West,Provider Group B,Follow-Up After Hospitalization,1,1,Compliant,2026-01-01,0,None,Not Needed,0,0.75
SYN00129,65,Male,North,Provider Group D,Colorectal Cancer Screening,1,1,Compliant,2026-01-01,0,None,Not Needed,0,0.75
SYN00129,65,Male,North,Provider Group D,Diabetes Care,1,1,Compliant,2026-01-01,0,None,Not Needed,0,0.78
SYN00137,67,Female,North,Provider Group C,Breast Cancer Screening,1,1,Compliant,2026-01-01,0,None,Not Needed,0,0.8
SYN00137,67,Female,North,Provider Group C,Diabetes Care,0,0,Not Eligible,2026-01-01,0,None,Not Needed,0,0.78
SYN00137,67,Female,North,Provider Group C,Follow-Up After Hospitalization,1,0,Open,2026-01-01,0,None,Not Attempted,0,0.75
SYN00145,66,Female,South,Provider Group C,Breast Cancer Screening,1,0,Open,2026-01-01,0,None,Not Attempted,0,0.8
SYN00145,66,Female,South,Provider Group C,Controlling Blood Pressure,1,0,Open,2026-01-01,3,Mail,Reached,0,0.8
SYN00145,66,Female,South,Provider Group C,Medication Adherence,1,1,Compliant,2026-01-01,1,Phone,Reached,1,0.85
SYN00146,68,Female,West,Provider Group C,Colorectal Cancer Screening,1,1,Compliant,2026-01-01,0,None,Not Needed,0,0.75
SYN00146,68,Female,West,Provider Group C,Controlling Blood Pressure,1,0,Open,2026-01-01,2,Mail,Reached,0,0.8
SYN00149,80,Female,North,Provider Group D,Breast Cancer Screening,0,0,Not Eligible,2026-01-01,0,None,Not Needed,0,0.8
SYN00149,80,Female,North,Provider Group D,Controlling Blood Pressure,0,0,Not Eligible,2026-01-01,0,None,Not Needed,0,0.8
SYN00149,80,Female,North,Provider Group D,Diabetes Care,1,0,Open,2026-01-01,1,Phone,Unable to Reach,0,0.78
SYN00149,80,Female,North,Provider Group D,Medication Adherence,1,1,Compliant,2026-01-01,0,None,Not Needed,0,0.85
SYN00168,73,Female,South,Provider Group C,Controlling Blood Pressure,1,1,Compliant,2026-01-01,0,None,Not Needed,0,0.8
SYN00179,75,Female,South,Provider Group C,Breast Cancer Screening,0,0,Not Eligible,2026-01-01,0,None,Not Needed,0,0.8
SYN00179,75,Female,South,Provider Group C,Controlling Blood Pressure,1,0,Open,2026-01-01,1,Phone,Reached,0,0.8
SYN00185,68,Female,North,Provider Group E,Colorectal Cancer Screening,1,1,Compliant,2026-01-01,0,None,Not Needed,0,0.75
SYN00185,68,Female,North,Provider Group E,Controlling Blood Pressure,1,1,Compliant,2026-01-01,0,None,Not Needed,0,0.8
SYN00185,68,Female,North,Provider Group E,Diabetes Care,0,0,Not Eligible,2026-01-01,0,None,Not Needed,0,0.78
SYN00185,68,Female,North,Provider Group E,Follow-Up After Hospitalization,1,1,Compliant,2026-01-01,0,None,Not Needed,0,0.75
SYN00189,65,Male,West,Provider Group D,Colorectal Cancer Screening,1,0,Open,2026-01-01,0,None,Not Attempted,0,0.75
SYN00189,65,Male,West,Provider Group D,Controlling Blood Pressure,1,1,Compliant,2026-01-01,0,None,Not Needed,0,0.8
SYN00189,65,Male,West,Provider Group D,Diabetes Care,1,0,Open,2026-01-01,0,None,Not Attempted,0,0.78
SYN00190,75,Female,South,Provider Group A,Medication Adherence,1,1,Compliant,2026-01-01,0,None,Not Needed,0,0.85
SYN00207,89,Male,West,Provider Group D,Controlling Blood Pressure,0,0,Not Eligible,2026-01-01,0,None,Not Needed,0,0.8
SYN00207,89,Male,West,Provider Group D,Diabetes Care,1,0,Open,2026-01-01,0,None,Not Attempted,0,0.78
SYN00207,89,Male,West,Provider Group D,Follow-Up After Hospitalization,1,0,Open,2026-01-01,2,,Unable to Reach,0,0.75
SYN00207,89,Male,West,Provider Group D,Medication Adherence,1,1,Compliant,2026-01-01,1,Phone,Reached,1,0.85
SYN00219,80,Male,North,Provider Group A,Controlling Blood Pressure,1,1,Compliant,2026-01-01,0,None,Not Needed,0,0.8
SYN00219,80,Male,North,Provider Group A,Diabetes Care,0,0,Not Eligible,2026-01-01,0,None,Not Needed,0,0.78
SYN00227,88,Female,North,Provider Group C,Breast Cancer Screening,0,0,Not Eligible,2026-01-01,0,None,Not Needed,0,0.8
SYN00227,88,Female,North,Provider Group C,Colorectal Cancer Screening,0,0,Not Eligible,2026-01-01,0,None,Not Needed,0,0.75
SYN00227,88,Female,North,Provider Group C,Controlling Blood Pressure,1,1,Compliant,2026-01-01,0,None,Not Needed,0,0.8
SYN00227,88,Female,North,Provider Group C,Diabetes Care,1,1,Compliant,2026-01-01,0,None,Not Needed,0,0.78
SYN00231,71,Male,South,Provider Group D,Diabetes Care,1,1,Compliant,2026-01-01,2,Phone,Reached,1,0.78
SYN00231,71,Male,South,Provider Group D,Medication Adherence,1,0,Open,2026-01-01,1,Mail,Unable to Reach,0,0.85
SYN00239,80,Male,South,Provider Group B,Colorectal Cancer Screening,0,0,Not Eligible,2026-01-01,0,None,Not Needed,0,0.75
SYN00239,80,Male,South,Provider Group B,Controlling Blood Pressure,1,1,Compliant,2026-01-01,1,Care Coordinator,Reached,1,0.8
SYN00239,80,Male,South,Provider Group B,Follow-Up After Hospitalization,1,1,Compliant,2026-01-01,0,None,Not Needed,0,0.75
SYN00239,80,Male,South,Provider Group B,Medication Adherence,1,1,Compliant,2026-01-01,0,None,Not Needed,0,0.85
SYN00248,71,Female,East,Provider Group C,Colorectal Cancer Screening,1,1,Compliant,2026-01-01,0,None,Not Needed,0,0.75
SYN00248,71,Female,East,Provider Group C,Controlling Blood Pressure,1,1,Compliant,2026-01-01,4,Mail,Reached,1,0.8
SYN00248,71,Female,East,Provider Group C,Diabetes Care,1,0,Open,2026-01-01,0,None,Not Attempted,0,0.78
SYN00256,82,Female,North,Provider Group A,Breast Cancer Screening,0,0,Not Eligible,2026-01-01,0,None,Not Needed,0,0.8
SYN00256,82,Female,North,Provider Group A,Diabetes Care,0,0,Not Eligible,2026-01-01,0,None,Not Needed,0,0.78
SYN00259,65,Male,North,Provider Group B,Colorectal Cancer Screening,1,0,Open,2026-01-01,0,None,Not Attempted,0,0.75
SYN00259,65,Male,North,Provider Group B,Controlling Blood Pressure,1,1,Compliant,2026-01-01,0,None,Not Needed,0,0.8
SYN00259,65,Male,North,Provider Group B,Medication Adherence,1,1,Compliant,2026-01-01,0,None,Not Needed,0,0.85
SYN00270,81,Male,South,Provider Group A,Controlling Blood Pressure,1,1,Compliant,2026-01-01,0,None,Not Needed,0,0.8
SYN00283,66,Female,East,Provider Group A,Controlling Blood Pressure,1,1,Compliant,2026-01-01,1,Phone,Reached,1,0.8
SYN00283,66,Female,East,Provider Group A,Diabetes Care,1,1,Compliant,2026-01-01,0,None,Not Needed,0,0.78
SYN00283,66,Female,East,Provider Group A,Follow-Up After Hospitalization,1,0,Open,2026-01-01,0,None,Not Attempted,0,0.75
SYN00285,69,Male,West,Provider Group B,Colorectal Cancer Screening,1,0,Open,2026-01-01,0,None,Not Attempted,0,0.75
SYN00285,69,Male,West,Provider Group B,Controlling Blood Pressure,1,1,Compliant,2026-01-01,0,None,Not Needed,0,0.8
SYN00285,69,Male,West,Provider Group B,Medication Adherence,1,0,Open,2026-01-01,1,SMS,Declined,0,0.85
SYN00286,68,Female,North,Provider Group E,Breast Cancer Screening,1,1,Compliant,2026-01-01,0,None,Not Needed,0,0.8
SYN00286,68,Female,North,Provider Group E,Controlling Blood Pressure,1,1,Compliant,2026-01-01,0,None,Not Needed,0,0.8
SYN00286,68,Female,North,Provider Group E,Diabetes Care,1,1,Compliant,2026-01-01,0,None,Not Needed,0,0.78
SYN00288,65,Male,East,Provider Group B,Diabetes Care,1,1,Compliant,2026-01-01,0,None,Not Needed,0,0.78
SYN00288,65,Male,East,Provider Group B,Medication Adherence,1,1,Compliant,2026-01-01,0,None,Not Needed,0,0.85
SYN00301,80,Male,South,Provider Group A,Controlling Blood Pressure,1,0,Open,2026-01-01,2,Phone,Reached,0,0.8
SYN00301,80,Male,South,Provider Group A,Follow-Up After Hospitalization,1,1,Compliant,2026-01-01,0,None,Not Needed,0,0.75
SYN00301,80,Male,South,Provider Group A,Medication Adherence,1,1,Compliant,2026-01-01,0,None,Not Needed,0,0.85
SYN00319,69,Female,East,Provider Group C,Controlling Blood Pressure,1,0,Open,2026-01-01,0,None,Not Attempted,0,0.8
SYN00321,71,Male,South,Provider Group D,Breast Cancer Screening,0,0,Not Eligible,2026-01-01,0,None,Not Needed,0,0.8
SYN00323,69,Male,East,Provider Group B,Diabetes Care,0,0,Not Eligible,2026-01-01,0,None,Not Needed,0,0.78
SYN00323,69,Male,East,Provider Group B,Follow-Up After Hospitalization,1,1,Compliant,2026-01-01,0,None,Not Needed,0,0.75
SYN00328,72,Female,South,Provider Group A,Colorectal Cancer Screening,1,1,Compliant,2026-01-01,0,None,Not Needed,0,0.75
SYN00328,72,Female,South,Provider Group A,Diabetes Care,0,0,Not Eligible,2026-01-01,0,None,Not Needed,0,0.78
SYN00335,88,Male,West,Provider Group B,Controlling Blood Pressure,1,1,Compliant,2026-01-01,0,None,Not Needed,0,0.8
SYN00363,87,Male,South,Provider Group A,Colorectal Cancer Screening,0,0,Not Eligible,2026-01-01,0,None,Not Needed,0,0.75
SYN00363,87,Male,South,Provider Group A,Controlling Blood Pressure,0,0,Not Eligible,2026-01-01,0,None,Not Needed,0,0.8
SYN00363,87,Male,South,Provider Group A,Medication Adherence,1,1,Compliant,2026-01-01,0,None,Not Needed,0,0.85
SYN00369,70,Female,West,Provider Group C,Breast Cancer Screening,1,0,Open,2026-01-01,0,None,Not Attempted,0,0.8
SYN00369,70,Female,West,Provider Group C,Colorectal Cancer Screening,1,0,Open,2026-01-01,0,None,Not Attempted,0,0.75
SYN00369,70,Female,West,Provider Group C,Diabetes Care,1,0,Open,2026-01-01,1,Phone,Reached,0,0.78
SYN00377,81,Female,East,Provider Group D,Breast Cancer Screening,0,0,Not Eligible,2026-01-01,0,None,Not Needed,0,0.8
SYN00377,81,Female,East,Provider Group D,Colorectal Cancer Screening,0,0,Not Eligible,2026-01-01,0,None,Not Needed,0,0.75
SYN00377,81,Female,East,Provider Group D,Controlling Blood Pressure,1,1,Compliant,2026-01-01,0,None,Not Needed,0,0.8
SYN00377,81,Female,East,Provider Group D,Follow-Up After Hospitalization,1,0,Open,2026-01-01,1,SMS,Reached,0,0.75
SYN00377,81,Female,East,Provider Group D,Medication Adherence,1,1,Compliant,2026-01-01,0,None,Not Needed,0,0.85
SYN00378,69,Female,West,Provider Group A,Breast Cancer Screening,1,1,Compliant,2026-01-01,0,None,Not Needed,0,0.8
SYN00378,69,Female,West,Provider Group A,Medication Adherence,1,1,Compliant,2026-01-01,0,None,Not Needed,0,0.85
SYN00391,67,Female,South,Provider Group C,Medication Adherence,1,1,Compliant,2026-01-01,0,None,Not Needed,0,0.85
SYN00417,80,Male,West,Provider Group C,Medication Adherence,1,1,Compliant,2026-01-01,0,None,Not Needed,0,0.85
SYN00419,75,Female,North,Provider Group B,Breast Cancer Screening,0,0,Not Eligible,2026-01-01,0,None,Not Needed,0,0.8
SYN00419,75,Female,North,Provider Group B,Colorectal Cancer Screening,1,1,Compliant,2026-01-01,0,None,Not Needed,0,0.75
SYN00420,70,Male,North,Provider Group D,Colorectal Cancer Screening,1,0,Open,2026-01-01,4,Phone,Reached,0,0.75
SYN00420,70,Male,North,Provider Group D,Controlling Blood Pressure,1,1,Compliant,2026-01-01,0,None,Not Needed,0,0.8
SYN00420,70,Male,North,Provider Group D,Diabetes Care,0,0,Not Eligible,2026-01-01,0,None,Not Needed,0,0.78
SYN00422,79,Female,North,Provider Group B,Breast Cancer Screening,0,0,Not Eligible,2026-01-01,0,None,Not Needed,0,0.8
SYN00422,79,Female,North,Provider Group B,Colorectal Cancer Screening,0,0,Not Eligible,2026-01-01,0,None,Not Needed,0,0.75
SYN00422,79,Female,North,Provider Group B,Diabetes Care,1,1,Compliant,2026-01-01,0,None,Not Needed,0,0.78
SYN00435,74,Male,West,Provider Group B,Colorectal Cancer Screening,1,0,Open,2026-01-01,1,SMS,Unable to Reach,0,0.75
SYN00435,74,Male,West,Provider Group B,Diabetes Care,1,1,Compliant,2026-01-01,0,None,Not Needed,0,0.78
SYN00436,85,Male,North,Provider Group D,Breast Cancer Screening,0,0,Not Eligible,2026-01-01,0,None,Not Needed,0,0.8
SYN00436,85,Male,North,Provider Group D,Colorectal Cancer Screening,0,0,Not Eligible,2026-01-01,0,None,Not Needed,0,0.75
SYN00436,85,Male,North,Provider Group D,Controlling Blood Pressure,1,0,Open,2026-01-01,1,SMS,Reached,0,0.8
SYN00436,85,Male,North,Provider Group D,Diabetes Care,1,0,Open,2026-01-01,2,Mail,Reached,0,0.78
SYN00440,74,Female,South,Provider Group C,Controlling Blood Pressure,1,1,Compliant,2026-01-01,0,None,Not Needed,0,0.8
SYN00440,74,Female,South,Provider Group C,Diabetes Care,0,0,Not Eligible,2026-01-01,0,None,Not Needed,0,0.78
SYN00440,74,Female,South,Provider Group C,Medication Adherence,1,0,Open,2026-01-01,0,None,Not Attempted,0,0.85
SYN00443,88,Male,South,Provider Group E,Controlling Blood Pressure,1,1,Compliant,2026-01-01,2,Care Coordinator,Reached,1,0.8
SYN00443,88,Male,South,Provider Group E,Medication Adherence,0,0,Not Eligible,2026-01-01,0,None,Not Needed,0,0.85
SYN00446,71,Female,North,Provider Group E,Colorectal Cancer Screening,1,0,Open,2026-01-01,1,Mail,Declined,0,0.75
SYN00446,71,Female,North,Provider Group E,Controlling Blood Pressure,1,1,Compliant,2026-01-01,0,None,Not Needed,0,0.8
SYN00446,71,Female,North,Provider Group E,Diabetes Care,1,1,Compliant,2026-01-01,1,SMS,Reached,1,0.78
SYN00446,71,Female,North,Provider Group E,Medication Adherence,1,0,Open,2026-01-01,0,None,Not Attempted,0,0.85
SYN00454,87,Female,South,Provider Group B,Breast Cancer Screening,0,0,Not Eligible,2026-01-01,0,None,Not Needed,0,0.8
SYN00454,87,Female,South,Provider Group B,Controlling Blood Pressure,1,1,Compliant,2026-01-01,0,None,Not Needed,0,0.8
SYN00454,87,Female,South,Provider Group B,Follow-Up After Hospitalization,0,0,Not Eligible,2026-01-01,0,None,Not Needed,0,0.75
SYN00475,74,Male,North,Provider Group D,Controlling Blood Pressure,1,0,Open,2026-01-01,0,None,Not Attempted,0,0.8
SYN00475,74,Male,North,Provider Group D,Diabetes Care,1,1,Compliant,2026-01-01,0,None,Not Needed,0,0.78
SYN00475,74,Male,North,Provider Group D,Follow-Up After Hospitalization,1,1,Compliant,2026-01-01,0,None,Not Needed,0,0.75
SYN00475,74,Male,North,Provider Group D,Medication Adherence,1,1,Compliant,2026-01-01,0,None,Not Needed,0,0.85
SYN00480,72,Female,South,Provider Group A,Diabetes Care,1,0,Open,2026-01-01,1,Care Coordinator,Reached,0,0.78
SYN00490,71,Female,North,Provider Group A,Breast Cancer Screening,1,0,Open,2026-01-01,2,Phone,Unable to Reach,0,0.8
SYN00490,71,Female,North,Provider Group A,Colorectal Cancer Screening,1,0,Open,2026-01-01,1,SMS,Unable to Reach,0,0.75
SYN00490,71,Female,North,Provider Group A,Diabetes Care,1,1,Compliant,2026-01-01,0,None,Not Needed,0,0.78
SYN00490,71,Female,North,Provider Group A,Medication Adherence,1,1,Compliant,2026-01-01,0,None,Not Needed,0,0.85
SYN00493,69,Female,South,Provider Group E,Breast Cancer Screening,1,1,Compliant,2026-01-01,3,Care Coordinator,Reached,1,0.8
SYN00493,69,Female,South,Provider Group E,Controlling Blood Pressure,1,1,Compliant,2026-01-01,0,None,Not Needed,0,0.8
SYN00493,69,Female,South,Provider Group E,Diabetes Care,1,1,Compliant,2026-01-01,0,None,Not Needed,0,0.78
SYN00495,78,Male,West,Provider Group D,Colorectal Cancer Screening,0,0,Not Eligible,2026-01-01,0,None,Not Needed,0,0.75
SYN00495,78,Male,West,Provider Group D,Medication Adherence,1,0,Open,2026-01-01,1,Phone,Reached,0,0.85
SYN00497,67,Female,North,Provider Group B,Breast Cancer Screening,1,1,Compliant,2026-01-01,0,None,Not Needed,0,0.8
SYN00497,67,Female,North,Provider Group B,Controlling Blood Pressure,1,0,Open,2026-01-01,1,Phone,Reached,0,0.8
SYN00497,67,Female,North,Provider Group B,Medication Adherence,1,1,Compliant,2026-01-01,0,None,Not Needed,0,0.85
SYN00503,67,Male,South,Provider Group B,Follow-Up After Hospitalization,0,0,Not Eligible,2026-01-01,0,None,Not Needed,0,0.75
SYN00504,82,Female,East,Provider Group D,Colorectal Cancer Screening,0,0,Not Eligible,2026-01-01,0,None,Not Needed,0,0.75
SYN00504,82,Female,East,Provider Group D,Diabetes Care,1,1,Compliant,2026-01-01,0,None,Not Needed,0,0.78
SYN00510,88,Male,North,Provider Group E,Diabetes Care,0,0,Not Eligible,2026-01-01,0,None,Not Needed,0,0.78
SYN00514,87,Female,North,Provider Group E,Breast Cancer Screening,0,0,Not Eligible,2026-01-01,0,None,Not Needed,0,0.8
SYN00514,87,Female,North,Provider Group E,Colorectal Cancer Screening,0,0,Not Eligible,2026-01-01,0,None,Not Needed,0,0.75
SYN00514,87,Female,North,Provider Group E,Controlling Blood Pressure,1,1,Compliant,2026-01-01,0,None,Not Needed,0,0.8
SYN00514,87,Female,North,Provider Group E,Diabetes Care,1,1,Compliant,2026-01-01,0,None,Not Needed,0,0.78
SYN00516,70,Female,South,Provider Group C,Controlling Blood Pressure,1,0,Open,2026-01-01,0,None,Not Attempted,0,0.8
SYN00516,70,Female,South,Provider Group C,Diabetes Care,0,0,Not Eligible,2026-01-01,0,None,Not Needed,0,0.78
SYN00516,70,Female,South,Provider Group C,Medication Adherence,1,1,Compliant,2026-01-01,0,None,Not Needed,0,0.85
SYN00524,72,Female,South,Provider Group D,Breast Cancer Screening,1,1,Compliant,2026-01-01,0,None,Not Needed,0,0.8
SYN00524,72,Female,South,Provider Group D,Colorectal Cancer Screening,1,0,Open,2026-01-01,3,SMS,Reached,0,0.75
SYN00524,72,Female,South,Provider Group D,Controlling Blood Pressure,1,1,Compliant,2026-01-01,0,None,Not Needed,0,0.8
SYN00524,72,Female,South,Provider Group D,Follow-Up After Hospitalization,1,0,Open,2026-01-01,1,Mail,Declined,0,0.75
SYN00524,72,Female,South,Provider Group D,Medication Adherence,1,1,Compliant,2026-01-01,0,None,Not Needed,0,0.85
SYN00526,81,Male,South,Provider Group D,Colorectal Cancer Screening,0,0,Not Eligible,2026-01-01,0,None,Not Needed,0,0.75
SYN00526,81,Male,South,Provider Group D,Controlling Blood Pressure,1,1,Compliant,2026-01-01,0,None,Not Needed,0,0.8
SYN00526,81,Male,South,Provider Group D,Diabetes Care,1,0,Open,2026-01-01,1,SMS,Reached,0,0.78
SYN00526,81,Male,South,Provider Group D,Follow-Up After Hospitalization,1,0,Open,2026-01-01,0,None,Not Attempted,0,0.75
SYN00529,72,Male,West,Provider Group A,Colorectal Cancer Screening,1,1,Compliant,2026-01-01,0,None,Not Needed,0,0.75
SYN00529,72,Male,West,Provider Group A,Diabetes Care,0,0,Not Eligible,2026-01-01,0,None,Not Needed,0,0.78
SYN00529,72,Male,West,Provider Group A,Medication Adherence,1,1,Compliant,2026-01-01,0,None,Not Needed,0,0.85
SYN00531,79,Female,West,Provider Group C,Breast Cancer Screening,0,0,Not Eligible,2026-01-01,0,None,Not Needed,0,0.8
SYN00531,79,Female,West,Provider Group C,Colorectal Cancer Screening,0,0,Not Eligible,2026-01-01,0,None,Not Needed,0,0.75
SYN00531,79,Female,West,Provider Group C,Controlling Blood Pressure,1,0,Open,2026-01-01,2,SMS,Unable to Reach,0,0.8
SYN00531,79,Female,West,Provider Group C,Medication Adherence,1,1,Compliant,2026-01-01,0,None,Not Needed,0,0.85
SYN00533,83,Female,North,Provider Group B,Breast Cancer Screening,0,0,Not Eligible,2026-01-01,0,None,Not Needed,0,0.8
SYN00533,83,Female,North,Provider Group B,Colorectal Cancer Screening,0,0,Not Eligible,2026-01-01,0,None,Not Needed,0,0.75
SYN00533,83,Female,North,Provider Group B,Controlling Blood Pressure,1,1,Compliant,2026-01-01,0,None,Not Needed,0,0.8
SYN00537,82,Female,West,Provider Group A,Colorectal Cancer Screening,0,0,Not Eligible,2026-01-01,0,None,Not Needed,0,0.75
SYN00537,82,Female,West,Provider Group A,Diabetes Care,1,0,Open,2026-01-01,1,SMS,Reached,0,0.78
SYN00537,82,Female,West,Provider Group A,Follow-Up After Hospitalization,0,0,Not Eligible,2026-01-01,0,None,Not Needed,0,0.75
SYN00548,72,Male,South,Provider Group A,Colorectal Cancer Screening,0,0,Not Eligible,2026-01-01,0,None,Not Needed,0,0.75
SYN00548,72,Male,South,Provider Group A,Diabetes Care,0,0,Not Eligible,2026-01-01,0,None,Not Needed,0,0.78
SYN00548,72,Male,South,Provider Group A,Follow-Up After Hospitalization,0,0,Not Eligible,2026-01-01,0,None,Not Needed,0,0.75
SYN00548,72,Male,South,Provider Group A,Medication Adherence,0,0,Not Eligible,2026-01-01,0,None,Not Needed,0,0.85
SYN00555,65,Female,North,Provider Group A,Breast Cancer Screening,0,0,Not Eligible,2026-01-01,0,None,Not Needed,0,0.8
SYN00555,65,Female,North,Provider Group A,Colorectal Cancer Screening,1,1,Compliant,2026-01-01,0,None,Not Needed,0,0.75
SYN00555,65,Female,North,Provider Group A,Controlling Blood Pressure,1,1,Compliant,2026-01-01,0,None,Not Needed,0,0.8
SYN00555,65,Female,North,Provider Group A,Follow-Up After Hospitalization,1,0,Open,2026-01-01,1,Mail,Unable to Reach,0,0.75
SYN00555,65,Female,North,Provider Group A,Medication Adherence,1,1,Compliant,2026-01-01,0,None,Not Needed,0,0.85
SYN00563,89,Female,South,Provider Group A,Colorectal Cancer Screening,0,0,Not Eligible,2026-01-01,0,None,Not Needed,0,0.75
SYN00563,89,Female,South,Provider Group A,Controlling Blood Pressure,1,1,Compliant,2026-01-01,0,None,Not Needed,0,0.8
SYN00563,89,Female,South,Provider Group A,Diabetes Care,0,0,Not Eligible,2026-01-01,0,None,Not Needed,0,0.78
SYN00563,89,Female,South,Provider Group A,Medication Adherence,1,1,Compliant,2026-01-01,0,None,Not Needed,0,0.85
SYN00567,65,Female,North,Provider Group C,Controlling Blood Pressure,1,0,Open,2026-01-01,1,SMS,Declined,0,0.8
SYN00567,65,Female,North,Provider Group C,Diabetes Care,1,1,Compliant,2026-01-01,0,None,Not Needed,0,0.78
SYN00567,65,Female,North,Provider Group C,Medication Adherence,1,0,Open,2026-01-01,0,None,Not Attempted,0,0.85
SYN00573,69,Female,North,Provider Group C,Breast Cancer Screening,0,0,Not Eligible,2026-01-01,0,None,Not Needed,0,0.8
SYN00573,69,Female,North,Provider Group C,Diabetes Care,1,0,Open,2026-01-01,0,None,Not Attempted,0,0.78
SYN00573,69,Female,North,Provider Group C,Follow-Up After Hospitalization,1,1,Compliant,2026-01-01,0,None,Not Needed,0,0.75
SYN00573,69,Female,North,Provider Group C,Medication Adherence,1,1,Compliant,2026-01-01,0,None,Not Needed,0,0.85
SYN00578,73,Male,North,Provider Group C,Controlling Blood Pressure,1,1,Compliant,2026-01-01,0,None,Not Needed,0,0.8
SYN00578,73,Male,North,Provider Group C,Diabetes Care,1,1,Compliant,2026-01-01,0,None,Not Needed,0,0.78
SYN00585,71,Female,North,Provider Group D,Breast Cancer Screening,1,1,Compliant,2026-01-01,0,None,Not Needed,0,0.8
SYN00585,71,Female,North,Provider Group D,Controlling Blood Pressure,1,1,Compliant,2026-01-01,0,None,Not Needed,0,0.8
SYN00585,71,Female,North,Provider Group D,Diabetes Care,1,1,Compliant,2026-01-01,0,None,Not Needed,0,0.78
SYN00590,65,Female,West,Provider Group A,Breast Cancer Screening,1,1,Compliant,2026-01-01,2,Mail,Reached,1,0.8
SYN00590,65,Female,West,Provider Group A,Controlling Blood Pressure,1,1,Compliant,2026-01-01,0,None,Not Needed,0,0.8
SYN00590,65,Female,West,Provider Group A,Medication Adherence,1,0,Open,2026-01-01,0,None,Not Attempted,0,0.85
SYN00592,66,Female,South,Provider Group A,Breast Cancer Screening,1,0,Open,2026-01-01,1,Phone,Reached,0,0.8
SYN00592,66,Female,South,Provider Group A,Colorectal Cancer Screening,1,0,Open,2026-01-01,3,Mail,Unable to Reach,0,0.75
SYN00592,66,Female,South,Provider Group A,Diabetes Care,1,0,Open,2026-01-01,1,Phone,Unable to Reach,0,0.78
SYN00592,66,Female,South,Provider Group A,Medication Adherence,1,1,Compliant,2026-01-01,0,None,Not Needed,0,0.85
SYN00599,72,Female,South,Provider Group D,Colorectal Cancer Screening,1,1,Compliant,2026-01-01,0,None,Not Needed,0,0.75
SYN00599,72,Female,South,Provider Group D,Controlling Blood Pressure,1,1,Compliant,2026-01-01,1,SMS,Reached,1,0.8
SYN00599,72,Female,South,Provider Group D,Diabetes Care,1,1,Compliant,2026-01-01,0,None,Not Needed,0,0.78
SYN00602,75,Female,East,Provider Group A,Medication Adherence,1,1,Compliant,2026-01-01,0,None,Not Needed,0,0.85
SYN00616,65,Female,East,Provider Group E,Breast Cancer Screening,1,0,Open,2026-01-01,2,Mail,Reached,0,0.8
SYN00616,65,Female,East,Provider Group E,Colorectal Cancer Screening,1,0,Open,2026-01-01,1,SMS,Reached,0,0.75
SYN00616,65,Female,East,Provider Group E,Diabetes Care,1,0,Open,2026-01-01,1,Phone,Unable to Reach,0,0.78
SYN00616,65,Female,East,Provider Group E,Follow-Up After Hospitalization,1,1,Compliant,2026-01-01,2,Care Coordinator,Reached,1,0.75
SYN00621,66,Female,West,Provider Group B,Breast Cancer Screening,1,0,Open,2026-01-01,0,None,Not Attempted,0,0.8
SYN00621,66,Female,West,Provider Group B,Controlling Blood Pressure,1,1,Compliant,2026-01-01,0,None,Not Needed,0,0.8
SYN00621,66,Female,West,Provider Group B,Diabetes Care,1,0,Open,2026-01-01,2,SMS,Reached,0,0.78
SYN00622,66,Female,South,Provider Group E,Breast Cancer Screening,1,1,Compliant,2026-01-01,2,Phone,Reached,1,0.8
SYN00622,66,Female,South,Provider Group E,Controlling Blood Pressure,1,0,Open,2026-01-01,1,Care Coordinator,Reached,0,0.8
SYN00625,67,Male,West,Provider Group A,Colorectal Cancer Screening,1,0,Open,2026-01-01,4,Phone,Reached,0,0.75
SYN00625,67,Male,West,Provider Group A,Diabetes Care,1,1,Compliant,2026-01-01,0,None,Not Needed,0,0.78
SYN00627,70,Female,South,Provider Group B,Breast Cancer Screening,1,1,Compliant,2026-01-01,0,None,Not Needed,0,0.8
SYN00627,70,Female,South,Provider Group B,Colorectal Cancer Screening,1,1,Compliant,2026-01-01,0,None,Not Needed,0,0.75
SYN00627,70,Female,South,Provider Group B,Medication Adherence,1,0,Open,2026-01-01,1,Phone,Unable to Reach,0,0.85
SYN00629,69,Male,East,Provider Group D,Colorectal Cancer Screening,1,1,Compliant,2026-01-01,0,None,Not Needed,0,0.75
SYN00629,69,Male,East,Provider Group D,Controlling Blood Pressure,0,0,Not Eligible,2026-01-01,0,None,Not Needed,0,0.8
SYN00629,69,Male,East,Provider Group D,Diabetes Care,1,1,Compliant,2026-01-01,0,None,Not Needed,0,0.78
SYN00630,75,Male,East,Provider Group E,Colorectal Cancer Screening,1,0,Open,2026-01-01,0,None,Not Attempted,0,0.75
SYN00630,75,Male,East,Provider Group E,Diabetes Care,1,1,Compliant,2026-01-01,1,Phone,Reached,1,0.78
SYN00630,75,Male,East,Provider Group E,Follow-Up After Hospitalization,1,1,Compliant,2026-01-01,2,SMS,Reached,1,0.75
SYN00630,75,Male,East,Provider Group E,Medication Adherence,1,1,Compliant,2026-01-01,0,None,Not Needed,0,0.85
SYN00634,71,Male,North,Provider Group D,Follow-Up After Hospitalization,0,0,Not Eligible,2026-01-01,0,None,Not Needed,0,0.75
SYN00634,71,Male,North,Provider Group D,Medication Adherence,1,1,Compliant,2026-01-01,0,None,Not Needed,0,0.85
SYN00641,75,Female,South,Provider Group C,Diabetes Care,1,0,Open,2026-01-01,3,Phone,Unable to Reach,0,0.78
SYN00641,75,Female,South,Provider Group C,Follow-Up After Hospitalization,1,1,Compliant,2026-01-01,0,None,Not Needed,0,0.75
SYN00641,75,Female,South,Provider Group C,Medication Adherence,1,1,Compliant,2026-01-01,0,None,Not Needed,0,0.85
SYN00643,76,Female,South,Provider Group A,Controlling Blood Pressure,1,1,Compliant,2026-01-01,1,Mail,Reached,1,0.8
SYN00643,76,Female,South,Provider Group A,Diabetes Care,1,1,Compliant,2026-01-01,3,Care Coordinator,Reached,1,0.78
SYN00643,76,Female,South,Provider Group A,Follow-Up After Hospitalization,0,0,Not Eligible,2026-01-01,0,None,Not Needed,0,0.75
SYN00643,76,Female,South,Provider Group A,Medication Adherence,1,1,Compliant,2026-01-01,0,None,Not Needed,0,0.85
SYN00645,79,Male,South,Provider Group B,Colorectal Cancer Screening,0,0,Not Eligible,2026-01-01,0,None,Not Needed,0,0.75
SYN00645,79,Male,South,Provider Group B,Controlling Blood Pressure,1,1,Compliant,2026-01-01,1,Phone,Reached,1,0.8
SYN00645,79,Male,South,Provider Group B,Diabetes Care,1,0,Open,2026-01-01,0,None,Not Attempted,0,0.78
SYN00647,89,Male,West,Provider Group D,Controlling Blood Pressure,1,1,Compliant,2026-01-01,0,None,Not Needed,0,0.8
SYN00647,89,Male,West,Provider Group D,Diabetes Care,1,1,Compliant,2026-01-01,0,None,Not Needed,0,0.78
SYN00652,84,Female,South,Provider Group A,Medication Adherence,1,0,Open,2026-01-01,1,Mail,Unable to Reach,0,0.85
SYN00663,75,Female,West,Provider Group A,Colorectal Cancer Screening,1,0,Open,2026-01-01,3,Mail,Reached,0,0.75
SYN00663,75,Female,West,Provider Group A,Controlling Blood Pressure,1,0,Open,2026-01-01,2,Mail,Unable to Reach,0,0.8
SYN00669,73,Female,North,Provider Group D,Breast Cancer Screening,1,0,Open,2026-01-01,0,None,Not Attempted,0,0.8
SYN00669,73,Female,North,Provider Group D,Diabetes Care,1,1,Compliant,2026-01-01,2,Phone,Reached,1,0.78
SYN00669,73,Female,North,Provider Group D,Follow-Up After Hospitalization,1,1,Compliant,2026-01-01,0,None,Not Needed,0,0.75
SYN00669,73,Female,North,Provider Group D,Medication Adherence,1,1,Compliant,2026-01-01,0,None,Not Needed,0,0.85
SYN00682,70,Female,North,Provider Group A,Colorectal Cancer Screening,1,1,Compliant,2026-01-01,0,None,Not Needed,0,0.75
SYN00692,71,Female,East,Provider Group B,Controlling Blood Pressure,1,1,Compliant,2026-01-01,0,None,Not Needed,0,0.8
SYN00692,71,Female,East,Provider Group B,Medication Adherence,1,1,Compliant,2026-01-01,0,None,Not Needed,0,0.85
SYN00696,66,Female,South,Provider Group B,Colorectal Cancer Screening,1,0,Open,2026-01-01,3,Mail,Reached,0,0.75
SYN00696,66,Female,South,Provider Group B,Controlling Blood Pressure,1,0,Open,2026-01-01,0,None,Not Attempted,0,0.8
SYN00696,66,Female,South,Provider Group B,Medication Adherence,1,0,Open,2026-01-01,3,Mail,Reached,0,0.85
SYN00697,74,Female,South,Provider Group C,Breast Cancer Screening,1,0,Open,2026-01-01,2,Phone,Declined,0,0.8
SYN00697,74,Female,South,Provider Group C,Colorectal Cancer Screening,1,1,Compliant,2026-01-01,3,SMS,Reached,1,0.75
SYN00697,74,Female,South,Provider Group C,Controlling Blood Pressure,0,0,Not Eligible,2026-01-01,0,None,Not Needed,0,0.8
SYN00697,74,Female,South,Provider Group C,Diabetes Care,1,1,Compliant,2026-01-01,1,SMS,Reached,1,0.78
SYN00697,74,Female,South,Provider Group C,Medication Adherence,1,1,Compliant,2026-01-01,0,None,Not Needed,0,0.85
SYN00700,68,Male,East,Provider Group E,Colorectal Cancer Screening,1,1,Compliant,2026-01-01,0,None,Not Needed,0,0.75
SYN00700,68,Male,East,Provider Group E,Medication Adherence,1,0,Open,2026-01-01,0,None,Not Attempted,0,0.85
SYN00708,71,Female,East,Provider Group B,Breast Cancer Screening,0,0,Not Eligible,2026-01-01,0,None,Not Needed,0,0.8
SYN00714,73,Female,South,Provider Group C,Breast Cancer Screening,1,0,Open,2026-01-01,1,SMS,Reached,0,0.8
SYN00714,73,Female,South,Provider Group C,Diabetes Care,0,0,Not Eligible,2026-01-01,0,None,Not Needed,0,0.78
SYN00714,73,Female,South,Provider Group C,Follow-Up After Hospitalization,0,0,Not Eligible,2026-01-01,0,None,Not Needed,0,0.75
SYN00714,73,Female,South,Provider Group C,Medication Adherence,1,1,Compliant,2026-01-01,1,Care Coordinator,Reached,1,0.85
SYN00730,87,Female,South,Provider Group A,Breast Cancer Screening,0,1,Not Eligible,2026-01-01,0,None,Not Needed,0,0.8
SYN00730,87,Female,South,Provider Group A,Colorectal Cancer Screening,0,0,Not Eligible,2026-01-01,0,None,Not Needed,0,0.75
SYN00730,87,Female,South,Provider Group A,Controlling Blood Pressure,1,1,Compliant,2026-01-01,0,None,Not Needed,0,0.8
SYN00730,87,Female,South,Provider Group A,Diabetes Care,1,0,Open,2026-01-01,1,SMS,Reached,0,0.78
SYN00730,87,Female,South,Provider Group A,Medication Adherence,1,0,Open,2026-01-01,0,None,Not Attempted,0,0.85
SYN00731,75,Male,North,Provider Group C,Controlling Blood Pressure,1,0,Open,2026-01-01,0,None,Not Attempted,0,0.8
SYN00733,70,Female,North,Provider Group D,Breast Cancer Screening,1,0,Open,2026-01-01,1,SMS,Reached,0,0.8
SYN00733,70,Female,North,Provider Group D,Colorectal Cancer Screening,1,1,Compliant,2026-01-01,1,Phone,Reached,1,0.75
SYN00734,70,Male,North,Provider Group E,Colorectal Cancer Screening,1,1,Compliant,2026-01-01,0,None,Not Needed,0,0.75
SYN00734,70,Male,North,Provider Group E,Controlling Blood Pressure,1,1,Compliant,2026-01-01,0,None,Not Needed,0,0.8
SYN00734,70,Male,North,Provider Group E,Diabetes Care,1,1,Compliant,2026-01-01,0,None,Not Needed,0,0.78
SYN00734,70,Male,North,Provider Group E,Medication Adherence,1,1,Compliant,2026-01-01,0,None,Not Needed,0,0.85
SYN00735,75,Female,North,Provider Group D,Breast Cancer Screening,0,0,Not Eligible,2026-01-01,0,None,Not Needed,0,0.8
SYN00735,127,Female,North,Provider Group D,Colorectal Cancer Screening,1,1,Compliant,2026-01-01,0,None,Not Needed,0,0.75
SYN00735,75,Female,North,Provider Group D,Controlling Blood Pressure,1,1,Compliant,2026-01-01,0,None,Not Needed,0,0.8
SYN00741,81,Female,South,Provider Group B,Diabetes Care,1,0,Open,2026-01-01,2,Mail,Reached,0,0.78
SYN00741,81,Female,South,Provider Group B,Follow-Up After Hospitalization,0,0,Not Eligible,2026-01-01,0,None,Not Needed,0,0.75
SYN00751,73,Female,West,Provider Group C,Breast Cancer Screening,1,0,Open,2026-01-01,0,None,Not Attempted,0,0.8
SYN00751,73,Female,West,Provider Group C,Controlling Blood Pressure,1,0,Open,2026-01-01,3,Care Coordinator,Reached,0,0.8
SYN00754,66,Male,South,Provider Group E,Controlling Blood Pressure,1,1,Compliant,2026-01-01,0,None,Not Needed,0,0.8
SYN00754,66,Male,South,Provider Group E,Follow-Up After Hospitalization,1,1,Compliant,2026-01-01,2,Phone,Reached,1,0.75
SYN00758,86,Male,East,Provider Group A,Controlling Blood Pressure,1,0,Open,2026-01-01,1,Mail,Unable to Reach,0,0.8
SYN00758,86,Male,East,Provider Group A,Medication Adherence,1,1,Compliant,2026-01-01,0,None,Not Needed,0,0.85
SYN00759,75,Female,East,Provider Group B,Breast Cancer Screening,0,0,Not Eligible,2026-01-01,0,None,Not Needed,0,0.8
SYN00759,75,Female,East,Provider Group B,Diabetes Care,1,1,Compliant,2026-01-01,0,None,Not Needed,0,0.78
SYN00759,75,Female,East,Provider Group B,Medication Adherence,1,1,Compliant,2026-01-01,0,None,Not Needed,0,0.85
SYN00760,73,Female,South,Provider Group A,Breast Cancer Screening,1,0,Open,2026-01-01,2,Phone,Reached,0,0.8
SYN00760,73,Female,South,Provider Group A,Controlling Blood Pressure,1,1,Compliant,2026-01-01,0,None,Not Needed,0,0.8
SYN00761,70,Female,North,Provider Group E,Diabetes Care,1,0,Open,2026-01-01,0,None,Not Attempted,0,0.78
SYN00761,70,Female,North,Provider Group E,Medication Adherence,1,1,Compliant,2026-01-01,0,None,Not Needed,0,0.85
SYN00778,89,Female,South,Provider Group B,Breast Cancer Screening,0,0,Not Eligible,2026-01-01,0,None,Not Needed,0,0.8
SYN00778,89,Female,South,Provider Group B,Colorectal Cancer Screening,0,0,Not Eligible,2026-01-01,0,None,Not Needed,0,0.75
SYN00782,83,Female,North,Provider Group C,Diabetes Care,0,0,Not Eligible,2026-01-01,0,None,Not Needed,0,0.78
SYN00782,83,Female,North,Provider Group C,Medication Adherence,1,1,Compliant,2026-01-01,0,None,Not Needed,0,0.85
SYN00785,87,Male,West,Provider Group E,Colorectal Cancer Screening,0,0,Not Eligible,2026-01-01,0,None,Not Needed,0,0.75
SYN00785,87,Male,West,Provider Group E,Controlling Blood Pressure,1,1,Compliant,2026-01-01,0,None,Not Needed,0,0.8
SYN00785,87,Male,West,Provider Group E,Diabetes Care,1,0,Open,2026-01-01,3,Mail,Reached,0,0.78
SYN00785,87,Male,West,Provider Group E,Follow-Up After Hospitalization,1,1,Compliant,2026-01-01,0,None,Not Needed,0,0.75
SYN00785,87,Male,West,Provider Group E,Medication Adherence,1,1,Compliant,2026-01-01,0,None,Not Needed,0,0.85
SYN00786,68,Female,North,Provider Group D,Colorectal Cancer Screening,1,0,Open,2026-01-01,2,Phone,Unable to Reach,0,0.75
SYN00786,68,Female,North,Provider Group D,Diabetes Care,0,0,Not Eligible,2026-01-01,0,None,Not Needed,0,0.78
SYN00789,74,Female,West,Provider Group D,Colorectal Cancer Screening,1,1,Compliant,2026-01-01,0,None,Not Needed,0,0.75
SYN00789,74,Female,West,Provider Group D,Diabetes Care,0,0,Not Eligible,2026-01-01,0,None,Not Needed,0,0.78
SYN00789,74,Female,West,Provider Group D,Medication Adherence,1,1,Compliant,2026-01-01,0,None,Not Needed,0,0.85
SYN00797,69,Male,North,Provider Group E,Breast Cancer Screening,0,0,Not Eligible,2026-01-01,0,None,Not Needed,0,0.8
SYN00797,69,Male,North,Provider Group E,Colorectal Cancer Screening,0,1,Not Eligible,2026-01-01,0,None,Not Needed,0,0.75
SYN00797,69,Male,North,Provider Group E,Controlling Blood Pressure,0,0,Not Eligible,2026-01-01,0,None,Not Needed,0,0.8
SYN00806,88,Male,North,Provider Group A,Colorectal Cancer Screening,0,0,Not Eligible,2026-01-01,0,None,Not Needed,0,0.75
SYN00806,88,Male,North,Provider Group A,Controlling Blood Pressure,1,1,Compliant,2026-01-01,3,Mail,Reached,1,0.8
SYN00810,71,Male,East,Provider Group A,Colorectal Cancer Screening,1,0,Open,2026-01-01,1,SMS,Reached,0,0.75
SYN00810,71,Male,East,Provider Group A,Controlling Blood Pressure,1,1,Compliant,2026-01-01,0,None,Not Needed,0,0.8
SYN00810,71,Male,East,Provider Group A,Diabetes Care,0,0,Not Eligible,2026-01-01,0,None,Not Needed,0,0.78
SYN00810,71,Male,East,Provider Group A,Medication Adherence,1,0,Open,2026-01-01,0,None,Not Attempted,0,0.85
SYN00820,80,Female,North,Provider Group E,Controlling Blood Pressure,1,1,Compliant,2026-01-01,0,None,Not Needed,0,0.8
SYN00820,80,Female,North,Provider Group E,Medication Adherence,1,1,Compliant,2026-01-01,0,None,Not Needed,0,0.85
SYN00828,65,Female,South,Provider Group E,Colorectal Cancer Screening,1,0,Open,2026-01-01,1,Phone,Unable to Reach,0,0.75
SYN00828,65,Female,South,Provider Group E,Controlling Blood Pressure,1,1,Compliant,2026-01-01,0,None,Not Needed,0,0.8
SYN00828,65,Female,South,Provider Group E,Diabetes Care,1,1,Compliant,2026-01-01,1,Phone,Reached,1,0.78
SYN00831,74,Female,East,Provider Group B,Colorectal Cancer Screening,1,1,Compliant,2026-01-01,0,None,Not Needed,0,0.75
SYN00831,74,Female,East,Provider Group B,Follow-Up After Hospitalization,0,0,Not Eligible,2026-01-01,0,None,Not Needed,0,0.75
SYN00836,67,Male,West,Provider Group A,Colorectal Cancer Screening,1,1,Compliant,2026-01-01,0,None,Not Needed,0,0.75
SYN00836,67,Male,West,Provider Group A,Controlling Blood Pressure,1,1,Compliant,2026-01-01,0,None,Not Needed,0,0.8
SYN00836,67,Male,West,Provider Group A,Medication Adherence,1,1,Compliant,2026-01-01,0,None,Not Needed,0,0.85
SYN00838,66,Female,West,Provider Group A,Colorectal Cancer Screening,1,1,Compliant,2026-01-01,0,None,Not Needed,0,0.75
SYN00838,66,Female,West,Provider Group A,Controlling Blood Pressure,1,1,Compliant,2026-01-01,0,None,Not Needed,0,0.8
SYN00838,66,Female,West,Provider Group A,Medication Adherence,1,0,Open,2026-01-01,0,None,Not Attempted,0,0.85
SYN00845,84,Male,North,Provider Group D,Colorectal Cancer Screening,0,0,Not Eligible,2026-01-01,0,None,Not Needed,0,0.75
SYN00845,84,Male,North,Provider Group D,Controlling Blood Pressure,0,0,Not Eligible,2026-01-01,0,None,Not Needed,0,0.8
SYN00845,84,Male,North,Provider Group D,Follow-Up After Hospitalization,1,0,Open,2026-01-01,2,SMS,Reached,0,0.75
SYN00846,70,Male,North,Provider Group C,Colorectal Cancer Screening,1,0,Open,2026-01-01,0,None,Not Attempted,0,0.75
SYN00846,70,Male,North,Provider Group C,Controlling Blood Pressure,1,0,Open,2026-01-01,2,Phone,Reached,0,0.8
SYN00846,70,Male,North,Provider Group C,Follow-Up After Hospitalization,1,0,Open,2026-01-01,3,Phone,Unable to Reach,0,0.75
SYN00846,70,Male,North,Provider Group C,Medication Adherence,1,1,Compliant,2026-01-01,0,None,Not Needed,0,0.85
SYN00854,75,Female,East,Provider Group C,Colorectal Cancer Screening,1,0,Open,2026-01-01,0,None,Not Attempted,0,0.75
SYN00854,75,Female,East,Provider Group C,Follow-Up After Hospitalization,0,0,Not Eligible,2026-01-01,0,None,Not Needed,0,0.75
SYN00870,68,Male,South,Provider Group B,Colorectal Cancer Screening,1,0,Open,2026-01-01,1,Phone,Declined,0,0.75
SYN00870,68,Male,South,Provider Group B,Diabetes Care,0,0,Not Eligible,2026-01-01,0,None,Not Needed,0,0.78
SYN00870,68,Male,South,Provider Group B,Follow-Up After Hospitalization,0,0,Not Eligible,2026-01-01,0,None,Not Needed,0,0.75
SYN00872,74,Female,North,Provider Group A,Controlling Blood Pressure,1,1,Compliant,2026-01-01,0,None,Not Needed,0,0.8
SYN00872,74,Female,North,Provider Group A,Follow-Up After Hospitalization,1,0,Open,2026-01-01,0,None,Not Attempted,0,0.75
SYN00881,80,Female,West,Provider Group C,Diabetes Care,1,1,Compliant,2026-01-01,0,None,Not Needed,0,0.78
SYN00881,80,Female,West,Provider Group C,Follow-Up After Hospitalization,1,0,Open,2026-01-01,0,None,Not Attempted,0,0.75
SYN00882,85,Male,South,Provider Group E,Diabetes Care,1,1,Compliant,2026-01-01,0,None,Not Needed,0,0.78
SYN00882,85,Male,South,Provider Group E,Follow-Up After Hospitalization,0,0,Not Eligible,2026-01-01,0,None,Not Needed,0,0.75
SYN00883,68,Female,South,Provider Group A,Breast Cancer Screening,1,1,Compliant,2026-01-01,0,None,Not Needed,0,0.8
SYN00883,68,Female,South,Provider Group A,Colorectal Cancer Screening,1,1,Compliant,2026-01-01,0,None,Not Needed,0,0.75
SYN00883,68,Female,South,Provider Group A,Diabetes Care,0,0,Not Eligible,2026-01-01,0,None,Not Needed,0,0.78
SYN00883,68,Female,South,Provider Group A,Follow-Up After Hospitalization,1,0,Open,2026-01-01,2,Phone,Reached,0,0.75
SYN00883,68,Female,South,Provider Group A,Medication Adherence,1,1,Compliant,2026-01-01,0,None,Not Needed,0,0.85
SYN00884,72,Female,South,Provider Group A,Colorectal Cancer Screening,1,1,Compliant,2026-01-01,0,None,Not Needed,0,0.75
SYN00884,72,Female,South,Provider Group A,Diabetes Care,1,1,Compliant,2026-01-01,0,None,Not Needed,0,0.78
SYN00886,83,Male,South,Provider Group B,Colorectal Cancer Screening,0,0,Not Eligible,2026-01-01,0,None,Not Needed,0,0.75
SYN00886,83,Male,South,Provider Group B,Controlling Blood Pressure,1,1,Compliant,2026-01-01,1,Care Coordinator,Reached,1,0.8
SYN00886,83,Male,South,Provider Group B,Diabetes Care,0,0,Not Eligible,2026-01-01,0,None,Not Needed,0,0.78
SYN00887,72,Male,East,Provider Group D,Colorectal Cancer Screening,1,0,Open,2026-01-01,0,None,Not Attempted,0,0.75
SYN00887,72,Male,East,Provider Group D,Controlling Blood Pressure,1,0,Open,2026-01-01,2,Phone,Reached,0,0.8
SYN00887,72,Male,East,Provider Group D,Diabetes Care,1,0,Open,2026-01-01,2,Mail,Reached,0,0.78
SYN00887,72,Male,East,Provider Group D,Follow-Up After Hospitalization,1,1,Compliant,2026-01-01,0,None,Not Needed,0,0.75
SYN00888,82,Female,East,Provider Group B,Controlling Blood Pressure,1,1,Compliant,2026-01-01,3,Phone,Reached,1,0.8
SYN00888,82,Female,East,Provider Group B,Diabetes Care,0,0,Not Eligible,2026-01-01,0,None,Not Needed,0,0.78
SYN00890,66,Female,West,Provider Group C,Breast Cancer Screening,1,0,Open,2026-01-01,0,None,Not Attempted,0,0.8
SYN00890,66,Female,West,Provider Group C,Controlling Blood Pressure,1,1,Compliant,2026-01-01,0,None,Not Needed,0,0.8
SYN00891,67,Male,East,Provider Group A,Controlling Blood Pressure,0,0,Not Eligible,2026-01-01,0,None,Not Needed,0,0.8
SYN00891,67,Male,East,Provider Group A,Medication Adherence,1,1,Compliant,2026-01-01,3,Phone,Reached,1,0.85
SYN00892,73,Female,West,Provider Group E,Diabetes Care,1,0,Open,2026-01-01,0,None,Not Attempted,0,0.78
SYN00892,73,Female,West,Provider Group E,Medication Adherence,1,1,Compliant,2026-01-01,0,None,Not Needed,0,0.85
SYN00893,75,Female,South,Provider Group C,Breast Cancer Screening,0,0,Not Eligible,2026-01-01,0,None,Not Needed,0,0.8
SYN00893,75,Female,South,Provider Group C,Controlling Blood Pressure,1,0,Open,2026-01-01,1,Mail,Unable to Reach,0,0.8
SYN00893,75,Female,South,Provider Group C,Medication Adherence,1,0,Open,2026-01-01,1,SMS,Reached,0,0.85
SYN00896,79,Male,North,Provider Group E,Colorectal Cancer Screening,0,0,Not Eligible,2026-01-01,0,None,Not Needed,0,0.75
SYN00896,79,Male,North,Provider Group E,Controlling Blood Pressure,1,1,Compliant,2026-01-01,0,None,Not Needed,0,0.8
SYN00896,79,Male,North,Provider Group E,Diabetes Care,1,1,Compliant,2026-01-01,0,None,Not Needed,0,0.78
SYN00896,79,Male,North,Provider Group E,Medication Adherence,1,1,Compliant,2026-01-01,0,None,Not Needed,0,0.85
SYN00899,66,Female,South,Provider Group C,Controlling Blood Pressure,1,1,Compliant,2026-01-01,1,Phone,Reached,1,0.8
SYN00899,66,Female,South,Provider Group C,Follow-Up After Hospitalization,0,0,Not Eligible,2026-01-01,0,None,Not Needed,0,0.75
SYN00899,66,Female,South,Provider Group C,Medication Adherence,1,1,Compliant,2026-01-01,0,None,Not Needed,0,0.85
SYN00906,78,Female,South,Provider Group A,Breast Cancer Screening,0,0,Not Eligible,2026-01-01,0,None,Not Needed,0,0.8
SYN00906,78,Female,South,Provider Group A,Controlling Blood Pressure,1,1,Compliant,2026-01-01,0,None,Not Needed,0,0.8
SYN00906,78,Female,South,Provider Group A,Diabetes Care,1,1,Compliant,2026-01-01,0,None,Not Needed,0,0.78
SYN00915,66,Male,North,Provider Group A,Colorectal Cancer Screening,0,0,Not Eligible,2026-01-01,0,None,Not Needed,0,0.75
SYN00915,66,Male,North,Provider Group A,Controlling Blood Pressure,1,1,Compliant,2026-01-01,0,None,Not Needed,0,0.8
SYN00915,66,Male,North,Provider Group A,Medication Adherence,1,1,Compliant,2026-01-01,0,None,Not Needed,0,0.85
SYN00923,72,Male,North,Provider Group C,Colorectal Cancer Screening,1,1,Compliant,2026-01-01,0,None,Not Needed,0,0.75
SYN00923,72,Male,North,Provider Group C,Controlling Blood Pressure,1,1,Compliant,2026-01-01,0,None,Not Needed,0,0.8
SYN00923,72,Male,North,Provider Group C,Diabetes Care,1,1,Compliant,2026-01-01,0,None,Not Needed,0,0.78
SYN00928,69,Female,North,Provider Group C,Breast Cancer Screening,1,1,Compliant,2026-01-01,0,None,Not Needed,0,0.8
SYN00928,69,Female,North,Provider Group C,Controlling Blood Pressure,1,1,Compliant,2026-01-01,0,None,Not Needed,0,0.8
SYN00928,69,Female,North,Provider Group C,Medication Adherence,1,0,Open,2026-01-01,0,None,Not Attempted,0,0.85
SYN00929,66,Male,West,Provider Group B,Colorectal Cancer Screening,1,1,Compliant,2026-01-01,0,None,Not Needed,0,0.75
SYN00929,66,Male,West,Provider Group B,Diabetes Care,0,0,Not Eligible,2026-01-01,0,None,Not Needed,0,0.78
SYN00931,75,Male,West,Provider Group D,Colorectal Cancer Screening,1,0,Open,2026-01-01,0,None,Not Attempted,0,0.75
SYN00934,80,Female,West,Provider Group D,Breast Cancer Screening,0,0,Not Eligible,2026-01-01,0,None,Not Needed,0,0.8
SYN00934,80,Female,West,Provider Group D,Colorectal Cancer Screening,0,0,Not Eligible,2026-01-01,0,None,Not Needed,0,0.75
SYN00939,67,Male,North,Provider Group E,Follow-Up After Hospitalization,1,1,Compliant,2026-01-01,0,None,Not Needed,0,0.75
SYN00941,65,Male,West,Provider Group D,Colorectal Cancer Screening,1,0,Open,2026-01-01,0,None,Not Attempted,0,0.75
SYN00941,65,Male,West,Provider Group D,Controlling Blood Pressure,1,0,Open,2026-01-01,2,Care Coordinator,Declined,0,0.8
SYN00941,65,Male,West,Provider Group D,Medication Adherence,1,0,Open,2026-01-01,1,Mail,Unable to Reach,0,0.85
SYN00943,67,Female,East,Provider Group D,Colorectal Cancer Screening,1,1,Compliant,2026-01-01,0,None,Not Needed,0,0.75
SYN00943,67,Female,East,Provider Group D,Controlling Blood Pressure,1,0,Open,2026-01-01,0,None,Not Attempted,0,0.8
SYN00943,67,Female,East,Provider Group D,Diabetes Care,0,0,Not Eligible,2026-01-01,0,None,Not Needed,0,0.78
SYN00943,67,Female,East,Provider Group D,Medication Adherence,1,1,Compliant,2026-01-01,0,None,Not Needed,0,0.85
SYN00952,69,Male,South,Provider Group A,Follow-Up After Hospitalization,1,1,Compliant,2026-01-01,0,None,Not Needed,0,0.75
SYN00952,69,Male,South,Provider Group A,Medication Adherence,1,0,Open,2026-01-01,1,Phone,Reached,0,0.85
SYN00954,69,Female,West,Provider Group D,Controlling Blood Pressure,1,1,Compliant,2026-01-01,0,None,Not Needed,0,0.8
SYN00954,69,Female,West,Provider Group D,Medication Adherence,1,1,Compliant,2026-01-01,0,None,Not Needed,0,0.85
SYN00957,66,Female,West,Provider Group C,Breast Cancer Screening,1,1,Compliant,2026-01-01,0,None,Not Needed,0,0.8
SYN00957,66,Female,West,Provider Group C,Colorectal Cancer Screening,1,0,Open,2026-01-01,1,Phone,Unable to Reach,0,0.75
SYN00957,66,Female,West,Provider Group C,Diabetes Care,1,1,Compliant,2026-01-01,0,None,Not Needed,0,0.78
SYN00957,66,Female,West,Provider Group C,Follow-Up After Hospitalization,0,0,Not Eligible,2026-01-01,0,None,Not Needed,0,0.75
SYN00961,75,Male,West,Provider Group A,Colorectal Cancer Screening,1,0,Open,2026-01-01,2,Mail,Reached,0,0.75
SYN00961,75,Male,West,Provider Group A,Medication Adherence,1,1,Compliant,2026-01-01,0,None,Not Needed,0,0.85
SYN00964,72,Male,East,Provider Group A,Follow-Up After Hospitalization,1,0,Open,2026-01-01,1,Phone,Unable to Reach,0,0.75
SYN00964,72,Male,East,Provider Group A,Medication Adherence,1,1,Compliant,2026-01-01,0,None,Not Needed,0,0.85
SYN00972,82,Female,South,Provider Group B,Colorectal Cancer Screening,0,0,Not Eligible,2026-01-01,0,None,Not Needed,0,0.75
SYN00972,82,Female,South,Provider Group B,Follow-Up After Hospitalization,1,0,Open,2026-01-01,2,Phone,Unable to Reach,0,0.75
SYN00972,82,Female,South,Provider Group B,Medication Adherence,1,1,Compliant,2026-01-01,0,None,Not Needed,0,0.85
SYN00982,73,Female,North,Provider Group B,Breast Cancer Screening,1,1,Compliant,2026-01-01,0,None,Not Needed,0,0.8
SYN00982,73,Female,North,Provider Group B,Diabetes Care,1,0,Open,2026-01-01,0,None,Not Attempted,0,0.78
SYN00982,73,Female,North,Provider Group B,Medication Adherence,1,1,Compliant,2026-01-01,0,None,Not Needed,0,0.85
SYN00994,66,Female,South,Provider Group A,Breast Cancer Screening,1,1,Compliant,2026-01-01,0,None,Not Needed,0,0.8
SYN00994,66,Female,South,Provider Group A,Colorectal Cancer Screening,1,0,Open,2026-01-01,1,Phone,Reached,0,0.75
SYN00994,66,Female,South,Provider Group A,Follow-Up After Hospitalization,1,0,Open,2026-01-01,1,SMS,Reached,0,0.75
SYN01001,72,Female,South,Provider Group C,Follow-Up After Hospitalization,0,0,Not Eligible,2026-01-01,0,None,Not Needed,0,0.75
SYN01001,72,Female,South,Provider Group C,Medication Adherence,1,1,Compliant,2026-01-01,0,None,Not Needed,0,0.85
SYN01002,79,Female,South,Provider Group D,Breast Cancer Screening,0,0,Not Eligible,2026-01-01,0,None,Not Needed,0,0.8
SYN01002,79,Female,South,Provider Group D,Controlling Blood Pressure,1,1,Compliant,2026-01-01,0,None,Not Needed,0,0.8
SYN01002,79,Female,South,Provider Group D,Follow-Up After Hospitalization,1,0,Open,2026-01-01,0,None,Not Attempted,0,0.75
SYN01002,79,Female,South,Provider Group D,Medication Adherence,1,1,Compliant,2026-01-01,0,None,Not Needed,0,0.85
SYN01004,74,Male,East,Provider Group A,Colorectal Cancer Screening,1,1,Compliant,2026-01-01,0,None,Not Needed,0,0.75
SYN01004,74,Male,East,Provider Group A,Controlling Blood Pressure,1,1,Compliant,2026-01-01,0,None,Not Needed,0,0.8
SYN01004,74,Male,East,Provider Group A,Medication Adherence,0,0,Not Eligible,2026-01-01,0,None,Not Needed,0,0.85
SYN01006,75,Male,North,Provider Group A,Diabetes Care,1,0,Open,2026-01-01,2,Mail,Reached,0,0.78
SYN01006,75,Male,North,Provider Group A,Follow-Up After Hospitalization,1,0,Open,2026-01-01,1,SMS,Unable to Reach,0,0.75
SYN01006,75,Male,North,Provider Group A,Medication Adherence,1,1,Compliant,2026-01-01,0,None,Not Needed,0,0.85
SYN01018,79,Female,North,Provider Group A,Breast Cancer Screening,0,0,Not Eligible,2026-01-01,0,None,Not Needed,0,0.8
SYN01018,79,Female,North,Provider Group A,Controlling Blood Pressure,1,1,Compliant,2026-01-01,0,None,Not Needed,0,0.8
SYN01018,79,Female,North,Provider Group A,Medication Adherence,1,1,Compliant,2026-01-01,0,None,Not Needed,0,0.85
SYN01024,67,Male,South,Provider Group A,Colorectal Cancer Screening,1,1,Compliant,2026-01-01,0,None,Not Needed,0,0.75
SYN01024,67,Male,South,Provider Group A,Controlling Blood Pressure,1,1,Compliant,2026-01-01,0,None,Not Needed,0,0.8
SYN01024,67,Male,South,Provider Group A,Diabetes Care,0,0,Not Eligible,2026-01-01,0,None,Not Needed,0,0.78
SYN01024,67,Male,South,Provider Group A,Medication Adherence,1,1,Compliant,2026-01-01,0,None,Not Needed,0,0.85
SYN01028,84,Male,East,Provider Group A,Colorectal Cancer Screening,0,0,Not Eligible,2026-01-01,0,None,Not Needed,0,0.75
SYN01028,84,Male,East,Provider Group A,Controlling Blood Pressure,1,1,Compliant,2026-01-01,0,None,Not Needed,0,0.8
SYN01032,68,Male,North,Provider Group B,Controlling Blood Pressure,0,0,Not Eligible,2026-01-01,0,None,Not Needed,0,0.8
SYN01032,68,Male,North,Provider Group B,Diabetes Care,0,0,Not Eligible,2026-01-01,0,None,Not Needed,0,0.78
SYN01032,68,Male,North,Provider Group B,Follow-Up After Hospitalization,1,1,Compliant,2026-01-01,0,None,Not Needed,0,0.75
SYN01032,68,Male,North,Provider Group B,Medication Adherence,1,1,Compliant,2026-01-01,0,None,Not Needed,0,0.85
SYN01038,69,Male,East,Provider Group A,Colorectal Cancer Screening,1,1,Compliant,2026-01-01,1,SMS,Reached,1,0.75
SYN01038,69,Male,East,Provider Group A,Controlling Blood Pressure,1,1,Compliant,2026-01-01,0,None,Not Needed,0,0.8
SYN01038,69,Male,East,Provider Group A,Follow-Up After Hospitalization,1,0,Open,2026-01-01,0,None,Not Attempted,0,0.75
SYN01054,89,Female,North,Provider Group C,Breast Cancer Screening,0,0,Not Eligible,2026-01-01,0,None,Not Needed,0,0.8
SYN01054,89,Female,North,Provider Group C,Diabetes Care,1,1,Compliant,2026-01-01,0,None,Not Needed,0,0.78
SYN01071,88,Female,East,Provider Group E,Controlling Blood Pressure,1,0,Open,2026-01-01,0,None,Not Attempted,0,0.8
SYN01071,88,Female,East,Provider Group E,Diabetes Care,1,0,Open,2026-01-01,1,SMS,Unable to Reach,0,0.78
SYN01073,67,Female,North,Provider Group B,Colorectal Cancer Screening,1,1,Compliant,2026-01-01,2,SMS,Reached,1,0.75
SYN01073,67,Female,North,Provider Group B,Controlling Blood Pressure,1,1,Compliant,2026-01-01,0,None,Not Needed,0,0.8
SYN01073,67,Female,North,Provider Group B,Diabetes Care,1,1,Compliant,2026-01-01,0,None,Not Needed,0,0.78
SYN01073,67,Female,North,Provider Group B,Medication Adherence,1,1,Compliant,2026-01-01,0,None,Not Needed,0,0.85
SYN01076,72,Male,South,Provider Group D,Colorectal Cancer Screening,1,0,Open,2026-01-01,0,None,Not Attempted,0,0.75
SYN01076,72,Male,South,Provider Group D,Controlling Blood Pressure,1,0,Open,2026-01-01,0,None,Not Attempted,0,0.8
SYN01080,81,Male,South,Provider Group B,Colorectal Cancer Screening,0,0,Not Eligible,2026-01-01,0,None,Not Needed,0,0.75
SYN01086,78,Female,East,Provider Group B,Breast Cancer Screening,0,0,Not Eligible,2026-01-01,0,None,Not Needed,0,0.8
SYN01086,78,Female,East,Provider Group B,Diabetes Care,1,0,Open,2026-01-01,0,None,Not Attempted,0,0.78
SYN01091,72,Female,South,Provider Group E,Colorectal Cancer Screening,1,1,Compliant,2026-01-01,0,None,Not Needed,0,0.75
SYN01096,83,Female,West,Provider Group E,Breast Cancer Screening,0,0,Not Eligible,2026-01-01,0,None,Not Needed,0,0.8
SYN01096,83,Female,West,Provider Group E,Colorectal Cancer Screening,0,0,Not Eligible,2026-01-01,0,None,Not Needed,0,0.75
SYN01096,83,Female,West,Provider Group E,Controlling Blood Pressure,1,0,Open,2026-01-01,0,None,Not Attempted,0,0.8
SYN01096,83,Female,West,Provider Group E,Follow-Up After Hospitalization,0,0,Not Eligible,2026-01-01,0,None,Not Needed,0,0.75
SYN01096,83,Female,West,Provider Group E,Medication Adherence,1,1,Compliant,2026-01-01,0,None,Not Needed,0,0.85
SYN01100,76,Male,South,Provider Group B,Colorectal Cancer Screening,0,0,Not Eligible,2026-01-01,0,None,Not Needed,0,0.75
SYN01100,76,Male,South,Provider Group B,Controlling Blood Pressure,1,1,Compliant,2026-01-01,0,None,Not Needed,0,0.8
SYN01100,76,Male,South,Provider Group B,Follow-Up After Hospitalization,1,0,Open,2026-01-01,1,SMS,Reached,0,0.75
SYN01101,69,Female,East,Provider Group C,Breast Cancer Screening,1,1,Compliant,2026-01-01,0,None,Not Needed,0,0.8
SYN01101,69,Female,East,Provider Group C,Controlling Blood Pressure,1,0,Open,2026-01-01,0,None,Not Attempted,0,0.8
SYN01101,69,Female,East,Provider Group C,Medication Adherence,1,0,Open,2026-01-01,4,Phone,Reached,0,0.85
SYN01105,65,Male,West,Provider Group D,Breast Cancer Screening,0,0,Not Eligible,2026-01-01,0,None,Not Needed,0,0.8
SYN01105,65,Male,West,Provider Group D,Diabetes Care,1,1,Compliant,2026-01-01,0,None,Not Needed,0,0.78
SYN01105,65,Male,West,Provider Group D,Medication Adherence,0,0,Not Eligible,2026-01-01,0,None,Not Needed,0,0.85
SYN01107,86,Female,West,Provider Group E,Colorectal Cancer Screening,0,0,Not Eligible,2026-01-01,0,None,Not Needed,0,0.75
SYN01107,86,Female,West,Provider Group E,Controlling Blood Pressure,1,0,Open,2026-01-01,0,None,Not Attempted,0,0.8
SYN01107,86,Female,West,Provider Group E,Diabetes Care,1,0,Open,2026-01-01,2,Phone,Reached,0,0.78
SYN01107,86,Female,West,Provider Group E,Follow-Up After Hospitalization,1,0,Open,2026-01-01,1,SMS,Unable to Reach,0,0.75
SYN01107,86,Female,West,Provider Group E,Medication Adherence,1,1,Compliant,2026-01-01,0,None,Not Needed,0,0.85
SYN01126,66,Female,North,Provider Group E,Breast Cancer Screening,0,0,Not Eligible,2026-01-01,0,None,Not Needed,0,0.8
SYN01126,66,Female,North,Provider Group E,Controlling Blood Pressure,1,1,Compliant,2026-01-01,0,None,Not Needed,0,0.8
SYN01126,66,Female,North,Provider Group E,Follow-Up After Hospitalization,0,0,Not Eligible,2026-01-01,0,None,Not Needed,0,0.75
SYN01140,66,Male,South,Provider Group D,Colorectal Cancer Screening,1,0,Open,2026-01-01,1,SMS,Reached,0,0.75
SYN01140,66,Male,South,Provider Group D,Controlling Blood Pressure,1,1,Compliant,2026-01-01,0,None,Not Needed,0,0.8
SYN01140,66,Male,South,Provider Group D,Diabetes Care,1,1,Compliant,2026-01-01,0,None,Not Needed,0,0.78
SYN01140,66,Male,South,Provider Group D,Follow-Up After Hospitalization,1,1,Compliant,2026-01-01,2,Care Coordinator,Reached,1,0.75
SYN01146,84,Female,South,Provider Group B,Diabetes Care,1,0,Open,2026-01-01,1,Phone,Reached,0,0.78
SYN01150,66,Male,North,Provider Group B,Colorectal Cancer Screening,1,1,Compliant,2026-01-01,0,None,Not Needed,0,0.75
SYN01150,66,Male,North,Provider Group B,Medication Adherence,1,1,Compliant,2026-01-01,0,None,Not Needed,0,0.85
SYN01153,66,Male,North,Provider Group D,Colorectal Cancer Screening,1,0,Open,2026-01-01,0,None,Not Attempted,0,0.75
SYN01153,66,Male,North,Provider Group D,Controlling Blood Pressure,1,1,Compliant,2026-01-01,0,None,Not Needed,0,0.8
SYN01155,72,Female,West,Provider Group A,Breast Cancer Screening,1,1,Compliant,2026-01-01,0,None,Not Needed,0,0.8
SYN01155,72,Female,West,Provider Group A,Colorectal Cancer Screening,1,1,Compliant,2026-01-01,2,Phone,Reached,1,0.75
SYN01156,89,Female,East,Provider Group B,Breast Cancer Screening,0,0,Not Eligible,2026-01-01,0,None,Not Needed,0,0.8
SYN01156,89,Female,East,Provider Group B,Follow-Up After Hospitalization,1,1,Compliant,2026-01-01,0,None,Not Needed,0,0.75
SYN01156,89,Female,East,Provider Group B,Medication Adherence,1,0,Open,2026-01-01,1,Phone,Reached,0,0.85
SYN01165,68,Male,East,Provider Group D,Medication Adherence,1,1,Compliant,2026-01-01,0,None,Not Needed,0,0.85
SYN01166,70,Female,East,Provider Group C,Diabetes Care,0,0,Not Eligible,2026-01-01,0,None,Not Needed,0,0.78
SYN01171,72,Male,West,Provider Group A,Colorectal Cancer Screening,1,0,Open,2026-01-01,2,Phone,Reached,0,0.75
SYN01195,73,Male,West,Provider Group C,Breast Cancer Screening,0,0,Not Eligible,2026-01-01,0,None,Not Needed,0,0.8
SYN01195,73,Male,West,Provider Group C,Colorectal Cancer Screening,1,0,Open,2026-01-01,1,Mail,Declined,0,0.75
SYN01195,73,Male,West,Provider Group C,Controlling Blood Pressure,1,1,Compliant,2026-01-01,0,None,Not Needed,0,0.8
SYN01195,73,Male,West,Provider Group C,Diabetes Care,1,0,Open,2026-01-01,0,None,Not Attempted,0,0.78
SYN01195,73,Male,West,Provider Group C,Follow-Up After Hospitalization,0,0,Not Eligible,2026-01-01,0,None,Not Needed,0,0.75
SYN01197,71,Male,West,Provider Group D,Colorectal Cancer Screening,1,1,Compliant,2026-01-01,0,None,Not Needed,0,0.75
SYN01197,71,Male,West,Provider Group D,Diabetes Care,0,0,Not Eligible,2026-01-01,0,None,Not Needed,0,0.78
SYN01197,71,Male,West,Provider Group D,Follow-Up After Hospitalization,1,0,Open,2026-01-01,1,Care Coordinator,Reached,0,0.75
SYN01199,75,Female,South,Provider Group E,Breast Cancer Screening,0,0,Not Eligible,2026-01-01,0,None,Not Needed,0,0.8
SYN01199,75,Female,South,Provider Group E,Follow-Up After Hospitalization,1,0,Open,2026-01-01,2,Phone,Reached,0,0.75
SYN01200,83,Male,North,Provider Group A,Breast Cancer Screening,0,0,Not Eligible,2026-01-01,0,None,Not Needed,0,0.8
SYN01200,83,Male,North,Provider Group A,Controlling Blood Pressure,1,1,Compliant,2026-01-01,0,None,Not Needed,0,0.8
SYN01200,83,Male,North,Provider Group A,Follow-Up After Hospitalization,1,1,Compliant,2026-01-01,1,Mail,Reached,1,0.75
SYN01201,71,Male,West,Provider Group E,Colorectal Cancer Screening,1,0,Open,2026-01-01,2,SMS,Reached,0,0.75
SYN01201,71,Male,West,Provider Group E,Diabetes Care,1,1,Compliant,2026-01-01,0,None,Not Needed,0,0.78
SYN01201,71,Male,West,Provider Group E,Follow-Up After Hospitalization,0,0,Not Eligible,2026-01-01,0,None,Not Needed,0,0.75
SYN01201,71,Male,West,Provider Group E,Medication Adherence,0,0,Not Eligible,2026-01-01,0,None,Not Needed,0,0.85
SYN01207,81,Female,East,Provider Group E,Breast Cancer Screening,0,0,Not Eligible,2026-01-01,0,None,Not Needed,0,0.8
SYN01207,81,Female,East,Provider Group E,Colorectal Cancer Screening,0,0,Not Eligible,2026-01-01,0,None,Not Needed,0,0.75
SYN01207,81,Female,East,Provider Group E,Diabetes Care,1,0,Open,2026-01-01,4,Phone,Unable to Reach,0,0.78
SYN01208,84,Male,South,Provider Group A,Colorectal Cancer Screening,0,0,Not Eligible,2026-01-01,0,None,Not Needed,0,0.75
SYN01208,84,Male,South,Provider Group A,Controlling Blood Pressure,1,1,Compliant,2026-01-01,0,None,Not Needed,0,0.8
SYN01220,72,Male,East,Provider Group A,Controlling Blood Pressure,1,0,Open,2026-01-01,1,Phone,Reached,0,0.8
SYN01220,72,Male,East,Provider Group A,Diabetes Care,0,0,Not Eligible,2026-01-01,0,None,Not Needed,0,0.78
SYN01220,72,Male,East,Provider Group A,Medication Adherence,1,1,Compliant,2026-01-01,0,None,Not Needed,0,0.85
SYN01222,72,Male,East,Provider Group D,Colorectal Cancer Screening,1,0,Open,2026-01-01,1,Mail,Unable to Reach,0,0.75
SYN01226,80,Female,North,Provider Group B,Breast Cancer Screening,0,0,Not Eligible,2026-01-01,0,None,Not Needed,0,0.8
SYN01226,80,Female,North,Provider Group B,Colorectal Cancer Screening,0,0,Not Eligible,2026-01-01,0,None,Not Needed,0,0.75
SYN01226,80,Female,North,Provider Group B,Follow-Up After Hospitalization,1,0,Open,2026-01-01,1,Phone,Declined,0,0.75
SYN01231,70,Male,East,Provider Group B,Colorectal Cancer Screening,1,0,Open,2026-01-01,1,SMS,Declined,0,0.75
SYN01231,70,Male,East,Provider Group B,Medication Adherence,0,0,Not Eligible,2026-01-01,0,None,Not Needed,0,0.85
SYN01236,83,Male,North,Provider Group D,Colorectal Cancer Screening,0,0,Not Eligible,2026-01-01,0,None,Not Needed,0,0.75
SYN01236,83,Male,North,Provider Group D,Follow-Up After Hospitalization,1,0,Open,2026-01-01,2,Care Coordinator,Reached,0,0.75
SYN01251,74,Male,West,Provider Group B,Breast Cancer Screening,0,0,Not Eligible,2026-01-01,0,None,Not Needed,0,0.8
SYN01251,74,Male,West,Provider Group B,Follow-Up After Hospitalization,1,1,Compliant,2026-01-01,1,SMS,Reached,1,0.75
SYN01251,74,Male,West,Provider Group B,Medication Adherence,1,1,Compliant,2026-01-01,3,SMS,Reached,1,0.85
SYN01253,65,Male,West,Provider Group C,Diabetes Care,1,0,Open,2026-01-01,1,Care Coordinator,Reached,0,0.78
SYN01253,65,Male,West,Provider Group C,Follow-Up After Hospitalization,1,0,Open,2026-01-01,1,Mail,Unable to Reach,0,0.75
SYN01259,85,Female,West,Provider Group D,Breast Cancer Screening,0,1,Not Eligible,2026-01-01,0,None,Not Needed,0,0.8
SYN01259,85,Female,West,Provider Group D,Controlling Blood Pressure,1,1,Compliant,2026-01-01,1,Phone,Reached,1,0.8
SYN01259,85,Female,West,Provider Group D,Diabetes Care,0,0,Not Eligible,2026-01-01,0,None,Not Needed,0,0.78
SYN01259,85,Female,West,Provider Group D,Follow-Up After Hospitalization,1,1,Compliant,2026-01-01,0,None,Not Needed,0,0.75
SYN01259,85,Female,West,Provider Group D,Medication Adherence,1,1,Compliant,2026-01-01,0,None,Not Needed,0,0.85
SYN01264,72,Male,South,Provider Group A,Controlling Blood Pressure,1,0,Open,2026-01-01,0,None,Not Attempted,0,0.8
SYN01264,72,Male,South,Provider Group A,Medication Adherence,1,1,Compliant,2026-01-01,0,None,Not Needed,0,0.85
SYN01265,73,Female,South,Provider Group D,Colorectal Cancer Screening,1,1,Compliant,2026-01-01,0,None,Not Needed,0,0.75
SYN01265,73,Female,South,Provider Group D,Diabetes Care,1,1,Compliant,2026-01-01,0,None,Not Needed,0,0.78
SYN01265,73,Female,South,Provider Group D,Medication Adherence,1,1,Compliant,2026-01-01,0,None,Not Needed,0,0.85
SYN01269,74,Male,North,Provider Group D,Colorectal Cancer Screening,1,1,Compliant,2026-01-01,0,None,Not Needed,0,0.75
SYN01271,89,Female,North,Provider Group E,Breast Cancer Screening,0,0,Not Eligible,2026-01-01,0,None,Not Needed,0,0.8
SYN01271,89,Female,North,Provider Group E,Colorectal Cancer Screening,0,0,Not Eligible,2026-01-01,0,None,Not Needed,0,0.75
SYN01271,89,Female,North,Provider Group E,Follow-Up After Hospitalization,0,0,Not Eligible,2026-01-01,0,None,Not Needed,0,0.75
SYN01271,89,Female,North,Provider Group E,Medication Adherence,1,1,Compliant,2026-01-01,0,None,Not Needed,0,0.85
SYN01272,73,Male,West,Provider Group E,Diabetes Care,1,1,Compliant,2026-01-01,0,None,Not Needed,0,0.78
SYN01272,73,Male,West,Provider Group E,Follow-Up After Hospitalization,1,0,Open,2026-01-01,2,Phone,Reached,0,0.75
SYN01273,89,Female,West,Provider Group B,Breast Cancer Screening,0,0,Not Eligible,2026-01-01,0,None,Not Needed,0,0.8
SYN01273,89,Female,West,Provider Group B,Colorectal Cancer Screening,0,0,Not Eligible,2026-01-01,0,None,Not Needed,0,0.75
SYN01273,89,Female,West,Provider Group B,Controlling Blood Pressure,0,0,Not Eligible,2026-01-01,0,None,Not Needed,0,0.8
SYN01273,89,Female,West,Provider Group B,Follow-Up After Hospitalization,0,0,Not Eligible,2026-01-01,0,None,Not Needed,0,0.75
SYN01273,89,Female,West,Provider Group B,Medication Adherence,1,1,Compliant,2026-01-01,0,None,Not Needed,0,0.85
SYN01277,84,Female,South,Provider Group D,Colorectal Cancer Screening,0,0,Not Eligible,2026-01-01,0,None,Not Needed,0,0.75
SYN01277,84,Female,South,Provider Group D,Medication Adherence,1,0,Open,2026-01-01,1,Mail,Unable to Reach,0,0.85
SYN01281,82,Female,West,Provider Group B,Diabetes Care,1,1,Compliant,2026-01-01,0,None,Not Needed,0,0.78
SYN01281,82,Female,West,Provider Group B,Follow-Up After Hospitalization,1,0,Open,2026-01-01,1,Phone,Reached,0,0.75
SYN01292,77,Male,North,Provider Group A,Colorectal Cancer Screening,0,0,Not Eligible,2026-01-01,0,None,Not Needed,0,0.75
SYN01292,77,Male,North,Provider Group A,Follow-Up After Hospitalization,1,1,Compliant,2026-01-01,0,None,Not Needed,0,0.75
SYN01292,77,Male,North,Provider Group A,Medication Adherence,1,1,Compliant,2026-01-01,0,None,Not Needed,0,0.85
SYN01305,81,Female,South,Provider Group B,Breast Cancer Screening,0,0,Not Eligible,2026-01-01,0,None,Not Needed,0,0.8
SYN01305,81,Female,South,Provider Group B,Colorectal Cancer Screening,0,0,Not Eligible,2026-01-01,0,None,Not Needed,0,0.75
SYN01311,75,Male,West,Provider Group A,Colorectal Cancer Screening,1,1,Compliant,2026-01-01,0,None,Not Needed,0,0.75
SYN01311,75,Male,West,Provider Group A,Controlling Blood Pressure,1,1,Compliant,2026-01-01,0,None,Not Needed,0,0.8
SYN01311,75,Male,West,Provider Group A,Diabetes Care,1,1,Compliant,2026-01-01,0,None,Not Needed,0,0.78
SYN01311,75,Male,West,Provider Group A,Medication Adherence,1,1,Compliant,2026-01-01,0,None,Not Needed,0,0.85
SYN01331,78,Male,West,Provider Group E,Controlling Blood Pressure,1,1,Compliant,2026-01-01,0,None,Not Needed,0,0.8
SYN01331,78,Male,West,Provider Group E,Diabetes Care,0,0,Not Eligible,2026-01-01,0,None,Not Needed,0,0.78
SYN01331,78,Male,West,Provider Group E,Follow-Up After Hospitalization,0,0,Not Eligible,2026-01-01,0,None,Not Needed,0,0.75
SYN01331,78,Male,West,Provider Group E,Medication Adherence,0,0,Not Eligible,2026-01-01,0,None,Not Needed,0,0.85
SYN01333,88,Male,South,Provider Group C,Controlling Blood Pressure,1,1,Compliant,2026-01-01,2,SMS,Reached,1,0.8
SYN01345,65,Female,West,Provider Group D,Medication Adherence,1,1,Compliant,2026-01-01,0,None,Not Needed,0,0.85
SYN01360,72,Male,South,Provider Group B,Colorectal Cancer Screening,1,1,Compliant,2026-01-01,0,None,Not Needed,0,0.75
SYN01360,72,Male,South,Provider Group B,Controlling Blood Pressure,1,1,Compliant,2026-01-01,0,None,Not Needed,0,0.8
SYN01360,72,Male,South,Provider Group B,Medication Adherence,1,1,Compliant,2026-01-01,0,None,Not Needed,0,0.85
SYN01366,69,Female,East,Provider Group E,Breast Cancer Screening,1,1,Compliant,2026-01-01,0,None,Not Needed,0,0.8
SYN01366,69,Female,East,Provider Group E,Colorectal Cancer Screening,1,1,Compliant,2026-01-01,0,None,Not Needed,0,0.75
SYN01366,69,Female,East,Provider Group E,Controlling Blood Pressure,0,0,Not Eligible,2026-01-01,0,None,Not Needed,0,0.8
SYN01366,69,Female,East,Provider Group E,Diabetes Care,1,0,Open,2026-01-01,0,None,Not Attempted,0,0.78
SYN01366,69,Female,East,Provider Group E,Medication Adherence,1,1,Compliant,2026-01-01,0,None,Not Needed,0,0.85
SYN01371,65,Female,East,Provider Group E,Breast Cancer Screening,1,1,Compliant,2026-01-01,0,None,Not Needed,0,0.8
SYN01371,65,Female,East,Provider Group E,Colorectal Cancer Screening,1,1,Compliant,2026-01-01,0,None,Not Needed,0,0.75
SYN01371,65,Female,East,Provider Group E,Controlling Blood Pressure,1,0,Open,2026-01-01,0,None,Not Attempted,0,0.8
SYN01373,68,Female,West,Provider Group D,Colorectal Cancer Screening,1,1,Compliant,2026-01-01,0,None,Not Needed,0,0.75
SYN01374,68,Male,East,Provider Group E,Colorectal Cancer Screening,1,1,Compliant,2026-01-01,0,None,Not Needed,0,0.75
SYN01377,81,Female,West,Provider Group B,Colorectal Cancer Screening,0,0,Not Eligible,2026-01-01,0,None,Not Needed,0,0.75
SYN01377,81,Female,West,Provider Group B,Diabetes Care,0,0,Not Eligible,2026-01-01,0,None,Not Needed,0,0.78
SYN01377,81,Female,West,Provider Group B,Follow-Up After Hospitalization,1,1,Compliant,2026-01-01,0,None,Not Needed,0,0.75
SYN01387,66,Male,East,Provider Group A,Diabetes Care,1,0,Open,2026-01-01,4,Phone,Declined,0,0.78
SYN01391,74,Female,South,Provider Group C,Breast Cancer Screening,1,0,Open,2026-01-01,4,Phone,Reached,0,0.8
SYN01391,74,Female,South,Provider Group C,Colorectal Cancer Screening,1,1,Compliant,2026-01-01,2,SMS,Reached,1,0.75
SYN01391,74,Female,South,Provider Group C,Medication Adherence,0,0,Not Eligible,2026-01-01,0,None,Not Needed,0,0.85
SYN01394,74,Female,South,Provider Group B,Controlling Blood Pressure,0,0,Not Eligible,2026-01-01,0,None,Not Needed,0,0.8
SYN01394,74,Female,South,Provider Group B,Diabetes Care,1,1,Compliant,2026-01-01,0,None,Not Needed,0,0.78
SYN01394,74,Female,South,Provider Group B,Follow-Up After Hospitalization,0,0,Not Eligible,2026-01-01,0,None,Not Needed,0,0.75
SYN01394,74,Female,South,Provider Group B,Medication Adherence,0,0,Not Eligible,2026-01-01,0,None,Not Needed,0,0.85
SYN01395,79,Male,West,Provider Group C,Controlling Blood Pressure,1,1,Compliant,2026-01-01,0,None,Not Needed,0,0.8
SYN01395,79,Male,West,Provider Group C,Follow-Up After Hospitalization,1,0,Open,2026-01-01,3,Phone,Declined,0,0.75
SYN01395,79,Male,West,Provider Group C,Medication Adherence,1,0,Open,2026-01-01,0,None,Not Attempted,0,0.85
SYN01401,78,Female,East,Provider Group E,Breast Cancer Screening,0,0,Not Eligible,2026-01-01,0,None,Not Needed,0,0.8
SYN01401,78,Female,East,Provider Group E,Controlling Blood Pressure,1,1,Compliant,2026-01-01,0,None,Not Needed,0,0.8
SYN01401,78,Female,East,Provider Group E,Diabetes Care,1,1,Compliant,2026-01-01,0,None,Not Needed,0,0.78
SYN01401,78,Female,East,Provider Group E,Follow-Up After Hospitalization,0,0,Not Eligible,2026-01-01,0,None,Not Needed,0,0.75
SYN01401,78,Female,East,Provider Group E,Medication Adherence,1,0,Open,2026-01-01,1,Phone,Unable to Reach,0,0.85
SYN01417,67,Male,South,Provider Group A,Colorectal Cancer Screening,1,1,Compliant,2026-01-01,0,None,Not Needed,0,0.75
SYN01417,67,Male,South,Provider Group A,Diabetes Care,0,0,Not Eligible,2026-01-01,0,None,Not Needed,0,0.78
SYN01417,67,Male,South,Provider Group A,Medication Adherence,1,1,Compliant,2026-01-01,0,None,Not Needed,0,0.85
SYN01422,78,Female,South,Provider Group C,Breast Cancer Screening,0,0,Not Eligible,2026-01-01,0,None,Not Needed,0,0.8
SYN01422,78,Female,South,Provider Group C,Controlling Blood Pressure,1,0,Open,2026-01-01,2,Care Coordinator,Reached,0,0.8
SYN01422,78,Female,South,Provider Group C,Diabetes Care,1,0,Open,2026-01-01,0,None,Not Attempted,0,0.78
SYN01428,71,Male,East,Provider Group A,Breast Cancer Screening,0,0,Not Eligible,2026-01-01,0,None,Not Needed,0,0.8
SYN01428,71,Male,East,Provider Group A,Controlling Blood Pressure,1,0,Open,2026-01-01,1,Mail,Unable to Reach,0,0.8
SYN01428,71,Male,East,Provider Group A,Follow-Up After Hospitalization,1,1,Compliant,2026-01-01,0,None,Not Needed,0,0.75
SYN01428,71,Male,East,Provider Group A,Medication Adherence,1,1,Compliant,2026-01-01,0,None,Not Needed,0,0.85
SYN01436,73,Male,South,Provider Group B,Colorectal Cancer Screening,1,0,Open,2026-01-01,1,Mail,Reached,0,0.75
SYN01440,74,Female,East,Provider Group B,Colorectal Cancer Screening,1,0,Open,2026-01-01,2,Mail,Unable to Reach,0,0.75
SYN01440,74,Female,East,Provider Group B,Diabetes Care,1,1,Compliant,2026-01-01,0,None,Not Needed,0,0.78
SYN01446,86,Female,East,Provider Group A,Breast Cancer Screening,0,0,Not Eligible,2026-01-01,0,None,Not Needed,0,0.8
SYN01446,86,Female,East,Provider Group A,Colorectal Cancer Screening,0,0,Not Eligible,2026-01-01,0,None,Not Needed,0,0.75
SYN01446,86,Female,East,Provider Group A,Controlling Blood Pressure,1,0,Open,2026-01-01,2,SMS,Unable to Reach,0,0.8
SYN01446,86,Female,East,Provider Group A,Diabetes Care,0,0,Not Eligible,2026-01-01,0,None,Not Needed,0,0.78
SYN01446,86,Female,East,Provider Group A,Medication Adherence,0,0,Not Eligible,2026-01-01,0,None,Not Needed,0,0.85
SYN01448,66,Female,North,Provider Group B,Follow-Up After Hospitalization,1,1,Compliant,2026-01-01,0,None,Not Needed,0,0.75
SYN01448,66,Female,North,Provider Group B,Medication Adherence,1,1,Compliant,2026-01-01,0,None,Not Needed,0,0.85
SYN01451,79,Male,North,Provider Group E,Colorectal Cancer Screening,0,0,Not Eligible,2026-01-01,0,None,Not Needed,0,0.75
SYN01451,79,Male,North,Provider Group E,Controlling Blood Pressure,1,1,Compliant,2026-01-01,0,None,Not Needed,0,0.8
SYN01462,83,Female,East,Provider Group A,Breast Cancer Screening,0,0,Not Eligible,2026-01-01,0,None,Not Needed,0,0.8
SYN01462,83,Female,East,Provider Group A,Diabetes Care,0,0,Not Eligible,2026-01-01,0,None,Not Needed,0,0.78
SYN01467,71,Female,West,Provider Group D,Breast Cancer Screening,1,1,Compliant,2026-01-01,1,Mail,Reached,1,0.8
SYN01467,71,Female,West,Provider Group D,Controlling Blood Pressure,1,1,Compliant,2026-01-01,0,None,Not Needed,0,0.8
SYN01491,73,Male,South,Provider Group A,Colorectal Cancer Screening,1,1,Compliant,2026-01-01,0,None,Not Needed,0,0.75
SYN01491,73,Male,South,Provider Group A,Diabetes Care,0,0,Not Eligible,2026-01-01,0,None,Not Needed,0,0.78
SYN01491,73,Male,South,Provider Group A,Medication Adherence,1,1,Compliant,2026-01-01,0,None,Not Needed,0,0.85
SYN01495,76,Female,South,Provider Group D,Breast Cancer Screening,0,0,Not Eligible,2026-01-01,0,None,Not Needed,0,0.8
SYN01495,76,Female,South,Provider Group D,Controlling Blood Pressure,1,0,Open,2026-01-01,2,Phone,Reached,0,0.8
SYN01495,76,Female,South,Provider Group D,Diabetes Care,1,0,Open,2026-01-01,1,Phone,Reached,0,0.78
SYN01495,76,Female,South,Provider Group D,Medication Adherence,1,1,Compliant,2026-01-01,0,None,Not Needed,0,0.85
SYN01515,65,Male,East,Provider Group C,Colorectal Cancer Screening,1,0,Open,2026-01-01,2,Phone,Unable to Reach,0,0.75
SYN01515,65,Male,East,Provider Group C,Controlling Blood Pressure,1,1,Compliant,2026-01-01,0,None,Not Needed,0,0.8
SYN01520,67,Male,West,Provider Group D,Colorectal Cancer Screening,1,0,Open,2026-01-01,0,None,Not Attempted,0,0.75
SYN01520,67,Male,West,Provider Group D,Controlling Blood Pressure,1,1,Compliant,2026-01-01,0,None,Not Needed,0,0.8
SYN01520,67,Male,West,Provider Group D,Diabetes Care,1,1,Compliant,2026-01-01,3,Care Coordinator,Reached,1,0.78
SYN01521,68,Female,West,Provider Group B,Controlling Blood Pressure,1,1,Compliant,2026-01-01,0,None,Not Needed,0,0.8
SYN01521,68,Female,West,Provider Group B,Medication Adherence,1,1,Compliant,2026-01-01,0,None,Not Needed,0,0.85
SYN01547,80,Female,West,Provider Group B,Controlling Blood Pressure,1,1,Compliant,2026-01-01,0,None,Not Needed,0,0.8
SYN01547,80,Female,West,Provider Group B,Diabetes Care,0,0,Not Eligible,2026-01-01,0,None,Not Needed,0,0.78
SYN01551,77,Female,South,Provider Group B,Breast Cancer Screening,0,0,Not Eligible,2026-01-01,0,None,Not Needed,0,0.8
SYN01551,77,Female,South,Provider Group B,Colorectal Cancer Screening,0,0,Not Eligible,2026-01-01,0,None,Not Needed,0,0.75
SYN01551,77,Female,South,Provider Group B,Medication Adherence,1,1,Compliant,2026-01-01,0,None,Not Needed,0,0.85
SYN01559,70,Female,South,Provider Group C,Breast Cancer Screening,1,1,Compliant,2026-01-01,0,None,Not Needed,0,0.8
SYN01559,70,Female,South,Provider Group C,Diabetes Care,1,0,Open,2026-01-01,0,None,Not Attempted,0,0.78
SYN01559,70,Female,South,Provider Group C,Follow-Up After Hospitalization,1,0,Open,2026-01-01,0,None,Not Attempted,0,0.75
SYN01559,70,Female,South,Provider Group C,Medication Adherence,1,1,Compliant,2026-01-01,0,None,Not Needed,0,0.85
SYN01562,69,Female,West,Provider Group E,Breast Cancer Screening,1,1,Compliant,2026-01-01,0,None,Not Needed,0,0.8
SYN01562,69,Female,West,Provider Group E,Controlling Blood Pressure,1,1,Compliant,2026-01-01,0,None,Not Needed,0,0.8
SYN01563,78,Female,South,Provider Group B,Diabetes Care,1,1,Compliant,2026-01-01,1,Phone,Reached,1,0.78
SYN01566,80,Female,East,Provider Group D,Breast Cancer Screening,0,1,Not Eligible,2026-01-01,0,None,Not Needed,0,0.8
SYN01566,80,Female,East,Provider Group D,Colorectal Cancer Screening,0,0,Not Eligible,2026-01-01,0,None,Not Needed,0,0.75
SYN01566,80,Female,East,Provider Group D,Controlling Blood Pressure,1,1,Compliant,2026-01-01,0,None,Not Needed,0,0.8
SYN01566,80,Female,East,Provider Group D,Medication Adherence,1,1,Compliant,2026-01-01,0,None,Not Needed,0,0.85
SYN01567,65,Male,South,Provider Group A,Colorectal Cancer Screening,1,1,Compliant,2026-01-01,0,None,Not Needed,0,0.75
SYN01567,65,Male,South,Provider Group A,Diabetes Care,1,0,Open,2026-01-01,0,None,Not Attempted,0,0.78
SYN01567,65,Male,South,Provider Group A,Follow-Up After Hospitalization,0,0,Not Eligible,2026-01-01,0,None,Not Needed,0,0.75
SYN01567,65,Male,South,Provider Group A,Medication Adherence,1,1,Compliant,2026-01-01,0,None,Not Needed,0,0.85
SYN01572,77,Male,South,Provider Group B,Controlling Blood Pressure,0,0,Not Eligible,2026-01-01,0,None,Not Needed,0,0.8
SYN01572,77,Male,South,Provider Group B,Diabetes Care,0,0,Not Eligible,2026-01-01,0,None,Not Needed,0,0.78
SYN01572,77,Male,South,Provider Group B,Follow-Up After Hospitalization,0,0,Not Eligible,2026-01-01,0,None,Not Needed,0,0.75
SYN01574,81,Female,South,Provider Group A,Breast Cancer Screening,0,0,Not Eligible,2026-01-01,0,None,Not Needed,0,0.8
SYN01574,81,Female,South,Provider Group A,Controlling Blood Pressure,1,0,Open,2026-01-01,3,Mail,Unable to Reach,0,0.8
SYN01574,81,Female,South,Provider Group A,Medication Adherence,1,0,Open,2026-01-01,0,None,Not Attempted,0,0.85
SYN01584,80,Female,North,Provider Group B,Breast Cancer Screening,0,0,Not Eligible,2026-01-01,0,None,Not Needed,0,0.8
SYN01584,80,Female,North,Provider Group B,Colorectal Cancer Screening,0,0,Not Eligible,2026-01-01,0,None,Not Needed,0,0.75
SYN01584,80,Female,North,Provider Group B,Diabetes Care,1,1,Compliant,2026-01-01,0,None,Not Needed,0,0.78
SYN01594,65,Female,West,Provider Group E,Diabetes Care,0,0,Not Eligible,2026-01-01,0,None,Not Needed,0,0.78
SYN01600,75,Female,South,Provider Group E,Colorectal Cancer Screening,0,0,Not Eligible,2026-01-01,0,None,Not Needed,0,0.75
SYN01600,75,Female,South,Provider Group E,Controlling Blood Pressure,1,1,Compliant,2026-01-01,0,None,Not Needed,0,0.8
SYN01600,75,Female,South,Provider Group E,Diabetes Care,1,0,Open,2026-01-01,2,SMS,Unable to Reach,0,0.78
SYN01600,75,Female,South,Provider Group E,Medication Adherence,1,1,Compliant,2026-01-01,0,None,Not Needed,0,0.85
SYN01608,69,Male,South,Provider Group D,Colorectal Cancer Screening,1,1,Compliant,2026-01-01,0,None,Not Needed,0,0.75
SYN01608,69,Male,South,Provider Group D,Controlling Blood Pressure,1,1,Compliant,2026-01-01,0,None,Not Needed,0,0.8
SYN01608,69,Male,South,Provider Group D,Follow-Up After Hospitalization,0,0,Not Eligible,2026-01-01,0,None,Not Needed,0,0.75
SYN01613,75,Male,South,Provider Group C,Colorectal Cancer Screening,1,0,Open,2026-01-01,1,Phone,Reached,0,0.75
SYN01613,75,Male,South,Provider Group C,Follow-Up After Hospitalization,1,0,Open,2026-01-01,1,Mail,Unable to Reach,0,0.75
SYN01613,75,Male,South,Provider Group C,Medication Adherence,1,0,Open,2026-01-01,1,Mail,Unable to Reach,0,0.85
SYN01615,71,Female,South,Provider Group B,Breast Cancer Screening,1,1,Compliant,2026-01-01,0,None,Not Needed,0,0.8
SYN01615,71,Female,South,Provider Group B,Colorectal Cancer Screening,1,0,Open,2026-01-01,0,None,Not Attempted,0,0.75
SYN01615,71,Female,South,Provider Group B,Controlling Blood Pressure,1,1,Compliant,2026-01-01,0,None,Not Needed,0,0.8
SYN01615,71,Female,South,Provider Group B,Diabetes Care,1,0,Open,2026-01-01,3,Mail,Unable to Reach,0,0.78
SYN01615,71,Female,South,Provider Group B,Medication Adherence,1,1,Compliant,2026-01-01,0,None,Not Needed,0,0.85
SYN01620,76,Female,North,Provider Group E,Colorectal Cancer Screening,0,0,Not Eligible,2026-01-01,0,None,Not Needed,0,0.75
SYN01620,76,Female,North,Provider Group E,Diabetes Care,0,0,Not Eligible,2026-01-01,0,None,Not Needed,0,0.78
SYN01625,71,Male,North,Provider Group C,Diabetes Care,0,0,Not Eligible,2026-01-01,0,None,Not Needed,0,0.78
SYN01626,74,Female,North,Provider Group B,Breast Cancer Screening,1,1,Compliant,2026-01-01,0,None,Not Needed,0,0.8
SYN01626,74,Female,North,Provider Group B,Colorectal Cancer Screening,1,0,Open,2026-01-01,0,None,Not Attempted,0,0.75
SYN01626,74,Female,North,Provider Group B,Controlling Blood Pressure,1,0,Open,2026-01-01,0,None,Not Attempted,0,0.8
SYN01626,74,Female,North,Provider Group B,Diabetes Care,1,1,Compliant,2026-01-01,0,None,Not Needed,0,0.78
SYN01626,74,Female,North,Provider Group B,Follow-Up After Hospitalization,1,1,Compliant,2026-01-01,0,None,Not Needed,0,0.75
SYN01626,74,Female,North,Provider Group B,Medication Adherence,1,1,Compliant,2026-01-01,0,None,Not Needed,0,0.85
SYN01627,71,Male,West,Provider Group C,Colorectal Cancer Screening,1,1,Compliant,2026-01-01,1,Care Coordinator,Reached,1,0.75
SYN01627,71,Male,West,Provider Group C,Diabetes Care,1,0,Open,2026-01-01,3,SMS,Unable to Reach,0,0.78
SYN01628,67,Male,South,Provider Group A,Controlling Blood Pressure,1,1,Compliant,2026-01-01,0,None,Not Needed,0,0.8
SYN01628,67,Male,South,Provider Group A,Follow-Up After Hospitalization,1,0,Open,2026-01-01,1,Phone,Reached,0,0.75
SYN01628,67,Male,South,Provider Group A,Medication Adherence,1,1,Compliant,2026-01-01,0,None,Not Needed,0,0.85
SYN01634,74,Female,South,Provider Group B,Breast Cancer Screening,1,0,Open,2026-01-01,1,SMS,Reached,0,0.8
SYN01634,74,Female,South,Provider Group B,Controlling Blood Pressure,1,1,Compliant,2026-01-01,1,Phone,Reached,1,0.8
SYN01634,74,Female,South,Provider Group B,Medication Adherence,0,0,Not Eligible,2026-01-01,0,None,Not Needed,0,0.85
SYN01637,87,Female,North,Provider Group A,Breast Cancer Screening,0,0,Not Eligible,2026-01-01,0,None,Not Needed,0,0.8
SYN01637,87,Female,North,Provider Group A,Colorectal Cancer Screening,0,0,Not Eligible,2026-01-01,0,None,Not Needed,0,0.75
SYN01637,87,Female,North,Provider Group A,Follow-Up After Hospitalization,1,1,Compliant,2026-01-01,0,None,Not Needed,0,0.75
SYN01637,87,Female,North,Provider Group A,Medication Adherence,1,1,Compliant,2026-01-01,0,None,Not Needed,0,0.85
SYN01644,75,Female,East,Provider Group C,Medication Adherence,1,1,Compliant,2026-01-01,0,None,Not Needed,0,0.85
SYN01650,79,Male,North,Provider Group D,Controlling Blood Pressure,1,0,Open,2026-01-01,2,Phone,Unable to Reach,0,0.8
SYN01650,79,Male,North,Provider Group D,Medication Adherence,1,1,Compliant,2026-01-01,0,None,Not Needed,0,0.85
SYN01658,70,Female,North,Provider Group B,Controlling Blood Pressure,0,0,Not Eligible,2026-01-01,0,None,Not Needed,0,0.8
SYN01659,77,Male,South,Provider Group D,Colorectal Cancer Screening,0,0,Not Eligible,2026-01-01,0,None,Not Needed,0,0.75
SYN01662,65,Female,East,Provider Group B,Breast Cancer Screening,1,0,Open,2026-01-01,1,Phone,Unable to Reach,0,0.8
SYN01662,65,Female,East,Provider Group B,Colorectal Cancer Screening,1,1,Compliant,2026-01-01,0,None,Not Needed,0,0.75
SYN01662,65,Female,East,Provider Group B,Medication Adherence,1,1,Compliant,2026-01-01,0,None,Not Needed,0,0.85
SYN01665,74,Female,South,Provider Group B,Breast Cancer Screening,1,1,Compliant,2026-01-01,0,None,Not Needed,0,0.8
SYN01665,74,Female,South,Provider Group B,Colorectal Cancer Screening,1,0,Open,2026-01-01,1,Phone,Declined,0,0.75
SYN01670,78,Female,West,Provider Group B,Breast Cancer Screening,0,0,Not Eligible,2026-01-01,0,None,Not Needed,0,0.8
SYN01670,78,Female,West,Provider Group B,Controlling Blood Pressure,1,1,Compliant,2026-01-01,0,None,Not Needed,0,0.8
SYN01670,78,Female,West,Provider Group B,Follow-Up After Hospitalization,0,0,Not Eligible,2026-01-01,0,None,Not Needed,0,0.75
SYN01670,78,Female,West,Provider Group B,Medication Adherence,1,1,Compliant,2026-01-01,0,None,Not Needed,0,0.85
SYN01684,65,Female,East,Provider Group A,Breast Cancer Screening,1,0,Open,2026-01-01,4,Mail,Unable to Reach,0,0.8
SYN01684,65,Female,East,Provider Group A,Medication Adherence,1,1,Compliant,2026-01-01,0,None,Not Needed,0,0.85
SYN01686,71,Female,East,Provider Group D,Breast Cancer Screening,0,0,Not Eligible,2026-01-01,0,None,Not Needed,0,0.8
SYN01686,71,Female,East,Provider Group D,Controlling Blood Pressure,1,1,Compliant,2026-01-01,0,None,Not Needed,0,0.8
SYN01692,67,Male,West,Provider Group E,Colorectal Cancer Screening,1,1,Compliant,2026-01-01,0,None,Not Needed,0,0.75
SYN01692,67,Male,West,Provider Group E,Controlling Blood Pressure,1,0,Open,2026-01-01,3,Phone,Unable to Reach,0,0.8
SYN01692,67,Male,West,Provider Group E,Diabetes Care,1,0,Open,2026-01-01,0,None,Not Attempted,0,0.78
SYN01711,67,Male,North,Provider Group A,Colorectal Cancer Screening,0,0,Not Eligible,2026-01-01,0,None,Not Needed,0,0.75
SYN01711,67,Male,North,Provider Group A,Medication Adherence,1,1,Compliant,2026-01-01,0,None,Not Needed,0,0.85
SYN01713,78,Female,West,Provider Group A,Breast Cancer Screening,0,0,Not Eligible,2026-01-01,0,None,Not Needed,0,0.8
SYN01713,78,Female,West,Provider Group A,Colorectal Cancer Screening,0,0,Not Eligible,2026-01-01,0,None,Not Needed,0,0.75
SYN01713,78,Female,West,Provider Group A,Controlling Blood Pressure,1,0,Open,2026-01-01,3,Mail,Reached,0,0.8
SYN01713,78,Female,West,Provider Group A,Diabetes Care,0,0,Not Eligible,2026-01-01,0,None,Not Needed,0,0.78
SYN01716,67,Male,West,Provider Group C,Colorectal Cancer Screening,1,1,Compliant,2026-01-01,0,None,Not Needed,0,0.75
SYN01732,75,Female,South,Provider Group E,Breast Cancer Screening,0,0,Not Eligible,2026-01-01,0,None,Not Needed,0,0.8
SYN01732,75,Female,South,Provider Group E,Colorectal Cancer Screening,1,0,Open,2026-01-01,0,None,Not Attempted,0,0.75
SYN01732,75,Female,South,Provider Group E,Medication Adherence,1,0,Open,2026-01-01,3,Phone,Reached,0,0.85
SYN01734,85,Female,North,Provider Group D,Diabetes Care,1,1,Compliant,2026-01-01,0,None,Not Needed,0,0.78
SYN01734,85,Female,North,Provider Group D,Follow-Up After Hospitalization,1,0,Open,2026-01-01,3,Mail,Declined,0,0.75
SYN01734,85,Female,North,Provider Group D,Medication Adherence,1,1,Compliant,2026-01-01,0,None,Not Needed,0,0.85
SYN01745,72,Male,East,Provider Group C,Colorectal Cancer Screening,1,1,Compliant,2026-01-01,0,None,Not Needed,0,0.75
SYN01750,72,Female,South,Provider Group D,Breast Cancer Screening,1,1,Compliant,2026-01-01,0,None,Not Needed,0,0.8
SYN01750,72,Female,South,Provider Group D,Colorectal Cancer Screening,1,1,Compliant,2026-01-01,2,Phone,Reached,1,0.75
SYN01750,72,Female,South,Provider Group D,Diabetes Care,1,1,Compliant,2026-01-01,1,Phone,Reached,1,0.78
SYN01750,72,Female,South,Provider Group D,Medication Adherence,1,1,Compliant,2026-01-01,0,None,Not Needed,0,0.85
SYN01751,72,Female,East,Provider Group C,Colorectal Cancer Screening,1,0,Open,2026-01-01,1,SMS,Reached,0,0.75
SYN01751,72,Female,East,Provider Group C,Diabetes Care,1,1,Compliant,2026-01-01,2,SMS,Reached,1,0.78
SYN01751,72,Female,East,Provider Group C,Medication Adherence,1,1,Compliant,2026-01-01,0,None,Not Needed,0,0.85
SYN01758,70,Male,West,Provider Group D,Colorectal Cancer Screening,1,0,Open,2026-01-01,1,Phone,Reached,0,0.75
SYN01758,70,Male,West,Provider Group D,Controlling Blood Pressure,0,0,Not Eligible,2026-01-01,0,None,Not Needed,0,0.8
SYN01758,70,Male,West,Provider Group D,Diabetes Care,1,0,Open,2026-01-01,2,SMS,Reached,0,0.78
SYN01758,70,Male,West,Provider Group D,Medication Adherence,1,0,Open,2026-01-01,0,None,Not Attempted,0,0.85
SYN01760,76,Female,South,Provider Group A,Colorectal Cancer Screening,0,0,Not Eligible,2026-01-01,0,None,Not Needed,0,0.75
SYN01760,76,Female,South,Provider Group A,Controlling Blood Pressure,1,1,Compliant,2026-01-01,0,None,Not Needed,0,0.8
SYN01760,76,Female,South,Provider Group A,Diabetes Care,1,1,Compliant,2026-01-01,0,None,Not Needed,0,0.78
SYN01770,81,Male,South,Provider Group A,Colorectal Cancer Screening,0,0,Not Eligible,2026-01-01,0,None,Not Needed,0,0.75
SYN01770,81,Male,South,Provider Group A,Controlling Blood Pressure,1,1,Compliant,2026-01-01,0,None,Not Needed,0,0.8
SYN01770,81,Male,South,Provider Group A,Diabetes Care,1,1,Compliant,2026-01-01,0,None,Not Needed,0,0.78
SYN01770,81,Male,South,Provider Group A,Medication Adherence,1,1,Compliant,2026-01-01,0,None,Not Needed,0,0.85
SYN01777,86,Male,West,Provider Group B,Colorectal Cancer Screening,0,0,Not Eligible,2026-01-01,0,None,Not Needed,0,0.75
SYN01777,86,Male,West,Provider Group B,Controlling Blood Pressure,1,0,Open,2026-01-01,0,None,Not Attempted,0,0.8
SYN01779,66,Male,West,Provider Group D,Controlling Blood Pressure,1,0,Open,2026-01-01,2,Phone,Declined,0,0.8
SYN01780,67,Female,North,Provider Group C,Breast Cancer Screening,1,0,Open,2026-01-01,0,None,Not Attempted,0,0.8
SYN01780,67,Female,North,Provider Group C,Diabetes Care,1,0,Open,2026-01-01,0,None,Not Attempted,0,0.78
SYN01780,67,Female,North,Provider Group C,Medication Adherence,1,0,Open,2026-01-01,0,None,Not Attempted,0,0.85
SYN01781,72,Male,North,Provider Group A,Follow-Up After Hospitalization,1,1,Compliant,2026-01-01,0,None,Not Needed,0,0.75
SYN01781,72,Male,North,Provider Group A,Medication Adherence,1,1,Compliant,2026-01-01,0,None,Not Needed,0,0.85
SYN01785,78,Male,South,Provider Group E,Colorectal Cancer Screening,0,0,Not Eligible,2026-01-01,0,None,Not Needed,0,0.75
SYN01785,78,Male,South,Provider Group E,Controlling Blood Pressure,1,1,Compliant,2026-01-01,0,None,Not Needed,0,0.8
SYN01785,78,Male,South,Provider Group E,Diabetes Care,1,0,Open,2026-01-01,2,Phone,Unable to Reach,0,0.78
SYN01785,78,Male,South,Provider Group E,Medication Adherence,1,0,Open,2026-01-01,2,Phone,Unable to Reach,0,0.85
SYN01795,74,Female,East,Provider Group A,Breast Cancer Screening,1,1,Compliant,2026-01-01,0,None,Not Needed,0,0.8
SYN01795,74,Female,East,Provider Group A,Controlling Blood Pressure,1,1,Compliant,2026-01-01,0,None,Not Needed,0,0.8
SYN01795,74,Female,East,Provider Group A,Follow-Up After Hospitalization,1,0,Open,2026-01-01,1,Mail,Unable to Reach,0,0.75
SYN01800,74,Female,North,Provider Group A,Colorectal Cancer Screening,1,0,Open,2026-01-01,4,Care Coordinator,Reached,0,0.75
SYN01802,72,Female,East,Provider Group C,Breast Cancer Screening,1,0,Open,2026-01-01,1,SMS,Unable to Reach,0,0.8
SYN01802,72,Female,East,Provider Group C,Colorectal Cancer Screening,1,1,Compliant,2026-01-01,0,None,Not Needed,0,0.75
SYN01802,72,Female,East,Provider Group C,Diabetes Care,0,0,Not Eligible,2026-01-01,0,None,Not Needed,0,0.78
SYN01802,72,Female,East,Provider Group C,Medication Adherence,0,0,Not Eligible,2026-01-01,0,None,Not Needed,0,0.85
SYN01806,83,Female,East,Provider Group A,Breast Cancer Screening,0,0,Not Eligible,2026-01-01,0,None,Not Needed,0,0.8
SYN01806,83,Female,East,Provider Group A,Colorectal Cancer Screening,0,0,Not Eligible,2026-01-01,0,None,Not Needed,0,0.75
SYN01806,83,Female,East,Provider Group A,Controlling Blood Pressure,1,1,Compliant,2026-01-01,0,None,Not Needed,0,0.8
SYN01806,127,Female,East,Provider Group A,Medication Adherence,1,1,Compliant,2026-01-01,0,None,Not Needed,0,0.85
SYN01812,71,Male,West,Provider Group E,Colorectal Cancer Screening,1,0,Open,2026-01-01,0,None,Not Attempted,0,0.75
SYN01812,71,Male,West,Provider Group E,Diabetes Care,0,0,Not Eligible,2026-01-01,0,None,Not Needed,0,0.78
SYN01825,88,Female,East,Provider Group E,Colorectal Cancer Screening,0,0,Not Eligible,2026-01-01,0,None,Not Needed,0,0.75
SYN01825,88,Female,East,Provider Group E,Controlling Blood Pressure,1,1,Compliant,2026-01-01,0,None,Not Needed,0,0.8
SYN01825,88,Female,East,Provider Group E,Medication Adherence,1,1,Compliant,2026-01-01,0,None,Not Needed,0,0.85
SYN01827,73,Male,South,Provider Group A,Controlling Blood Pressure,1,1,Compliant,2026-01-01,0,None,Not Needed,0,0.8
SYN01827,73,Male,South,Provider Group A,Diabetes Care,1,1,Compliant,2026-01-01,0,None,Not Needed,0,0.78
SYN01827,73,Male,South,Provider Group A,Follow-Up After Hospitalization,1,1,Compliant,2026-01-01,0,None,Not Needed,0,0.75
SYN01831,72,Male,East,Provider Group E,Controlling Blood Pressure,1,0,Open,2026-01-01,0,None,Not Attempted,0,0.8
SYN01847,82,Female,North,Provider Group E,Breast Cancer Screening,0,0,Not Eligible,2026-01-01,0,None,Not Needed,0,0.8
SYN01847,82,Female,North,Provider Group E,Colorectal Cancer Screening,0,0,Not Eligible,2026-01-01,0,None,Not Needed,0,0.75
SYN01847,82,Female,North,Provider Group E,Controlling Blood Pressure,1,1,Compliant,2026-01-01,0,None,Not Needed,0,0.8
SYN01847,82,Female,North,Provider Group E,Follow-Up After Hospitalization,0,0,Not Eligible,2026-01-01,0,None,Not Needed,0,0.75
SYN01850,72,Female,North,Provider Group C,Breast Cancer Screening,1,1,Compliant,2026-01-01,0,None,Not Needed,0,0.8
SYN01850,72,Female,North,Provider Group C,Colorectal Cancer Screening,1,1,Compliant,2026-01-01,2,Phone,Reached,1,0.75
SYN01850,72,Female,North,Provider Group C,Follow-Up After Hospitalization,0,0,Not Eligible,2026-01-01,0,None,Not Needed,0,0.75
SYN01850,72,Female,North,Provider Group C,Medication Adherence,1,1,Compliant,2026-01-01,0,None,Not Needed,0,0.85
SYN01851,85,Male,West,Provider Group D,Diabetes Care,1,0,Open,2026-01-01,2,Phone,Reached,0,0.78
SYN01851,85,Male,West,Provider Group D,Medication Adherence,1,1,Compliant,2026-01-01,0,None,Not Needed,0,0.85
SYN01853,87,Female,North,Provider Group D,Colorectal Cancer Screening,0,0,Not Eligible,2026-01-01,0,None,Not Needed,0,0.75
SYN01853,87,Female,North,Provider Group D,Controlling Blood Pressure,1,1,Compliant,2026-01-01,0,None,Not Needed,0,0.8
SYN01853,87,Female,North,Provider Group D,Diabetes Care,1,0,Open,2026-01-01,2,Phone,Unable to Reach,0,0.78
SYN01853,87,Female,North,Provider Group D,Follow-Up After Hospitalization,1,0,Open,2026-01-01,3,SMS,Reached,0,0.75
SYN01853,87,Female,North,Provider Group D,Medication Adherence,1,0,Open,2026-01-01,2,Phone,Reached,0,0.85
SYN01856,77,Female,East,Provider Group A,Breast Cancer Screening,0,0,Not Eligible,2026-01-01,0,None,Not Needed,0,0.8
SYN01856,77,Female,East,Provider Group A,Colorectal Cancer Screening,0,0,Not Eligible,2026-01-01,0,None,Not Needed,0,0.75
SYN01856,77,Female,East,Provider Group A,Medication Adherence,1,1,Compliant,2026-01-01,0,None,Not Needed,0,0.85
SYN01863,87,Male,East,Provider Group A,Controlling Blood Pressure,1,0,Open,2026-01-01,3,Phone,Reached,0,0.8
SYN01863,87,Male,East,Provider Group A,Diabetes Care,0,0,Not Eligible,2026-01-01,0,None,Not Needed,0,0.78
SYN01863,87,Male,East,Provider Group A,Medication Adherence,1,1,Compliant,2026-01-01,0,None,Not Needed,0,0.85
SYN01873,71,Male,South,Provider Group A,Controlling Blood Pressure,1,1,Compliant,2026-01-01,0,None,Not Needed,0,0.8
SYN01873,71,Male,South,Provider Group A,Diabetes Care,1,0,Open,2026-01-01,1,Phone,Reached,0,0.78
SYN01873,71,Male,South,Provider Group A,Follow-Up After Hospitalization,1,0,Open,2026-01-01,0,None,Not Attempted,0,0.75
SYN01873,71,Male,South,Provider Group A,Medication Adherence,1,1,Compliant,2026-01-01,0,None,Not Needed,0,0.85
SYN01884,65,Male,West,Provider Group B,Controlling Blood Pressure,1,1,Compliant,2026-01-01,0,None,Not Needed,0,0.8
SYN01886,72,Male,North,Provider Group A,Controlling Blood Pressure,0,0,Not Eligible,2026-01-01,0,None,Not Needed,0,0.8
SYN01886,72,Male,North,Provider Group A,Diabetes Care,1,0,Open,2026-01-01,1,Phone,Reached,0,0.78
SYN01908,70,Female,South,Provider Group E,Breast Cancer Screening,1,0,Open,2026-01-01,0,None,Not Attempted,0,0.8
SYN01908,70,Female,South,Provider Group E,Colorectal Cancer Screening,1,0,Open,2026-01-01,1,SMS,Reached,0,0.75
SYN01908,70,Female,South,Provider Group E,Controlling Blood Pressure,1,0,Open,2026-01-01,1,SMS,Reached,0,0.8
SYN01908,70,Female,South,Provider Group E,Diabetes Care,1,0,Open,2026-01-01,3,Mail,Unable to Reach,0,0.78
SYN01912,84,Female,West,Provider Group B,Breast Cancer Screening,0,0,Not Eligible,2026-01-01,0,None,Not Needed,0,0.8
SYN01912,84,Female,West,Provider Group B,Colorectal Cancer Screening,0,0,Not Eligible,2026-01-01,0,None,Not Needed,0,0.75
SYN01912,84,Female,West,Provider Group B,Controlling Blood Pressure,1,1,Compliant,2026-01-01,0,None,Not Needed,0,0.8
SYN01912,84,Female,West,Provider Group B,Medication Adherence,1,1,Compliant,2026-01-01,0,None,Not Needed,0,0.85
SYN01914,71,Male,North,Provider Group B,Diabetes Care,0,0,Not Eligible,2026-01-01,0,None,Not Needed,0,0.78
SYN01914,71,Male,North,Provider Group B,Medication Adherence,1,1,Compliant,2026-01-01,0,None,Not Needed,0,0.85
SYN01918,79,Male,South,Provider Group B,Colorectal Cancer Screening,0,0,Not Eligible,2026-01-01,0,None,Not Needed,0,0.75
SYN01923,74,Female,South,Provider Group C,Breast Cancer Screening,1,0,Open,2026-01-01,0,None,Not Attempted,0,0.8
SYN01923,74,Female,South,Provider Group C,Colorectal Cancer Screening,1,0,Open,2026-01-01,0,None,Not Attempted,0,0.75
SYN01923,74,Female,South,Provider Group C,Follow-Up After Hospitalization,1,1,Compliant,2026-01-01,0,None,Not Needed,0,0.75
SYN01941,69,Female,West,Provider Group C,Breast Cancer Screening,1,1,Compliant,2026-01-01,0,None,Not Needed,0,0.8
SYN01941,69,Female,West,Provider Group C,Controlling Blood Pressure,1,1,Compliant,2026-01-01,0,None,Not Needed,0,0.8
SYN01941,69,Female,West,Provider Group C,Diabetes Care,0,0,Not Eligible,2026-01-01,0,None,Not Needed,0,0.78
SYN01953,66,Female,South,Provider Group A,Breast Cancer Screening,1,1,Compliant,2026-01-01,2,Care Coordinator,Reached,1,0.8
SYN01962,75,Female,South,Provider Group E,Breast Cancer Screening,0,0,Not Eligible,2026-01-01,0,None,Not Needed,0,0.8
SYN01965,76,Male,South,Provider Group E,Colorectal Cancer Screening,0,0,Not Eligible,2026-01-01,0,None,Not Needed,0,0.75
SYN01965,76,Male,South,Provider Group E,Follow-Up After Hospitalization,1,0,Open,2026-01-01,3,SMS,Unable to Reach,0,0.75
SYN01965,76,Male,South,Provider Group E,Medication Adherence,1,0,Open,2026-01-01,1,Mail,Unable to Reach,0,0.85
SYN01972,74,Male,West,Provider Group A,Diabetes Care,1,1,Compliant,2026-01-01,0,None,Not Needed,0,0.78
SYN01972,74,Male,West,Provider Group A,Follow-Up After Hospitalization,0,0,Not Eligible,2026-01-01,0,None,Not Needed,0,0.75
SYN01982,67,Female,South,Provider Group B,Breast Cancer Screening,1,0,Open,2026-01-01,3,Phone,Reached,0,0.8
SYN01982,67,Female,South,Provider Group B,Controlling Blood Pressure,1,1,Compliant,2026-01-01,0,None,Not Needed,0,0.8
SYN02002,75,Female,South,Provider Group D,Follow-Up After Hospitalization,0,0,Not Eligible,2026-01-01,0,None,Not Needed,0,0.75
SYN02003,67,Female,West,Provider Group D,Colorectal Cancer Screening,1,1,Compliant,2026-01-01,0,None,Not Needed,0,0.75
SYN02003,67,Female,West,Provider Group D,Diabetes Care,1,1,Compliant,2026-01-01,0,None,Not Needed,0,0.78
SYN02003,67,Female,West,Provider Group D,Medication Adherence,1,1,Compliant,2026-01-01,0,None,Not Needed,0,0.85
SYN02006,85,Female,West,Provider Group D,Breast Cancer Screening,0,0,Not Eligible,2026-01-01,0,None,Not Needed,0,0.8
SYN02006,85,Female,West,Provider Group D,Colorectal Cancer Screening,0,0,Not Eligible,2026-01-01,0,None,Not Needed,0,0.75
SYN02006,85,Female,West,Provider Group D,Medication Adherence,1,1,Compliant,2026-01-01,0,None,Not Needed,0,0.85
SYN02008,81,Male,North,Provider Group E,Colorectal Cancer Screening,0,0,Not Eligible,2026-01-01,0,None,Not Needed,0,0.75
SYN02008,81,Male,North,Provider Group E,Diabetes Care,1,1,Compliant,2026-01-01,3,Phone,Reached,1,0.78
SYN02011,68,Male,North,Provider Group C,Colorectal Cancer Screening,1,1,Compliant,2026-01-01,3,Care Coordinator,Reached,1,0.75
SYN02011,68,Male,North,Provider Group C,Medication Adherence,1,0,Open,2026-01-01,3,Phone,Reached,0,0.85
SYN02012,69,Male,East,Provider Group C,Diabetes Care,0,0,Not Eligible,2026-01-01,0,None,Not Needed,0,0.78
SYN02012,69,Male,East,Provider Group C,Medication Adherence,1,1,Compliant,2026-01-01,0,None,Not Needed,0,0.85
SYN02014,72,Male,East,Provider Group B,Colorectal Cancer Screening,1,0,Open,2026-01-01,1,Phone,Reached,0,0.75
SYN02014,72,Male,East,Provider Group B,Follow-Up After Hospitalization,1,0,Open,2026-01-01,2,SMS,Unable to Reach,0,0.75
SYN02015,66,Male,East,Provider Group A,Breast Cancer Screening,0,0,Not Eligible,2026-01-01,0,None,Not Needed,0,0.8
SYN02015,66,Male,East,Provider Group A,Colorectal Cancer Screening,1,1,Compliant,2026-01-01,0,None,Not Needed,0,0.75
SYN02015,66,Male,East,Provider Group A,Diabetes Care,1,1,Compliant,2026-01-01,0,None,Not Needed,0,0.78
SYN02021,68,Male,West,Provider Group D,Colorectal Cancer Screening,1,0,Open,2026-01-01,0,None,Not Attempted,0,0.75
SYN02028,87,Female,West,Provider Group D,Colorectal Cancer Screening,0,0,Not Eligible,2026-01-01,0,None,Not Needed,0,0.75
SYN02028,87,Female,West,Provider Group D,Diabetes Care,1,1,Compliant,2026-01-01,0,None,Not Needed,0,0.78
SYN02028,87,Female,West,Provider Group D,Follow-Up After Hospitalization,1,1,Compliant,2026-01-01,0,None,Not Needed,0,0.75
SYN02030,66,Male,West,Provider Group E,Diabetes Care,1,1,Compliant,2026-01-01,0,None,Not Needed,0,0.78
SYN02030,66,Male,West,Provider Group E,Medication Adherence,1,1,Compliant,2026-01-01,0,None,Not Needed,0,0.85
SYN02044,67,Female,North,Provider Group C,Diabetes Care,0,0,Not Eligible,2026-01-01,0,None,Not Needed,0,0.78
SYN02044,67,Female,North,Provider Group C,Follow-Up After Hospitalization,0,0,Not Eligible,2026-01-01,0,None,Not Needed,0,0.75
SYN02048,67,Male,North,Provider Group E,Breast Cancer Screening,0,0,Not Eligible,2026-01-01,0,None,Not Needed,0,0.8
SYN02048,67,Male,North,Provider Group E,Colorectal Cancer Screening,1,0,Open,2026-01-01,1,SMS,Reached,0,0.75
SYN02048,67,Male,North,Provider Group E,Controlling Blood Pressure,1,1,Compliant,2026-01-01,0,None,Not Needed,0,0.8
SYN02048,67,Male,North,Provider Group E,Diabetes Care,0,0,Not Eligible,2026-01-01,0,None,Not Needed,0,0.78
SYN02048,67,Male,North,Provider Group E,Follow-Up After Hospitalization,1,0,Open,2026-01-01,2,Mail,Reached,0,0.75
SYN02048,67,Male,North,Provider Group E,Medication Adherence,1,1,Compliant,2026-01-01,0,None,Not Needed,0,0.85
SYN02050,78,Male,West,Provider Group D,Colorectal Cancer Screening,0,0,Not Eligible,2026-01-01,0,None,Not Needed,0,0.75
SYN02050,78,Male,West,Provider Group D,Controlling Blood Pressure,1,0,Open,2026-01-01,3,Phone,Reached,0,0.8
SYN02050,78,Male,West,Provider Group D,Medication Adherence,1,1,Compliant,2026-01-01,0,None,Not Needed,0,0.85
SYN02053,85,Male,North,Provider Group E,Breast Cancer Screening,0,0,Not Eligible,2026-01-01,0,None,Not Needed,0,0.8
SYN02053,85,Male,North,Provider Group E,Colorectal Cancer Screening,0,0,Not Eligible,2026-01-01,0,None,Not Needed,0,0.75
SYN02053,85,Male,North,Provider Group E,Medication Adherence,1,1,Compliant,2026-01-01,0,None,Not Needed,0,0.85
SYN02064,84,Female,South,Provider Group B,Breast Cancer Screening,0,0,Not Eligible,2026-01-01,0,None,Not Needed,0,0.8
SYN02064,84,Female,South,Provider Group B,Colorectal Cancer Screening,0,0,Not Eligible,2026-01-01,0,None,Not Needed,0,0.75
SYN02064,84,Female,South,Provider Group B,Controlling Blood Pressure,1,1,Compliant,2026-01-01,0,None,Not Needed,0,0.8
SYN02064,84,Female,South,Provider Group B,Diabetes Care,1,1,Compliant,2026-01-01,0,None,Not Needed,0,0.78
SYN02078,84,Female,South,Provider Group E,Breast Cancer Screening,0,0,Not Eligible,2026-01-01,0,None,Not Needed,0,0.8
SYN02078,84,Female,South,Provider Group E,Diabetes Care,1,1,Compliant,2026-01-01,2,Phone,Reached,1,0.78
SYN02078,84,Female,South,Provider Group E,Medication Adherence,1,1,Compliant,2026-01-01,0,None,Not Needed,0,0.85
SYN02079,73,Male,East,Provider Group B,Diabetes Care,1,1,Compliant,2026-01-01,2,SMS,Reached,1,0.78
SYN02091,89,Male,East,Provider Group C,Colorectal Cancer Screening,0,0,Not Eligible,2026-01-01,0,None,Not Needed,0,0.75
SYN02091,89,Male,East,Provider Group C,Controlling Blood Pressure,1,1,Compliant,2026-01-01,0,None,Not Needed,0,0.8
SYN02091,89,Male,East,Provider Group C,Follow-Up After Hospitalization,1,0,Open,2026-01-01,1,Phone,Reached,0,0.75
SYN02091,89,Male,East,Provider Group C,Medication Adherence,1,0,Open,2026-01-01,1,Phone,Unable to Reach,0,0.85
SYN02108,88,Female,North,Provider Group D,Colorectal Cancer Screening,0,0,Not Eligible,2026-01-01,0,None,Not Needed,0,0.75
SYN02108,88,Female,North,Provider Group D,Controlling Blood Pressure,0,0,Not Eligible,2026-01-01,0,None,Not Needed,0,0.8
SYN02108,88,Female,North,Provider Group D,Diabetes Care,1,1,Compliant,2026-01-01,0,None,Not Needed,0,0.78
SYN02114,73,Female,South,Provider Group A,Controlling Blood Pressure,1,0,Open,2026-01-01,0,None,Not Attempted,0,0.8
SYN02114,73,Female,South,Provider Group A,Diabetes Care,1,1,Compliant,2026-01-01,0,None,Not Needed,0,0.78
SYN02114,73,Female,South,Provider Group A,Follow-Up After Hospitalization,0,0,Not Eligible,2026-01-01,0,None,Not Needed,0,0.75
SYN02116,80,Male,East,Provider Group E,Colorectal Cancer Screening,0,0,Not Eligible,2026-01-01,0,None,Not Needed,0,0.75
SYN02116,80,Male,East,Provider Group E,Controlling Blood Pressure,1,0,Open,2026-01-01,0,None,Not Attempted,0,0.8
SYN02116,80,Male,East,Provider Group E,Follow-Up After Hospitalization,1,1,Compliant,2026-01-01,0,None,Not Needed,0,0.75
SYN02117,68,Male,South,Provider Group B,Colorectal Cancer Screening,1,0,Open,2026-01-01,2,SMS,Unable to Reach,0,0.75
SYN02117,68,Male,South,Provider Group B,Controlling Blood Pressure,1,0,Open,2026-01-01,2,Phone,Reached,0,0.8
SYN02117,68,Male,South,Provider Group B,Diabetes Care,1,1,Compliant,2026-01-01,0,None,Not Needed,0,0.78
SYN02117,68,Male,South,Provider Group B,Follow-Up After Hospitalization,0,0,Not Eligible,2026-01-01,0,None,Not Needed,0,0.75
SYN02130,75,Male,South,Provider Group C,Medication Adherence,1,1,Compliant,2026-01-01,0,None,Not Needed,0,0.85
SYN02143,78,Female,North,Provider Group B,Breast Cancer Screening,0,0,Not Eligible,2026-01-01,0,None,Not Needed,0,0.8
SYN02144,82,Female,North,Provider Group D,Breast Cancer Screening,0,0,Not Eligible,2026-01-01,0,None,Not Needed,0,0.8
SYN02144,82,Female,North,Provider Group D,Controlling Blood Pressure,1,0,Open,2026-01-01,1,SMS,Reached,0,0.8
SYN02144,82,Female,North,Provider Group D,Diabetes Care,1,1,Compliant,2026-01-01,0,None,Not Needed,0,0.78
SYN02144,82,Female,North,Provider Group D,Medication Adherence,1,1,Compliant,2026-01-01,0,None,Not Needed,0,0.85
SYN02146,67,Male,South,Provider Group D,Controlling Blood Pressure,0,0,Not Eligible,2026-01-01,0,None,Not Needed,0,0.8
SYN02146,67,Male,South,Provider Group D,Diabetes Care,0,0,Not Eligible,2026-01-01,0,None,Not Needed,0,0.78
SYN02146,67,Male,South,Provider Group D,Medication Adherence,1,1,Compliant,2026-01-01,0,None,Not Needed,0,0.85
SYN02150,66,Female,East,Provider Group D,Controlling Blood Pressure,1,0,Open,2026-01-01,1,Care Coordinator,Declined,0,0.8
SYN02150,66,Female,East,Provider Group D,Follow-Up After Hospitalization,0,0,Not Eligible,2026-01-01,0,None,Not Needed,0,0.75
SYN02150,66,Female,East,Provider Group D,Medication Adherence,0,0,Not Eligible,2026-01-01,0,None,Not Needed,0,0.85
SYN02158,73,Female,South,Provider Group E,Breast Cancer Screening,1,0,Open,2026-01-01,0,None,Not Attempted,0,0.8
SYN02158,73,Female,South,Provider Group E,Controlling Blood Pressure,0,0,Not Eligible,2026-01-01,0,None,Not Needed,0,0.8
SYN02160,67,Male,West,Provider Group C,Controlling Blood Pressure,0,0,Not Eligible,2026-01-01,0,None,Not Needed,0,0.8
SYN02160,67,Male,West,Provider Group C,Follow-Up After Hospitalization,1,1,Compliant,2026-01-01,0,None,Not Needed,0,0.75
SYN02160,67,Male,West,Provider Group C,Medication Adherence,1,1,Compliant,2026-01-01,0,None,Not Needed,0,0.85
SYN02172,77,Female,South,Provider Group D,Breast Cancer Screening,0,0,Not Eligible,2026-01-01,0,None,Not Needed,0,0.8
SYN02172,77,Female,South,Provider Group D,Colorectal Cancer Screening,0,0,Not Eligible,2026-01-01,0,None,Not Needed,0,0.75
SYN02172,77,Female,South,Provider Group D,Diabetes Care,1,0,Open,2026-01-01,3,Mail,Reached,0,0.78
SYN02172,77,Female,South,Provider Group D,Follow-Up After Hospitalization,0,0,Not Eligible,2026-01-01,0,None,Not Needed,0,0.75
SYN02172,77,Female,South,Provider Group D,Medication Adherence,1,1,Compliant,2026-01-01,0,None,Not Needed,0,0.85
SYN02180,74,Female,East,Provider Group A,Breast Cancer Screening,1,1,Compliant,2026-01-01,0,None,Not Needed,0,0.8
SYN02180,74,Female,East,Provider Group A,Controlling Blood Pressure,0,0,Not Eligible,2026-01-01,0,None,Not Needed,0,0.8
SYN02180,74,Female,East,Provider Group A,Medication Adherence,1,1,Compliant,2026-01-01,2,Phone,Reached,1,0.85
SYN02192,71,Female,West,Provider Group C,Breast Cancer Screening,0,0,Not Eligible,2026-01-01,0,None,Not Needed,0,0.8
SYN02192,71,Female,West,Provider Group C,Controlling Blood Pressure,1,0,Open,2026-01-01,4,Mail,Unable to Reach,0,0.8
SYN02200,87,Male,South,Provider Group C,Colorectal Cancer Screening,0,0,Not Eligible,2026-01-01,0,None,Not Needed,0,0.75
SYN02200,87,Male,South,Provider Group C,Controlling Blood Pressure,1,0,Open,2026-01-01,2,SMS,Reached,0,0.8
SYN02200,87,Male,South,Provider Group C,Follow-Up After Hospitalization,1,1,Compliant,2026-01-01,2,Phone,Reached,1,0.75
SYN02206,82,Female,South,Provider Group C,Diabetes Care,0,0,Not Eligible,2026-01-01,0,None,Not Needed,0,0.78
SYN02206,82,Female,South,Provider Group C,Follow-Up After Hospitalization,1,1,Compliant,2026-01-01,2,SMS,Reached,1,0.75
SYN02210,71,Male,North,Provider Group D,Breast Cancer Screening,0,0,Not Eligible,2026-01-01,0,None,Not Needed,0,0.8
SYN02210,71,Male,North,Provider Group D,Medication Adherence,1,1,Compliant,2026-01-01,0,None,Not Needed,0,0.85
SYN02223,72,Female,North,Provider Group B,Diabetes Care,1,0,Open,2026-01-01,1,SMS,Reached,0,0.78
SYN02235,84,Female,East,Provider Group D,Breast Cancer Screening,0,0,Not Eligible,2026-01-01,0,None,Not Needed,0,0.8
SYN02235,84,Female,East,Provider Group D,Diabetes Care,1,0,Open,2026-01-01,2,Phone,Unable to Reach,0,0.78
SYN02235,84,Female,East,Provider Group D,Medication Adherence,1,1,Compliant,2026-01-01,0,None,Not Needed,0,0.85
SYN02236,74,Female,East,Provider Group B,Breast Cancer Screening,1,1,Compliant,2026-01-01,0,None,Not Needed,0,0.8
SYN02236,74,Female,East,Provider Group B,Diabetes Care,1,0,Open,2026-01-01,2,Mail,Unable to Reach,0,0.78
SYN02236,74,Female,East,Provider Group B,Follow-Up After Hospitalization,0,0,Not Eligible,2026-01-01,0,None,Not Needed,0,0.75
SYN02236,74,Female,East,Provider Group B,Medication Adherence,1,1,Compliant,2026-01-01,0,None,Not Needed,0,0.85
SYN02241,86,Male,North,Provider Group E,Colorectal Cancer Screening,0,0,Not Eligible,2026-01-01,0,None,Not Needed,0,0.75
SYN02241,86,Male,North,Provider Group E,Diabetes Care,1,1,Compliant,2026-01-01,0,None,Not Needed,0,0.78
SYN02241,86,Male,North,Provider Group E,Follow-Up After Hospitalization,1,0,Open,2026-01-01,0,None,Not Attempted,0,0.75
SYN02242,76,Female,North,Provider Group C,Controlling Blood Pressure,1,1,Compliant,2026-01-01,2,Phone,Reached,1,0.8
SYN02246,83,Female,North,Provider Group A,Breast Cancer Screening,0,0,Not Eligible,2026-01-01,0,None,Not Needed,0,0.8
SYN02246,83,Female,North,Provider Group A,Colorectal Cancer Screening,0,0,Not Eligible,2026-01-01,0,None,Not Needed,0,0.75
SYN02246,83,Female,North,Provider Group A,Controlling Blood Pressure,1,1,Compliant,2026-01-01,0,None,Not Needed,0,0.8
SYN02246,83,Female,North,Provider Group A,Medication Adherence,1,1,Compliant,2026-01-01,0,None,Not Needed,0,0.85
SYN02247,79,Female,North,Provider Group C,Diabetes Care,1,1,Compliant,2026-01-01,0,None,Not Needed,0,0.78
SYN02249,66,Male,North,Provider Group A,Controlling Blood Pressure,1,1,Compliant,2026-01-01,2,Phone,Reached,1,0.8
SYN02249,66,Male,North,Provider Group A,Follow-Up After Hospitalization,1,0,Open,2026-01-01,0,None,Not Attempted,0,0.75
SYN02249,66,Male,North,Provider Group A,Medication Adherence,1,1,Compliant,2026-01-01,0,None,Not Needed,0,0.85
SYN02265,85,Male,East,Provider Group D,Colorectal Cancer Screening,0,0,Not Eligible,2026-01-01,0,None,Not Needed,0,0.75
SYN02265,85,Male,East,Provider Group D,Controlling Blood Pressure,0,0,Not Eligible,2026-01-01,0,None,Not Needed,0,0.8
SYN02265,85,Male,East,Provider Group D,Medication Adherence,1,1,Compliant,2026-01-01,0,None,Not Needed,0,0.85
SYN02267,70,Male,West,Provider Group C,Colorectal Cancer Screening,1,0,Open,2026-01-01,0,None,Not Attempted,0,0.75
SYN02267,70,Male,West,Provider Group C,Controlling Blood Pressure,1,0,Open,2026-01-01,0,None,Not Attempted,0,0.8
SYN02267,70,Male,West,Provider Group C,Follow-Up After Hospitalization,1,0,Open,2026-01-01,0,None,Not Attempted,0,0.75
SYN02267,70,Male,West,Provider Group C,Medication Adherence,1,0,Open,2026-01-01,0,None,Not Attempted,0,0.85
SYN02271,65,Male,West,Provider Group E,Medication Adherence,1,1,Compliant,2026-01-01,0,None,Not Needed,0,0.85
SYN02275,86,Female,West,Provider Group D,Breast Cancer Screening,0,0,Not Eligible,2026-01-01,0,None,Not Needed,0,0.8
SYN02275,86,Female,West,Provider Group D,Colorectal Cancer Screening,0,0,Not Eligible,2026-01-01,0,None,Not Needed,0,0.75
SYN02295,86,Female,North,Provider Group C,Breast Cancer Screening,0,0,Not Eligible,2026-01-01,0,None,Not Needed,0,0.8
SYN02295,86,Female,North,Provider Group C,Colorectal Cancer Screening,0,0,Not Eligible,2026-01-01,0,None,Not Needed,0,0.75
SYN02295,86,Female,North,Provider Group C,Follow-Up After Hospitalization,1,1,Compliant,2026-01-01,0,None,Not Needed,0,0.75
SYN02295,86,Female,North,Provider Group C,Medication Adherence,1,0,Open,2026-01-01,4,Phone,Reached,0,0.85
SYN02297,65,Male,West,Provider Group A,Diabetes Care,1,0,Open,2026-01-01,1,Phone,Reached,0,0.78
SYN02297,65,Male,West,Provider Group A,Medication Adherence,1,1,Compliant,2026-01-01,0,None,Not Needed,0,0.85
SYN02300,68,Female,East,Provider Group A,Breast Cancer Screening,1,1,Compliant,2026-01-01,0,None,Not Needed,0,0.8
SYN02300,68,Female,East,Provider Group A,Controlling Blood Pressure,1,1,Compliant,2026-01-01,0,None,Not Needed,0,0.8
SYN02300,68,Female,East,Provider Group A,Diabetes Care,1,1,Compliant,2026-01-01,0,None,Not Needed,0,0.78
SYN02301,69,Female,South,Provider Group C,Breast Cancer Screening,1,0,Open,2026-01-01,2,Phone,Reached,0,0.8
SYN02301,69,Female,South,Provider Group C,Controlling Blood Pressure,0,0,Not Eligible,2026-01-01,0,None,Not Needed,0,0.8
SYN02301,69,Female,South,Provider Group C,Diabetes Care,1,0,Open,2026-01-01,2,Mail,Unable to Reach,0,0.78
SYN02301,69,Female,South,Provider Group C,Follow-Up After Hospitalization,0,0,Not Eligible,2026-01-01,0,None,Not Needed,0,0.75
SYN02301,69,Female,South,Provider Group C,Medication Adherence,0,0,Not Eligible,2026-01-01,0,None,Not Needed,0,0.85
SYN02310,78,Male,South,Provider Group E,Controlling Blood Pressure,1,1,Compliant,2026-01-01,0,None,Not Needed,0,0.8
SYN02315,82,Female,East,Provider Group A,Colorectal Cancer Screening,0,0,Not Eligible,2026-01-01,0,None,Not Needed,0,0.75
SYN02315,82,Female,East,Provider Group A,Controlling Blood Pressure,1,0,Open,2026-01-01,0,None,Not Attempted,0,0.8
SYN02315,82,Female,East,Provider Group A,Diabetes Care,0,0,Not Eligible,2026-01-01,0,None,Not Needed,0,0.78
SYN02315,82,Female,East,Provider Group A,Follow-Up After Hospitalization,1,1,Compliant,2026-01-01,0,None,Not Needed,0,0.75
SYN02316,75,Male,West,Provider Group A,Medication Adherence,1,0,Open,2026-01-01,1,SMS,Reached,0,0.85
SYN02319,65,Male,North,Provider Group A,Controlling Blood Pressure,1,1,Compliant,2026-01-01,0,None,Not Needed,0,0.8
SYN02319,65,Male,North,Provider Group A,Diabetes Care,0,0,Not Eligible,2026-01-01,0,None,Not Needed,0,0.78
SYN02319,65,Male,North,Provider Group A,Medication Adherence,0,0,Not Eligible,2026-01-01,0,None,Not Needed,0,0.85
SYN02323,86,Male,North,Provider Group A,Colorectal Cancer Screening,0,0,Not Eligible,2026-01-01,0,None,Not Needed,0,0.75
SYN02323,86,Male,North,Provider Group A,Medication Adherence,1,1,Compliant,2026-01-01,0,None,Not Needed,0,0.85
SYN02326,65,Female,West,Provider Group B,Breast Cancer Screening,1,1,Compliant,2026-01-01,0,None,Not Needed,0,0.8
SYN02326,65,Female,West,Provider Group B,Diabetes Care,0,0,Not Eligible,2026-01-01,0,None,Not Needed,0,0.78
SYN02326,65,Female,West,Provider Group B,Medication Adherence,1,1,Compliant,2026-01-01,0,None,Not Needed,0,0.85
SYN02329,82,Female,West,Provider Group B,Colorectal Cancer Screening,0,0,Not Eligible,2026-01-01,0,None,Not Needed,0,0.75
SYN02339,89,Male,North,Provider Group A,Colorectal Cancer Screening,0,0,Not Eligible,2026-01-01,0,None,Not Needed,0,0.75
SYN02339,89,Male,North,Provider Group A,Follow-Up After Hospitalization,1,0,Open,2026-01-01,1,Phone,Reached,0,0.75
SYN02339,89,Male,North,Provider Group A,Medication Adherence,1,1,Compliant,2026-01-01,0,None,Not Needed,0,0.85
SYN02341,73,Female,East,Provider Group D,Colorectal Cancer Screening,1,0,Open,2026-01-01,0,None,Not Attempted,0,0.75
SYN02341,73,Female,East,Provider Group D,Diabetes Care,1,0,Open,2026-01-01,3,Phone,Unable to Reach,0,0.78
SYN02341,73,Female,East,Provider Group D,Medication Adherence,1,1,Compliant,2026-01-01,0,None,Not Needed,0,0.85
SYN02342,75,Female,North,Provider Group E,Breast Cancer Screening,0,0,Not Eligible,2026-01-01,0,None,Not Needed,0,0.8
SYN02342,75,Female,North,Provider Group E,Colorectal Cancer Screening,1,0,Open,2026-01-01,1,Phone,Reached,0,0.75
SYN02342,75,Female,North,Provider Group E,Diabetes Care,1,0,Open,2026-01-01,3,Phone,Unable to Reach,0,0.78
SYN02342,75,Female,North,Provider Group E,Medication Adherence,0,0,Not Eligible,2026-01-01,0,None,Not Needed,0,0.85
SYN02354,71,Female,North,Provider Group A,Colorectal Cancer Screening,1,0,Open,2026-01-01,0,None,Not Attempted,0,0.75
SYN02354,71,Female,North,Provider Group A,Controlling Blood Pressure,1,1,Compliant,2026-01-01,1,Care Coordinator,Reached,1,0.8
SYN02359,89,Female,North,Provider Group B,Breast Cancer Screening,0,0,Not Eligible,2026-01-01,0,None,Not Needed,0,0.8
SYN02368,75,Male,West,Provider Group A,Breast Cancer Screening,0,0,Not Eligible,2026-01-01,0,None,Not Needed,0,0.8
SYN02368,75,Male,West,Provider Group A,Controlling Blood Pressure,1,1,Compliant,2026-01-01,0,None,Not Needed,0,0.8
SYN02370,72,Female,South,Provider Group D,Breast Cancer Screening,1,1,Compliant,2026-01-01,0,None,Not Needed,0,0.8
SYN02370,72,Female,South,Provider Group D,Colorectal Cancer Screening,1,1,Compliant,2026-01-01,0,None,Not Needed,0,0.75
SYN02370,72,Female,South,Provider Group D,Controlling Blood Pressure,1,1,Compliant,2026-01-01,0,None,Not Needed,0,0.8
SYN02370,72,Female,South,Provider Group D,Follow-Up After Hospitalization,1,0,Open,2026-01-01,1,SMS,Unable to Reach,0,0.75
SYN02379,67,Male,East,Provider Group D,Controlling Blood Pressure,1,1,Compliant,2026-01-01,1,Care Coordinator,Reached,1,0.8
SYN02379,67,Male,East,Provider Group D,Diabetes Care,0,0,Not Eligible,2026-01-01,0,None,Not Needed,0,0.78
SYN02379,67,Male,East,Provider Group D,Follow-Up After Hospitalization,0,0,Not Eligible,2026-01-01,0,None,Not Needed,0,0.75
SYN02381,75,Male,North,Provider Group D,Controlling Blood Pressure,1,1,Compliant,2026-01-01,0,None,Not Needed,0,0.8
SYN02381,75,Male,North,Provider Group D,Diabetes Care,1,1,Compliant,2026-01-01,2,Phone,Reached,1,0.78
SYN02384,72,Male,South,Provider Group A,Colorectal Cancer Screening,1,1,Compliant,2026-01-01,0,None,Not Needed,0,0.75
SYN02384,72,Male,South,Provider Group A,Controlling Blood Pressure,1,1,Compliant,2026-01-01,0,None,Not Needed,0,0.8
SYN02384,72,Male,South,Provider Group A,Follow-Up After Hospitalization,1,1,Compliant,2026-01-01,2,Phone,Reached,1,0.75
SYN02384,72,Male,South,Provider Group A,Medication Adherence,1,1,Compliant,2026-01-01,0,None,Not Needed,0,0.85
SYN02392,83,Female,East,Provider Group D,Colorectal Cancer Screening,0,0,Not Eligible,2026-01-01,0,None,Not Needed,0,0.75
SYN02392,83,Female,East,Provider Group D,Diabetes Care,1,1,Compliant,2026-01-01,0,None,Not Needed,0,0.78
SYN02392,83,Female,East,Provider Group D,Medication Adherence,1,1,Compliant,2026-01-01,0,None,Not Needed,0,0.85
SYN02395,65,Female,North,Provider Group B,Colorectal Cancer Screening,1,1,Compliant,2026-01-01,1,Care Coordinator,Reached,1,0.75
SYN02395,65,Female,North,Provider Group B,Diabetes Care,1,1,Compliant,2026-01-01,0,None,Not Needed,0,0.78
SYN02397,82,Male,East,Provider Group A,Colorectal Cancer Screening,0,0,Not Eligible,2026-01-01,0,None,Not Needed,0,0.75
SYN02397,82,Male,East,Provider Group A,Controlling Blood Pressure,0,0,Not Eligible,2026-01-01,0,None,Not Needed,0,0.8
SYN02397,82,Male,East,Provider Group A,Diabetes Care,1,0,Open,2026-01-01,0,None,Not Attempted,0,0.78
SYN02398,67,Female,East,Provider Group B,Colorectal Cancer Screening,1,0,Open,2026-01-01,2,SMS,Reached,0,0.75
SYN02398,67,Female,East,Provider Group B,Controlling Blood Pressure,0,0,Not Eligible,2026-01-01,0,None,Not Needed,0,0.8
SYN02398,67,Female,East,Provider Group B,Diabetes Care,0,0,Not Eligible,2026-01-01,0,None,Not Needed,0,0.78
SYN02402,88,Female,South,Provider Group B,Breast Cancer Screening,0,0,Not Eligible,2026-01-01,0,None,Not Needed,0,0.8
SYN02402,88,Female,South,Provider Group B,Controlling Blood Pressure,0,0,Not Eligible,2026-01-01,0,None,Not Needed,0,0.8
SYN02402,88,Female,South,Provider Group B,Diabetes Care,0,0,Not Eligible,2026-01-01,0,None,Not Needed,0,0.78
SYN02404,70,Male,South,Provider Group D,Colorectal Cancer Screening,1,0,Open,2026-01-01,4,Mail,Unable to Reach,0,0.75
SYN02404,70,Male,South,Provider Group D,Diabetes Care,1,1,Compliant,2026-01-01,0,None,Not Needed,0,0.78
SYN02404,70,Male,South,Provider Group D,Follow-Up After Hospitalization,0,0,Not Eligible,2026-01-01,0,None,Not Needed,0,0.75
SYN02414,77,Female,East,Provider Group C,Breast Cancer Screening,0,0,Not Eligible,2026-01-01,0,None,Not Needed,0,0.8
SYN02414,77,Female,East,Provider Group C,Controlling Blood Pressure,1,1,Compliant,2026-01-01,0,None,Not Needed,0,0.8
SYN02414,77,Female,East,Provider Group C,Medication Adherence,1,0,Open,2026-01-01,1,Phone,Declined,0,0.85
SYN02439,66,Female,West,Provider Group D,Breast Cancer Screening,0,0,Not Eligible,2026-01-01,0,None,Not Needed,0,0.8
SYN02439,66,Female,West,Provider Group D,Controlling Blood Pressure,1,0,Open,2026-01-01,2,Mail,Unable to Reach,0,0.8
SYN02439,66,Female,West,Provider Group D,Diabetes Care,0,0,Not Eligible,2026-01-01,0,None,Not Needed,0,0.78
SYN02452,82,Male,South,Provider Group C,Colorectal Cancer Screening,0,0,Not Eligible,2026-01-01,0,None,Not Needed,0,0.75
SYN02452,82,Male,South,Provider Group C,Medication Adherence,1,0,Open,2026-01-01,1,Mail,Unable to Reach,0,0.85
SYN02475,69,Male,South,Provider Group B,Diabetes Care,1,1,Compliant,2026-01-01,2,Care Coordinator,Reached,1,0.78
SYN02475,69,Male,South,Provider Group B,Follow-Up After Hospitalization,1,1,Compliant,2026-01-01,3,Phone,Reached,1,0.75
SYN02475,69,Male,South,Provider Group B,Medication Adherence,1,1,Compliant,2026-01-01,0,None,Not Needed,0,0.85
SYN02477,74,Female,South,Provider Group A,Colorectal Cancer Screening,0,0,Not Eligible,2026-01-01,0,None,Not Needed,0,0.75
SYN02477,74,Female,South,Provider Group A,Controlling Blood Pressure,1,0,Open,2026-01-01,1,Mail,Unable to Reach,0,0.8
SYN02477,74,Female,South,Provider Group A,Follow-Up After Hospitalization,0,0,Not Eligible,2026-01-01,0,None,Not Needed,0,0.75
SYN02477,74,Female,South,Provider Group A,Medication Adherence,1,1,Compliant,2026-01-01,0,None,Not Needed,0,0.85
SYN02478,78,Female,South,Provider Group C,Breast Cancer Screening,0,0,Not Eligible,2026-01-01,0,None,Not Needed,0,0.8
SYN02478,78,Female,South,Provider Group C,Colorectal Cancer Screening,0,0,Not Eligible,2026-01-01,0,None,Not Needed,0,0.75
SYN02478,78,Female,South,Provider Group C,Medication Adherence,1,0,Open,2026-01-01,2,SMS,Reached,0,0.85
SYN02493,68,Female,North,Provider Group D,Colorectal Cancer Screening,1,0,Open,2026-01-01,3,SMS,Reached,0,0.75
SYN02493,68,Female,North,Provider Group D,Controlling Blood Pressure,1,1,Compliant,2026-01-01,1,Phone,Reached,1,0.8
SYN02493,68,Female,North,Provider Group D,Diabetes Care,1,0,Open,2026-01-01,0,None,Not Attempted,0,0.78
SYN02494,70,Female,South,Provider Group B,Breast Cancer Screening,1,1,Compliant,2026-01-01,0,None,Not Needed,0,0.8
SYN02494,70,Female,South,Provider Group B,Colorectal Cancer Screening,1,1,Compliant,2026-01-01,0,None,Not Needed,0,0.75
SYN02494,70,Female,South,Provider Group B,Controlling Blood Pressure,1,1,Compliant,2026-01-01,0,None,Not Needed,0,0.8
SYN02494,70,Female,South,Provider Group B,Medication Adherence,1,1,Compliant,2026-01-01,0,None,Not Needed,0,0.85
SYN02497,70,Female,South,Provider Group A,Breast Cancer Screening,0,0,Not Eligible,2026-01-01,0,None,Not Needed,0,0.8
SYN02497,70,Female,South,Provider Group A,Colorectal Cancer Screening,1,1,Compliant,2026-01-01,0,None,Not Needed,0,0.75
SYN02497,70,Female,South,Provider Group A,Diabetes Care,0,0,Not Eligible,2026-01-01,0,None,Not Needed,0,0.78
SYN02497,70,Female,South,Provider Group A,Follow-Up After Hospitalization,1,0,Open,2026-01-01,0,None,Not Attempted,0,0.75
SYN02497,70,Female,South,Provider Group A,Medication Adherence,1,0,Open,2026-01-01,1,SMS,Reached,0,0.85
SYN02505,82,Male,East,Provider Group D,Medication Adherence,1,1,Compliant,2026-01-01,0,None,Not Needed,0,0.85
SYN02507,65,Male,South,Provider Group B,Diabetes Care,1,0,Open,2026-01-01,0,None,Not Attempted,0,0.78
SYN02507,65,Male,South,Provider Group B,Follow-Up After Hospitalization,1,1,Compliant,2026-01-01,2,Care Coordinator,Reached,1,0.75
SYN02507,65,Male,South,Provider Group B,Medication Adherence,1,1,Compliant,2026-01-01,0,None,Not Needed,0,0.85
SYN02510,78,Female,East,Provider Group C,Breast Cancer Screening,0,0,Not Eligible,2026-01-01,0,None,Not Needed,0,0.8
SYN02510,78,Female,East,Provider Group C,Colorectal Cancer Screening,0,0,Not Eligible,2026-01-01,0,None,Not Needed,0,0.75
SYN02510,78,Female,East,Provider Group C,Medication Adherence,1,1,Compliant,2026-01-01,0,None,Not Needed,0,0.85
SYN02512,74,Female,East,Provider Group B,Breast Cancer Screening,1,1,Compliant,2026-01-01,0,None,Not Needed,0,0.8
SYN02512,74,Female,East,Provider Group B,Colorectal Cancer Screening,1,0,Open,2026-01-01,0,None,Not Attempted,0,0.75
SYN02512,74,Female,East,Provider Group B,Controlling Blood Pressure,1,0,Open,2026-01-01,0,None,Not Attempted,0,0.8
SYN02512,74,Female,East,Provider Group B,Diabetes Care,1,0,Open,2026-01-01,3,Phone,Reached,0,0.78
SYN02519,73,Female,South,Provider Group C,Medication Adherence,1,0,Open,2026-01-01,2,SMS,Reached,0,0.85
SYN02522,83,Female,East,Provider Group E,Breast Cancer Screening,0,0,Not Eligible,2026-01-01,0,None,Not Needed,0,0.8
SYN02522,83,Female,East,Provider Group E,Follow-Up After Hospitalization,0,0,Not Eligible,2026-01-01,0,None,Not Needed,0,0.75
SYN02522,83,Female,East,Provider Group E,Medication Adherence,1,1,Compliant,2026-01-01,0,None,Not Needed,0,0.85
SYN02533,80,Male,North,Provider Group C,Colorectal Cancer Screening,0,0,Not Eligible,2026-01-01,0,None,Not Needed,0,0.75
SYN02533,80,Male,North,Provider Group C,Controlling Blood Pressure,1,1,Compliant,2026-01-01,0,None,Not Needed,0,0.8
SYN02533,80,Male,North,Provider Group C,Medication Adherence,1,1,Compliant,2026-01-01,0,None,Not Needed,0,0.85
SYN02543,65,Male,West,Provider Group D,Breast Cancer Screening,0,0,Not Eligible,2026-01-01,0,None,Not Needed,0,0.8
SYN02543,65,Male,West,Provider Group D,Diabetes Care,0,0,Not Eligible,2026-01-01,0,None,Not Needed,0,0.78
SYN02548,69,Female,East,Provider Group C,Diabetes Care,1,0,Open,2026-01-01,4,Mail,Unable to Reach,0,0.78
SYN02548,69,Female,East,Provider Group C,Medication Adherence,1,1,Compliant,2026-01-01,0,None,Not Needed,0,0.85
SYN02553,67,Male,North,Provider Group C,Diabetes Care,1,0,Open,2026-01-01,2,Care Coordinator,Reached,0,0.78
SYN02553,67,Male,North,Provider Group C,Follow-Up After Hospitalization,1,0,Open,2026-01-01,2,,Reached,0,0.75
SYN02553,67,Male,North,Provider Group C,Medication Adherence,1,0,Open,2026-01-01,2,Phone,Reached,0,0.85
SYN02556,73,Male,South,Provider Group B,Diabetes Care,0,0,Not Eligible,2026-01-01,0,None,Not Needed,0,0.78
SYN02560,75,Female,North,Provider Group E,Breast Cancer Screening,0,0,Not Eligible,2026-01-01,0,None,Not Needed,0,0.8
SYN02560,75,Female,North,Provider Group E,Colorectal Cancer Screening,1,1,Compliant,2026-01-01,0,None,Not Needed,0,0.75
SYN02560,75,Female,North,Provider Group E,Controlling Blood Pressure,1,1,Compliant,2026-01-01,0,None,Not Needed,0,0.8
SYN02560,75,Female,North,Provider Group E,Medication Adherence,1,0,Open,2026-01-01,0,None,Not Attempted,0,0.85
SYN02562,74,Male,South,Provider Group B,Colorectal Cancer Screening,1,0,Open,2026-01-01,0,None,Not Attempted,0,0.75
SYN02562,74,Male,South,Provider Group B,Medication Adherence,1,1,Compliant,2026-01-01,0,None,Not Needed,0,0.85
SYN02564,79,Female,West,Provider Group C,Colorectal Cancer Screening,0,0,Not Eligible,2026-01-01,0,None,Not Needed,0,0.75
SYN02564,79,Female,West,Provider Group C,Diabetes Care,1,1,Compliant,2026-01-01,0,None,Not Needed,0,0.78
SYN02564,79,Female,West,Provider Group C,Follow-Up After Hospitalization,1,0,Open,2026-01-01,1,Mail,Unable to Reach,0,0.75
SYN02564,79,Female,West,Provider Group C,Medication Adherence,1,1,Compliant,2026-01-01,0,None,Not Needed,0,0.85
SYN02572,66,Male,South,Provider Group A,Controlling Blood Pressure,1,1,Compliant,2026-01-01,0,None,Not Needed,0,0.8
SYN02572,66,Male,South,Provider Group A,Diabetes Care,1,1,Compliant,2026-01-01,0,None,Not Needed,0,0.78
SYN02572,66,Male,South,Provider Group A,Medication Adherence,1,1,Compliant,2026-01-01,0,None,Not Needed,0,0.85
SYN02576,68,Male,West,Provider Group B,Controlling Blood Pressure,1,1,Compliant,2026-01-01,0,None,Not Needed,0,0.8
SYN02576,68,Male,West,Provider Group B,Follow-Up After Hospitalization,1,1,Compliant,2026-01-01,0,None,Not Needed,0,0.75
SYN02577,68,Female,South,Provider Group A,Follow-Up After Hospitalization,0,0,Not Eligible,2026-01-01,0,None,Not Needed,0,0.75
SYN02583,75,Male,East,Provider Group A,Colorectal Cancer Screening,1,1,Compliant,2026-01-01,0,None,Not Needed,0,0.75
SYN02583,75,Male,East,Provider Group A,Diabetes Care,1,1,Compliant,2026-01-01,0,None,Not Needed,0,0.78
SYN02586,74,Female,East,Provider Group E,Breast Cancer Screening,1,1,Compliant,2026-01-01,0,None,Not Needed,0,0.8
SYN02586,74,Female,East,Provider Group E,Colorectal Cancer Screening,1,1,Compliant,2026-01-01,1,SMS,Reached,1,0.75
SYN02586,74,Female,East,Provider Group E,Controlling Blood Pressure,1,1,Compliant,2026-01-01,0,None,Not Needed,0,0.8
SYN02589,67,Female,East,Provider Group B,Breast Cancer Screening,1,1,Compliant,2026-01-01,0,None,Not Needed,0,0.8
SYN02589,67,Female,East,Provider Group B,Colorectal Cancer Screening,1,0,Open,2026-01-01,2,Phone,Unable to Reach,0,0.75
SYN02589,67,Female,East,Provider Group B,Medication Adherence,1,1,Compliant,2026-01-01,4,SMS,Reached,1,0.85
SYN02592,67,Male,West,Provider Group A,Colorectal Cancer Screening,0,0,Not Eligible,2026-01-01,0,None,Not Needed,0,0.75
SYN02592,67,Male,West,Provider Group A,Controlling Blood Pressure,1,1,Compliant,2026-01-01,0,None,Not Needed,0,0.8
SYN02592,67,Male,West,Provider Group A,Diabetes Care,0,0,Not Eligible,2026-01-01,0,None,Not Needed,0,0.78
SYN02592,67,Male,West,Provider Group A,Medication Adherence,1,0,Open,2026-01-01,0,None,Not Attempted,0,0.85
SYN02602,73,Male,South,Provider Group B,Follow-Up After Hospitalization,0,0,Not Eligible,2026-01-01,0,None,Not Needed,0,0.75
SYN02603,70,Female,West,Provider Group B,Controlling Blood Pressure,1,1,Compliant,2026-01-01,0,None,Not Needed,0,0.8
SYN02603,70,Female,West,Provider Group B,Diabetes Care,1,1,Compliant,2026-01-01,0,None,Not Needed,0,0.78
SYN02603,70,Female,West,Provider Group B,Medication Adherence,1,1,Compliant,2026-01-01,0,None,Not Needed,0,0.85
SYN02616,66,Female,East,Provider Group D,Colorectal Cancer Screening,1,0,Open,2026-01-01,1,SMS,Unable to Reach,0,0.75
SYN02616,66,Female,East,Provider Group D,Controlling Blood Pressure,1,1,Compliant,2026-01-01,0,None,Not Needed,0,0.8
SYN02616,66,Female,East,Provider Group D,Diabetes Care,0,0,Not Eligible,2026-01-01,0,None,Not Needed,0,0.78
SYN02640,76,Female,South,Provider Group A,Colorectal Cancer Screening,0,0,Not Eligible,2026-01-01,0,None,Not Needed,0,0.75
SYN02640,76,Female,South,Provider Group A,Diabetes Care,1,0,Open,2026-01-01,0,None,Not Attempted,0,0.78
SYN02641,65,Female,North,Provider Group C,Breast Cancer Screening,1,1,Compliant,2026-01-01,0,None,Not Needed,0,0.8
SYN02641,65,Female,North,Provider Group C,Colorectal Cancer Screening,1,0,Open,2026-01-01,0,None,Not Attempted,0,0.75
SYN02641,65,Female,North,Provider Group C,Follow-Up After Hospitalization,1,1,Compliant,2026-01-01,1,Phone,Reached,1,0.75
SYN02641,65,Female,North,Provider Group C,Medication Adherence,1,1,Compliant,2026-01-01,0,None,Not Needed,0,0.85
SYN02655,68,Female,North,Provider Group B,Breast Cancer Screening,1,1,Compliant,2026-01-01,0,None,Not Needed,0,0.8
SYN02655,68,Female,North,Provider Group B,Colorectal Cancer Screening,1,1,Compliant,2026-01-01,0,None,Not Needed,0,0.75
SYN02655,68,Female,North,Provider Group B,Controlling Blood Pressure,1,1,Compliant,2026-01-01,0,None,Not Needed,0,0.8
SYN02668,84,Female,East,Provider Group A,Breast Cancer Screening,0,0,Not Eligible,2026-01-01,0,None,Not Needed,0,0.8
SYN02668,84,Female,East,Provider Group A,Controlling Blood Pressure,1,1,Compliant,2026-01-01,0,None,Not Needed,0,0.8
SYN02668,84,Female,East,Provider Group A,Medication Adherence,1,1,Compliant,2026-01-01,0,None,Not Needed,0,0.85
SYN02670,67,Female,South,Provider Group D,Colorectal Cancer Screening,1,0,Open,2026-01-01,3,Mail,Reached,0,0.75
SYN02670,67,Female,South,Provider Group D,Controlling Blood Pressure,1,1,Compliant,2026-01-01,0,None,Not Needed,0,0.8
SYN02670,67,Female,South,Provider Group D,Diabetes Care,0,0,Not Eligible,2026-01-01,0,None,Not Needed,0,0.78
SYN02671,71,Male,West,Provider Group A,Controlling Blood Pressure,1,1,Compliant,2026-01-01,0,None,Not Needed,0,0.8
SYN02671,71,Male,West,Provider Group A,Diabetes Care,0,0,Not Eligible,2026-01-01,0,None,Not Needed,0,0.78
SYN02672,74,Male,North,Provider Group C,Follow-Up After Hospitalization,0,0,Not Eligible,2026-01-01,0,None,Not Needed,0,0.75
SYN02673,66,Male,North,Provider Group A,Colorectal Cancer Screening,1,1,Compliant,2026-01-01,0,None,Not Needed,0,0.75
SYN02683,75,Male,South,Provider Group A,Controlling Blood Pressure,1,0,Open,2026-01-01,1,Mail,Unable to Reach,0,0.8
SYN02683,75,Male,South,Provider Group A,Diabetes Care,1,1,Compliant,2026-01-01,0,None,Not Needed,0,0.78
SYN02683,75,Male,South,Provider Group A,Medication Adherence,1,1,Compliant,2026-01-01,0,None,Not Needed,0,0.85
SYN02688,89,Female,South,Provider Group B,Breast Cancer Screening,0,0,Not Eligible,2026-01-01,0,None,Not Needed,0,0.8
SYN02688,89,Female,South,Provider Group B,Follow-Up After Hospitalization,1,0,Open,2026-01-01,2,Phone,Reached,0,0.75
SYN02693,85,Female,South,Provider Group B,Controlling Blood Pressure,1,1,Compliant,2026-01-01,0,None,Not Needed,0,0.8
SYN02693,85,Female,South,Provider Group B,Diabetes Care,0,0,Not Eligible,2026-01-01,0,None,Not Needed,0,0.78
SYN02693,85,Female,South,Provider Group B,Medication Adherence,1,1,Compliant,2026-01-01,1,SMS,Reached,1,0.85
SYN02707,70,Female,North,Provider Group A,Breast Cancer Screening,1,1,Compliant,2026-01-01,0,None,Not Needed,0,0.8
SYN02707,70,Female,North,Provider Group A,Follow-Up After Hospitalization,1,0,Open,2026-01-01,3,SMS,Reached,0,0.75
SYN02707,70,Female,North,Provider Group A,Medication Adherence,1,1,Compliant,2026-01-01,0,None,Not Needed,0,0.85
SYN02720,78,Male,East,Provider Group B,Colorectal Cancer Screening,0,0,Not Eligible,2026-01-01,0,None,Not Needed,0,0.75
SYN02720,78,Male,East,Provider Group B,Diabetes Care,1,0,Open,2026-01-01,1,Mail,Reached,0,0.78
SYN02722,75,Female,North,Provider Group D,Colorectal Cancer Screening,0,0,Not Eligible,2026-01-01,0,None,Not Needed,0,0.75
SYN02722,75,Female,North,Provider Group D,Follow-Up After Hospitalization,0,0,Not Eligible,2026-01-01,0,None,Not Needed,0,0.75
SYN02722,75,Female,North,Provider Group D,Medication Adherence,1,1,Compliant,2026-01-01,0,None,Not Needed,0,0.85
SYN02736,66,Female,South,Provider Group E,Breast Cancer Screening,1,0,Open,2026-01-01,0,None,Not Attempted,0,0.8
SYN02736,66,Female,South,Provider Group E,Diabetes Care,0,0,Not Eligible,2026-01-01,0,None,Not Needed,0,0.78
SYN02736,66,Female,South,Provider Group E,Medication Adherence,1,1,Compliant,2026-01-01,0,None,Not Needed,0,0.85
SYN02739,87,Female,South,Provider Group C,Medication Adherence,1,0,Open,2026-01-01,4,,Unable to Reach,0,0.85
SYN02750,88,Male,North,Provider Group D,Colorectal Cancer Screening,0,0,Not Eligible,2026-01-01,0,None,Not Needed,0,0.75
SYN02750,88,Male,North,Provider Group D,Diabetes Care,1,1,Compliant,2026-01-01,0,None,Not Needed,0,0.78
SYN02751,70,Female,West,Provider Group C,Breast Cancer Screening,1,0,Open,2026-01-01,3,Phone,Unable to Reach,0,0.8
SYN02751,70,Female,West,Provider Group C,Colorectal Cancer Screening,1,0,Open,2026-01-01,2,Phone,Reached,0,0.75
SYN02751,70,Female,West,Provider Group C,Controlling Blood Pressure,1,0,Open,2026-01-01,2,Phone,Reached,0,0.8
SYN02751,70,Female,West,Provider Group C,Follow-Up After Hospitalization,1,0,Open,2026-01-01,3,Phone,Reached,0,0.75
SYN02751,70,Female,West,Provider Group C,Medication Adherence,1,1,Compliant,2026-01-01,0,None,Not Needed,0,0.85
SYN02759,82,Female,South,Provider Group E,Breast Cancer Screening,0,0,Not Eligible,2026-01-01,0,None,Not Needed,0,0.8
SYN02759,82,Female,South,Provider Group E,Follow-Up After Hospitalization,1,1,Compliant,2026-01-01,4,SMS,Reached,1,0.75
SYN02761,79,Male,East,Provider Group B,Colorectal Cancer Screening,0,0,Not Eligible,2026-01-01,0,None,Not Needed,0,0.75
SYN02761,79,Male,East,Provider Group B,Controlling Blood Pressure,1,0,Open,2026-01-01,0,None,Not Attempted,0,0.8
SYN02761,79,Male,East,Provider Group B,Diabetes Care,1,1,Compliant,2026-01-01,0,None,Not Needed,0,0.78
SYN02761,79,Male,East,Provider Group B,Medication Adherence,1,1,Compliant,2026-01-01,0,None,Not Needed,0,0.85
SYN02762,67,Male,West,Provider Group C,Controlling Blood Pressure,1,0,Open,2026-01-01,0,None,Not Attempted,0,0.8
SYN02762,67,Male,West,Provider Group C,Medication Adherence,1,1,Compliant,2026-01-01,0,None,Not Needed,0,0.85
SYN02778,66,Female,South,Provider Group E,Breast Cancer Screening,1,0,Open,2026-01-01,3,SMS,Unable to Reach,0,0.8
SYN02778,66,Female,South,Provider Group E,Controlling Blood Pressure,0,0,Not Eligible,2026-01-01,0,None,Not Needed,0,0.8
SYN02784,65,Female,West,Provider Group B,Breast Cancer Screening,1,0,Open,2026-01-01,0,None,Not Attempted,0,0.8
SYN02784,65,Female,West,Provider Group B,Colorectal Cancer Screening,1,0,Open,2026-01-01,3,SMS,Unable to Reach,0,0.75
SYN02784,65,Female,West,Provider Group B,Controlling Blood Pressure,1,0,Open,2026-01-01,2,Mail,Reached,0,0.8
SYN02785,85,Male,North,Provider Group D,Follow-Up After Hospitalization,1,1,Compliant,2026-01-01,0,None,Not Needed,0,0.75
SYN02785,85,Male,North,Provider Group D,Medication Adherence,1,1,Compliant,2026-01-01,0,None,Not Needed,0,0.85
SYN02802,73,Male,East,Provider Group D,Diabetes Care,1,1,Compliant,2026-01-01,0,None,Not Needed,0,0.78
SYN02802,73,Male,East,Provider Group D,Medication Adherence,1,1,Compliant,2026-01-01,0,None,Not Needed,0,0.85
SYN02805,66,Female,South,Provider Group D,Controlling Blood Pressure,1,0,Open,2026-01-01,1,SMS,Unable to Reach,0,0.8
SYN02805,66,Female,South,Provider Group D,Medication Adherence,1,1,Compliant,2026-01-01,0,None,Not Needed,0,0.85
SYN02812,71,Male,East,Provider Group A,Controlling Blood Pressure,1,1,Compliant,2026-01-01,0,None,Not Needed,0,0.8
SYN02813,72,Female,West,Provider Group B,Breast Cancer Screening,1,1,Compliant,2026-01-01,0,None,Not Needed,0,0.8
SYN02829,66,Female,North,Provider Group D,Breast Cancer Screening,1,1,Compliant,2026-01-01,0,None,Not Needed,0,0.8
SYN02829,66,Female,North,Provider Group D,Colorectal Cancer Screening,1,0,Open,2026-01-01,4,Mail,Unable to Reach,0,0.75
SYN02829,66,Female,North,Provider Group D,Diabetes Care,1,1,Compliant,2026-01-01,0,None,Not Needed,0,0.78
SYN02831,75,Female,West,Provider Group C,Breast Cancer Screening,0,0,Not Eligible,2026-01-01,0,None,Not Needed,0,0.8
SYN02831,75,Female,West,Provider Group C,Follow-Up After Hospitalization,1,1,Compliant,2026-01-01,0,None,Not Needed,0,0.75
SYN02831,75,Female,West,Provider Group C,Medication Adherence,1,1,Compliant,2026-01-01,0,None,Not Needed,0,0.85
SYN02835,67,Male,North,Provider Group E,Medication Adherence,1,1,Compliant,2026-01-01,0,None,Not Needed,0,0.85
SYN02862,69,Female,West,Provider Group A,Controlling Blood Pressure,1,1,Compliant,2026-01-01,0,None,Not Needed,0,0.8
SYN02864,71,Female,West,Provider Group A,Controlling Blood Pressure,1,1,Compliant,2026-01-01,0,None,Not Needed,0,0.8
SYN02864,71,Female,West,Provider Group A,Diabetes Care,1,0,Open,2026-01-01,0,None,Not Attempted,0,0.78
SYN02864,71,Female,West,Provider Group A,Medication Adherence,1,1,Compliant,2026-01-01,0,None,Not Needed,0,0.85
SYN02871,78,Male,South,Provider Group A,Medication Adherence,1,0,Open,2026-01-01,0,None,Not Attempted,0,0.85
SYN02872,87,Female,West,Provider Group C,Breast Cancer Screening,0,0,Not Eligible,2026-01-01,0,None,Not Needed,0,0.8
SYN02872,87,Female,West,Provider Group C,Controlling Blood Pressure,1,1,Compliant,2026-01-01,0,None,Not Needed,0,0.8
SYN02872,87,Female,West,Provider Group C,Diabetes Care,1,0,Open,2026-01-01,1,Phone,Unable to Reach,0,0.78
SYN02880,65,Male,South,Provider Group C,Colorectal Cancer Screening,1,1,Compliant,2026-01-01,2,Phone,Reached,1,0.75
SYN02880,65,Male,South,Provider Group C,Controlling Blood Pressure,1,0,Open,2026-01-01,3,,Reached,0,0.8
SYN02882,66,Male,North,Provider Group A,Controlling Blood Pressure,1,1,Compliant,2026-01-01,0,None,Not Needed,0,0.8
SYN02882,66,Male,North,Provider Group A,Diabetes Care,1,1,Compliant,2026-01-01,2,Care Coordinator,Reached,1,0.78
SYN02889,67,Female,South,Provider Group C,Colorectal Cancer Screening,1,0,Open,2026-01-01,1,Phone,Unable to Reach,0,0.75
SYN02889,67,Female,South,Provider Group C,Controlling Blood Pressure,1,0,Open,2026-01-01,2,Phone,Reached,0,0.8
SYN02889,67,Female,South,Provider Group C,Medication Adherence,1,1,Compliant,2026-01-01,0,None,Not Needed,0,0.85
SYN02890,78,Male,East,Provider Group D,Controlling Blood Pressure,1,0,Open,2026-01-01,1,Mail,Declined,0,0.8
SYN02890,78,Male,East,Provider Group D,Follow-Up After Hospitalization,1,1,Compliant,2026-01-01,3,Phone,Reached,1,0.75
SYN02893,81,Female,West,Provider Group B,Colorectal Cancer Screening,0,0,Not Eligible,2026-01-01,0,None,Not Needed,0,0.75
SYN02893,81,Female,West,Provider Group B,Controlling Blood Pressure,1,0,Open,2026-01-01,1,Phone,Reached,0,0.8
SYN02893,81,Female,West,Provider Group B,Diabetes Care,0,0,Not Eligible,2026-01-01,0,None,Not Needed,0,0.78
SYN02894,72,Male,South,Provider Group E,Controlling Blood Pressure,0,0,Not Eligible,2026-01-01,0,None,Not Needed,0,0.8
SYN02894,72,Male,South,Provider Group E,Diabetes Care,0,0,Not Eligible,2026-01-01,0,None,Not Needed,0,0.78
SYN02894,72,Male,South,Provider Group E,Medication Adherence,1,1,Compliant,2026-01-01,0,None,Not Needed,0,0.85
SYN02899,71,Male,South,Provider Group D,Colorectal Cancer Screening,1,1,Compliant,2026-01-01,0,None,Not Needed,0,0.75
SYN02899,71,Male,South,Provider Group D,Controlling Blood Pressure,1,1,Compliant,2026-01-01,0,None,Not Needed,0,0.8
SYN02899,71,Male,South,Provider Group D,Follow-Up After Hospitalization,1,1,Compliant,2026-01-01,0,None,Not Needed,0,0.75
SYN02909,69,Female,West,Provider Group B,Colorectal Cancer Screening,1,0,Open,2026-01-01,4,Phone,Declined,0,0.75
SYN02909,69,Female,West,Provider Group B,Diabetes Care,0,0,Not Eligible,2026-01-01,0,None,Not Needed,0,0.78
SYN02909,69,Female,West,Provider Group B,Medication Adherence,1,1,Compliant,2026-01-01,0,None,Not Needed,0,0.85
SYN02910,65,Female,North,Provider Group D,Breast Cancer Screening,1,1,Compliant,2026-01-01,0,None,Not Needed,0,0.8
SYN02910,65,Female,North,Provider Group D,Diabetes Care,0,0,Not Eligible,2026-01-01,0,None,Not Needed,0,0.78
SYN02915,76,Female,West,Provider Group D,Controlling Blood Pressure,0,0,Not Eligible,2026-01-01,0,None,Not Needed,0,0.8
SYN02918,70,Male,West,Provider Group B,Controlling Blood Pressure,1,0,Open,2026-01-01,1,Phone,Reached,0,0.8
SYN02920,67,Female,North,Provider Group D,Breast Cancer Screening,1,1,Compliant,2026-01-01,0,None,Not Needed,0,0.8
SYN02920,67,Female,North,Provider Group D,Colorectal Cancer Screening,1,1,Compliant,2026-01-01,0,None,Not Needed,0,0.75
SYN02920,67,Female,North,Provider Group D,Controlling Blood Pressure,1,1,Compliant,2026-01-01,0,None,Not Needed,0,0.8
SYN02920,67,Female,North,Provider Group D,Medication Adherence,1,1,Compliant,2026-01-01,0,None,Not Needed,0,0.85
SYN02929,76,Male,West,Provider Group D,Colorectal Cancer Screening,0,0,Not Eligible,2026-01-01,0,None,Not Needed,0,0.75
SYN02929,76,Male,West,Provider Group D,Controlling Blood Pressure,1,1,Compliant,2026-01-01,0,None,Not Needed,0,0.8
SYN02929,76,Male,West,Provider Group D,Medication Adherence,1,0,Open,2026-01-01,0,None,Not Attempted,0,0.85
SYN02934,85,Female,East,Provider Group B,Breast Cancer Screening,0,0,Not Eligible,2026-01-01,0,None,Not Needed,0,0.8
SYN02934,85,Female,East,Provider Group B,Controlling Blood Pressure,1,0,Open,2026-01-01,1,Phone,Reached,0,0.8
SYN02934,85,Female,East,Provider Group B,Diabetes Care,0,0,Not Eligible,2026-01-01,0,None,Not Needed,0,0.78
SYN02934,85,Female,East,Provider Group B,Follow-Up After Hospitalization,1,1,Compliant,2026-01-01,0,None,Not Needed,0,0.75
SYN02937,68,Male,South,Provider Group C,Follow-Up After Hospitalization,0,0,Not Eligible,2026-01-01,0,None,Not Needed,0,0.75
SYN02947,86,Male,East,Provider Group B,Colorectal Cancer Screening,0,0,Not Eligible,2026-01-01,0,None,Not Needed,0,0.75
SYN02954,66,Male,West,Provider Group E,Colorectal Cancer Screening,1,0,Open,2026-01-01,1,SMS,Reached,0,0.75
SYN02954,66,Male,West,Provider Group E,Controlling Blood Pressure,1,1,Compliant,2026-01-01,3,Phone,Reached,1,0.8
SYN02954,66,Male,West,Provider Group E,Medication Adherence,0,0,Not Eligible,2026-01-01,0,None,Not Needed,0,0.85
SYN02956,71,Male,East,Provider Group B,Follow-Up After Hospitalization,1,1,Compliant,2026-01-01,0,None,Not Needed,0,0.75
SYN02958,74,Male,North,Provider Group B,Follow-Up After Hospitalization,1,1,Compliant,2026-01-01,3,Care Coordinator,Reached,1,0.75
SYN02958,74,Male,North,Provider Group B,Medication Adherence,1,1,Compliant,2026-01-01,0,None,Not Needed,0,0.85
SYN02971,73,Female,East,Provider Group C,Controlling Blood Pressure,1,1,Compliant,2026-01-01,0,None,Not Needed,0,0.8
SYN02971,73,Female,East,Provider Group C,Diabetes Care,1,1,Compliant,2026-01-01,0,None,Not Needed,0,0.78
SYN02971,73,Female,East,Provider Group C,Follow-Up After Hospitalization,0,0,Not Eligible,2026-01-01,0,None,Not Needed,0,0.75
SYN02971,73,Female,East,Provider Group C,Medication Adherence,0,0,Not Eligible,2026-01-01,0,None,Not Needed,0,0.85
SYN02973,71,Female,South,Provider Group A,Controlling Blood Pressure,1,1,Compliant,2026-01-01,0,None,Not Needed,0,0.8
SYN02973,71,Female,South,Provider Group A,Follow-Up After Hospitalization,1,1,Compliant,2026-01-01,2,Care Coordinator,Reached,1,0.75
SYN02973,71,Female,South,Provider Group A,Medication Adherence,1,1,Compliant,2026-01-01,0,None,Not Needed,0,0.85
SYN02979,84,Male,East,Provider Group D,Colorectal Cancer Screening,0,0,Not Eligible,2026-01-01,0,None,Not Needed,0,0.75
SYN02979,84,Male,East,Provider Group D,Diabetes Care,1,1,Compliant,2026-01-01,0,None,Not Needed,0,0.78
SYN02983,74,Male,South,Provider Group E,Colorectal Cancer Screening,1,0,Open,2026-01-01,2,Mail,Unable to Reach,0,0.75
SYN02983,74,Male,South,Provider Group E,Follow-Up After Hospitalization,1,1,Compliant,2026-01-01,0,None,Not Needed,0,0.75
SYN02983,74,Male,South,Provider Group E,Medication Adherence,1,0,Open,2026-01-01,1,Phone,Unable to Reach,0,0.85
SYN02986,74,Male,North,Provider Group B,Controlling Blood Pressure,1,1,Compliant,2026-01-01,0,None,Not Needed,0,0.8
SYN02986,74,Male,North,Provider Group B,Diabetes Care,1,1,Compliant,2026-01-01,0,None,Not Needed,0,0.78
SYN02986,74,Male,North,Provider Group B,Follow-Up After Hospitalization,1,1,Compliant,2026-01-01,0,None,Not Needed,0,0.75
SYN02986,74,Male,North,Provider Group B,Medication Adherence,1,1,Compliant,2026-01-01,0,None,Not Needed,0,0.85
SYN02996,65,Male,East,Provider Group D,Medication Adherence,1,1,Compliant,2026-01-01,0,None,Not Needed,0,0.85
SYN02998,66,Male,South,Provider Group A,Colorectal Cancer Screening,1,0,Open,2026-01-01,1,Phone,Unable to Reach,0,0.75
SYN02998,66,Male,South,Provider Group A,Controlling Blood Pressure,1,1,Compliant,2026-01-01,0,None,Not Needed,0,0.8
SYN02999,65,Male,South,Provider Group D,Controlling Blood Pressure,1,0,Open,2026-01-01,2,SMS,Unable to Reach,0,0.8
SYN03003,83,Male,South,Provider Group C,Diabetes Care,1,1,Compliant,2026-01-01,0,None,Not Needed,0,0.78
SYN03017,66,Female,South,Provider Group D,Controlling Blood Pressure,1,1,Compliant,2026-01-01,0,None,Not Needed,0,0.8
SYN03017,66,Female,South,Provider Group D,Medication Adherence,1,1,Compliant,2026-01-01,0,None,Not Needed,0,0.85
SYN03022,72,Female,South,Provider Group C,Breast Cancer Screening,1,1,Compliant,2026-01-01,0,None,Not Needed,0,0.8
SYN03022,72,Female,South,Provider Group C,Diabetes Care,1,0,Open,2026-01-01,3,Phone,Reached,0,0.78
SYN03022,72,Female,South,Provider Group C,Medication Adherence,0,0,Not Eligible,2026-01-01,0,None,Not Needed,0,0.85
SYN03023,70,Male,East,Provider Group A,Breast Cancer Screening,0,0,Not Eligible,2026-01-01,0,None,Not Needed,0,0.8
SYN03023,70,Male,East,Provider Group A,Colorectal Cancer Screening,1,1,Compliant,2026-01-01,0,None,Not Needed,0,0.75
SYN03023,70,Male,East,Provider Group A,Diabetes Care,1,1,Compliant,2026-01-01,0,None,Not Needed,0,0.78
SYN03023,70,Male,East,Provider Group A,Medication Adherence,1,1,Compliant,2026-01-01,0,None,Not Needed,0,0.85
SYN03032,71,Male,East,Provider Group D,Follow-Up After Hospitalization,1,1,Compliant,2026-01-01,0,None,Not Needed,0,0.75
SYN03034,71,Female,West,Provider Group A,Breast Cancer Screening,1,1,Compliant,2026-01-01,0,None,Not Needed,0,0.8
SYN03034,71,Female,West,Provider Group A,Medication Adherence,0,0,Not Eligible,2026-01-01,0,None,Not Needed,0,0.85
SYN03047,81,Female,East,Provider Group B,Breast Cancer Screening,0,0,Not Eligible,2026-01-01,0,None,Not Needed,0,0.8
SYN03049,69,Female,North,Provider Group C,Controlling Blood Pressure,1,1,Compliant,2026-01-01,0,None,Not Needed,0,0.8
SYN03049,69,Female,North,Provider Group C,Follow-Up After Hospitalization,1,0,Open,2026-01-01,2,SMS,Reached,0,0.75
SYN03052,70,Male,West,Provider Group B,Breast Cancer Screening,0,0,Not Eligible,2026-01-01,0,None,Not Needed,0,0.8
SYN03053,72,Male,North,Provider Group C,Colorectal Cancer Screening,1,0,Open,2026-01-01,1,SMS,Reached,0,0.75
SYN03053,72,Male,North,Provider Group C,Diabetes Care,1,0,Open,2026-01-01,4,SMS,Unable to Reach,0,0.78
SYN03053,72,Male,North,Provider Group C,Follow-Up After Hospitalization,0,0,Not Eligible,2026-01-01,0,None,Not Needed,0,0.75
,72,Male,North,Provider Group C,Medication Adherence,0,0,Not Eligible,2026-01-01,0,None,Not Needed,0,0.85
SYN03054,73,Female,South,Provider Group B,Breast Cancer Screening,1,1,Compliant,2026-01-01,0,None,Not Needed,0,0.8
SYN03054,73,Female,South,Provider Group B,Colorectal Cancer Screening,1,0,Open,2026-01-01,0,None,Not Attempted,0,0.75
SYN03054,73,Female,South,Provider Group B,Medication Adherence,1,1,Compliant,2026-01-01,0,None,Not Needed,0,0.85
SYN03058,69,Male,East,Provider Group A,Colorectal Cancer Screening,1,0,Open,2026-01-01,0,None,Not Attempted,0,0.75
SYN03058,69,Male,East,Provider Group A,Medication Adherence,1,1,Compliant,2026-01-01,0,None,Not Needed,0,0.85
SYN03060,77,Female,East,Provider Group C,Colorectal Cancer Screening,0,0,Not Eligible,2026-01-01,0,None,Not Needed,0,0.75
SYN03060,77,Female,East,Provider Group C,Diabetes Care,1,1,Compliant,2026-01-01,0,None,Not Needed,0,0.78
SYN03071,76,Male,South,Provider Group E,Controlling Blood Pressure,1,1,Compliant,2026-01-01,0,None,Not Needed,0,0.8
SYN03071,76,Male,South,Provider Group E,Diabetes Care,1,1,Compliant,2026-01-01,0,None,Not Needed,0,0.78
SYN03071,76,Male,South,Provider Group E,Follow-Up After Hospitalization,1,0,Open,2026-01-01,1,Care Coordinator,Reached,0,0.75
SYN03078,74,Female,South,Provider Group E,Breast Cancer Screening,1,1,Compliant,2026-01-01,0,None,Not Needed,0,0.8
SYN03078,74,Female,South,Provider Group E,Diabetes Care,0,0,Not Eligible,2026-01-01,0,None,Not Needed,0,0.78
SYN03078,74,Female,South,Provider Group E,Medication Adherence,1,0,Open,2026-01-01,3,Phone,Unable to Reach,0,0.85
SYN03081,82,Male,North,Provider Group C,Controlling Blood Pressure,0,0,Not Eligible,2026-01-01,0,None,Not Needed,0,0.8
SYN03081,82,Male,North,Provider Group C,Diabetes Care,1,1,Compliant,2026-01-01,0,None,Not Needed,0,0.78
SYN03081,82,Male,North,Provider Group C,Medication Adherence,1,1,Compliant,2026-01-01,0,None,Not Needed,0,0.85
SYN03095,75,Female,North,Provider Group A,Breast Cancer Screening,0,0,Not Eligible,2026-01-01,0,None,Not Needed,0,0.8
SYN03095,75,Female,North,Provider Group A,Colorectal Cancer Screening,1,1,Compliant,2026-01-01,0,None,Not Needed,0,0.75
SYN03095,75,Female,North,Provider Group A,Medication Adherence,0,0,Not Eligible,2026-01-01,0,None,Not Needed,0,0.85
SYN03107,81,Male,South,Provider Group D,Medication Adherence,1,1,Compliant,2026-01-01,0,None,Not Needed,0,0.85
SYN03108,74,Male,South,Provider Group B,Colorectal Cancer Screening,1,0,Open,2026-01-01,2,Mail,Unable to Reach,0,0.75
SYN03108,74,Male,South,Provider Group B,Controlling Blood Pressure,0,0,Not Eligible,2026-01-01,0,None,Not Needed,0,0.8
SYN03108,74,Male,South,Provider Group B,Follow-Up After Hospitalization,1,0,Open,2026-01-01,0,None,Not Attempted,0,0.75
SYN03128,84,Male,East,Provider Group C,Colorectal Cancer Screening,0,0,Not Eligible,2026-01-01,0,None,Not Needed,0,0.75
SYN03130,73,Female,South,Provider Group B,Breast Cancer Screening,1,0,Open,2026-01-01,2,Phone,Unable to Reach,0,0.8
SYN03130,73,Female,South,Provider Group B,Controlling Blood Pressure,1,1,Compliant,2026-01-01,0,None,Not Needed,0,0.8
SYN03130,73,Female,South,Provider Group B,Follow-Up After Hospitalization,1,1,Compliant,2026-01-01,0,None,Not Needed,0,0.75
SYN03132,67,Male,East,Provider Group D,Medication Adherence,1,1,Compliant,2026-01-01,0,None,Not Needed,0,0.85
SYN03134,74,Female,North,Provider Group C,Diabetes Care,1,0,Open,2026-01-01,0,None,Not Attempted,0,0.78
SYN03134,74,Female,North,Provider Group C,Follow-Up After Hospitalization,1,0,Open,2026-01-01,1,Mail,Unable to Reach,0,0.75
SYN03134,74,Female,North,Provider Group C,Medication Adherence,1,1,Compliant,2026-01-01,0,None,Not Needed,0,0.85
SYN03147,77,Male,North,Provider Group C,Colorectal Cancer Screening,0,0,Not Eligible,2026-01-01,0,None,Not Needed,0,0.75
SYN03147,77,Male,North,Provider Group C,Follow-Up After Hospitalization,1,0,Open,2026-01-01,0,None,Not Attempted,0,0.75
SYN03153,77,Male,East,Provider Group E,Controlling Blood Pressure,0,0,Not Eligible,2026-01-01,0,None,Not Needed,0,0.8
SYN03153,77,Male,East,Provider Group E,Diabetes Care,1,1,Compliant,2026-01-01,0,None,Not Needed,0,0.78
SYN03153,77,Male,East,Provider Group E,Follow-Up After Hospitalization,1,0,Open,2026-01-01,3,Mail,Unable to Reach,0,0.75
SYN03155,85,Male,North,Provider Group A,Controlling Blood Pressure,1,1,Compliant,2026-01-01,0,None,Not Needed,0,0.8
SYN03155,85,Male,North,Provider Group A,Medication Adherence,1,1,Compliant,2026-01-01,0,None,Not Needed,0,0.85
SYN03160,68,Male,East,Provider Group A,Medication Adherence,1,1,Compliant,2026-01-01,0,None,Not Needed,0,0.85
SYN03166,87,Male,West,Provider Group A,Colorectal Cancer Screening,0,0,Not Eligible,2026-01-01,0,None,Not Needed,0,0.75
SYN03166,87,Male,West,Provider Group A,Controlling Blood Pressure,1,1,Compliant,2026-01-01,0,None,Not Needed,0,0.8
SYN03175,82,Male,North,Provider Group C,Diabetes Care,0,0,Not Eligible,2026-01-01,0,None,Not Needed,0,0.78
SYN03175,82,Male,North,Provider Group C,Medication Adherence,1,1,Compliant,2026-01-01,0,None,Not Needed,0,0.85
SYN03176,66,Male,South,Provider Group A,Colorectal Cancer Screening,1,0,Open,2026-01-01,2,Mail,Unable to Reach,0,0.75
SYN03176,66,Male,South,Provider Group A,Controlling Blood Pressure,1,0,Open,2026-01-01,1,Phone,Reached,0,0.8
SYN03176,66,Male,South,Provider Group A,Follow-Up After Hospitalization,1,0,Open,2026-01-01,3,Phone,Reached,0,0.75
SYN03176,66,Male,South,Provider Group A,Medication Adherence,1,1,Compliant,2026-01-01,0,None,Not Needed,0,0.85
SYN03186,67,Female,West,Provider Group D,Breast Cancer Screening,1,0,Open,2026-01-01,2,SMS,Unable to Reach,0,0.8
SYN03186,67,Female,West,Provider Group D,Controlling Blood Pressure,1,1,Compliant,2026-01-01,0,None,Not Needed,0,0.8
SYN03186,67,Female,West,Provider Group D,Medication Adherence,1,1,Compliant,2026-01-01,0,None,Not Needed,0,0.85
SYN03196,80,Male,East,Provider Group C,Colorectal Cancer Screening,0,0,Not Eligible,2026-01-01,0,None,Not Needed,0,0.75
SYN03196,80,Male,East,Provider Group C,Diabetes Care,0,0,Not Eligible,2026-01-01,0,None,Not Needed,0,0.78
SYN03196,80,Male,East,Provider Group C,Follow-Up After Hospitalization,0,0,Not Eligible,2026-01-01,0,None,Not Needed,0,0.75
SYN03196,80,Male,East,Provider Group C,Medication Adherence,1,1,Compliant,2026-01-01,0,None,Not Needed,0,0.85
SYN00012,68,Male,South,Provider Group A,Colorectal Cancer Screening,0,0,Not Eligible,2026-02-01,0,None,Not Needed,0,0.75
SYN00012,68,Male,South,Provider Group A,Diabetes Care,1,1,Compliant,2026-02-01,0,None,Not Needed,0,0.78
SYN00025,75,Male,South,Provider Group C,Controlling Blood Pressure,1,0,Open,2026-02-01,2,Mail,Unable to Reach,0,0.8
SYN00025,75,Male,South,Provider Group C,Diabetes Care,1,1,Compliant,2026-02-01,0,None,Not Needed,0,0.78
SYN00025,75,Male,South,Provider Group C,Follow-Up After Hospitalization,0,0,Not Eligible,2026-02-01,0,None,Not Needed,0,0.75
SYN00025,75,Male,South,Provider Group C,Medication Adherence,1,1,Compliant,2026-02-01,0,None,Not Needed,0,0.85
SYN00028,66,Male,North,Provider Group A,Breast Cancer Screening,0,0,Not Eligible,2026-02-01,0,None,Not Needed,0,0.8
SYN00028,66,Male,North,Provider Group A,Controlling Blood Pressure,1,0,Open,2026-02-01,0,None,Not Attempted,0,0.8
SYN00028,66,Male,North,Provider Group A,Diabetes Care,0,0,Not Eligible,2026-02-01,0,None,Not Needed,0,0.78
SYN00031,75,Male,East,Provider Group C,Follow-Up After Hospitalization,1,0,Open,2026-02-01,2,SMS,Unable to Reach,0,0.75
SYN00033,65,Female,North,Provider Group C,Breast Cancer Screening,1,1,Compliant,2026-02-01,0,None,Not Needed,0,0.8
SYN00033,65,Female,North,Provider Group C,Diabetes Care,1,1,Compliant,2026-02-01,0,None,Not Needed,0,0.78
SYN00033,65,Female,North,Provider Group C,Follow-Up After Hospitalization,1,1,Compliant,2026-02-01,0,None,Not Needed,0,0.75
SYN00038,77,Male,South,Provider Group A,Colorectal Cancer Screening,0,0,Not Eligible,2026-02-01,0,None,Not Needed,0,0.75
SYN00038,77,Male,South,Provider Group A,Medication Adherence,0,0,Not Eligible,2026-02-01,0,None,Not Needed,0,0.85
,67,Male,South,Provider Group D,Colorectal Cancer Screening,1,1,Compliant,2026-02-01,1,Phone,Reached,1,0.75
SYN00045,67,Male,South,Provider Group D,Controlling Blood Pressure,1,0,Open,2026-02-01,1,Mail,Unable to Reach,0,0.8
SYN00045,67,Male,South,Provider Group D,Diabetes Care,1,1,Compliant,2026-02-01,0,None,Not Needed,0,0.78
SYN00054,71,Male,East,Provider Group C,Colorectal Cancer Screening,1,0,Open,2026-02-01,2,Phone,Declined,0,0.75
SYN00054,71,Male,East,Provider Group C,Diabetes Care,0,0,Not Eligible,2026-02-01,0,None,Not Needed,0,0.78
SYN00055,74,Male,South,Provider Group B,Colorectal Cancer Screening,1,0,Open,2026-02-01,0,None,Not Attempted,0,0.75
SYN00055,74,Male,South,Provider Group B,Controlling Blood Pressure,1,1,Compliant,2026-02-01,0,None,Not Needed,0,0.8
SYN00057,85,Male,West,Provider Group B,Colorectal Cancer Screening,0,0,Not Eligible,2026-02-01,0,None,Not Needed,0,0.75
SYN00057,85,Male,West,Provider Group B,Follow-Up After Hospitalization,1,1,Compliant,2026-02-01,1,SMS,Reached,1,0.75
SYN00057,85,Male,West,Provider Group B,Medication Adherence,1,1,Compliant,2026-02-01,0,None,Not Needed,0,0.85
SYN00061,80,Female,West,Provider Group C,Controlling Blood Pressure,1,0,Open,2026-02-01,0,None,Not Attempted,0,0.8
SYN00066,70,Female,East,Provider Group A,Colorectal Cancer Screening,1,1,Compliant,2026-02-01,0,None,Not Needed,0,0.75
SYN00066,70,Female,East,Provider Group A,Medication Adherence,1,1,Compliant,2026-02-01,0,None,Not Needed,0,0.85
SYN00069,75,Female,East,Provider Group A,Breast Cancer Screening,0,0,Not Eligible,2026-02-01,0,None,Not Needed,0,0.8
SYN00069,75,Female,East,Provider Group A,Controlling Blood Pressure,0,0,Not Eligible,2026-02-01,0,None,Not Needed,0,0.8
SYN00079,72,Male,East,Provider Group D,Colorectal Cancer Screening,1,0,Open,2026-02-01,0,None,Not Attempted,0,0.75
SYN00089,75,Female,West,Provider Group B,Breast Cancer Screening,0,0,Not Eligible,2026-02-01,0,None,Not Needed,0,0.8
SYN00089,75,Female,West,Provider Group B,Controlling Blood Pressure,0,0,Not Eligible,2026-02-01,0,None,Not Needed,0,0.8
SYN00091,66,Female,East,Provider Group B,Breast Cancer Screening,1,0,Open,2026-02-01,1,Mail,Unable to Reach,0,0.8
SYN00091,66,Female,East,Provider Group B,Controlling Blood Pressure,1,0,Open,2026-02-01,2,Mail,Reached,0,0.8
SYN00091,66,Female,East,Provider Group B,Diabetes Care,1,1,Compliant,2026-02-01,0,None,Not Needed,0,0.78
SYN00091,66,Female,East,Provider Group B,Follow-Up After Hospitalization,1,1,Compliant,2026-02-01,0,None,Not Needed,0,0.75
SYN00096,85,Female,West,Provider Group D,Colorectal Cancer Screening,0,0,Not Eligible,2026-02-01,0,None,Not Needed,0,0.75
SYN00096,85,Female,West,Provider Group D,Medication Adherence,1,1,Compliant,2026-02-01,0,None,Not Needed,0,0.85
SYN00098,86,Female,West,Provider Group D,Breast Cancer Screening,0,0,Not Eligible,2026-02-01,0,None,Not Needed,0,0.8
SYN00098,86,Female,West,Provider Group D,Controlling Blood Pressure,1,0,Open,2026-02-01,1,Phone,Reached,0,0.8
SYN00098,86,Female,West,Provider Group D,Medication Adherence,1,1,Compliant,2026-02-01,0,None,Not Needed,0,0.85
SYN00100,72,Female,West,Provider Group A,Controlling Blood Pressure,1,1,Compliant,2026-02-01,0,None,Not Needed,0,0.8
SYN00100,72,Female,West,Provider Group A,Follow-Up After Hospitalization,0,0,Not Eligible,2026-02-01,0,None,Not Needed,0,0.75
SYN00102,68,Female,West,Provider Group E,Breast Cancer Screening,1,1,Compliant,2026-02-01,0,None,Not Needed,0,0.8
SYN00102,68,Female,West,Provider Group E,Diabetes Care,1,1,Compliant,2026-02-01,1,Phone,Reached,1,0.78
SYN00102,68,Female,West,Provider Group E,Medication Adherence,1,1,Compliant,2026-02-01,0,None,Not Needed,0,0.85
SYN00105,67,Female,East,Provider Group C,Breast Cancer Screening,1,1,Compliant,2026-02-01,0,None,Not Needed,0,0.8
SYN00105,67,Female,East,Provider Group C,Colorectal Cancer Screening,1,0,Open,2026-02-01,2,Phone,Reached,0,0.75
SYN00105,67,Female,East,Provider Group C,Diabetes Care,1,0,Open,2026-02-01,0,None,Not Attempted,0,0.78
SYN00110,70,Female,South,Provider Group C,Colorectal Cancer Screening,1,0,Open,2026-02-01,1,Phone,Unable to Reach,0,0.75
SYN00110,70,Female,South,Provider Group C,Controlling Blood Pressure,1,1,Compliant,2026-02-01,0,None,Not Needed,0,0.8
SYN00110,70,Female,South,Provider Group C,Diabetes Care,0,0,Not Eligible,2026-02-01,0,None,Not Needed,0,0.78
SYN00116,73,Male,West,Provider Group E,Colorectal Cancer Screening,1,0,Open,2026-02-01,1,,Declined,0,0.75
SYN00116,73,Male,West,Provider Group E,Controlling Blood Pressure,1,1,Compliant,2026-02-01,1,Phone,Reached,1,0.8
SYN00116,73,Male,West,Provider Group E,Medication Adherence,1,1,Compliant,2026-02-01,0,None,Not Needed,0,0.85
SYN00118,65,Male,South,Provider Group C,Controlling Blood Pressure,1,0,Open,2026-02-01,0,None,Not Attempted,0,0.8
SYN00122,72,Male,East,Provider Group E,Diabetes Care,0,0,Not Eligible,2026-02-01,0,None,Not Needed,0,0.78
SYN00122,72,Male,East,Provider Group E,Follow-Up After Hospitalization,0,0,Not Eligible,2026-02-01,0,None,Not Needed,0,0.75
SYN00122,72,Male,East,Provider Group E,Medication Adherence,1,1,Compliant,2026-02-01,0,None,Not Needed,0,0.85
SYN00128,74,Female,East,Provider Group E,Breast Cancer Screening,1,0,Open,2026-02-01,1,Phone,Reached,0,0.8
SYN00128,74,Female,East,Provider Group E,Controlling Blood Pressure,1,1,Compliant,2026-02-01,0,None,Not Needed,0,0.8
SYN00128,74,Female,East,Provider Group E,Medication Adherence,1,0,Open,2026-02-01,0,None,Not Attempted,0,0.85
SYN00130,72,Male,East,Provider Group D,Colorectal Cancer Screening,1,1,Compliant,2026-02-01,0,None,Not Needed,0,0.75
SYN00130,72,Male,East,Provider Group D,Medication Adherence,1,1,Compliant,2026-02-01,0,None,Not Needed,0,0.85
SYN00133,75,Male,East,Provider Group B,Breast Cancer Screening,0,0,Not Eligible,2026-02-01,0,None,Not Needed,0,0.8
SYN00133,75,Male,East,Provider Group B,Controlling Blood Pressure,1,0,Open,2026-02-01,3,Mail,Unable to Reach,0,0.8
SYN00133,75,Male,East,Provider Group B,Medication Adherence,1,0,Open,2026-02-01,2,Phone,Unable to Reach,0,0.85
SYN00150,72,Female,South,Provider Group C,Breast Cancer Screening,1,1,Compliant,2026-02-01,0,None,Not Needed,0,0.8
SYN00150,72,Female,South,Provider Group C,Colorectal Cancer Screening,1,1,Compliant,2026-02-01,0,None,Not Needed,0,0.75
SYN00150,72,Female,South,Provider Group C,Controlling Blood Pressure,1,1,Compliant,2026-02-01,1,Phone,Reached,1,0.8
SYN00150,72,Female,South,Provider Group C,Medication Adherence,1,1,Compliant,2026-02-01,2,Phone,Reached,1,0.85
SYN00152,70,Male,South,Provider Group C,Colorectal Cancer Screening,1,0,Open,2026-02-01,0,None,Not Attempted,0,0.75
SYN00152,70,Male,South,Provider Group C,Diabetes Care,1,0,Open,2026-02-01,0,None,Not Attempted,0,0.78
SYN00152,70,Male,South,Provider Group C,Follow-Up After Hospitalization,1,0,Open,2026-02-01,1,Mail,Unable to Reach,0,0.75
SYN00152,70,Male,South,Provider Group C,Medication Adherence,1,1,Compliant,2026-02-01,0,None,Not Needed,0,0.85
SYN00162,71,Male,South,Provider Group E,Diabetes Care,0,0,Not Eligible,2026-02-01,0,None,Not Needed,0,0.78
SYN00162,71,Male,South,Provider Group E,Follow-Up After Hospitalization,1,0,Open,2026-02-01,1,Mail,Unable to Reach,0,0.75
SYN00162,71,Male,South,Provider Group E,Medication Adherence,1,1,Compliant,2026-02-01,0,None,Not Needed,0,0.85
SYN00167,72,Female,South,Provider Group A,Controlling Blood Pressure,1,0,Open,2026-02-01,0,None,Not Attempted,0,0.8
SYN00167,72,Female,South,Provider Group A,Diabetes Care,0,0,Not Eligible,2026-02-01,0,None,Not Needed,0,0.78
SYN00174,87,Male,South,Provider Group E,Follow-Up After Hospitalization,1,0,Open,2026-02-01,2,SMS,Reached,0,0.75
SYN00181,86,Male,South,Provider Group E,Colorectal Cancer Screening,0,0,Not Eligible,2026-02-01,0,None,Not Needed,0,0.75
SYN00181,86,Male,South,Provider Group E,Diabetes Care,1,0,Open,2026-02-01,2,Phone,Unable to Reach,0,0.78
SYN00182,73,Male,North,Provider Group E,Follow-Up After Hospitalization,1,1,Compliant,2026-02-01,0,None,Not Needed,0,0.75
SYN00182,73,Male,North,Provider Group E,Medication Adherence,1,1,Compliant,2026-02-01,0,None,Not Needed,0,0.85
SYN00195,70,Female,North,Provider Group C,Breast Cancer Screening,1,0,Open,2026-02-01,3,Mail,Reached,0,0.8
SYN00195,70,Female,North,Provider Group C,Colorectal Cancer Screening,1,0,Open,2026-02-01,0,None,Not Attempted,0,0.75
SYN00195,70,Female,North,Provider Group C,Controlling Blood Pressure,1,1,Compliant,2026-02-01,0,None,Not Needed,0,0.8
SYN00195,70,Female,North,Provider Group C,Medication Adherence,1,1,Compliant,2026-02-01,0,None,Not Needed,0,0.85
SYN00199,75,Female,East,Provider Group D,Colorectal Cancer Screening,1,0,Open,2026-02-01,2,Phone,Reached,0,0.75
SYN00199,75,Female,East,Provider Group D,Controlling Blood Pressure,1,1,Compliant,2026-02-01,0,None,Not Needed,0,0.8
SYN00204,72,Female,South,Provider Group A,Breast Cancer Screening,1,1,Compliant,2026-02-01,1,Care Coordinator,Reached,1,0.8
SYN00204,72,Female,South,Provider Group A,Colorectal Cancer Screening,1,0,Open,2026-02-01,3,Phone,Unable to Reach,0,0.75
SYN00204,72,Female,South,Provider Group A,Controlling Blood Pressure,1,1,Compliant,2026-02-01,0,None,Not Needed,0,0.8
SYN00204,72,Female,South,Provider Group A,Diabetes Care,1,1,Compliant,2026-02-01,0,None,Not Needed,0,0.78
SYN00214,83,Male,North,Provider Group C,Controlling Blood Pressure,1,1,Compliant,2026-02-01,0,None,Not Needed,0,0.8
SYN00214,83,Male,North,Provider Group C,Diabetes Care,0,0,Not Eligible,2026-02-01,0,None,Not Needed,0,0.78
SYN00216,84,Female,South,Provider Group E,Colorectal Cancer Screening,0,0,Not Eligible,2026-02-01,0,None,Not Needed,0,0.75
SYN00216,84,Female,South,Provider Group E,Controlling Blood Pressure,0,0,Not Eligible,2026-02-01,0,None,Not Needed,0,0.8
SYN00216,84,Female,South,Provider Group E,Diabetes Care,0,0,Not Eligible,2026-02-01,0,None,Not Needed,0,0.78
SYN00217,68,Female,South,Provider Group C,Breast Cancer Screening,1,1,Compliant,2026-02-01,0,None,Not Needed,0,0.8
SYN00217,68,Female,South,Provider Group C,Colorectal Cancer Screening,1,1,Compliant,2026-02-01,0,None,Not Needed,0,0.75
SYN00217,68,Female,South,Provider Group C,Diabetes Care,1,1,Compliant,2026-02-01,0,None,Not Needed,0,0.78
SYN00217,68,Female,South,Provider Group C,Follow-Up After Hospitalization,1,0,Open,2026-02-01,3,Phone,Declined,0,0.75
SYN00230,73,Female,West,Provider Group E,Breast Cancer Screening,1,1,Compliant,2026-02-01,0,None,Not Needed,0,0.8
SYN00230,73,Female,West,Provider Group E,Diabetes Care,0,0,Not Eligible,2026-02-01,0,None,Not Needed,0,0.78
SYN00230,73,Female,West,Provider Group E,Follow-Up After Hospitalization,1,0,Open,2026-02-01,2,SMS,Reached,0,0.75
SYN00232,76,Male,South,Provider Group B,Controlling Blood Pressure,1,1,Compliant,2026-02-01,0,None,Not Needed,0,0.8
SYN00232,76,Male,South,Provider Group B,Medication Adherence,1,1,Compliant,2026-02-01,0,None,Not Needed,0,0.85
SYN00234,70,Female,South,Provider Group B,Medication Adherence,1,1,Compliant,2026-02-01,0,None,Not Needed,0,0.85
SYN00236,80,Female,North,Provider Group C,Colorectal Cancer Screening,0,0,Not Eligible,2026-02-01,0,None,Not Needed,0,0.75
SYN00236,80,Female,North,Provider Group C,Diabetes Care,1,0,Open,2026-02-01,0,None,Not Attempted,0,0.78
SYN00236,80,Female,North,Provider Group C,Medication Adherence,0,0,Not Eligible,2026-02-01,0,None,Not Needed,0,0.85
SYN00252,73,Male,West,Provider Group C,Controlling Blood Pressure,0,0,Not Eligible,2026-02-01,0,None,Not Needed,0,0.8
SYN00252,73,Male,West,Provider Group C,Diabetes Care,1,1,Compliant,2026-02-01,2,Phone,Reached,1,0.78
SYN00258,67,Male,West,Provider Group A,Breast Cancer Screening,0,0,Not Eligible,2026-02-01,0,None,Not Needed,0,0.8
SYN00258,67,Male,West,Provider Group A,Colorectal Cancer Screening,1,0,Open,2026-02-01,0,None,Not Attempted,0,0.75
SYN00258,67,Male,West,Provider Group A,Diabetes Care,1,1,Compliant,2026-02-01,0,None,Not Needed,0,0.78
SYN00258,67,Male,West,Provider Group A,Follow-Up After Hospitalization,1,0,Open,2026-02-01,0,None,Not Attempted,0,0.75
SYN00265,68,Female,East,Provider Group A,Controlling Blood Pressure,1,1,Compliant,2026-02-01,0,None,Not Needed,0,0.8
SYN00273,70,Male,East,Provider Group E,Controlling Blood Pressure,1,1,Compliant,2026-02-01,0,None,Not Needed,0,0.8
SYN00273,70,Male,East,Provider Group E,Medication Adherence,0,0,Not Eligible,2026-02-01,0,None,Not Needed,0,0.85
SYN00279,70,Female,East,Provider Group B,Colorectal Cancer Screening,1,0,Open,2026-02-01,0,None,Not Attempted,0,0.75
SYN00279,70,Female,East,Provider Group B,Controlling Blood Pressure,1,1,Compliant,2026-02-01,0,None,Not Needed,0,0.8
SYN00279,70,Female,East,Provider Group B,Diabetes Care,1,1,Compliant,2026-02-01,0,None,Not Needed,0,0.78
SYN00298,68,Male,South,Provider Group C,Colorectal Cancer Screening,1,0,Open,2026-02-01,2,SMS,Reached,0,0.75
SYN00298,68,Male,South,Provider Group C,Diabetes Care,1,0,Open,2026-02-01,3,Phone,Unable to Reach,0,0.78
SYN00298,68,Male,South,Provider Group C,Medication Adherence,1,1,Compliant,2026-02-01,0,None,Not Needed,0,0.85
SYN00299,78,Female,West,Provider Group D,Breast Cancer Screening,0,0,Not Eligible,2026-02-01,0,None,Not Needed,0,0.8
SYN00299,78,Female,West,Provider Group D,Controlling Blood Pressure,1,0,Open,2026-02-01,3,Phone,Reached,0,0.8
SYN00299,78,Female,West,Provider Group D,Diabetes Care,1,0,Open,2026-02-01,2,Mail,Declined,0,0.78
SYN00302,71,Female,South,Provider Group B,Breast Cancer Screening,1,1,Compliant,2026-02-01,0,None,Not Needed,0,0.8
SYN00302,71,Female,South,Provider Group B,Medication Adherence,1,1,Compliant,2026-02-01,0,None,Not Needed,0,0.85
SYN00307,75,Male,South,Provider Group E,Controlling Blood Pressure,1,0,Open,2026-02-01,0,None,Not Attempted,0,0.8
SYN00307,75,Male,South,Provider Group E,Diabetes Care,0,0,Not Eligible,2026-02-01,0,None,Not Needed,0,0.78
SYN00307,75,Male,South,Provider Group E,Follow-Up After Hospitalization,0,0,Not Eligible,2026-02-01,0,None,Not Needed,0,0.75
SYN00310,73,Female,South,Provider Group E,Breast Cancer Screening,1,0,Open,2026-02-01,2,,Unable to Reach,0,0.8
SYN00310,73,Female,South,Provider Group E,Colorectal Cancer Screening,1,0,Open,2026-02-01,0,None,Not Attempted,0,0.75
SYN00310,73,Female,South,Provider Group E,Controlling Blood Pressure,1,0,Open,2026-02-01,0,None,Not Attempted,0,0.8
SYN00325,68,Male,North,Provider Group D,Controlling Blood Pressure,1,1,Compliant,2026-02-01,0,None,Not Needed,0,0.8
SYN00325,68,Male,North,Provider Group D,Medication Adherence,0,0,Not Eligible,2026-02-01,0,None,Not Needed,0,0.85
SYN00332,65,Male,West,Provider Group B,Breast Cancer Screening,0,0,Not Eligible,2026-02-01,0,None,Not Needed,0,0.8
SYN00332,65,Male,West,Provider Group B,Colorectal Cancer Screening,1,1,Compliant,2026-02-01,2,Phone,Reached,1,0.75
SYN00332,65,Male,West,Provider Group B,Medication Adherence,1,1,Compliant,2026-02-01,0,None,Not Needed,0,0.85
SYN00333,87,Female,South,Provider Group D,Colorectal Cancer Screening,0,0,Not Eligible,2026-02-01,0,None,Not Needed,0,0.75
SYN00333,87,Female,South,Provider Group D,Controlling Blood Pressure,0,0,Not Eligible,2026-02-01,0,None,Not Needed,0,0.8
SYN00334,73,Male,North,Provider Group C,Colorectal Cancer Screening,1,1,Compliant,2026-02-01,0,None,Not Needed,0,0.75
SYN00334,73,Male,North,Provider Group C,Controlling Blood Pressure,0,0,Not Eligible,2026-02-01,0,None,Not Needed,0,0.8
SYN00334,73,Male,North,Provider Group C,Medication Adherence,1,1,Compliant,2026-02-01,0,None,Not Needed,0,0.85
SYN00340,89,Female,South,Provider Group C,Breast Cancer Screening,0,0,Not Eligible,2026-02-01,0,None,Not Needed,0,0.8
SYN00340,89,Female,South,Provider Group C,Colorectal Cancer Screening,0,0,Not Eligible,2026-02-01,0,None,Not Needed,0,0.75
SYN00340,89,Female,South,Provider Group C,Diabetes Care,1,0,Open,2026-02-01,2,Phone,Unable to Reach,0,0.78
SYN00340,89,Female,South,Provider Group C,Medication Adherence,1,1,Compliant,2026-02-01,0,None,Not Needed,0,0.85
SYN00347,65,Female,East,Provider Group B,Breast Cancer Screening,1,1,Compliant,2026-02-01,0,None,Not Needed,0,0.8
SYN00347,65,Female,East,Provider Group B,Colorectal Cancer Screening,1,0,Open,2026-02-01,1,Phone,Reached,0,0.75
SYN00347,65,Female,East,Provider Group B,Follow-Up After Hospitalization,1,0,Open,2026-02-01,3,Phone,Reached,0,0.75
SYN00354,66,Male,North,Provider Group B,Breast Cancer Screening,0,0,Not Eligible,2026-02-01,0,None,Not Needed,0,0.8
SYN00354,66,Male,North,Provider Group B,Colorectal Cancer Screening,1,1,Compliant,2026-02-01,0,None,Not Needed,0,0.75
SYN00354,66,Male,North,Provider Group B,Controlling Blood Pressure,1,1,Compliant,2026-02-01,0,None,Not Needed,0,0.8
SYN00354,66,Male,North,Provider Group B,Medication Adherence,1,1,Compliant,2026-02-01,0,None,Not Needed,0,0.85
SYN00356,83,Male,North,Provider Group A,Controlling Blood Pressure,1,1,Compliant,2026-02-01,0,None,Not Needed,0,0.8
SYN00356,83,Male,North,Provider Group A,Diabetes Care,0,0,Not Eligible,2026-02-01,0,None,Not Needed,0,0.78
SYN00356,83,Male,North,Provider Group A,Medication Adherence,0,0,Not Eligible,2026-02-01,0,None,Not Needed,0,0.85
SYN00366,79,Male,South,Provider Group C,Diabetes Care,1,1,Compliant,2026-02-01,1,SMS,Reached,1,0.78
SYN00366,79,Male,South,Provider Group C,Follow-Up After Hospitalization,1,0,Open,2026-02-01,0,None,Not Attempted,0,0.75
SYN00374,66,Male,South,Provider Group B,Breast Cancer Screening,0,0,Not Eligible,2026-02-01,0,None,Not Needed,0,0.8
SYN00374,66,Male,South,Provider Group B,Medication Adherence,1,1,Compliant,2026-02-01,0,None,Not Needed,0,0.85
SYN00379,67,Male,East,Provider Group B,Breast Cancer Screening,0,0,Not Eligible,2026-02-01,0,None,Not Needed,0,0.8
SYN00379,67,Male,East,Provider Group B,Colorectal Cancer Screening,1,0,Open,2026-02-01,4,Mail,Reached,0,0.75
SYN00379,67,Male,East,Provider Group B,Follow-Up After Hospitalization,1,1,Compliant,2026-02-01,0,None,Not Needed,0,0.75
SYN00386,82,Male,North,Provider Group B,Follow-Up After Hospitalization,1,0,Open,2026-02-01,1,Mail,Reached,0,0.75
SYN00390,73,Female,West,Provider Group A,Breast Cancer Screening,1,1,Compliant,2026-02-01,4,Care Coordinator,Reached,1,0.8
SYN00390,73,Female,West,Provider Group A,Colorectal Cancer Screening,1,1,Compliant,2026-02-01,0,None,Not Needed,0,0.75
SYN00390,73,Female,West,Provider Group A,Diabetes Care,0,0,Not Eligible,2026-02-01,0,None,Not Needed,0,0.78
SYN00390,73,Female,West,Provider Group A,Medication Adherence,1,1,Compliant,2026-02-01,0,None,Not Needed,0,0.85
SYN00395,65,Male,West,Provider Group D,Controlling Blood Pressure,1,1,Compliant,2026-02-01,0,None,Not Needed,0,0.8
SYN00397,68,Male,East,Provider Group C,Diabetes Care,0,0,Not Eligible,2026-02-01,0,None,Not Needed,0,0.78
SYN00397,68,Male,East,Provider Group C,Medication Adherence,1,0,Open,2026-02-01,0,None,Not Attempted,0,0.85
SYN00400,73,Male,West,Provider Group E,Colorectal Cancer Screening,1,1,Compliant,2026-02-01,0,None,Not Needed,0,0.75
SYN00400,73,Male,West,Provider Group E,Controlling Blood Pressure,1,0,Open,2026-02-01,1,Phone,Unable to Reach,0,0.8
SYN00400,73,Male,West,Provider Group E,Medication Adherence,1,1,Compliant,2026-02-01,0,None,Not Needed,0,0.85
SYN00401,65,Male,East,Provider Group D,Colorectal Cancer Screening,1,1,Compliant,2026-02-01,1,Care Coordinator,Reached,1,0.75
SYN00405,67,Female,East,Provider Group E,Controlling Blood Pressure,1,1,Compliant,2026-02-01,0,None,Not Needed,0,0.8
SYN00406,67,Female,West,Provider Group A,Breast Cancer Screening,1,1,Compliant,2026-02-01,0,None,Not Needed,0,0.8
SYN00406,67,Female,West,Provider Group A,Colorectal Cancer Screening,1,1,Compliant,2026-02-01,0,None,Not Needed,0,0.75
SYN00406,67,Female,West,Provider Group A,Controlling Blood Pressure,1,0,Open,2026-02-01,0,None,Not Attempted,0,0.8
SYN00406,67,Female,West,Provider Group A,Medication Adherence,1,1,Compliant,2026-02-01,0,None,Not Needed,0,0.85
SYN00418,78,Male,East,Provider Group D,Controlling Blood Pressure,1,0,Open,2026-02-01,0,None,Not Attempted,0,0.8
SYN00426,87,Female,South,Provider Group B,Breast Cancer Screening,0,0,Not Eligible,2026-02-01,0,None,Not Needed,0,0.8
SYN00426,87,Female,South,Provider Group B,Colorectal Cancer Screening,0,0,Not Eligible,2026-02-01,0,None,Not Needed,0,0.75
SYN00426,87,Female,South,Provider Group B,Diabetes Care,1,1,Compliant,2026-02-01,0,None,Not Needed,0,0.78
SYN00426,87,Female,South,Provider Group B,Medication Adherence,1,1,Compliant,2026-02-01,0,None,Not Needed,0,0.85
SYN00429,73,Female,South,Provider Group D,Colorectal Cancer Screening,1,1,Compliant,2026-02-01,0,None,Not Needed,0,0.75
SYN00429,73,Female,South,Provider Group D,Controlling Blood Pressure,1,1,Compliant,2026-02-01,0,None,Not Needed,0,0.8
SYN00432,70,Male,North,Provider Group A,Colorectal Cancer Screening,1,1,Compliant,2026-02-01,0,None,Not Needed,0,0.75
SYN00432,70,Male,North,Provider Group A,Diabetes Care,1,0,Open,2026-02-01,0,None,Not Attempted,0,0.78
SYN00437,67,Male,South,Provider Group B,Colorectal Cancer Screening,1,1,Compliant,2026-02-01,0,None,Not Needed,0,0.75
SYN00448,70,Female,South,Provider Group D,Breast Cancer Screening,1,1,Compliant,2026-02-01,1,Phone,Reached,1,0.8
SYN00448,70,Female,South,Provider Group D,Medication Adherence,1,1,Compliant,2026-02-01,0,None,Not Needed,0,0.85
SYN00457,76,Female,South,Provider Group D,Breast Cancer Screening,0,0,Not Eligible,2026-02-01,0,None,Not Needed,0,0.8
SYN00457,76,Female,South,Provider Group D,Controlling Blood Pressure,0,0,Not Eligible,2026-02-01,0,None,Not Needed,0,0.8
SYN00457,76,Female,South,Provider Group D,Follow-Up After Hospitalization,1,1,Compliant,2026-02-01,0,None,Not Needed,0,0.75
SYN00457,76,Female,South,Provider Group D,Medication Adherence,1,0,Open,2026-02-01,0,None,Not Attempted,0,0.85
SYN00461,89,Female,East,Provider Group C,Breast Cancer Screening,0,0,Not Eligible,2026-02-01,0,None,Not Needed,0,0.8
SYN00461,89,Female,East,Provider Group C,Colorectal Cancer Screening,0,0,Not Eligible,2026-02-01,0,None,Not Needed,0,0.75
SYN00461,89,Female,East,Provider Group C,Controlling Blood Pressure,1,1,Compliant,2026-02-01,0,None,Not Needed,0,0.8
SYN00461,89,Female,East,Provider Group C,Follow-Up After Hospitalization,1,0,Open,2026-02-01,0,None,Not Attempted,0,0.75
SYN00463,76,Female,East,Provider Group C,Breast Cancer Screening,0,0,Not Eligible,2026-02-01,0,None,Not Needed,0,0.8
SYN00463,76,Female,East,Provider Group C,Colorectal Cancer Screening,0,0,Not Eligible,2026-02-01,0,None,Not Needed,0,0.75
SYN00463,76,Female,East,Provider Group C,Diabetes Care,1,0,Open,2026-02-01,0,None,Not Attempted,0,0.78
SYN00463,76,Female,East,Provider Group C,Medication Adherence,1,1,Compliant,2026-02-01,0,None,Not Needed,0,0.85
SYN00464,69,Male,South,Provider Group E,Diabetes Care,1,1,Compliant,2026-02-01,0,None,Not Needed,0,0.78
SYN00464,69,Male,South,Provider Group E,Medication Adherence,1,1,Compliant,2026-02-01,0,None,Not Needed,0,0.85
SYN00481,72,Female,East,Provider Group B,Breast Cancer Screening,1,1,Compliant,2026-02-01,0,None,Not Needed,0,0.8
SYN00481,72,Female,East,Provider Group B,Colorectal Cancer Screening,1,0,Open,2026-02-01,2,Mail,Unable to Reach,0,0.75
SYN00482,69,Female,East,Provider Group C,Breast Cancer Screening,1,0,Open,2026-02-01,0,None,Not Attempted,0,0.8
SYN00482,69,Female,East,Provider Group C,Colorectal Cancer Screening,1,0,Open,2026-02-01,0,None,Not Attempted,0,0.75
SYN00482,69,Female,East,Provider Group C,Medication Adherence,1,1,Compliant,2026-02-01,0,None,Not Needed,0,0.85
SYN00491,69,Female,South,Provider Group A,Controlling Blood Pressure,1,1,Compliant,2026-02-01,0,None,Not Needed,0,0.8
SYN00491,69,Female,South,Provider Group A,Diabetes Care,0,0,Not Eligible,2026-02-01,0,None,Not Needed,0,0.78
SYN00491,69,Female,South,Provider Group A,Medication Adherence,1,1,Compliant,2026-02-01,0,None,Not Needed,0,0.85
SYN00501,65,Female,North,Provider Group A,Colorectal Cancer Screening,1,1,Compliant,2026-02-01,0,None,Not Needed,0,0.75
SYN00501,65,Female,North,Provider Group A,Diabetes Care,0,0,Not Eligible,2026-02-01,0,None,Not Needed,0,0.78
SYN00501,65,Female,North,Provider Group A,Follow-Up After Hospitalization,1,0,Open,2026-02-01,0,None,Not Attempted,0,0.75
SYN00505,65,Female,South,Provider Group A,Breast Cancer Screening,1,1,Compliant,2026-02-01,0,None,Not Needed,0,0.8
SYN00505,65,Female,South,Provider Group A,Diabetes Care,1,1,Compliant,2026-02-01,0,None,Not Needed,0,0.78
SYN00505,65,Female,South,Provider Group A,Medication Adherence,1,1,Compliant,2026-02-01,0,None,Not Needed,0,0.85
SYN00506,65,Female,West,Provider Group E,Diabetes Care,1,1,Compliant,2026-02-01,0,None,Not Needed,0,0.78
SYN00506,65,Female,West,Provider Group E,Follow-Up After Hospitalization,0,0,Not Eligible,2026-02-01,0,None,Not Needed,0,0.75
SYN00506,65,Female,West,Provider Group E,Medication Adherence,1,1,Compliant,2026-02-01,0,None,Not Needed,0,0.85
SYN00508,87,Male,East,Provider Group C,Breast Cancer Screening,0,0,Not Eligible,2026-02-01,0,None,Not Needed,0,0.8
SYN00508,87,Male,East,Provider Group C,Controlling Blood Pressure,1,1,Compliant,2026-02-01,0,None,Not Needed,0,0.8
SYN00508,87,Male,East,Provider Group C,Diabetes Care,0,0,Not Eligible,2026-02-01,0,None,Not Needed,0,0.78
SYN00508,87,Male,East,Provider Group C,Medication Adherence,1,1,Compliant,2026-02-01,0,None,Not Needed,0,0.85
SYN00511,82,Female,North,Provider Group B,Colorectal Cancer Screening,0,0,Not Eligible,2026-02-01,0,None,Not Needed,0,0.75
SYN00511,82,Female,North,Provider Group B,Follow-Up After Hospitalization,1,1,Compliant,2026-02-01,2,SMS,Reached,1,0.75
SYN00511,82,Female,North,Provider Group B,Medication Adherence,1,1,Compliant,2026-02-01,0,None,Not Needed,0,0.85
SYN00512,66,Female,North,Provider Group D,Breast Cancer Screening,1,1,Compliant,2026-02-01,0,None,Not Needed,0,0.8
SYN00512,66,Female,North,Provider Group D,Controlling Blood Pressure,1,1,Compliant,2026-02-01,0,None,Not Needed,0,0.8
SYN00518,70,Female,North,Provider Group A,Breast Cancer Screening,1,1,Compliant,2026-02-01,1,Care Coordinator,Reached,1,0.8
SYN00518,70,Female,North,Provider Group A,Colorectal Cancer Screening,1,0,Open,2026-02-01,0,None,Not Attempted,0,0.75
SYN00522,85,Female,West,Provider Group E,Diabetes Care,1,1,Compliant,2026-02-01,0,None,Not Needed,0,0.78
SYN00522,85,Female,West,Provider Group E,Follow-Up After Hospitalization,1,1,Compliant,2026-02-01,3,Care Coordinator,Reached,1,0.75
SYN00545,73,Female,West,Provider Group A,Breast Cancer Screening,1,0,Open,2026-02-01,0,None,Not Attempted,0,0.8
SYN00545,73,Female,West,Provider Group A,Controlling Blood Pressure,1,0,Open,2026-02-01,3,Phone,Unable to Reach,0,0.8
SYN00558,71,Male,South,Provider Group B,Controlling Blood Pressure,1,0,Open,2026-02-01,1,Mail,Unable to Reach,0,0.8
SYN00558,71,Male,South,Provider Group B,Medication Adherence,1,1,Compliant,2026-02-01,0,None,Not Needed,0,0.85
SYN00561,65,Male,West,Provider Group D,Colorectal Cancer Screening,1,1,Compliant,2026-02-01,0,None,Not Needed,0,0.75
SYN00561,65,Male,West,Provider Group D,Controlling Blood Pressure,1,1,Compliant,2026-02-01,0,None,Not Needed,0,0.8
SYN00561,65,Male,West,Provider Group D,Diabetes Care,1,1,Compliant,2026-02-01,0,None,Not Needed,0,0.78
SYN00561,65,Male,West,Provider Group D,Follow-Up After Hospitalization,1,1,Compliant,2026-02-01,0,None,Not Needed,0,0.75
SYN00565,87,Male,East,Provider Group D,Medication Adherence,1,1,Compliant,2026-02-01,0,None,Not Needed,0,0.85
SYN00584,66,Male,West,Provider Group A,Colorectal Cancer Screening,1,1,Compliant,2026-02-01,2,Phone,Reached,1,0.75
SYN00584,66,Male,West,Provider Group A,Follow-Up After Hospitalization,0,0,Not Eligible,2026-02-01,0,None,Not Needed,0,0.75
SYN00586,73,Female,South,Provider Group D,Breast Cancer Screening,1,1,Compliant,2026-02-01,0,None,Not Needed,0,0.8
SYN00586,73,Female,South,Provider Group D,Controlling Blood Pressure,1,0,Open,2026-02-01,1,Mail,Unable to Reach,0,0.8
SYN00586,73,Female,South,Provider Group D,Medication Adherence,1,1,Compliant,2026-02-01,0,None,Not Needed,0,0.85
SYN00587,75,Male,South,Provider Group B,Controlling Blood Pressure,0,0,Not Eligible,2026-02-01,0,None,Not Needed,0,0.8
SYN00587,75,Male,South,Provider Group B,Diabetes Care,1,1,Compliant,2026-02-01,0,None,Not Needed,0,0.78
SYN00595,66,Female,North,Provider Group C,Breast Cancer Screening,1,0,Open,2026-02-01,3,SMS,Reached,0,0.8
SYN00595,66,Female,North,Provider Group C,Colorectal Cancer Screening,1,0,Open,2026-02-01,0,None,Not Attempted,0,0.75
SYN00595,66,Female,North,Provider Group C,Medication Adherence,1,1,Compliant,2026-02-01,0,None,Not Needed,0,0.85
SYN00600,65,Male,North,Provider Group B,Breast Cancer Screening,0,0,Not Eligible,2026-02-01,0,None,Not Needed,0,0.8
SYN00600,65,Male,North,Provider Group B,Colorectal Cancer Screening,1,0,Open,2026-02-01,2,Phone,Reached,0,0.75
SYN00600,65,Male,North,Provider Group B,Controlling Blood Pressure,0,0,Not Eligible,2026-02-01,0,None,Not Needed,0,0.8
SYN00600,65,Male,North,Provider Group B,Diabetes Care,1,0,Open,2026-02-01,0,None,Not Attempted,0,0.78
SYN00600,65,Male,North,Provider Group B,Follow-Up After Hospitalization,0,0,Not Eligible,2026-02-01,0,None,Not Needed,0,0.75
SYN00600,65,Male,North,Provider Group B,Medication Adherence,1,1,Compliant,2026-02-01,0,None,Not Needed,0,0.85
SYN00607,74,Female,South,Provider Group A,Breast Cancer Screening,1,0,Open,2026-02-01,4,Phone,Reached,0,0.8
SYN00607,74,Female,South,Provider Group A,Diabetes Care,1,0,Open,2026-02-01,1,Phone,Reached,0,0.78
SYN00612,73,Male,North,Provider Group D,Controlling Blood Pressure,1,0,Open,2026-02-01,0,None,Not Attempted,0,0.8
SYN00614,85,Male,West,Provider Group C,Diabetes Care,1,0,Open,2026-02-01,0,None,Not Attempted,0,0.78
SYN00615,75,Female,South,Provider Group A,Breast Cancer Screening,0,0,Not Eligible,2026-02-01,0,None,Not Needed,0,0.8
SYN00615,75,Female,South,Provider Group A,Diabetes Care,1,1,Compliant,2026-02-01,0,None,Not Needed,0,0.78
SYN00615,75,Female,South,Provider Group A,Medication Adherence,1,1,Compliant,2026-02-01,0,None,Not Needed,0,0.85
SYN00633,88,Female,North,Provider Group D,Controlling Blood Pressure,1,1,Compliant,2026-02-01,0,None,Not Needed,0,0.8
SYN00648,65,Female,South,Provider Group E,Breast Cancer Screening,1,1,Compliant,2026-02-01,0,None,Not Needed,0,0.8
SYN00648,65,Female,South,Provider Group E,Colorectal Cancer Screening,1,0,Open,2026-02-01,1,SMS,Reached,0,0.75
SYN00648,65,Female,South,Provider Group E,Controlling Blood Pressure,1,1,Compliant,2026-02-01,0,None,Not Needed,0,0.8
SYN00648,65,Female,South,Provider Group E,Diabetes Care,0,0,Not Eligible,2026-02-01,0,None,Not Needed,0,0.78
SYN00648,65,Female,South,Provider Group E,Medication Adherence,1,1,Compliant,2026-02-01,0,None,Not Needed,0,0.85
SYN00649,65,Female,East,Provider Group B,Breast Cancer Screening,1,1,Compliant,2026-02-01,0,None,Not Needed,0,0.8
SYN00649,65,Female,East,Provider Group B,Colorectal Cancer Screening,1,1,Compliant,2026-02-01,0,None,Not Needed,0,0.75
SYN00649,65,Female,East,Provider Group B,Follow-Up After Hospitalization,1,0,Open,2026-02-01,1,Phone,Reached,0,0.75
SYN00653,84,Male,South,Provider Group C,Medication Adherence,1,1,Compliant,2026-02-01,0,None,Not Needed,0,0.85
SYN00656,72,Female,South,Provider Group A,Controlling Blood Pressure,1,1,Compliant,2026-02-01,0,None,Not Needed,0,0.8
SYN00657,68,Female,South,Provider Group D,Controlling Blood Pressure,1,1,Compliant,2026-02-01,0,None,Not Needed,0,0.8
SYN00657,68,Female,South,Provider Group D,Diabetes Care,1,1,Compliant,2026-02-01,0,None,Not Needed,0,0.78
SYN00657,68,Female,South,Provider Group D,Medication Adherence,1,1,Compliant,2026-02-01,0,None,Not Needed,0,0.85
SYN00674,67,Female,East,Provider Group B,Colorectal Cancer Screening,0,0,Not Eligible,2026-02-01,0,None,Not Needed,0,0.75
SYN00674,67,Female,East,Provider Group B,Controlling Blood Pressure,1,0,Open,2026-02-01,0,None,Not Attempted,0,0.8
SYN00674,67,Female,East,Provider Group B,Diabetes Care,0,0,Not Eligible,2026-02-01,0,None,Not Needed,0,0.78
SYN00691,72,Male,East,Provider Group A,Controlling Blood Pressure,1,1,Compliant,2026-02-01,0,None,Not Needed,0,0.8
SYN00691,72,Male,East,Provider Group A,Diabetes Care,1,1,Compliant,2026-02-01,0,None,Not Needed,0,0.78
SYN00695,71,Male,South,Provider Group B,Colorectal Cancer Screening,1,1,Compliant,2026-02-01,0,None,Not Needed,0,0.75
SYN00695,71,Male,South,Provider Group B,Controlling Blood Pressure,1,0,Open,2026-02-01,2,SMS,Reached,0,0.8
SYN00695,71,Male,South,Provider Group B,Diabetes Care,1,1,Compliant,2026-02-01,0,None,Not Needed,0,0.78
SYN00695,71,Male,South,Provider Group B,Follow-Up After Hospitalization,1,0,Open,2026-02-01,1,Phone,Unable to Reach,0,0.75
SYN00713,72,Female,West,Provider Group C,Controlling Blood Pressure,1,0,Open,2026-02-01,0,None,Not Attempted,0,0.8
SYN00713,72,Female,West,Provider Group C,Medication Adherence,1,1,Compliant,2026-02-01,0,None,Not Needed,0,0.85
SYN00717,74,Male,North,Provider Group D,Colorectal Cancer Screening,1,1,Compliant,2026-02-01,0,None,Not Needed,0,0.75
SYN00723,70,Female,North,Provider Group A,Breast Cancer Screening,1,0,Open,2026-02-01,0,None,Not Attempted,0,0.8
SYN00723,70,Female,North,Provider Group A,Controlling Blood Pressure,1,1,Compliant,2026-02-01,0,None,Not Needed,0,0.8
SYN00723,70,Female,North,Provider Group A,Diabetes Care,1,0,Open,2026-02-01,0,None,Not Attempted,0,0.78
SYN00724,68,Female,West,Provider Group B,Breast Cancer Screening,1,0,Open,2026-02-01,1,Phone,Reached,0,0.8
SYN00724,68,Female,West,Provider Group B,Controlling Blood Pressure,1,1,Compliant,2026-02-01,0,None,Not Needed,0,0.8
SYN00724,68,Female,West,Provider Group B,Follow-Up After Hospitalization,0,0,Not Eligible,2026-02-01,0,None,Not Needed,0,0.75
SYN00725,65,Female,North,Provider Group B,Breast Cancer Screening,1,1,Compliant,2026-02-01,4,SMS,Reached,1,0.8
SYN00728,67,Male,South,Provider Group C,Colorectal Cancer Screening,1,0,Open,2026-02-01,1,Phone,Reached,0,0.75
SYN00728,67,Male,South,Provider Group C,Medication Adherence,1,0,Open,2026-02-01,1,Mail,Declined,0,0.85
SYN00732,84,Female,North,Provider Group B,Controlling Blood Pressure,1,1,Compliant,2026-02-01,0,None,Not Needed,0,0.8
SYN00732,84,Female,North,Provider Group B,Medication Adherence,1,1,Compliant,2026-02-01,0,None,Not Needed,0,0.85
SYN00739,75,Female,East,Provider Group D,Controlling Blood Pressure,1,1,Compliant,2026-02-01,0,None,Not Needed,0,0.8
SYN00739,75,Female,East,Provider Group D,Diabetes Care,1,1,Compliant,2026-02-01,0,None,Not Needed,0,0.78
SYN00739,75,Female,East,Provider Group D,Medication Adherence,1,1,Compliant,2026-02-01,0,None,Not Needed,0,0.85
SYN00742,65,Female,South,Provider Group B,Breast Cancer Screening,1,0,Open,2026-02-01,2,Mail,Unable to Reach,0,0.8
SYN00742,65,Female,South,Provider Group B,Diabetes Care,1,1,Compliant,2026-02-01,0,None,Not Needed,0,0.78
SYN00747,89,Female,East,Provider Group C,Colorectal Cancer Screening,0,0,Not Eligible,2026-02-01,0,None,Not Needed,0,0.75
SYN00747,89,Female,East,Provider Group C,Controlling Blood Pressure,1,0,Open,2026-02-01,0,None,Not Attempted,0,0.8
SYN00747,89,Female,East,Provider Group C,Follow-Up After Hospitalization,1,1,Compliant,2026-02-01,0,None,Not Needed,0,0.75
SYN00756,66,Female,West,Provider Group C,Breast Cancer Screening,1,1,Compliant,2026-02-01,0,None,Not Needed,0,0.8
SYN00757,72,Male,South,Provider Group A,Controlling Blood Pressure,1,1,Compliant,2026-02-01,0,None,Not Needed,0,0.8
SYN00757,72,Male,South,Provider Group A,Follow-Up After Hospitalization,0,0,Not Eligible,2026-02-01,0,None,Not Needed,0,0.75
SYN00763,86,Female,South,Provider Group C,Colorectal Cancer Screening,0,0,Not Eligible,2026-02-01,0,None,Not Needed,0,0.75
SYN00763,86,Female,South,Provider Group C,Diabetes Care,1,1,Compliant,2026-02-01,0,None,Not Needed,0,0.78
SYN00765,85,Male,North,Provider Group B,Breast Cancer Screening,0,0,Not Eligible,2026-02-01,0,None,Not Needed,0,0.8
SYN00765,85,Male,North,Provider Group B,Colorectal Cancer Screening,0,0,Not Eligible,2026-02-01,0,None,Not Needed,0,0.75
SYN00765,85,Male,North,Provider Group B,Follow-Up After Hospitalization,0,0,Not Eligible,2026-02-01,0,None,Not Needed,0,0.75
SYN00772,88,Female,South,Provider Group D,Breast Cancer Screening,0,0,Not Eligible,2026-02-01,0,None,Not Needed,0,0.8
SYN00772,88,Female,South,Provider Group D,Colorectal Cancer Screening,0,0,Not Eligible,2026-02-01,0,None,Not Needed,0,0.75
SYN00772,88,Female,South,Provider Group D,Controlling Blood Pressure,1,0,Open,2026-02-01,1,Phone,Reached,0,0.8
SYN00780,74,Male,North,Provider Group B,Colorectal Cancer Screening,1,1,Compliant,2026-02-01,0,None,Not Needed,0,0.75
SYN00780,74,Male,North,Provider Group B,Controlling Blood Pressure,1,1,Compliant,2026-02-01,0,None,Not Needed,0,0.8
SYN00780,74,Male,North,Provider Group B,Diabetes Care,1,1,Compliant,2026-02-01,0,None,Not Needed,0,0.78
SYN00780,74,Male,North,Provider Group B,Follow-Up After Hospitalization,1,0,Open,2026-02-01,2,Phone,Reached,0,0.75
SYN00780,74,Male,North,Provider Group B,Medication Adherence,1,1,Compliant,2026-02-01,0,None,Not Needed,0,0.85
SYN00781,70,Male,South,Provider Group E,Colorectal Cancer Screening,1,0,Open,2026-02-01,2,SMS,Reached,0,0.75
SYN00781,70,Male,South,Provider Group E,Controlling Blood Pressure,1,1,Compliant,2026-02-01,0,None,Not Needed,0,0.8
SYN00792,85,Female,East,Provider Group D,Breast Cancer Screening,0,0,Not Eligible,2026-02-01,0,None,Not Needed,0,0.8
SYN00792,85,Female,East,Provider Group D,Controlling Blood Pressure,1,1,Compliant,2026-02-01,0,None,Not Needed,0,0.8
SYN00792,85,Female,East,Provider Group D,Medication Adherence,1,0,Open,2026-02-01,2,Mail,Reached,0,0.85
SYN00794,89,Female,West,Provider Group E,Colorectal Cancer Screening,0,0,Not Eligible,2026-02-01,0,None,Not Needed,0,0.99
SYN00794,89,Female,West,Provider Group E,Controlling Blood Pressure,1,1,Compliant,2026-02-01,0,None,Not Needed,0,0.8
SYN00794,89,Female,West,Provider Group E,Medication Adherence,1,1,Compliant,2026-02-01,0,None,Not Needed,0,0.85
SYN00802,87,Female,North,Provider Group E,Breast Cancer Screening,0,0,Not Eligible,2026-02-01,0,None,Not Needed,0,0.8
SYN00802,87,Female,North,Provider Group E,Controlling Blood Pressure,0,0,Not Eligible,2026-02-01,0,None,Not Needed,0,0.8
SYN00802,87,Female,North,Provider Group E,Diabetes Care,0,0,Not Eligible,2026-02-01,0,None,Not Needed,0,0.78
SYN00802,87,Female,North,Provider Group E,Medication Adherence,1,1,Compliant,2026-02-01,1,Phone,Reached,1,0.85
SYN00805,75,Male,West,Provider Group A,Colorectal Cancer Screening,1,1,Compliant,2026-02-01,0,None,Not Needed,0,0.75
SYN00805,75,Male,West,Provider Group A,Controlling Blood Pressure,1,1,Compliant,2026-02-01,0,None,Not Needed,0,0.8
SYN00805,75,Male,West,Provider Group A,Follow-Up After Hospitalization,0,0,Not Eligible,2026-02-01,0,None,Not Needed,0,0.75
SYN00805,75,Male,West,Provider Group A,Medication Adherence,1,1,Compliant,2026-02-01,0,None,Not Needed,0,0.85
SYN00811,75,Male,North,Provider Group E,Controlling Blood Pressure,1,1,Compliant,2026-02-01,0,None,Not Needed,0,0.8
SYN00813,74,Female,North,Provider Group D,Controlling Blood Pressure,1,1,Compliant,2026-02-01,0,None,Not Needed,0,0.8
SYN00813,74,Female,North,Provider Group D,Diabetes Care,1,1,Compliant,2026-02-01,0,None,Not Needed,0,0.78
SYN00813,74,Female,North,Provider Group D,Follow-Up After Hospitalization,1,0,Open,2026-02-01,2,SMS,Reached,0,0.75
SYN00813,74,Female,North,Provider Group D,Medication Adherence,1,1,Compliant,2026-02-01,0,None,Not Needed,0,0.85
SYN00814,82,Female,North,Provider Group A,Breast Cancer Screening,0,0,Not Eligible,2026-02-01,0,None,Not Needed,0,0.8
SYN00814,82,Female,North,Provider Group A,Colorectal Cancer Screening,0,0,Not Eligible,2026-02-01,0,None,Not Needed,0,0.75
SYN00814,82,Female,North,Provider Group A,Controlling Blood Pressure,1,0,Open,2026-02-01,0,None,Not Attempted,0,0.8
SYN00814,82,Female,North,Provider Group A,Follow-Up After Hospitalization,0,0,Not Eligible,2026-02-01,0,None,Not Needed,0,0.75
SYN00815,71,Female,East,Provider Group B,Breast Cancer Screening,1,0,Open,2026-02-01,1,Mail,Reached,0,0.8
SYN00815,71,Female,East,Provider Group B,Colorectal Cancer Screening,1,1,Compliant,2026-02-01,0,None,Not Needed,0,0.75
SYN00815,71,Female,East,Provider Group B,Controlling Blood Pressure,1,1,Compliant,2026-02-01,3,SMS,Reached,1,0.8
SYN00815,71,Female,East,Provider Group B,Medication Adherence,1,0,Open,2026-02-01,1,Phone,Reached,0,0.85
SYN00833,78,Female,East,Provider Group B,Breast Cancer Screening,0,0,Not Eligible,2026-02-01,0,None,Not Needed,0,0.8
SYN00833,78,Female,East,Provider Group B,Controlling Blood Pressure,1,1,Compliant,2026-02-01,0,None,Not Needed,0,0.8
SYN00867,80,Female,South,Provider Group D,Colorectal Cancer Screening,0,0,Not Eligible,2026-02-01,0,None,Not Needed,0,0.75
SYN00867,80,Female,South,Provider Group D,Controlling Blood Pressure,1,1,Compliant,2026-02-01,0,None,Not Needed,0,0.8
SYN00867,80,Female,South,Provider Group D,Medication Adherence,1,1,Compliant,2026-02-01,0,None,Not Needed,0,0.85
SYN00880,87,Female,North,Provider Group B,Colorectal Cancer Screening,0,0,Not Eligible,2026-02-01,0,None,Not Needed,0,0.75
SYN00885,85,Female,North,Provider Group C,Colorectal Cancer Screening,0,0,Not Eligible,2026-02-01,0,None,Not Needed,0,0.75
SYN00885,85,Female,North,Provider Group C,Follow-Up After Hospitalization,1,0,Open,2026-02-01,0,None,Not Attempted,0,0.75
SYN00885,85,Female,North,Provider Group C,Medication Adherence,1,1,Compliant,2026-02-01,0,None,Not Needed,0,0.85
SYN00901,66,Female,East,Provider Group B,Breast Cancer Screening,1,1,Compliant,2026-02-01,0,None,Not Needed,0,0.8
SYN00901,66,Female,East,Provider Group B,Controlling Blood Pressure,0,0,Not Eligible,2026-02-01,0,None,Not Needed,0,0.8
SYN00901,66,Female,East,Provider Group B,Diabetes Care,1,1,Compliant,2026-02-01,0,None,Not Needed,0,0.78
SYN00901,66,Female,East,Provider Group B,Medication Adherence,1,1,Compliant,2026-02-01,0,None,Not Needed,0,0.85
SYN00903,73,Male,South,Provider Group A,Colorectal Cancer Screening,1,0,Open,2026-02-01,4,Mail,Unable to Reach,0,0.75
SYN00905,72,Female,East,Provider Group C,Breast Cancer Screening,1,1,Compliant,2026-02-01,0,None,Not Needed,0,0.8
SYN00905,72,Female,East,Provider Group C,Colorectal Cancer Screening,1,1,Compliant,2026-02-01,0,None,Not Needed,0,0.75
SYN00905,72,Female,East,Provider Group C,Medication Adherence,1,1,Compliant,2026-02-01,0,None,Not Needed,0,0.85
SYN00909,78,Female,West,Provider Group C,Breast Cancer Screening,0,0,Not Eligible,2026-02-01,0,None,Not Needed,0,0.8
SYN00909,78,Female,West,Provider Group C,Colorectal Cancer Screening,0,0,Not Eligible,2026-02-01,0,None,Not Needed,0,0.75
SYN00909,78,Female,West,Provider Group C,Diabetes Care,1,1,Compliant,2026-02-01,0,None,Not Needed,0,0.78
SYN00910,70,Female,East,Provider Group D,Breast Cancer Screening,1,1,Compliant,2026-02-01,0,None,Not Needed,0,0.8
SYN00910,70,Female,East,Provider Group D,Colorectal Cancer Screening,1,1,Compliant,2026-02-01,2,Phone,Reached,1,0.75
SYN00910,70,Female,East,Provider Group D,Controlling Blood Pressure,1,1,Compliant,2026-02-01,0,None,Not Needed,0,0.8
SYN00910,70,Female,East,Provider Group D,Diabetes Care,1,1,Compliant,2026-02-01,0,None,Not Needed,0,0.78
SYN00910,70,Female,East,Provider Group D,Follow-Up After Hospitalization,1,1,Compliant,2026-02-01,0,None,Not Needed,0,0.75
SYN00916,82,Female,South,Provider Group C,Colorectal Cancer Screening,0,0,Not Eligible,2026-02-01,0,None,Not Needed,0,0.75
SYN00916,82,Female,South,Provider Group C,Follow-Up After Hospitalization,1,0,Open,2026-02-01,0,None,Not Attempted,0,0.75
SYN00922,65,Male,South,Provider Group D,Colorectal Cancer Screening,1,0,Open,2026-02-01,2,Phone,Unable to Reach,0,0.75
SYN00922,65,Male,South,Provider Group D,Controlling Blood Pressure,1,1,Compliant,2026-02-01,0,None,Not Needed,0,0.8
SYN00930,82,Male,West,Provider Group D,Breast Cancer Screening,0,0,Not Eligible,2026-02-01,0,None,Not Needed,0,0.8
SYN00930,82,Male,West,Provider Group D,Diabetes Care,1,1,Compliant,2026-02-01,0,None,Not Needed,0,0.78
SYN00938,67,Male,South,Provider Group C,Follow-Up After Hospitalization,1,1,Compliant,2026-02-01,0,None,Not Needed,0,0.75
SYN00938,67,Male,South,Provider Group C,Medication Adherence,1,0,Open,2026-02-01,0,None,Not Attempted,0,0.85
SYN00949,75,Male,South,Provider Group D,Diabetes Care,1,0,Open,2026-02-01,4,Phone,Reached,0,0.78
SYN00949,75,Male,South,Provider Group D,Medication Adherence,1,0,Open,2026-02-01,2,Phone,Reached,0,0.85
SYN00951,74,Male,West,Provider Group B,Medication Adherence,1,1,Compliant,2026-02-01,0,None,Not Needed,0,0.85
SYN00958,74,Male,West,Provider Group A,Breast Cancer Screening,0,0,Not Eligible,2026-02-01,0,None,Not Needed,0,0.8
SYN00958,74,Male,West,Provider Group A,Colorectal Cancer Screening,1,1,Compliant,2026-02-01,0,None,Not Needed,0,0.75
SYN00958,74,Male,West,Provider Group A,Controlling Blood Pressure,1,0,Open,2026-02-01,1,Phone,Declined,0,0.8
SYN00958,74,Male,West,Provider Group A,Medication Adherence,1,1,Compliant,2026-02-01,0,None,Not Needed,0,0.85
SYN00965,75,Male,West,Provider Group D,Follow-Up After Hospitalization,0,0,Not Eligible,2026-02-01,0,None,Not Needed,0,0.75
SYN00967,87,Female,South,Provider Group A,Breast Cancer Screening,0,0,Not Eligible,2026-02-01,0,None,Not Needed,0,0.8
SYN00967,87,Female,South,Provider Group A,Colorectal Cancer Screening,0,0,Not Eligible,2026-02-01,0,None,Not Needed,0,0.75
SYN00967,87,Female,South,Provider Group A,Controlling Blood Pressure,1,0,Open,2026-02-01,2,Mail,Unable to Reach,0,0.8
SYN00967,87,Female,South,Provider Group A,Diabetes Care,1,1,Compliant,2026-02-01,0,None,Not Needed,0,0.78
SYN00970,74,Male,South,Provider Group B,Controlling Blood Pressure,1,1,Compliant,2026-02-01,0,None,Not Needed,0,0.8
SYN00970,74,Male,South,Provider Group B,Diabetes Care,1,1,Compliant,2026-02-01,0,None,Not Needed,0,0.78
SYN00970,74,Male,South,Provider Group B,Medication Adherence,1,1,Compliant,2026-02-01,1,Phone,Reached,1,0.85
SYN00976,81,Male,West,Provider Group D,Controlling Blood Pressure,1,1,Compliant,2026-02-01,0,None,Not Needed,0,0.8
SYN00976,81,Male,West,Provider Group D,Medication Adherence,1,1,Compliant,2026-02-01,0,None,Not Needed,0,0.85
SYN01003,73,Male,North,Provider Group E,Colorectal Cancer Screening,1,1,Compliant,2026-02-01,2,SMS,Reached,1,0.75
SYN01003,73,Male,North,Provider Group E,Follow-Up After Hospitalization,1,0,Open,2026-02-01,2,Phone,Reached,0,0.75
SYN01003,73,Male,North,Provider Group E,Medication Adherence,1,1,Compliant,2026-02-01,0,None,Not Needed,0,0.85
SYN01013,74,Male,South,Provider Group B,Controlling Blood Pressure,1,1,Compliant,2026-02-01,0,None,Not Needed,0,0.8
SYN01013,74,Male,South,Provider Group B,Diabetes Care,1,0,Open,2026-02-01,0,None,Not Attempted,0,0.78
SYN01013,74,Male,South,Provider Group B,Medication Adherence,1,1,Compliant,2026-02-01,0,None,Not Needed,0,0.85
SYN01014,72,Female,South,Provider Group A,Breast Cancer Screening,1,1,Compliant,2026-02-01,0,None,Not Needed,0,0.8
SYN01014,72,Female,South,Provider Group A,Controlling Blood Pressure,1,1,Compliant,2026-02-01,0,None,Not Needed,0,0.8
SYN01014,72,Female,South,Provider Group A,Medication Adherence,1,1,Compliant,2026-02-01,0,None,Not Needed,0,0.85
SYN01016,68,Male,North,Provider Group B,Colorectal Cancer Screening,1,1,Compliant,2026-02-01,0,None,Not Needed,0,0.75
SYN01016,68,Male,North,Provider Group B,Controlling Blood Pressure,1,1,Compliant,2026-02-01,0,None,Not Needed,0,0.8
SYN01016,68,Male,North,Provider Group B,Medication Adherence,1,1,Compliant,2026-02-01,0,None,Not Needed,0,0.85
SYN01021,71,Male,West,Provider Group A,Controlling Blood Pressure,1,1,Compliant,2026-02-01,0,None,Not Needed,0,0.8
SYN01042,77,Male,North,Provider Group D,Breast Cancer Screening,0,0,Not Eligible,2026-02-01,0,None,Not Needed,0,0.8
SYN01042,77,Male,North,Provider Group D,Colorectal Cancer Screening,0,0,Not Eligible,2026-02-01,0,None,Not Needed,0,0.75
SYN01042,77,Male,North,Provider Group D,Diabetes Care,1,0,Open,2026-02-01,3,Phone,Reached,0,0.78
SYN01042,77,Male,North,Provider Group D,Medication Adherence,1,1,Compliant,2026-02-01,0,None,Not Needed,0,0.85
SYN01049,82,Male,North,Provider Group D,Colorectal Cancer Screening,0,0,Not Eligible,2026-02-01,0,None,Not Needed,0,0.75
SYN01049,82,Male,North,Provider Group D,Diabetes Care,1,1,Compliant,2026-02-01,0,None,Not Needed,0,0.78
SYN01049,82,Male,North,Provider Group D,Medication Adherence,0,0,Not Eligible,2026-02-01,0,None,Not Needed,0,0.85
SYN01050,68,Female,South,Provider Group A,Breast Cancer Screening,1,1,Compliant,2026-02-01,0,None,Not Needed,0,0.8
SYN01050,68,Female,South,Provider Group A,Medication Adherence,1,1,Compliant,2026-02-01,0,None,Not Needed,0,0.85
SYN01072,66,Female,North,Provider Group E,Controlling Blood Pressure,1,1,Compliant,2026-02-01,1,Phone,Reached,1,0.8
SYN01072,66,Female,North,Provider Group E,Medication Adherence,1,1,Compliant,2026-02-01,0,None,Not Needed,0,0.85
SYN01075,66,Female,South,Provider Group E,Colorectal Cancer Screening,1,1,Compliant,2026-02-01,0,None,Not Needed,0,0.75
SYN01075,66,Female,South,Provider Group E,Controlling Blood Pressure,1,1,Compliant,2026-02-01,0,None,Not Needed,0,0.8
SYN01075,66,Female,South,Provider Group E,Medication Adherence,1,1,Compliant,2026-02-01,0,None,Not Needed,0,0.85
SYN01077,65,Male,North,Provider Group B,Medication Adherence,1,1,Compliant,2026-02-01,0,None,Not Needed,0,0.85
SYN01102,68,Female,West,Provider Group B,Breast Cancer Screening,1,1,Compliant,2026-02-01,0,None,Not Needed,0,0.8
SYN01102,68,Female,West,Provider Group B,Colorectal Cancer Screening,1,0,Open,2026-02-01,0,None,Not Attempted,0,0.75
SYN01102,68,Female,West,Provider Group B,Medication Adherence,1,1,Compliant,2026-02-01,0,None,Not Needed,0,0.85
SYN01106,70,Male,South,Provider Group D,Colorectal Cancer Screening,1,1,Compliant,2026-02-01,0,None,Not Needed,0,0.75
SYN01106,70,Male,South,Provider Group D,Controlling Blood Pressure,1,1,Compliant,2026-02-01,0,None,Not Needed,0,0.8
SYN01106,70,Male,South,Provider Group D,Diabetes Care,1,1,Compliant,2026-02-01,0,None,Not Needed,0,0.78
SYN01119,73,Female,West,Provider Group B,Breast Cancer Screening,1,1,Compliant,2026-02-01,0,None,Not Needed,0,0.8
SYN01119,73,Female,West,Provider Group B,Colorectal Cancer Screening,1,1,Compliant,2026-02-01,2,Phone,Reached,1,0.75
SYN01119,73,Female,West,Provider Group B,Diabetes Care,1,1,Compliant,2026-02-01,1,Phone,Reached,1,0.78
SYN01119,73,Female,West,Provider Group B,Follow-Up After Hospitalization,1,1,Compliant,2026-02-01,0,None,Not Needed,0,0.75
SYN01130,87,Male,South,Provider Group E,Diabetes Care,1,1,Compliant,2026-02-01,2,SMS,Reached,1,0.78
SYN01130,87,Male,South,Provider Group E,Follow-Up After Hospitalization,1,0,Open,2026-02-01,3,SMS,Reached,0,0.75
SYN01131,65,Female,West,Provider Group A,Breast Cancer Screening,1,0,Open,2026-02-01,2,Phone,Unable to Reach,0,0.8
SYN01131,65,Female,West,Provider Group A,Diabetes Care,0,0,Not Eligible,2026-02-01,0,None,Not Needed,0,0.78
SYN01131,65,Female,West,Provider Group A,Medication Adherence,1,1,Compliant,2026-02-01,0,None,Not Needed,0,0.85
SYN01144,69,Female,North,Provider Group E,Colorectal Cancer Screening,1,0,Open,2026-02-01,1,Care Coordinator,Reached,0,0.75
SYN01144,69,Female,North,Provider Group E,Controlling Blood Pressure,1,0,Open,2026-02-01,0,None,Not Attempted,0,0.8
SYN01158,65,Male,West,Provider Group A,Colorectal Cancer Screening,1,0,Open,2026-02-01,2,Phone,Reached,0,0.75
SYN01158,65,Male,West,Provider Group A,Controlling Blood Pressure,1,1,Compliant,2026-02-01,0,None,Not Needed,0,0.8
SYN01158,65,Male,West,Provider Group A,Diabetes Care,1,1,Compliant,2026-02-01,0,None,Not Needed,0,0.78
SYN01158,65,Male,West,Provider Group A,Follow-Up After Hospitalization,1,1,Compliant,2026-02-01,0,None,Not Needed,0,0.75
SYN01162,76,Female,East,Provider Group B,Breast Cancer Screening,0,0,Not Eligible,2026-02-01,0,None,Not Needed,0,0.8
SYN01162,76,Female,East,Provider Group B,Controlling Blood Pressure,1,1,Compliant,2026-02-01,0,None,Not Needed,0,0.8
SYN01162,76,Female,East,Provider Group B,Medication Adherence,1,1,Compliant,2026-02-01,0,None,Not Needed,0,0.85
SYN01163,73,Male,West,Provider Group D,Diabetes Care,1,1,Compliant,2026-02-01,4,Phone,Reached,1,0.78
SYN01163,73,Male,West,Provider Group D,Medication Adherence,1,1,Compliant,2026-02-01,0,None,Not Needed,0,0.85
SYN01167,66,Female,South,Provider Group C,Breast Cancer Screening,1,1,Compliant,2026-02-01,0,None,Not Needed,0,0.8
SYN01167,66,Female,South,Provider Group C,Colorectal Cancer Screening,1,1,Compliant,2026-02-01,3,Phone,Reached,1,0.75
SYN01177,72,Female,East,Provider Group B,Breast Cancer Screening,1,1,Compliant,2026-02-01,0,None,Not Needed,0,0.8
SYN01177,72,Female,East,Provider Group B,Controlling Blood Pressure,1,0,Open,2026-02-01,2,Mail,Reached,0,0.8
SYN01180,65,Female,South,Provider Group C,Breast Cancer Screening,1,0,Open,2026-02-01,0,None,Not Attempted,0,0.8
SYN01180,65,Female,South,Provider Group C,Colorectal Cancer Screening,1,0,Open,2026-02-01,2,Phone,Reached,0,0.75
SYN01180,65,Female,South,Provider Group C,Controlling Blood Pressure,1,1,Compliant,2026-02-01,0,None,Not Needed,0,0.8
SYN01184,74,Male,West,Provider Group D,Colorectal Cancer Screening,1,1,Compliant,2026-02-01,0,None,Not Needed,0,0.75
SYN01184,74,Male,West,Provider Group D,Diabetes Care,1,0,Open,2026-02-01,2,SMS,Reached,0,0.78
SYN01184,74,Male,West,Provider Group D,Follow-Up After Hospitalization,1,0,Open,2026-02-01,1,SMS,Declined,0,0.75
SYN01185,65,Female,West,Provider Group D,Breast Cancer Screening,1,0,Open,2026-02-01,2,Phone,Reached,0,0.8
SYN01185,65,Female,West,Provider Group D,Controlling Blood Pressure,1,0,Open,2026-02-01,0,None,Not Attempted,0,0.8
SYN01185,65,Female,West,Provider Group D,Diabetes Care,1,1,Compliant,2026-02-01,0,None,Not Needed,0,0.78
SYN01193,86,Female,North,Provider Group B,Colorectal Cancer Screening,0,0,Not Eligible,2026-02-01,0,None,Not Needed,0,0.75
SYN01193,86,Female,North,Provider Group B,Medication Adherence,1,1,Compliant,2026-02-01,0,None,Not Needed,0,0.85
SYN01196,85,Female,South,Provider Group A,Colorectal Cancer Screening,0,0,Not Eligible,2026-02-01,0,None,Not Needed,0,0.75
SYN01196,85,Female,South,Provider Group A,Controlling Blood Pressure,1,0,Open,2026-02-01,1,Mail,Unable to Reach,0,0.8
SYN01196,85,Female,South,Provider Group A,Medication Adherence,1,1,Compliant,2026-02-01,0,None,Not Needed,0,0.85
SYN01202,74,Male,West,Provider Group A,Controlling Blood Pressure,1,1,Compliant,2026-02-01,0,None,Not Needed,0,0.8
SYN01202,74,Male,West,Provider Group A,Diabetes Care,1,1,Compliant,2026-02-01,0,None,Not Needed,0,0.78
SYN01202,74,Male,West,Provider Group A,Medication Adherence,1,1,Compliant,2026-02-01,0,None,Not Needed,0,0.85
SYN01204,83,Female,West,Provider Group C,Breast Cancer Screening,0,0,Not Eligible,2026-02-01,0,None,Not Needed,0,0.8
SYN01204,83,Female,West,Provider Group C,Diabetes Care,1,1,Compliant,2026-02-01,0,None,Not Needed,0,0.78
SYN01204,83,Female,West,Provider Group C,Medication Adherence,1,0,Open,2026-02-01,3,Phone,Declined,0,0.85
SYN01205,89,Male,North,Provider Group A,Medication Adherence,1,1,Compliant,2026-02-01,0,None,Not Needed,0,0.85
SYN01213,69,Male,North,Provider Group C,Colorectal Cancer Screening,1,0,Open,2026-02-01,1,Phone,Unable to Reach,0,0.75
SYN01213,69,Male,North,Provider Group C,Controlling Blood Pressure,1,1,Compliant,2026-02-01,0,None,Not Needed,0,0.8
SYN01213,69,Male,North,Provider Group C,Follow-Up After Hospitalization,1,0,Open,2026-02-01,1,SMS,Reached,0,0.75
SYN01213,69,Male,North,Provider Group C,Medication Adherence,1,1,Compliant,2026-02-01,0,None,Not Needed,0,0.85
SYN01219,70,Male,West,Provider Group A,Breast Cancer Screening,0,0,Not Eligible,2026-02-01,0,None,Not Needed,0,0.8
SYN01219,70,Male,West,Provider Group A,Colorectal Cancer Screening,1,1,Compliant,2026-02-01,2,Phone,Reached,1,0.75
SYN01219,70,Male,West,Provider Group A,Diabetes Care,1,1,Compliant,2026-02-01,0,None,Not Needed,0,0.78
SYN01219,70,Male,West,Provider Group A,Medication Adherence,1,1,Compliant,2026-02-01,0,None,Not Needed,0,0.85
SYN01223,89,Male,South,Provider Group A,Colorectal Cancer Screening,0,0,Not Eligible,2026-02-01,0,None,Not Needed,0,0.75
SYN01223,89,Male,South,Provider Group A,Medication Adherence,1,1,Compliant,2026-02-01,1,Care Coordinator,Reached,1,0.85
SYN01230,88,Male,West,Provider Group A,Controlling Blood Pressure,1,1,Compliant,2026-02-01,0,None,Not Needed,0,0.8
SYN01233,84,Female,South,Provider Group E,Controlling Blood Pressure,1,1,Compliant,2026-02-01,0,None,Not Needed,0,0.8
SYN01233,84,Female,South,Provider Group E,Diabetes Care,0,0,Not Eligible,2026-02-01,0,None,Not Needed,0,0.78
SYN01233,84,Female,South,Provider Group E,Medication Adherence,1,1,Compliant,2026-02-01,0,None,Not Needed,0,0.85
SYN01237,73,Female,West,Provider Group A,Colorectal Cancer Screening,1,1,Compliant,2026-02-01,0,None,Not Needed,0,0.75
SYN01237,73,Female,West,Provider Group A,Controlling Blood Pressure,1,1,Compliant,2026-02-01,0,None,Not Needed,0,0.8
SYN01237,73,Female,West,Provider Group A,Diabetes Care,1,1,Compliant,2026-02-01,0,None,Not Needed,0,0.78
SYN01238,75,Female,East,Provider Group D,Breast Cancer Screening,0,0,Not Eligible,2026-02-01,0,None,Not Needed,0,0.8
SYN01238,75,Female,East,Provider Group D,Diabetes Care,0,0,Not Eligible,2026-02-01,0,None,Not Needed,0,0.78
SYN01238,75,Female,East,Provider Group D,Medication Adherence,1,0,Open,2026-02-01,0,None,Not Attempted,0,0.85
SYN01241,76,Female,North,Provider Group C,Breast Cancer Screening,0,0,Not Eligible,2026-02-01,0,None,Not Needed,0,0.8
SYN01241,76,Female,North,Provider Group C,Controlling Blood Pressure,1,0,Open,2026-02-01,0,None,Not Attempted,0,0.8
SYN01250,69,Male,West,Provider Group D,Colorectal Cancer Screening,1,1,Compliant,2026-02-01,0,None,Not Needed,0,0.75
SYN01250,69,Male,West,Provider Group D,Controlling Blood Pressure,0,0,Not Eligible,2026-02-01,0,None,Not Needed,0,0.8
SYN01250,69,Male,West,Provider Group D,Diabetes Care,1,1,Compliant,2026-02-01,1,Phone,Reached,1,0.78
SYN01250,69,Male,West,Provider Group D,Medication Adherence,1,1,Compliant,2026-02-01,0,None,Not Needed,0,0.85
SYN01252,86,Male,South,Provider Group B,Colorectal Cancer Screening,0,0,Not Eligible,2026-02-01,0,None,Not Needed,0,0.75
SYN01252,86,Male,South,Provider Group B,Controlling Blood Pressure,1,0,Open,2026-02-01,0,None,Not Attempted,0,0.8
SYN01252,86,Male,South,Provider Group B,Diabetes Care,0,0,Not Eligible,2026-02-01,0,None,Not Needed,0,0.78
SYN01252,86,Male,South,Provider Group B,Follow-Up After Hospitalization,1,0,Open,2026-02-01,2,Mail,Unable to Reach,0,0.75
SYN01252,86,Male,South,Provider Group B,Medication Adherence,1,1,Compliant,2026-02-01,0,None,Not Needed,0,0.85
SYN01260,77,Female,South,Provider Group E,Breast Cancer Screening,0,0,Not Eligible,2026-02-01,0,None,Not Needed,0,0.8
SYN01260,77,Female,South,Provider Group E,Diabetes Care,1,0,Open,2026-02-01,0,None,Not Attempted,0,0.78
SYN01268,81,Female,East,Provider Group C,Breast Cancer Screening,0,0,Not Eligible,2026-02-01,0,None,Not Needed,0,0.8
SYN01268,81,Female,East,Provider Group C,Controlling Blood Pressure,1,1,Compliant,2026-02-01,0,None,Not Needed,0,0.8
SYN01268,81,Female,East,Provider Group C,Diabetes Care,1,1,Compliant,2026-02-01,0,None,Not Needed,0,0.78
SYN01268,81,Female,East,Provider Group C,Medication Adherence,1,0,Open,2026-02-01,1,SMS,Unable to Reach,0,0.85
SYN01278,75,Male,North,Provider Group B,Colorectal Cancer Screening,1,1,Compliant,2026-02-01,0,None,Not Needed,0,0.75
SYN01278,75,Male,North,Provider Group B,Diabetes Care,0,0,Not Eligible,2026-02-01,0,None,Not Needed,0,0.78
SYN01278,75,Male,North,Provider Group B,Medication Adherence,0,0,Not Eligible,2026-02-01,0,None,Not Needed,0,0.85
SYN01279,73,Male,North,Provider Group E,Diabetes Care,1,0,Open,2026-02-01,0,None,Not Attempted,0,0.78
SYN01279,73,Male,North,Provider Group E,Follow-Up After Hospitalization,0,0,Not Eligible,2026-02-01,0,None,Not Needed,0,0.75
SYN01280,71,Male,East,Provider Group C,Colorectal Cancer Screening,1,0,Open,2026-02-01,0,None,Not Attempted,0,0.75
SYN01280,71,Male,East,Provider Group C,Controlling Blood Pressure,1,0,Open,2026-02-01,0,None,Not Attempted,0,0.8
SYN01280,71,Male,East,Provider Group C,Diabetes Care,0,0,Not Eligible,2026-02-01,0,None,Not Needed,0,0.78
SYN01280,71,Male,East,Provider Group C,Medication Adherence,0,0,Not Eligible,2026-02-01,0,None,Not Needed,0,0.85
SYN01282,65,Female,South,Provider Group D,Breast Cancer Screening,1,0,Open,2026-02-01,0,None,Not Attempted,0,0.8
SYN01282,65,Female,South,Provider Group D,Colorectal Cancer Screening,1,1,Compliant,2026-02-01,0,None,Not Needed,0,0.75
SYN01282,65,Female,South,Provider Group D,Controlling Blood Pressure,0,0,Not Eligible,2026-02-01,0,None,Not Needed,0,0.8
SYN01282,65,Female,South,Provider Group D,Follow-Up After Hospitalization,1,0,Open,2026-02-01,0,None,Not Attempted,0,0.75
SYN01282,65,Female,South,Provider Group D,Medication Adherence,1,1,Compliant,2026-02-01,0,None,Not Needed,0,0.85
SYN01285,79,Female,South,Provider Group E,Diabetes Care,1,1,Compliant,2026-02-01,0,None,Not Needed,0,0.78
SYN01291,70,Male,West,Provider Group A,Colorectal Cancer Screening,1,1,Compliant,2026-02-01,0,None,Not Needed,0,0.75
SYN01291,70,Male,West,Provider Group A,Diabetes Care,1,0,Open,2026-02-01,3,Phone,Reached,0,0.78
SYN01294,71,Male,South,Provider Group C,Colorectal Cancer Screening,1,1,Compliant,2026-02-01,3,Phone,Reached,1,0.75
SYN01294,71,Male,South,Provider Group C,Controlling Blood Pressure,1,1,Compliant,2026-02-01,0,None,Not Needed,0,0.8
SYN01294,71,Male,South,Provider Group C,Diabetes Care,1,0,Open,2026-02-01,0,None,Not Attempted,0,0.78
SYN01294,71,Male,South,Provider Group C,Medication Adherence,1,0,Open,2026-02-01,2,Phone,Declined,0,0.85
SYN01318,73,Male,North,Provider Group B,Colorectal Cancer Screening,1,1,Compliant,2026-02-01,0,None,Not Needed,0,0.75
SYN01318,73,Male,North,Provider Group B,Controlling Blood Pressure,1,0,Open,2026-02-01,0,None,Not Attempted,0,0.8
SYN01318,73,Male,North,Provider Group B,Diabetes Care,1,1,Compliant,2026-02-01,0,None,Not Needed,0,0.78
SYN01318,73,Male,North,Provider Group B,Medication Adherence,1,0,Open,2026-02-01,0,None,Not Attempted,0,0.85
SYN01324,65,Female,South,Provider Group E,Breast Cancer Screening,1,0,Open,2026-02-01,2,Phone,Unable to Reach,0,0.8
SYN01324,65,Female,South,Provider Group E,Colorectal Cancer Screening,1,0,Open,2026-02-01,2,Mail,Reached,0,0.75
SYN01324,65,Female,South,Provider Group E,Controlling Blood Pressure,1,1,Compliant,2026-02-01,0,None,Not Needed,0,0.8
SYN01326,72,Female,South,Provider Group A,Colorectal Cancer Screening,1,1,Compliant,2026-02-01,0,None,Not Needed,0,0.75
SYN01326,72,Female,South,Provider Group A,Diabetes Care,1,0,Open,2026-02-01,4,Phone,Unable to Reach,0,0.78
SYN01326,72,Female,South,Provider Group A,Follow-Up After Hospitalization,1,0,Open,2026-02-01,0,None,Not Attempted,0,0.75
SYN01326,72,Female,South,Provider Group A,Medication Adherence,1,1,Compliant,2026-02-01,0,None,Not Needed,0,0.85
SYN01327,72,Female,North,Provider Group D,Breast Cancer Screening,1,1,Compliant,2026-02-01,0,None,Not Needed,0,0.8
SYN01327,72,Female,North,Provider Group D,Diabetes Care,1,0,Open,2026-02-01,0,None,Not Attempted,0,0.78
SYN01337,79,Female,South,Provider Group A,Breast Cancer Screening,0,0,Not Eligible,2026-02-01,0,None,Not Needed,0,0.8
SYN01337,79,Female,South,Provider Group A,Colorectal Cancer Screening,0,0,Not Eligible,2026-02-01,0,None,Not Needed,0,0.75
SYN01337,79,Female,South,Provider Group A,Diabetes Care,0,0,Not Eligible,2026-02-01,0,None,Not Needed,0,0.78
SYN01337,79,Female,South,Provider Group A,Medication Adherence,1,1,Compliant,2026-02-01,0,None,Not Needed,0,0.85
SYN01341,71,Male,South,Provider Group A,Colorectal Cancer Screening,1,1,Compliant,2026-02-01,0,None,Not Needed,0,0.75
SYN01341,71,Male,South,Provider Group A,Controlling Blood Pressure,0,0,Not Eligible,2026-02-01,0,None,Not Needed,0,0.8
SYN01341,71,Male,South,Provider Group A,Medication Adherence,1,1,Compliant,2026-02-01,0,None,Not Needed,0,0.85
SYN01343,79,Female,South,Provider Group D,Breast Cancer Screening,0,0,Not Eligible,2026-02-01,0,None,Not Needed,0,0.8
SYN01343,79,Female,South,Provider Group D,Colorectal Cancer Screening,0,0,Not Eligible,2026-02-01,0,None,Not Needed,0,0.75
SYN01343,79,Female,South,Provider Group D,Controlling Blood Pressure,1,1,Compliant,2026-02-01,0,None,Not Needed,0,0.8
SYN01348,68,Male,North,Provider Group B,Colorectal Cancer Screening,1,0,Open,2026-02-01,3,Phone,Unable to Reach,0,0.75
SYN01348,68,Male,North,Provider Group B,Controlling Blood Pressure,1,0,Open,2026-02-01,1,Mail,Unable to Reach,0,0.8
SYN01356,89,Female,West,Provider Group C,Colorectal Cancer Screening,0,0,Not Eligible,2026-02-01,0,None,Not Needed,0,0.75
SYN01356,89,Female,West,Provider Group C,Diabetes Care,1,0,Open,2026-02-01,0,None,Not Attempted,0,0.78
SYN01357,69,Female,West,Provider Group D,Breast Cancer Screening,1,1,Compliant,2026-02-01,0,None,Not Needed,0,0.8
SYN01362,89,Female,South,Provider Group E,Breast Cancer Screening,0,0,Not Eligible,2026-02-01,0,None,Not Needed,0,0.8
SYN01362,89,Female,South,Provider Group E,Colorectal Cancer Screening,0,0,Not Eligible,2026-02-01,0,None,Not Needed,0,0.75
SYN01362,89,Female,South,Provider Group E,Follow-Up After Hospitalization,0,0,Not Eligible,2026-02-01,0,None,Not Needed,0,0.75
SYN01370,79,Female,North,Provider Group B,Controlling Blood Pressure,1,1,Compliant,2026-02-01,0,None,Not Needed,0,0.8
SYN01370,79,Female,North,Provider Group B,Diabetes Care,0,0,Not Eligible,2026-02-01,0,None,Not Needed,0,0.78
SYN01376,86,Male,West,Provider Group A,Controlling Blood Pressure,1,1,Compliant,2026-02-01,0,None,Not Needed,0,0.8
SYN01376,86,Male,West,Provider Group A,Follow-Up After Hospitalization,0,0,Not Eligible,2026-02-01,0,None,Not Needed,0,0.75
SYN01376,86,Male,West,Provider Group A,Medication Adherence,0,0,Not Eligible,2026-02-01,0,None,Not Needed,0,0.85
SYN01385,74,Male,South,Provider Group E,Medication Adherence,1,1,Compliant,2026-02-01,0,None,Not Needed,0,0.85
SYN01388,74,Male,North,Provider Group D,Medication Adherence,1,0,Open,2026-02-01,2,Phone,Reached,0,0.85
SYN01390,73,Female,South,Provider Group D,Breast Cancer Screening,1,0,Open,2026-02-01,1,Phone,Reached,0,0.8
SYN01390,73,Female,South,Provider Group D,Diabetes Care,1,1,Compliant,2026-02-01,3,Care Coordinator,Reached,1,0.78
SYN01390,73,Female,South,Provider Group D,Medication Adherence,1,1,Compliant,2026-02-01,0,None,Not Needed,0,0.85
SYN01392,69,Male,West,Provider Group D,Controlling Blood Pressure,1,1,Compliant,2026-02-01,0,None,Not Needed,0,0.8
SYN01392,69,Male,West,Provider Group D,Diabetes Care,1,0,Open,2026-02-01,2,Phone,Reached,0,0.78
SYN01393,83,Female,West,Provider Group C,Diabetes Care,1,1,Compliant,2026-02-01,0,None,Not Needed,0,0.78
SYN01402,79,Female,East,Provider Group A,Controlling Blood Pressure,1,0,Open,2026-02-01,1,Phone,Declined,0,0.8
SYN01402,79,Female,East,Provider Group A,Diabetes Care,1,1,Compliant,2026-02-01,0,None,Not Needed,0,0.78
SYN01410,74,Male,North,Provider Group C,Colorectal Cancer Screening,1,0,Open,2026-02-01,0,None,Not Attempted,0,0.75
SYN01410,74,Male,North,Provider Group C,Controlling Blood Pressure,1,0,Open,2026-02-01,4,SMS,Declined,0,0.8
SYN01410,74,Male,North,Provider Group C,Diabetes Care,1,1,Compliant,2026-02-01,0,None,Not Needed,0,0.78
SYN01410,74,Male,North,Provider Group C,Follow-Up After Hospitalization,1,1,Compliant,2026-02-01,1,Phone,Reached,1,0.75
SYN01410,74,Male,North,Provider Group C,Medication Adherence,1,1,Compliant,2026-02-01,0,None,Not Needed,0,0.85
SYN01411,68,Male,South,Provider Group E,Colorectal Cancer Screening,1,1,Compliant,2026-02-01,1,Phone,Reached,1,0.75
SYN01411,68,Male,South,Provider Group E,Medication Adherence,0,0,Not Eligible,2026-02-01,0,None,Not Needed,0,0.85
SYN01420,78,Male,South,Provider Group D,Colorectal Cancer Screening,0,0,Not Eligible,2026-02-01,0,None,Not Needed,0,0.75
SYN01425,66,Male,West,Provider Group B,Colorectal Cancer Screening,1,1,Compliant,2026-02-01,0,None,Not Needed,0,0.75
SYN01425,66,Male,West,Provider Group B,Diabetes Care,1,1,Compliant,2026-02-01,0,None,Not Needed,0,0.78
SYN01425,66,Male,West,Provider Group B,Medication Adherence,1,1,Compliant,2026-02-01,0,None,Not Needed,0,0.85
SYN01429,72,Male,South,Provider Group C,Breast Cancer Screening,0,0,Not Eligible,2026-02-01,0,None,Not Needed,0,0.8
SYN01429,72,Male,South,Provider Group C,Colorectal Cancer Screening,1,1,Compliant,2026-02-01,0,None,Not Needed,0,0.75
SYN01429,72,Male,South,Provider Group C,Diabetes Care,0,0,Not Eligible,2026-02-01,0,None,Not Needed,0,0.78
SYN01429,72,Male,South,Provider Group C,Medication Adherence,1,0,Open,2026-02-01,0,None,Not Attempted,0,0.85
SYN01431,71,Male,North,Provider Group A,Medication Adherence,1,1,Compliant,2026-02-01,0,None,Not Needed,0,0.85
SYN01443,66,Male,South,Provider Group B,Colorectal Cancer Screening,0,0,Not Eligible,2026-02-01,0,None,Not Needed,0,0.75
SYN01443,66,Male,South,Provider Group B,Medication Adherence,1,1,Compliant,2026-02-01,0,None,Not Needed,0,0.85
SYN01447,84,Male,East,Provider Group E,Colorectal Cancer Screening,0,0,Not Eligible,2026-02-01,0,None,Not Needed,0,0.75
SYN01455,86,Female,East,Provider Group B,Breast Cancer Screening,0,0,Not Eligible,2026-02-01,0,None,Not Needed,0,0.8
SYN01455,86,Female,East,Provider Group B,Colorectal Cancer Screening,0,0,Not Eligible,2026-02-01,0,None,Not Needed,0,0.75
SYN01455,86,Female,East,Provider Group B,Controlling Blood Pressure,1,1,Compliant,2026-02-01,0,None,Not Needed,0,0.8
SYN01455,86,Female,East,Provider Group B,Diabetes Care,1,1,Compliant,2026-02-01,0,None,Not Needed,0,0.78
SYN01470,79,Female,South,Provider Group E,Colorectal Cancer Screening,0,0,Not Eligible,2026-02-01,0,None,Not Needed,0,0.75
SYN01470,79,Female,South,Provider Group E,Controlling Blood Pressure,1,0,Open,2026-02-01,3,Phone,Reached,0,0.8
SYN01470,79,Female,South,Provider Group E,Medication Adherence,1,1,Compliant,2026-02-01,0,None,Not Needed,0,0.85
SYN01478,73,Male,South,Provider Group D,Colorectal Cancer Screening,1,0,Open,2026-02-01,3,Care Coordinator,Reached,0,0.75
SYN01480,74,Female,West,Provider Group B,Breast Cancer Screening,1,1,Compliant,2026-02-01,0,None,Not Needed,0,0.8
SYN01480,74,Female,West,Provider Group B,Colorectal Cancer Screening,1,1,Compliant,2026-02-01,0,None,Not Needed,0,0.75
SYN01480,74,Female,West,Provider Group B,Controlling Blood Pressure,1,1,Compliant,2026-02-01,0,None,Not Needed,0,0.8
SYN01480,74,Female,West,Provider Group B,Follow-Up After Hospitalization,1,1,Compliant,2026-02-01,0,None,Not Needed,0,0.75
SYN01488,78,Female,East,Provider Group B,Breast Cancer Screening,0,0,Not Eligible,2026-02-01,0,None,Not Needed,0,0.8
SYN01488,78,Female,East,Provider Group B,Colorectal Cancer Screening,0,0,Not Eligible,2026-02-01,0,None,Not Needed,0,0.75
SYN01490,82,Female,East,Provider Group A,Breast Cancer Screening,0,0,Not Eligible,2026-02-01,0,None,Not Needed,0,0.8
SYN01490,82,Female,East,Provider Group A,Controlling Blood Pressure,1,0,Open,2026-02-01,2,Mail,Reached,0,0.8
SYN01490,82,Female,East,Provider Group A,Medication Adherence,1,1,Compliant,2026-02-01,2,Care Coordinator,Reached,1,0.85
SYN01499,87,Male,East,Provider Group E,Medication Adherence,1,1,Compliant,2026-02-01,2,Phone,Reached,1,0.85
SYN01503,68,Female,North,Provider Group D,Breast Cancer Screening,1,0,Open,2026-02-01,0,None,Not Attempted,0,0.8
SYN01503,68,Female,North,Provider Group D,Colorectal Cancer Screening,1,0,Open,2026-02-01,2,Mail,Unable to Reach,0,0.75
SYN01503,68,Female,North,Provider Group D,Controlling Blood Pressure,1,1,Compliant,2026-02-01,0,None,Not Needed,0,0.8
SYN01503,68,Female,North,Provider Group D,Follow-Up After Hospitalization,1,1,Compliant,2026-02-01,0,None,Not Needed,0,0.75
SYN01506,69,Male,South,Provider Group C,Medication Adherence,1,1,Compliant,2026-02-01,0,None,Not Needed,0,0.85
SYN01508,88,Female,South,Provider Group B,Breast Cancer Screening,0,0,Not Eligible,2026-02-01,0,None,Not Needed,0,0.8
SYN01508,88,Female,South,Provider Group B,Controlling Blood Pressure,1,1,Compliant,2026-02-01,0,None,Not Needed,0,0.8
SYN01508,88,Female,South,Provider Group B,Follow-Up After Hospitalization,1,1,Compliant,2026-02-01,1,Care Coordinator,Reached,1,0.75
SYN01508,88,Female,South,Provider Group B,Medication Adherence,1,1,Compliant,2026-02-01,0,None,Not Needed,0,0.85
SYN01518,68,Female,East,Provider Group A,Breast Cancer Screening,1,1,Compliant,2026-02-01,0,None,Not Needed,0,0.8
SYN01518,68,Female,East,Provider Group A,Colorectal Cancer Screening,1,1,Compliant,2026-02-01,0,None,Not Needed,0,0.75
SYN01518,68,Female,East,Provider Group A,Diabetes Care,0,0,Not Eligible,2026-02-01,0,None,Not Needed,0,0.78
SYN01523,85,Male,West,Provider Group B,Diabetes Care,1,1,Compliant,2026-02-01,0,None,Not Needed,0,0.78
SYN01542,66,Female,East,Provider Group A,Colorectal Cancer Screening,1,1,Compliant,2026-02-01,0,None,Not Needed,0,0.75
SYN01542,66,Female,East,Provider Group A,Diabetes Care,1,1,Compliant,2026-02-01,0,None,Not Needed,0,0.78
SYN01542,66,Female,East,Provider Group A,Medication Adherence,1,1,Compliant,2026-02-01,0,None,Not Needed,0,0.85
SYN01545,73,Female,South,Provider Group B,Breast Cancer Screening,1,0,Open,2026-02-01,0,None,Not Attempted,0,0.8
SYN01545,73,Female,South,Provider Group B,Controlling Blood Pressure,1,1,Compliant,2026-02-01,0,None,Not Needed,0,0.8
SYN01545,73,Female,South,Provider Group B,Diabetes Care,1,1,Compliant,2026-02-01,0,None,Not Needed,0,0.78
SYN01545,73,Female,South,Provider Group B,Follow-Up After Hospitalization,1,0,Open,2026-02-01,1,Mail,Reached,0,0.75
SYN01548,72,Female,South,Provider Group B,Colorectal Cancer Screening,1,1,Compliant,2026-02-01,0,None,Not Needed,0,0.75
SYN01548,72,Female,South,Provider Group B,Controlling Blood Pressure,1,1,Compliant,2026-02-01,1,Phone,Reached,1,0.8
SYN01548,72,Female,South,Provider Group B,Follow-Up After Hospitalization,0,0,Not Eligible,2026-02-01,0,None,Not Needed,0,0.75
SYN01548,72,Female,South,Provider Group B,Medication Adherence,0,0,Not Eligible,2026-02-01,0,None,Not Needed,0,0.85
SYN01550,75,Female,South,Provider Group B,Controlling Blood Pressure,0,0,Not Eligible,2026-02-01,0,None,Not Needed,0,0.8
SYN01550,75,Female,South,Provider Group B,Diabetes Care,1,0,Open,2026-02-01,2,SMS,Reached,0,0.78
SYN01550,75,Female,South,Provider Group B,Medication Adherence,1,1,Compliant,2026-02-01,0,None,Not Needed,0,0.85
SYN01553,81,Female,West,Provider Group B,Colorectal Cancer Screening,0,0,Not Eligible,2026-02-01,0,None,Not Needed,0,0.75
SYN01553,81,Female,West,Provider Group B,Medication Adherence,1,1,Compliant,2026-02-01,0,None,Not Needed,0,0.85
SYN01554,68,Female,South,Provider Group E,Breast Cancer Screening,1,1,Compliant,2026-02-01,0,None,Not Needed,0,0.8
SYN01554,68,Female,South,Provider Group E,Diabetes Care,1,1,Compliant,2026-02-01,0,None,Not Needed,0,0.78
SYN01554,68,Female,South,Provider Group E,Follow-Up After Hospitalization,1,0,Open,2026-02-01,4,Mail,Unable to Reach,0,0.75
SYN01554,68,Female,South,Provider Group E,Medication Adherence,1,0,Open,2026-02-01,1,Phone,Unable to Reach,0,0.85
SYN01565,66,Male,North,Provider Group D,Diabetes Care,0,0,Not Eligible,2026-02-01,0,None,Not Needed,0,0.78
SYN01565,66,Male,North,Provider Group D,Medication Adherence,1,1,Compliant,2026-02-01,0,None,Not Needed,0,0.85
SYN01575,87,Male,West,Provider Group D,Colorectal Cancer Screening,0,0,Not Eligible,2026-02-01,0,None,Not Needed,0,0.75
SYN01575,87,Male,West,Provider Group D,Diabetes Care,1,1,Compliant,2026-02-01,1,Care Coordinator,Reached,1,0.78
SYN01575,87,Male,West,Provider Group D,Follow-Up After Hospitalization,1,0,Open,2026-02-01,2,Mail,Unable to Reach,0,0.75
SYN01575,87,Male,West,Provider Group D,Medication Adherence,0,0,Not Eligible,2026-02-01,0,None,Not Needed,0,0.85
SYN01579,68,Female,North,Provider Group E,Breast Cancer Screening,1,1,Compliant,2026-02-01,0,None,Not Needed,0,0.8
SYN01579,68,Female,North,Provider Group E,Controlling Blood Pressure,1,1,Compliant,2026-02-01,0,None,Not Needed,0,0.8
SYN01582,70,Female,West,Provider Group A,Colorectal Cancer Screening,1,1,Compliant,2026-02-01,0,None,Not Needed,0,0.75
SYN01582,70,Female,West,Provider Group A,Controlling Blood Pressure,1,1,Compliant,2026-02-01,0,None,Not Needed,0,0.8
SYN01582,70,Female,West,Provider Group A,Follow-Up After Hospitalization,1,1,Compliant,2026-02-01,0,None,Not Needed,0,0.75
SYN01583,71,Female,West,Provider Group A,Breast Cancer Screening,1,1,Compliant,2026-02-01,0,None,Not Needed,0,0.8
SYN01591,71,Female,North,Provider Group A,Breast Cancer Screening,1,1,Compliant,2026-02-01,0,None,Not Needed,0,0.8
SYN01591,71,Female,North,Provider Group A,Colorectal Cancer Screening,1,1,Compliant,2026-02-01,0,None,Not Needed,0,0.75
SYN01592,69,Male,South,Provider Group B,Colorectal Cancer Screening,1,0,Open,2026-02-01,2,SMS,Unable to Reach,0,0.75
SYN01592,69,Male,South,Provider Group B,Follow-Up After Hospitalization,1,0,Open,2026-02-01,0,None,Not Attempted,0,0.75
SYN01592,69,Male,South,Provider Group B,Medication Adherence,1,1,Compliant,2026-02-01,0,None,Not Needed,0,0.85
SYN01593,75,Male,South,Provider Group D,Colorectal Cancer Screening,1,1,Compliant,2026-02-01,0,None,Not Needed,0,0.75
SYN01617,68,Male,East,Provider Group D,Colorectal Cancer Screening,1,0,Open,2026-02-01,2,Mail,Unable to Reach,0,0.75
SYN01617,68,Male,East,Provider Group D,Controlling Blood Pressure,1,1,Compliant,2026-02-01,0,None,Not Needed,0,0.8
SYN01617,68,Male,East,Provider Group D,Follow-Up After Hospitalization,1,0,Open,2026-02-01,2,Mail,Unable to Reach,0,0.75
SYN01617,68,Male,East,Provider Group D,Medication Adherence,1,0,Open,2026-02-01,1,SMS,Unable to Reach,0,0.85
SYN01618,74,Female,West,Provider Group E,Colorectal Cancer Screening,1,1,Compliant,2026-02-01,0,None,Not Needed,0,0.75
SYN01618,74,Female,West,Provider Group E,Controlling Blood Pressure,1,1,Compliant,2026-02-01,0,None,Not Needed,0,0.8
SYN01629,79,Female,South,Provider Group A,Breast Cancer Screening,0,0,Not Eligible,2026-02-01,0,None,Not Needed,0,0.8
SYN01629,79,Female,South,Provider Group A,Colorectal Cancer Screening,0,0,Not Eligible,2026-02-01,0,None,Not Needed,0,0.75
SYN01629,79,Female,South,Provider Group A,Follow-Up After Hospitalization,1,1,Compliant,2026-02-01,0,None,Not Needed,0,0.75
SYN01633,66,Male,East,Provider Group E,Controlling Blood Pressure,1,1,Compliant,2026-02-01,2,Care Coordinator,Reached,1,0.8
SYN01641,71,Male,West,Provider Group E,Medication Adherence,1,1,Compliant,2026-02-01,1,Mail,Reached,1,0.85
SYN01646,77,Male,North,Provider Group B,Colorectal Cancer Screening,0,0,Not Eligible,2026-02-01,0,None,Not Needed,0,0.75
SYN01646,77,Male,North,Provider Group B,Medication Adherence,1,1,Compliant,2026-02-01,0,None,Not Needed,0,0.85
SYN01651,67,Female,East,Provider Group E,Breast Cancer Screening,1,1,Compliant,2026-02-01,0,None,Not Needed,0,0.8
SYN01651,67,Female,East,Provider Group E,Follow-Up After Hospitalization,1,1,Compliant,2026-02-01,0,None,Not Needed,0,0.75
SYN01651,67,Female,East,Provider Group E,Medication Adherence,1,0,Open,2026-02-01,0,None,Not Attempted,0,0.85
SYN01655,85,Female,South,Provider Group A,Colorectal Cancer Screening,0,0,Not Eligible,2026-02-01,0,None,Not Needed,0,0.75
SYN01655,85,Female,South,Provider Group A,Medication Adherence,1,1,Compliant,2026-02-01,0,None,Not Needed,0,0.85
SYN01656,65,Female,East,Provider Group C,Breast Cancer Screening,1,0,Open,2026-02-01,2,Mail,Unable to Reach,0,0.8
SYN01656,65,Female,East,Provider Group C,Colorectal Cancer Screening,1,1,Compliant,2026-02-01,0,None,Not Needed,0,0.75
SYN01656,65,Female,East,Provider Group C,Diabetes Care,1,0,Open,2026-02-01,0,None,Not Attempted,0,0.78
SYN01656,65,Female,East,Provider Group C,Medication Adherence,1,1,Compliant,2026-02-01,0,None,Not Needed,0,0.85
SYN01657,78,Male,West,Provider Group A,Colorectal Cancer Screening,0,0,Not Eligible,2026-02-01,0,None,Not Needed,0,0.75
SYN01657,78,Male,West,Provider Group A,Diabetes Care,1,1,Compliant,2026-02-01,0,None,Not Needed,0,0.78
SYN01657,78,Male,West,Provider Group A,Follow-Up After Hospitalization,1,0,Open,2026-02-01,1,Care Coordinator,Declined,0,0.75
SYN01657,78,Male,West,Provider Group A,Medication Adherence,1,0,Open,2026-02-01,2,Phone,Reached,0,0.85
SYN01661,74,Male,East,Provider Group B,Controlling Blood Pressure,1,1,Compliant,2026-02-01,1,Mail,Reached,1,0.8
SYN01661,74,Male,East,Provider Group B,Medication Adherence,1,1,Compliant,2026-02-01,0,None,Not Needed,0,0.85
SYN01666,86,Female,North,Provider Group E,Controlling Blood Pressure,1,0,Open,2026-02-01,0,None,Not Attempted,0,0.8
SYN01666,86,Female,North,Provider Group E,Medication Adherence,0,0,Not Eligible,2026-02-01,0,None,Not Needed,0,0.85
SYN01672,79,Female,West,Provider Group A,Controlling Blood Pressure,1,0,Open,2026-02-01,2,Phone,Unable to Reach,0,0.8
SYN01674,71,Female,West,Provider Group C,Breast Cancer Screening,1,1,Compliant,2026-02-01,0,None,Not Needed,0,0.8
SYN01674,71,Female,West,Provider Group C,Colorectal Cancer Screening,1,1,Compliant,2026-02-01,0,None,Not Needed,0,0.75
SYN01674,71,Female,West,Provider Group C,Controlling Blood Pressure,1,1,Compliant,2026-02-01,0,None,Not Needed,0,0.8
SYN01674,71,Female,West,Provider Group C,Diabetes Care,1,1,Compliant,2026-02-01,1,Mail,Reached,1,0.78
SYN01678,68,Female,East,Provider Group A,Controlling Blood Pressure,1,1,Compliant,2026-02-01,0,None,Not Needed,0,0.8
SYN01694,69,Male,East,Provider Group A,Colorectal Cancer Screening,1,1,Compliant,2026-02-01,0,None,Not Needed,0,0.75
SYN01694,69,Male,East,Provider Group A,Diabetes Care,0,0,Not Eligible,2026-02-01,0,None,Not Needed,0,0.78
SYN01694,69,Male,East,Provider Group A,Medication Adherence,1,1,Compliant,2026-02-01,0,None,Not Needed,0,0.85
SYN01699,84,Female,South,Provider Group A,Controlling Blood Pressure,1,1,Compliant,2026-02-01,0,None,Not Needed,0,0.8
SYN01699,84,Female,South,Provider Group A,Diabetes Care,1,0,Open,2026-02-01,0,None,Not Attempted,0,0.78
SYN01703,70,Female,North,Provider Group E,Breast Cancer Screening,1,0,Open,2026-02-01,0,None,Not Attempted,0,0.8
SYN01703,70,Female,North,Provider Group E,Medication Adherence,1,0,Open,2026-02-01,0,None,Not Attempted,0,0.85
SYN01706,69,Female,East,Provider Group E,Breast Cancer Screening,1,1,Compliant,2026-02-01,0,None,Not Needed,0,0.8
SYN01706,69,Female,East,Provider Group E,Controlling Blood Pressure,0,0,Not Eligible,2026-02-01,0,None,Not Needed,0,0.8
SYN01706,69,Female,East,Provider Group E,Diabetes Care,1,1,Compliant,2026-02-01,0,None,Not Needed,0,0.78
SYN01706,69,Female,East,Provider Group E,Medication Adherence,1,1,Compliant,2026-02-01,0,None,Not Needed,0,0.85
SYN01708,87,Male,North,Provider Group B,Diabetes Care,1,1,Compliant,2026-02-01,0,None,Not Needed,0,0.78
SYN01726,87,Female,West,Provider Group C,Breast Cancer Screening,0,0,Not Eligible,2026-02-01,0,None,Not Needed,0,0.8
SYN01726,87,Female,West,Provider Group C,Medication Adherence,1,1,Compliant,2026-02-01,1,Phone,Reached,1,0.85
SYN01735,89,Female,East,Provider Group B,Breast Cancer Screening,0,0,Not Eligible,2026-02-01,0,None,Not Needed,0,0.8
SYN01735,89,Female,East,Provider Group B,Colorectal Cancer Screening,0,0,Not Eligible,2026-02-01,0,None,Not Needed,0,0.75
SYN01735,89,Female,East,Provider Group B,Controlling Blood Pressure,1,0,Open,2026-02-01,1,Phone,Unable to Reach,0,0.8
SYN01735,89,Female,East,Provider Group B,Diabetes Care,1,1,Compliant,2026-02-01,0,None,Not Needed,0,0.78
SYN01735,89,Female,East,Provider Group B,Follow-Up After Hospitalization,0,0,Not Eligible,2026-02-01,0,None,Not Needed,0,0.75
SYN01744,89,Female,East,Provider Group D,Breast Cancer Screening,0,0,Not Eligible,2026-02-01,0,None,Not Needed,0,0.8
SYN01744,89,Female,East,Provider Group D,Controlling Blood Pressure,1,1,Compliant,2026-02-01,0,None,Not Needed,0,0.8
SYN01744,89,Female,East,Provider Group D,Medication Adherence,1,0,Open,2026-02-01,1,Care Coordinator,Unable to Reach,0,0.85
SYN01746,77,Female,East,Provider Group D,Colorectal Cancer Screening,0,0,Not Eligible,2026-02-01,0,None,Not Needed,0,0.75
SYN01752,65,Female,South,Provider Group C,Breast Cancer Screening,1,1,Compliant,2026-02-01,0,None,Not Needed,0,0.8
SYN01752,65,Female,South,Provider Group C,Colorectal Cancer Screening,1,0,Open,2026-02-01,0,None,Not Attempted,0,0.75
SYN01752,65,Female,South,Provider Group C,Controlling Blood Pressure,1,1,Compliant,2026-02-01,3,Care Coordinator,Reached,1,0.8
SYN01752,65,Female,South,Provider Group C,Medication Adherence,0,0,Not Eligible,2026-02-01,0,None,Not Needed,0,0.85
SYN01757,68,Female,North,Provider Group E,Breast Cancer Screening,1,0,Open,2026-02-01,0,None,Not Attempted,0,0.8
SYN01757,68,Female,North,Provider Group E,Controlling Blood Pressure,1,1,Compliant,2026-02-01,0,None,Not Needed,0,0.8
SYN01757,68,Female,North,Provider Group E,Medication Adherence,0,0,Not Eligible,2026-02-01,0,None,Not Needed,0,0.85
SYN01764,72,Male,East,Provider Group A,Colorectal Cancer Screening,1,0,Open,2026-02-01,1,Mail,Unable to Reach,0,0.75
SYN01764,72,Male,East,Provider Group A,Controlling Blood Pressure,1,1,Compliant,2026-02-01,0,None,Not Needed,0,0.8
SYN01764,72,Male,East,Provider Group A,Follow-Up After Hospitalization,1,0,Open,2026-02-01,3,Mail,Unable to Reach,0,0.75
SYN01772,74,Female,North,Provider Group C,Breast Cancer Screening,1,0,Open,2026-02-01,2,SMS,Reached,0,0.8
SYN01772,74,Female,North,Provider Group C,Controlling Blood Pressure,1,1,Compliant,2026-02-01,0,None,Not Needed,0,0.8
SYN01772,74,Female,North,Provider Group C,Follow-Up After Hospitalization,1,1,Compliant,2026-02-01,0,None,Not Needed,0,0.75
SYN01783,65,Female,North,Provider Group A,Colorectal Cancer Screening,1,1,Compliant,2026-02-01,0,None,Not Needed,0,0.75
SYN01783,65,Female,North,Provider Group A,Controlling Blood Pressure,1,1,Compliant,2026-02-01,0,None,Not Needed,0,0.8
SYN01783,65,Female,North,Provider Group A,Diabetes Care,1,1,Compliant,2026-02-01,0,None,Not Needed,0,0.78
SYN01783,65,Female,North,Provider Group A,Follow-Up After Hospitalization,1,1,Compliant,2026-02-01,0,None,Not Needed,0,0.75
SYN01790,70,Female,South,Provider Group C,Colorectal Cancer Screening,1,0,Open,2026-02-01,0,None,Not Attempted,0,0.75
SYN01790,70,Female,South,Provider Group C,Controlling Blood Pressure,1,1,Compliant,2026-02-01,0,None,Not Needed,0,0.8
SYN01790,70,Female,South,Provider Group C,Follow-Up After Hospitalization,1,0,Open,2026-02-01,0,None,Not Attempted,0,0.75
SYN01814,68,Female,South,Provider Group A,Breast Cancer Screening,1,0,Open,2026-02-01,0,None,Not Attempted,0,0.8
SYN01814,68,Female,South,Provider Group A,Colorectal Cancer Screening,1,1,Compliant,2026-02-01,0,None,Not Needed,0,0.75
SYN01814,68,Female,South,Provider Group A,Controlling Blood Pressure,1,0,Open,2026-02-01,0,None,Not Attempted,0,0.8
SYN01814,68,Female,South,Provider Group A,Follow-Up After Hospitalization,0,0,Not Eligible,2026-02-01,0,None,Not Needed,0,0.75
SYN01824,89,Male,South,Provider Group E,Colorectal Cancer Screening,0,0,Not Eligible,2026-02-01,0,None,Not Needed,0,0.75
SYN01824,89,Male,South,Provider Group E,Controlling Blood Pressure,1,0,Open,2026-02-01,4,Mail,Declined,0,0.8
SYN01824,89,Male,South,Provider Group E,Diabetes Care,0,0,Not Eligible,2026-02-01,0,None,Not Needed,0,0.78
SYN01828,70,Female,South,Provider Group B,Colorectal Cancer Screening,0,0,Not Eligible,2026-02-01,0,None,Not Needed,0,0.75
SYN01828,70,Female,South,Provider Group B,Diabetes Care,1,1,Compliant,2026-02-01,0,None,Not Needed,0,0.78
SYN01828,70,Female,South,Provider Group B,Follow-Up After Hospitalization,1,0,Open,2026-02-01,0,None,Not Attempted,0,0.75
SYN01842,88,Female,South,Provider Group B,Breast Cancer Screening,0,0,Not Eligible,2026-02-01,0,None,Not Needed,0,0.8
SYN01842,88,Female,South,Provider Group B,Colorectal Cancer Screening,0,0,Not Eligible,2026-02-01,0,None,Not Needed,0,0.75
SYN01843,76,Female,East,Provider Group B,Controlling Blood Pressure,1,1,Compliant,2026-02-01,0,None,Not Needed,0,0.8
SYN01861,74,Male,West,Provider Group B,Controlling Blood Pressure,1,1,Compliant,2026-02-01,0,None,Not Needed,0,0.8
SYN01866,88,Male,North,Provider Group D,Colorectal Cancer Screening,0,0,Not Eligible,2026-02-01,0,None,Not Needed,0,0.75
SYN01866,88,Male,North,Provider Group D,Controlling Blood Pressure,1,1,Compliant,2026-02-01,0,None,Not Needed,0,0.8
SYN01866,88,Male,North,Provider Group D,Diabetes Care,1,1,Compliant,2026-02-01,0,None,Not Needed,0,0.78
SYN01866,88,Male,North,Provider Group D,Medication Adherence,1,1,Compliant,2026-02-01,0,None,Not Needed,0,0.85
SYN01868,70,Female,South,Provider Group D,Breast Cancer Screening,1,1,Compliant,2026-02-01,0,None,Not Needed,0,0.8
SYN01868,70,Female,South,Provider Group D,Colorectal Cancer Screening,1,1,Compliant,2026-02-01,0,None,Not Needed,0,0.75
SYN01868,70,Female,South,Provider Group D,Controlling Blood Pressure,1,0,Open,2026-02-01,2,Phone,Declined,0,0.8
SYN01868,70,Female,South,Provider Group D,Follow-Up After Hospitalization,0,0,Not Eligible,2026-02-01,0,None,Not Needed,0,0.75
SYN01880,73,Female,South,Provider Group D,Breast Cancer Screening,1,1,Compliant,2026-02-01,0,None,Not Needed,0,0.8
SYN01880,73,Female,South,Provider Group D,Controlling Blood Pressure,1,0,Open,2026-02-01,1,Mail,Unable to Reach,0,0.8
SYN01880,73,Female,South,Provider Group D,Medication Adherence,1,1,Compliant,2026-02-01,0,None,Not Needed,0,0.85
SYN01882,69,Female,West,Provider Group A,Controlling Blood Pressure,1,1,Compliant,2026-02-01,0,None,Not Needed,0,0.8
SYN01882,69,Female,West,Provider Group A,Follow-Up After Hospitalization,1,1,Compliant,2026-02-01,0,None,Not Needed,0,0.75
SYN01882,69,Female,West,Provider Group A,Medication Adherence,1,1,Compliant,2026-02-01,0,None,Not Needed,0,0.85
SYN01889,74,Female,South,Provider Group B,Breast Cancer Screening,0,0,Not Eligible,2026-02-01,0,None,Not Needed,0,0.8
SYN01889,74,Female,South,Provider Group B,Medication Adherence,1,1,Compliant,2026-02-01,0,None,Not Needed,0,0.85
SYN01894,84,Male,West,Provider Group B,Medication Adherence,1,0,Open,2026-02-01,1,Care Coordinator,Reached,0,0.85
SYN01895,78,Female,North,Provider Group A,Breast Cancer Screening,0,0,Not Eligible,2026-02-01,0,None,Not Needed,0,0.8
SYN01895,78,Female,North,Provider Group A,Colorectal Cancer Screening,0,0,Not Eligible,2026-02-01,0,None,Not Needed,0,0.75
SYN01895,78,Female,North,Provider Group A,Diabetes Care,1,1,Compliant,2026-02-01,0,None,Not Needed,0,0.78
SYN01909,72,Male,West,Provider Group B,Colorectal Cancer Screening,1,1,Compliant,2026-02-01,0,None,Not Needed,0,0.75
SYN01909,72,Male,West,Provider Group B,Diabetes Care,1,1,Compliant,2026-02-01,0,None,Not Needed,0,0.78
SYN01909,72,Male,West,Provider Group B,Follow-Up After Hospitalization,1,1,Compliant,2026-02-01,0,None,Not Needed,0,0.75
SYN01911,72,Female,North,Provider Group D,Breast Cancer Screening,1,1,Compliant,2026-02-01,0,None,Not Needed,0,0.8
SYN01911,72,Female,North,Provider Group D,Colorectal Cancer Screening,1,0,Open,2026-02-01,4,SMS,Unable to Reach,0,0.75
SYN01911,72,Female,North,Provider Group D,Controlling Blood Pressure,1,1,Compliant,2026-02-01,0,None,Not Needed,0,0.8
SYN01911,72,Female,North,Provider Group D,Diabetes Care,1,1,Compliant,2026-02-01,0,None,Not Needed,0,0.78
SYN01925,65,Male,South,Provider Group A,Colorectal Cancer Screening,1,1,Compliant,2026-02-01,0,None,Not Needed,0,0.75
SYN01925,65,Male,South,Provider Group A,Follow-Up After Hospitalization,1,0,Open,2026-02-01,4,Mail,Unable to Reach,0,0.75
SYN01925,65,Male,South,Provider Group A,Medication Adherence,1,1,Compliant,2026-02-01,0,None,Not Needed,0,0.85
SYN01926,79,Female,East,Provider Group D,Breast Cancer Screening,0,0,Not Eligible,2026-02-01,0,None,Not Needed,0,0.8
SYN01926,79,Female,East,Provider Group D,Colorectal Cancer Screening,0,0,Not Eligible,2026-02-01,0,None,Not Needed,0,0.75
SYN01931,80,Male,South,Provider Group A,Colorectal Cancer Screening,0,0,Not Eligible,2026-02-01,0,None,Not Needed,0,0.75
SYN01931,80,Male,South,Provider Group A,Controlling Blood Pressure,1,1,Compliant,2026-02-01,0,None,Not Needed,0,0.8
SYN01936,73,Female,East,Provider Group A,Breast Cancer Screening,1,1,Compliant,2026-02-01,0,None,Not Needed,0,0.8
SYN01936,73,Female,East,Provider Group A,Diabetes Care,0,0,Not Eligible,2026-02-01,0,None,Not Needed,0,0.78
SYN01936,73,Female,East,Provider Group A,Follow-Up After Hospitalization,1,1,Compliant,2026-02-01,0,None,Not Needed,0,0.75
SYN01942,69,Female,North,Provider Group B,Diabetes Care,0,0,Not Eligible,2026-02-01,0,None,Not Needed,0,0.78
SYN01949,79,Male,East,Provider Group E,Colorectal Cancer Screening,0,0,Not Eligible,2026-02-01,0,None,Not Needed,0,0.75
SYN01949,79,Male,East,Provider Group E,Controlling Blood Pressure,1,1,Compliant,2026-02-01,0,None,Not Needed,0,0.8
SYN01949,79,Male,East,Provider Group E,Medication Adherence,1,1,Compliant,2026-02-01,0,None,Not Needed,0,0.85
SYN01956,67,Female,East,Provider Group D,Diabetes Care,1,0,Open,2026-02-01,0,None,Not Attempted,0,0.78
SYN01956,67,Female,East,Provider Group D,Follow-Up After Hospitalization,0,0,Not Eligible,2026-02-01,0,None,Not Needed,0,0.75
SYN01958,85,Female,North,Provider Group B,Breast Cancer Screening,0,0,Not Eligible,2026-02-01,0,None,Not Needed,0,0.8
SYN01958,85,Female,North,Provider Group B,Controlling Blood Pressure,1,0,Open,2026-02-01,1,Phone,Reached,0,0.8
SYN01958,85,Female,North,Provider Group B,Diabetes Care,1,0,Open,2026-02-01,1,Phone,Reached,0,0.78
SYN01958,85,Female,North,Provider Group B,Medication Adherence,0,0,Not Eligible,2026-02-01,0,None,Not Needed,0,0.85
SYN01967,69,Female,East,Provider Group A,Colorectal Cancer Screening,1,1,Compliant,2026-02-01,0,None,Not Needed,0,0.75
SYN01967,69,Female,East,Provider Group A,Diabetes Care,1,0,Open,2026-02-01,0,None,Not Attempted,0,0.78
SYN01974,86,Female,West,Provider Group B,Diabetes Care,1,1,Compliant,2026-02-01,0,None,Not Needed,0,0.78
SYN01977,75,Male,East,Provider Group B,Colorectal Cancer Screening,1,1,Compliant,2026-02-01,0,None,Not Needed,0,0.75
SYN01981,72,Female,North,Provider Group A,Breast Cancer Screening,1,1,Compliant,2026-02-01,1,SMS,Reached,1,0.8
SYN01981,72,Female,North,Provider Group A,Colorectal Cancer Screening,1,1,Compliant,2026-02-01,0,None,Not Needed,0,0.75
SYN01981,72,Female,North,Provider Group A,Controlling Blood Pressure,0,0,Not Eligible,2026-02-01,0,None,Not Needed,0,0.8
SYN01981,72,Female,North,Provider Group A,Medication Adherence,1,1,Compliant,2026-02-01,0,None,Not Needed,0,0.85
SYN01994,85,Male,West,Provider Group E,Colorectal Cancer Screening,0,0,Not Eligible,2026-02-01,0,None,Not Needed,0,0.75
SYN01994,85,Male,West,Provider Group E,Controlling Blood Pressure,0,0,Not Eligible,2026-02-01,0,None,Not Needed,0,0.8
SYN01994,85,Male,West,Provider Group E,Diabetes Care,1,0,Open,2026-02-01,0,None,Not Attempted,0,0.78
SYN02005,72,Female,North,Provider Group E,Diabetes Care,1,1,Compliant,2026-02-01,0,None,Not Needed,0,0.78
SYN02005,72,Female,North,Provider Group E,Follow-Up After Hospitalization,1,1,Compliant,2026-02-01,0,None,Not Needed,0,0.75
SYN02005,72,Female,North,Provider Group E,Medication Adherence,1,1,Compliant,2026-02-01,0,None,Not Needed,0,0.85
SYN02025,89,Male,East,Provider Group E,Controlling Blood Pressure,1,1,Compliant,2026-02-01,0,None,Not Needed,0,0.8
SYN02025,89,Male,East,Provider Group E,Diabetes Care,1,0,Open,2026-02-01,1,Mail,Unable to Reach,0,0.78
SYN02025,89,Male,East,Provider Group E,Medication Adherence,1,1,Compliant,2026-02-01,0,None,Not Needed,0,0.85
SYN02031,73,Female,North,Provider Group B,Breast Cancer Screening,1,0,Open,2026-02-01,1,Phone,Reached,0,0.8
SYN02035,75,Female,West,Provider Group B,Breast Cancer Screening,0,0,Not Eligible,2026-02-01,0,None,Not Needed,0,0.8
SYN02035,75,Female,West,Provider Group B,Colorectal Cancer Screening,1,0,Open,2026-02-01,3,Phone,Unable to Reach,0,0.75
SYN02035,75,Female,West,Provider Group B,Follow-Up After Hospitalization,1,0,Open,2026-02-01,2,Mail,Unable to Reach,0,0.75
SYN02035,75,Female,West,Provider Group B,Medication Adherence,1,1,Compliant,2026-02-01,0,None,Not Needed,0,0.85
SYN02042,69,Female,South,Provider Group B,Colorectal Cancer Screening,1,0,Open,2026-02-01,1,Mail,Declined,0,0.75
SYN02042,69,Female,South,Provider Group B,Medication Adherence,1,1,Compliant,2026-02-01,1,SMS,Reached,1,0.85
SYN02045,70,Male,North,Provider Group A,Breast Cancer Screening,0,0,Not Eligible,2026-02-01,0,None,Not Needed,0,0.8
SYN02045,70,Male,North,Provider Group A,Controlling Blood Pressure,1,1,Compliant,2026-02-01,0,None,Not Needed,0,0.8
SYN02046,72,Male,North,Provider Group A,Controlling Blood Pressure,1,1,Compliant,2026-02-01,0,None,Not Needed,0,0.8
SYN02047,67,Male,North,Provider Group A,Colorectal Cancer Screening,0,0,Not Eligible,2026-02-01,0,None,Not Needed,0,0.75
SYN02047,67,Male,North,Provider Group A,Controlling Blood Pressure,1,1,Compliant,2026-02-01,0,None,Not Needed,0,0.8
SYN02047,67,Male,North,Provider Group A,Medication Adherence,1,1,Compliant,2026-02-01,0,None,Not Needed,0,0.85
SYN02051,69,Female,East,Provider Group C,Breast Cancer Screening,0,0,Not Eligible,2026-02-01,0,None,Not Needed,0,0.8
SYN02051,69,Female,East,Provider Group C,Colorectal Cancer Screening,1,0,Open,2026-02-01,1,Phone,Reached,0,0.75
SYN02051,69,Female,East,Provider Group C,Controlling Blood Pressure,1,1,Compliant,2026-02-01,0,None,Not Needed,0,0.8
SYN02051,69,Female,East,Provider Group C,Medication Adherence,0,0,Not Eligible,2026-02-01,0,None,Not Needed,0,0.85
SYN02052,71,Female,North,Provider Group A,Colorectal Cancer Screening,1,1,Compliant,2026-02-01,0,None,Not Needed,0,0.75
SYN02055,87,Male,West,Provider Group D,Controlling Blood Pressure,0,0,Not Eligible,2026-02-01,0,None,Not Needed,0,0.8
SYN02055,87,Male,West,Provider Group D,Diabetes Care,1,0,Open,2026-02-01,3,Mail,Unable to Reach,0,0.78
SYN02056,82,Male,North,Provider Group C,Colorectal Cancer Screening,0,0,Not Eligible,2026-02-01,0,None,Not Needed,0,0.75
SYN02056,82,Male,North,Provider Group C,Diabetes Care,1,1,Compliant,2026-02-01,0,None,Not Needed,0,0.78
SYN02066,66,Male,West,Provider Group B,Diabetes Care,1,1,Compliant,2026-02-01,0,None,Not Needed,0,0.78
SYN02066,66,Male,West,Provider Group B,Medication Adherence,0,0,Not Eligible,2026-02-01,0,None,Not Needed,0,0.85
SYN02068,84,Female,West,Provider Group A,Breast Cancer Screening,0,0,Not Eligible,2026-02-01,0,None,Not Needed,0,0.8
SYN02068,84,Female,West,Provider Group A,Diabetes Care,1,1,Compliant,2026-02-01,0,None,Not Needed,0,0.78
SYN02068,84,Female,West,Provider Group A,Follow-Up After Hospitalization,1,0,Open,2026-02-01,3,Phone,Reached,0,0.75
SYN02068,84,Female,West,Provider Group A,Medication Adherence,1,1,Compliant,2026-02-01,0,None,Not Needed,0,0.85
SYN02074,75,Male,West,Provider Group A,Medication Adherence,1,1,Compliant,2026-02-01,0,None,Not Needed,0,0.85
SYN02085,74,Female,South,Provider Group B,Breast Cancer Screening,1,0,Open,2026-02-01,1,SMS,Unable to Reach,0,0.8
SYN02085,74,Female,South,Provider Group B,Colorectal Cancer Screening,1,1,Compliant,2026-02-01,0,None,Not Needed,0,0.75
SYN02085,74,Female,South,Provider Group B,Controlling Blood Pressure,1,0,Open,2026-02-01,0,None,Not Attempted,0,0.8
SYN02085,74,Female,South,Provider Group B,Medication Adherence,1,1,Compliant,2026-02-01,0,None,Not Needed,0,0.85
SYN02089,71,Female,North,Provider Group A,Breast Cancer Screening,1,1,Compliant,2026-02-01,0,None,Not Needed,0,0.8
SYN02089,71,Female,North,Provider Group A,Colorectal Cancer Screening,0,0,Not Eligible,2026-02-01,0,None,Not Needed,0,0.75
SYN02089,71,Female,North,Provider Group A,Medication Adherence,1,1,Compliant,2026-02-01,0,None,Not Needed,0,0.85
SYN02092,80,Male,North,Provider Group B,Controlling Blood Pressure,1,1,Compliant,2026-02-01,0,None,Not Needed,0,0.8
SYN02092,80,Male,North,Provider Group B,Diabetes Care,1,1,Compliant,2026-02-01,0,None,Not Needed,0,0.78
SYN02093,84,Female,East,Provider Group C,Colorectal Cancer Screening,0,0,Not Eligible,2026-02-01,0,None,Not Needed,0,0.75
SYN02105,74,Female,North,Provider Group E,Breast Cancer Screening,1,1,Compliant,2026-02-01,0,None,Not Needed,0,0.8
SYN02105,74,Female,North,Provider Group E,Controlling Blood Pressure,1,1,Compliant,2026-02-01,0,None,Not Needed,0,0.8
SYN02105,74,Female,North,Provider Group E,Diabetes Care,1,1,Compliant,2026-02-01,0,None,Not Needed,0,0.78
SYN02105,74,Female,North,Provider Group E,Follow-Up After Hospitalization,1,0,Open,2026-02-01,1,Care Coordinator,Reached,0,0.75
SYN02105,74,Female,North,Provider Group E,Medication Adherence,1,1,Compliant,2026-02-01,0,None,Not Needed,0,0.85
SYN02106,65,Male,North,Provider Group B,Controlling Blood Pressure,0,0,Not Eligible,2026-02-01,0,None,Not Needed,0,0.8
SYN02106,65,Male,North,Provider Group B,Medication Adherence,1,1,Compliant,2026-02-01,0,None,Not Needed,0,0.85
SYN02107,70,Male,South,Provider Group A,Diabetes Care,1,1,Compliant,2026-02-01,0,None,Not Needed,0,0.78
SYN02113,65,Male,South,Provider Group D,Colorectal Cancer Screening,1,1,Compliant,2026-02-01,0,None,Not Needed,0,0.75
SYN02113,65,Male,South,Provider Group D,Controlling Blood Pressure,1,0,Open,2026-02-01,0,None,Not Attempted,0,0.8
SYN02118,73,Male,North,Provider Group C,Colorectal Cancer Screening,1,1,Compliant,2026-02-01,0,None,Not Needed,0,0.75
SYN02118,73,Male,North,Provider Group C,Controlling Blood Pressure,1,1,Compliant,2026-02-01,0,None,Not Needed,0,0.8
SYN02118,73,Male,North,Provider Group C,Diabetes Care,1,1,Compliant,2026-02-01,0,None,Not Needed,0,0.78
SYN02118,73,Male,North,Provider Group C,Medication Adherence,1,1,Compliant,2026-02-01,0,None,Not Needed,0,0.85
SYN02126,71,Male,East,Provider Group D,Colorectal Cancer Screening,1,1,Compliant,2026-02-01,0,None,Not Needed,0,0.75
SYN02126,71,Male,East,Provider Group D,Medication Adherence,1,1,Compliant,2026-02-01,0,None,Not Needed,0,0.85
SYN02127,70,Female,North,Provider Group E,Breast Cancer Screening,1,1,Compliant,2026-02-01,2,Care Coordinator,Reached,1,0.8
SYN02127,70,Female,North,Provider Group E,Controlling Blood Pressure,1,0,Open,2026-02-01,1,Phone,Unable to Reach,0,0.8
SYN02128,68,Female,South,Provider Group C,Breast Cancer Screening,1,0,Open,2026-02-01,1,Phone,Reached,0,0.8
SYN02128,68,Female,South,Provider Group C,Controlling Blood Pressure,1,0,Open,2026-02-01,0,None,Not Attempted,0,0.8
SYN02128,68,Female,South,Provider Group C,Diabetes Care,1,0,Open,2026-02-01,2,SMS,Unable to Reach,0,0.78
SYN02140,86,Male,South,Provider Group B,Diabetes Care,1,1,Compliant,2026-02-01,0,None,Not Needed,0,0.78
SYN02140,86,Male,South,Provider Group B,Medication Adherence,0,0,Not Eligible,2026-02-01,0,None,Not Needed,0,0.85
SYN02147,80,Male,East,Provider Group B,Breast Cancer Screening,0,0,Not Eligible,2026-02-01,0,None,Not Needed,0,0.8
SYN02147,80,Male,East,Provider Group B,Controlling Blood Pressure,1,1,Compliant,2026-02-01,0,None,Not Needed,0,0.8
SYN02147,80,Male,East,Provider Group B,Follow-Up After Hospitalization,1,0,Open,2026-02-01,0,None,Not Attempted,0,0.75
SYN02147,80,Male,East,Provider Group B,Medication Adherence,1,1,Compliant,2026-02-01,0,None,Not Needed,0,0.85
SYN02153,67,Female,East,Provider Group B,Controlling Blood Pressure,1,0,Open,2026-02-01,4,Phone,Declined,0,0.8
SYN02153,67,Female,East,Provider Group B,Diabetes Care,1,1,Compliant,2026-02-01,0,None,Not Needed,0,0.78
SYN02156,78,Female,West,Provider Group C,Breast Cancer Screening,0,0,Not Eligible,2026-02-01,0,None,Not Needed,0,0.8
SYN02156,78,Female,West,Provider Group C,Controlling Blood Pressure,1,1,Compliant,2026-02-01,0,None,Not Needed,0,0.8
SYN02156,78,Female,West,Provider Group C,Follow-Up After Hospitalization,1,0,Open,2026-02-01,2,Phone,Reached,0,0.75
SYN02156,78,Female,West,Provider Group C,Medication Adherence,1,1,Compliant,2026-02-01,0,None,Not Needed,0,0.85
SYN02168,74,Male,North,Provider Group A,Colorectal Cancer Screening,1,0,Open,2026-02-01,0,None,Not Attempted,0,0.75
SYN02168,74,Male,North,Provider Group A,Diabetes Care,1,1,Compliant,2026-02-01,0,None,Not Needed,0,0.78
SYN02168,74,Male,North,Provider Group A,Medication Adherence,1,1,Compliant,2026-02-01,0,None,Not Needed,0,0.85
SYN02173,68,Female,South,Provider Group C,Colorectal Cancer Screening,1,0,Open,2026-02-01,1,Phone,Reached,0,0.75
SYN02173,68,Female,South,Provider Group C,Controlling Blood Pressure,1,0,Open,2026-02-01,0,None,Not Attempted,0,0.8
SYN02174,66,Female,North,Provider Group C,Breast Cancer Screening,0,0,Not Eligible,2026-02-01,0,None,Not Needed,0,0.8
SYN02174,66,Female,North,Provider Group C,Colorectal Cancer Screening,1,0,Open,2026-02-01,1,Mail,Unable to Reach,0,0.75
SYN02174,66,Female,North,Provider Group C,Diabetes Care,1,0,Open,2026-02-01,0,None,Not Attempted,0,0.78
SYN02174,66,Female,North,Provider Group C,Follow-Up After Hospitalization,1,0,Open,2026-02-01,2,Phone,Reached,0,0.75
SYN02177,74,Female,South,Provider Group C,Diabetes Care,1,0,Open,2026-02-01,2,Care Coordinator,Reached,0,0.78
SYN02177,74,Female,South,Provider Group C,Medication Adherence,1,0,Open,2026-02-01,2,SMS,Reached,0,0.85
SYN02178,70,Male,East,Provider Group D,Colorectal Cancer Screening,1,0,Open,2026-02-01,1,Mail,Unable to Reach,0,0.75
SYN02178,70,Male,East,Provider Group D,Controlling Blood Pressure,1,1,Compliant,2026-02-01,0,None,Not Needed,0,0.8
SYN02179,86,Male,South,Provider Group E,Colorectal Cancer Screening,0,0,Not Eligible,2026-02-01,0,None,Not Needed,0,0.75
SYN02179,86,Male,South,Provider Group E,Controlling Blood Pressure,1,1,Compliant,2026-02-01,0,None,Not Needed,0,0.8
SYN02179,86,Male,South,Provider Group E,Medication Adherence,1,1,Compliant,2026-02-01,2,Care Coordinator,Reached,1,0.85
SYN02189,70,Male,South,Provider Group D,Colorectal Cancer Screening,1,0,Open,2026-02-01,0,None,Not Attempted,0,0.75
SYN02189,70,Male,South,Provider Group D,Controlling Blood Pressure,1,0,Open,2026-02-01,0,None,Not Attempted,0,0.8
SYN02189,70,Male,South,Provider Group D,Medication Adherence,1,0,Open,2026-02-01,1,SMS,Reached,0,0.85
SYN02191,80,Female,South,Provider Group C,Colorectal Cancer Screening,0,0,Not Eligible,2026-02-01,0,None,Not Needed,0,0.75
SYN02191,80,Female,South,Provider Group C,Controlling Blood Pressure,1,1,Compliant,2026-02-01,0,None,Not Needed,0,0.8
SYN02202,75,Female,South,Provider Group C,Breast Cancer Screening,0,0,Not Eligible,2026-02-01,0,None,Not Needed,0,0.8
SYN02202,75,Female,South,Provider Group C,Diabetes Care,1,1,Compliant,2026-02-01,0,None,Not Needed,0,0.78
SYN02202,75,Female,South,Provider Group C,Medication Adherence,1,1,Compliant,2026-02-01,0,None,Not Needed,0,0.85
SYN02218,68,Female,East,Provider Group E,Colorectal Cancer Screening,1,0,Open,2026-02-01,0,None,Not Attempted,0,0.75
SYN02218,68,Female,East,Provider Group E,Controlling Blood Pressure,1,1,Compliant,2026-02-01,0,None,Not Needed,0,0.8
SYN02218,68,Female,East,Provider Group E,Diabetes Care,1,1,Compliant,2026-02-01,0,None,Not Needed,0,0.78
SYN02218,68,Female,East,Provider Group E,Follow-Up After Hospitalization,0,0,Not Eligible,2026-02-01,0,None,Not Needed,0,0.75
SYN02227,72,Male,West,Provider Group B,Colorectal Cancer Screening,1,1,Compliant,2026-02-01,0,None,Not Needed,0,0.75
SYN02227,72,Male,West,Provider Group B,Controlling Blood Pressure,0,0,Not Eligible,2026-02-01,0,None,Not Needed,0,0.8
SYN02232,83,Male,South,Provider Group E,Controlling Blood Pressure,1,1,Compliant,2026-02-01,0,None,Not Needed,0,0.8
SYN02234,83,Female,South,Provider Group E,Diabetes Care,1,1,Compliant,2026-02-01,1,Care Coordinator,Reached,1,0.78
SYN02237,68,Male,East,Provider Group C,Breast Cancer Screening,0,0,Not Eligible,2026-02-01,0,None,Not Needed,0,0.8
SYN02237,68,Male,East,Provider Group C,Colorectal Cancer Screening,1,1,Compliant,2026-02-01,0,None,Not Needed,0,0.75
SYN02237,68,Male,East,Provider Group C,Controlling Blood Pressure,1,0,Open,2026-02-01,0,None,Not Attempted,0,0.8
SYN02240,89,Male,South,Provider Group E,Colorectal Cancer Screening,0,0,Not Eligible,2026-02-01,0,None,Not Needed,0,0.75
SYN02240,89,Male,South,Provider Group E,Controlling Blood Pressure,0,0,Not Eligible,2026-02-01,0,None,Not Needed,0,0.8
SYN02240,89,Male,South,Provider Group E,Diabetes Care,1,0,Open,2026-02-01,1,Phone,Reached,0,0.78
SYN02244,88,Male,West,Provider Group B,Controlling Blood Pressure,1,1,Compliant,2026-02-01,2,Phone,Reached,1,0.8
SYN02244,88,Male,West,Provider Group B,Diabetes Care,1,0,Open,2026-02-01,1,Mail,Unable to Reach,0,0.78
SYN02253,79,Female,South,Provider Group A,Colorectal Cancer Screening,0,0,Not Eligible,2026-02-01,0,None,Not Needed,0,0.75
SYN02253,79,Female,South,Provider Group A,Controlling Blood Pressure,1,1,Compliant,2026-02-01,0,None,Not Needed,0,0.8
SYN02253,79,Female,South,Provider Group A,Medication Adherence,1,1,Compliant,2026-02-01,0,None,Not Needed,0,0.85
SYN02261,72,Male,West,Provider Group D,Medication Adherence,1,1,Compliant,2026-02-01,0,None,Not Needed,0,0.85
SYN02269,72,Male,North,Provider Group A,Follow-Up After Hospitalization,0,0,Not Eligible,2026-02-01,0,None,Not Needed,0,0.75
SYN02269,72,Male,North,Provider Group A,Medication Adherence,1,1,Compliant,2026-02-01,0,None,Not Needed,0,0.85
SYN02287,67,Female,South,Provider Group A,Diabetes Care,0,0,Not Eligible,2026-02-01,0,None,Not Needed,0,0.78
SYN02287,67,Female,South,Provider Group A,Medication Adherence,1,1,Compliant,2026-02-01,0,None,Not Needed,0,0.85
SYN02291,73,Female,West,Provider Group A,Breast Cancer Screening,1,1,Compliant,2026-02-01,0,None,Not Needed,0,0.8
SYN02291,73,Female,West,Provider Group A,Controlling Blood Pressure,1,1,Compliant,2026-02-01,0,None,Not Needed,0,0.8
SYN02291,73,Female,West,Provider Group A,Diabetes Care,1,1,Compliant,2026-02-01,0,None,Not Needed,0,0.78
SYN02296,66,Male,South,Provider Group B,Controlling Blood Pressure,0,0,Not Eligible,2026-02-01,0,None,Not Needed,0,0.8
SYN02296,66,Male,South,Provider Group B,Diabetes Care,1,1,Compliant,2026-02-01,0,None,Not Needed,0,0.78
SYN02296,66,Male,South,Provider Group B,Medication Adherence,1,1,Compliant,2026-02-01,0,None,Not Needed,0,0.85
SYN02303,66,Female,East,Provider Group B,Breast Cancer Screening,1,1,Compliant,2026-02-01,0,None,Not Needed,0,0.8
SYN02303,66,Female,East,Provider Group B,Colorectal Cancer Screening,1,1,Compliant,2026-02-01,0,None,Not Needed,0,0.75
SYN02303,66,Female,East,Provider Group B,Medication Adherence,1,0,Open,2026-02-01,1,Mail,Unable to Reach,0,0.85
SYN02307,75,Male,West,Provider Group C,Follow-Up After Hospitalization,1,0,Open,2026-02-01,0,None,Not Attempted,0,0.75
SYN02308,71,Male,South,Provider Group B,Colorectal Cancer Screening,1,1,Compliant,2026-02-01,0,None,Not Needed,0,0.75
SYN02308,71,Male,South,Provider Group B,Controlling Blood Pressure,1,1,Compliant,2026-02-01,0,None,Not Needed,0,0.8
SYN02308,71,Male,South,Provider Group B,Diabetes Care,1,0,Open,2026-02-01,3,Mail,Unable to Reach,0,0.78
SYN02325,70,Female,South,Provider Group C,Breast Cancer Screening,1,1,Compliant,2026-02-01,3,Mail,Reached,1,0.8
SYN02325,70,Female,South,Provider Group C,Colorectal Cancer Screening,1,0,Open,2026-02-01,0,None,Not Attempted,0,0.75
SYN02325,70,Female,South,Provider Group C,Controlling Blood Pressure,1,0,Open,2026-02-01,3,Mail,Unable to Reach,0,0.8
SYN02325,70,Female,South,Provider Group C,Follow-Up After Hospitalization,1,0,Open,2026-02-01,4,Mail,Reached,0,0.75
SYN02343,84,Female,South,Provider Group C,Colorectal Cancer Screening,0,0,Not Eligible,2026-02-01,0,None,Not Needed,0,0.75
SYN02343,84,Female,South,Provider Group C,Diabetes Care,1,1,Compliant,2026-02-01,0,None,Not Needed,0,0.78
SYN02343,84,Female,South,Provider Group C,Follow-Up After Hospitalization,1,1,Compliant,2026-02-01,2,Phone,Reached,1,0.75
SYN02346,75,Female,North,Provider Group B,Breast Cancer Screening,0,0,Not Eligible,2026-02-01,0,None,Not Needed,0,0.8
SYN02346,75,Female,North,Provider Group B,Colorectal Cancer Screening,1,1,Compliant,2026-02-01,0,None,Not Needed,0,0.75
SYN02346,75,Female,North,Provider Group B,Controlling Blood Pressure,1,0,Open,2026-02-01,2,Phone,Reached,0,0.8
SYN02346,75,Female,North,Provider Group B,Diabetes Care,1,0,Open,2026-02-01,0,None,Not Attempted,0,0.78
SYN02346,75,Female,North,Provider Group B,Medication Adherence,1,1,Compliant,2026-02-01,0,None,Not Needed,0,0.85
SYN02360,68,Female,North,Provider Group C,Breast Cancer Screening,1,1,Compliant,2026-02-01,0,None,Not Needed,0,0.8
SYN02360,68,Female,North,Provider Group C,Controlling Blood Pressure,1,0,Open,2026-02-01,2,Phone,Reached,0,0.8
SYN02360,68,Female,North,Provider Group C,Diabetes Care,1,1,Compliant,2026-02-01,0,None,Not Needed,0,0.78
SYN02360,68,Female,North,Provider Group C,Medication Adherence,1,1,Compliant,2026-02-01,3,Phone,Reached,1,0.85
SYN02362,75,Male,East,Provider Group D,Colorectal Cancer Screening,1,0,Open,2026-02-01,2,Mail,Unable to Reach,0,0.75
SYN02362,75,Male,East,Provider Group D,Follow-Up After Hospitalization,0,0,Not Eligible,2026-02-01,0,None,Not Needed,0,0.75
SYN02362,75,Male,East,Provider Group D,Medication Adherence,1,1,Compliant,2026-02-01,0,None,Not Needed,0,0.85
SYN02375,75,Male,South,Provider Group C,Breast Cancer Screening,0,0,Not Eligible,2026-02-01,0,None,Not Needed,0,0.8
SYN02375,75,Male,South,Provider Group C,Colorectal Cancer Screening,1,1,Compliant,2026-02-01,0,None,Not Needed,0,0.75
SYN02375,75,Male,South,Provider Group C,Controlling Blood Pressure,1,1,Compliant,2026-02-01,0,None,Not Needed,0,0.8
SYN02375,75,Male,South,Provider Group C,Medication Adherence,1,1,Compliant,2026-02-01,0,None,Not Needed,0,0.85
SYN02377,72,Female,North,Provider Group B,Breast Cancer Screening,1,1,Compliant,2026-02-01,0,None,Not Needed,0,0.8
SYN02377,72,Female,North,Provider Group B,Controlling Blood Pressure,1,0,Open,2026-02-01,2,Phone,Reached,0,0.8
SYN02377,72,Female,North,Provider Group B,Follow-Up After Hospitalization,1,0,Open,2026-02-01,2,SMS,Declined,0,0.75
SYN02385,70,Male,West,Provider Group B,Breast Cancer Screening,0,0,Not Eligible,2026-02-01,0,None,Not Needed,0,0.8
SYN02385,70,Male,West,Provider Group B,Controlling Blood Pressure,1,1,Compliant,2026-02-01,0,None,Not Needed,0,0.8
SYN02385,70,Male,West,Provider Group B,Medication Adherence,0,0,Not Eligible,2026-02-01,0,None,Not Needed,0,0.85
SYN02388,69,Female,East,Provider Group B,Colorectal Cancer Screening,1,1,Compliant,2026-02-01,0,None,Not Needed,0,0.75
SYN02391,85,Female,West,Provider Group D,Colorectal Cancer Screening,0,0,Not Eligible,2026-02-01,0,None,Not Needed,0,0.75
SYN02393,65,Male,East,Provider Group A,Diabetes Care,1,1,Compliant,2026-02-01,0,None,Not Needed,0,0.78
SYN02393,65,Male,East,Provider Group A,Follow-Up After Hospitalization,1,1,Compliant,2026-02-01,0,None,Not Needed,0,0.75
SYN02403,84,Male,South,Provider Group C,Colorectal Cancer Screening,0,0,Not Eligible,2026-02-01,0,None,Not Needed,0,0.75
SYN02403,84,Male,South,Provider Group C,Diabetes Care,1,0,Open,2026-02-01,0,None,Not Attempted,0,0.78
SYN02406,65,Male,South,Provider Group C,Follow-Up After Hospitalization,0,0,Not Eligible,2026-02-01,0,None,Not Needed,0,0.75
SYN02407,82,Female,South,Provider Group D,Colorectal Cancer Screening,0,0,Not Eligible,2026-02-01,0,None,Not Needed,0,0.75
SYN02407,82,Female,South,Provider Group D,Controlling Blood Pressure,1,1,Compliant,2026-02-01,0,None,Not Needed,0,0.8
SYN02410,68,Male,South,Provider Group B,Medication Adherence,1,1,Compliant,2026-02-01,0,None,Not Needed,0,0.85
SYN02424,73,Male,West,Provider Group B,Controlling Blood Pressure,1,1,Compliant,2026-02-01,0,None,Not Needed,0,0.8
SYN02425,87,Male,North,Provider Group B,Controlling Blood Pressure,0,0,Not Eligible,2026-02-01,0,None,Not Needed,0,0.8
SYN02425,87,Male,North,Provider Group B,Medication Adherence,1,1,Compliant,2026-02-01,0,None,Not Needed,0,0.85
SYN02428,71,Female,West,Provider Group B,Breast Cancer Screening,1,1,Compliant,2026-02-01,0,None,Not Needed,0,0.8
SYN02428,71,Female,West,Provider Group B,Controlling Blood Pressure,1,0,Open,2026-02-01,2,Phone,Declined,0,0.8
SYN02428,71,Female,West,Provider Group B,Diabetes Care,1,1,Compliant,2026-02-01,0,None,Not Needed,0,0.78
SYN02428,71,Female,West,Provider Group B,Medication Adherence,1,0,Open,2026-02-01,0,None,Not Attempted,0,0.85
SYN02431,72,Female,West,Provider Group C,Follow-Up After Hospitalization,1,1,Compliant,2026-02-01,1,Phone,Reached,1,0.75
SYN02436,69,Male,East,Provider Group C,Colorectal Cancer Screening,1,1,Compliant,2026-02-01,0,None,Not Needed,0,0.75
SYN02436,69,Male,East,Provider Group C,Follow-Up After Hospitalization,1,0,Open,2026-02-01,0,None,Not Attempted,0,0.75
SYN02440,87,Female,South,Provider Group C,Breast Cancer Screening,0,0,Not Eligible,2026-02-01,0,None,Not Needed,0,0.8
SYN02440,87,Female,South,Provider Group C,Follow-Up After Hospitalization,0,0,Not Eligible,2026-02-01,0,None,Not Needed,0,0.75
SYN02440,87,Female,South,Provider Group C,Medication Adherence,1,0,Open,2026-02-01,0,None,Not Attempted,0,0.85
SYN02442,75,Female,East,Provider Group A,Diabetes Care,1,1,Compliant,2026-02-01,0,None,Not Needed,0,0.78
SYN02442,75,Female,East,Provider Group A,Follow-Up After Hospitalization,1,1,Compliant,2026-02-01,0,None,Not Needed,0,0.75
SYN02449,79,Female,South,Provider Group B,Controlling Blood Pressure,1,1,Compliant,2026-02-01,0,None,Not Needed,0,0.8
SYN02449,79,Female,South,Provider Group B,Diabetes Care,1,1,Compliant,2026-02-01,0,None,Not Needed,0,0.78
SYN02451,74,Female,West,Provider Group B,Colorectal Cancer Screening,1,0,Open,2026-02-01,0,None,Not Attempted,0,0.75
SYN02451,74,Female,West,Provider Group B,Controlling Blood Pressure,1,1,Compliant,2026-02-01,0,None,Not Needed,0,0.8
SYN02451,74,Female,West,Provider Group B,Medication Adherence,1,1,Compliant,2026-02-01,0,None,Not Needed,0,0.85
SYN02474,72,Female,East,Provider Group A,Breast Cancer Screening,1,1,Compliant,2026-02-01,0,None,Not Needed,0,0.8
SYN02474,72,Female,East,Provider Group A,Follow-Up After Hospitalization,1,1,Compliant,2026-02-01,0,None,Not Needed,0,0.75
SYN02476,87,Female,East,Provider Group D,Breast Cancer Screening,0,0,Not Eligible,2026-02-01,0,None,Not Needed,0,0.8
SYN02476,87,Female,East,Provider Group D,Colorectal Cancer Screening,0,0,Not Eligible,2026-02-01,0,None,Not Needed,0,0.75
SYN02479,83,Male,South,Provider Group B,Colorectal Cancer Screening,0,0,Not Eligible,2026-02-01,0,None,Not Needed,0,0.75
SYN02479,83,Male,South,Provider Group B,Diabetes Care,0,0,Not Eligible,2026-02-01,0,None,Not Needed,0,0.78
SYN02485,86,Female,East,Provider Group D,Colorectal Cancer Screening,0,0,Not Eligible,2026-02-01,0,None,Not Needed,0,0.75
SYN02485,86,Female,East,Provider Group D,Controlling Blood Pressure,1,0,Open,2026-02-01,1,Phone,Unable to Reach,0,0.8
SYN02485,86,Female,East,Provider Group D,Follow-Up After Hospitalization,0,0,Not Eligible,2026-02-01,0,None,Not Needed,0,0.75
SYN02499,74,Male,North,Provider Group C,Colorectal Cancer Screening,1,0,Open,2026-02-01,1,SMS,Reached,0,0.75
SYN02499,74,Male,North,Provider Group C,Controlling Blood Pressure,0,0,Not Eligible,2026-02-01,0,None,Not Needed,0,0.8
SYN02499,74,Male,North,Provider Group C,Diabetes Care,0,0,Not Eligible,2026-02-01,0,None,Not Needed,0,0.78
SYN02499,74,Male,North,Provider Group C,Follow-Up After Hospitalization,1,0,Open,2026-02-01,2,Mail,Reached,0,0.75
SYN02511,74,Male,West,Provider Group A,Colorectal Cancer Screening,1,0,Open,2026-02-01,1,SMS,Reached,0,0.75
SYN02527,82,Male,West,Provider Group B,Colorectal Cancer Screening,0,0,Not Eligible,2026-02-01,0,None,Not Needed,0,0.75
SYN02527,82,Male,West,Provider Group B,Diabetes Care,0,0,Not Eligible,2026-02-01,0,None,Not Needed,0,0.78
SYN02529,68,Female,North,Provider Group E,Controlling Blood Pressure,1,1,Compliant,2026-02-01,0,None,Not Needed,0,0.8
SYN02540,75,Male,North,Provider Group E,Medication Adherence,1,1,Compliant,2026-02-01,0,None,Not Needed,0,0.85
SYN02542,84,Female,North,Provider Group B,Breast Cancer Screening,0,0,Not Eligible,2026-02-01,0,None,Not Needed,0,0.8
SYN02542,84,Female,North,Provider Group B,Medication Adherence,1,1,Compliant,2026-02-01,0,None,Not Needed,0,0.85
SYN02544,71,Female,East,Provider Group B,Colorectal Cancer Screening,1,1,Compliant,2026-02-01,4,Phone,Reached,1,0.75
SYN02544,71,Female,East,Provider Group B,Controlling Blood Pressure,1,1,Compliant,2026-02-01,0,None,Not Needed,0,0.8
SYN02544,71,Female,East,Provider Group B,Diabetes Care,0,0,Not Eligible,2026-02-01,0,None,Not Needed,0,0.78
SYN02544,71,Female,East,Provider Group B,Follow-Up After Hospitalization,1,1,Compliant,2026-02-01,2,Care Coordinator,Reached,1,0.75
SYN02544,71,Female,East,Provider Group B,Medication Adherence,0,0,Not Eligible,2026-02-01,0,None,Not Needed,0,0.85
SYN02558,74,Male,East,Provider Group A,Breast Cancer Screening,0,0,Not Eligible,2026-02-01,0,None,Not Needed,0,0.8
SYN02558,74,Male,East,Provider Group A,Colorectal Cancer Screening,1,0,Open,2026-02-01,1,Phone,Reached,0,0.75
SYN02558,74,Male,East,Provider Group A,Follow-Up After Hospitalization,1,1,Compliant,2026-02-01,1,Care Coordinator,Reached,1,0.75
SYN02559,67,Male,North,Provider Group B,Controlling Blood Pressure,1,1,Compliant,2026-02-01,0,None,Not Needed,0,0.8
SYN02559,67,Male,North,Provider Group B,Diabetes Care,1,1,Compliant,2026-02-01,0,None,Not Needed,0,0.78
SYN02559,67,Male,North,Provider Group B,Medication Adherence,1,1,Compliant,2026-02-01,0,None,Not Needed,0,0.85
SYN02569,66,Female,West,Provider Group C,Breast Cancer Screening,1,1,Compliant,2026-02-01,0,None,Not Needed,0,0.8
SYN02569,66,Female,West,Provider Group C,Controlling Blood Pressure,1,1,Compliant,2026-02-01,0,None,Not Needed,0,0.8
SYN02569,66,Female,West,Provider Group C,Diabetes Care,1,1,Compliant,2026-02-01,0,None,Not Needed,0,0.78
SYN02574,75,Male,West,Provider Group A,Follow-Up After Hospitalization,1,1,Compliant,2026-02-01,0,None,Not Needed,0,0.75
SYN02584,83,Male,South,Provider Group B,Breast Cancer Screening,0,0,Not Eligible,2026-02-01,0,None,Not Needed,0,0.8
SYN02584,83,Male,South,Provider Group B,Colorectal Cancer Screening,0,0,Not Eligible,2026-02-01,0,None,Not Needed,0,0.75
SYN02584,83,Male,South,Provider Group B,Diabetes Care,0,1,Not Eligible,2026-02-01,0,None,Not Needed,0,0.78
SYN02584,83,Male,South,Provider Group B,Follow-Up After Hospitalization,0,0,Not Eligible,2026-02-01,0,None,Not Needed,0,0.75
SYN02584,83,Male,South,Provider Group B,Medication Adherence,1,0,Open,2026-02-01,2,Mail,Unable to Reach,0,0.85
SYN02593,73,Female,North,Provider Group D,Breast Cancer Screening,0,0,Not Eligible,2026-02-01,0,None,Not Needed,0,0.8
SYN02593,73,Female,North,Provider Group D,Controlling Blood Pressure,1,1,Compliant,2026-02-01,0,None,Not Needed,0,0.8
SYN02593,73,Female,North,Provider Group D,Medication Adherence,1,1,Compliant,2026-02-01,0,None,Not Needed,0,0.85
SYN02594,87,Female,North,Provider Group D,Breast Cancer Screening,0,0,Not Eligible,2026-02-01,0,None,Not Needed,0,0.8
SYN02594,87,Female,North,Provider Group D,Controlling Blood Pressure,1,1,Compliant,2026-02-01,0,None,Not Needed,0,0.8
SYN02594,87,Female,North,Provider Group D,Diabetes Care,1,1,Compliant,2026-02-01,0,None,Not Needed,0,0.78
SYN02594,87,Female,North,Provider Group D,Medication Adherence,1,1,Compliant,2026-02-01,0,None,Not Needed,0,0.85
SYN02599,70,Male,North,Provider Group E,Colorectal Cancer Screening,1,0,Open,2026-02-01,1,Phone,Reached,0,0.75
SYN02599,70,Male,North,Provider Group E,Controlling Blood Pressure,1,1,Compliant,2026-02-01,0,None,Not Needed,0,0.8
SYN02599,70,Male,North,Provider Group E,Follow-Up After Hospitalization,1,0,Open,2026-02-01,0,None,Not Attempted,0,0.75
SYN02599,70,Male,North,Provider Group E,Medication Adherence,1,1,Compliant,2026-02-01,0,None,Not Needed,0,0.85
SYN02607,68,Male,East,Provider Group C,Medication Adherence,1,1,Compliant,2026-02-01,0,None,Not Needed,0,0.85
SYN02609,82,Female,South,Provider Group B,Breast Cancer Screening,0,0,Not Eligible,2026-02-01,0,None,Not Needed,0,0.8
SYN02609,82,Female,South,Provider Group B,Colorectal Cancer Screening,0,0,Not Eligible,2026-02-01,0,None,Not Needed,0,0.75
SYN02609,82,Female,South,Provider Group B,Follow-Up After Hospitalization,0,0,Not Eligible,2026-02-01,0,None,Not Needed,0,0.75
SYN02620,65,Female,North,Provider Group C,Controlling Blood Pressure,1,1,Compliant,2026-02-01,3,Care Coordinator,Reached,1,0.8
SYN02635,70,Male,East,Provider Group B,Follow-Up After Hospitalization,1,0,Open,2026-02-01,0,None,Not Attempted,0,0.75
SYN02635,70,Male,East,Provider Group B,Medication Adherence,1,1,Compliant,2026-02-01,0,None,Not Needed,0,0.85
SYN02653,71,Male,North,Provider Group E,Colorectal Cancer Screening,1,0,Open,2026-02-01,2,Mail,Reached,0,0.75
SYN02653,71,Male,North,Provider Group E,Controlling Blood Pressure,1,1,Compliant,2026-02-01,0,None,Not Needed,0,0.8
SYN02653,71,Male,North,Provider Group E,Diabetes Care,1,1,Compliant,2026-02-01,0,None,Not Needed,0,0.78
SYN02667,65,Female,South,Provider Group C,Controlling Blood Pressure,1,1,Compliant,2026-02-01,0,None,Not Needed,0,0.8
SYN02680,75,Female,South,Provider Group C,Breast Cancer Screening,0,0,Not Eligible,2026-02-01,0,None,Not Needed,0,0.8
SYN02680,75,Female,South,Provider Group C,Colorectal Cancer Screening,1,1,Compliant,2026-02-01,0,None,Not Needed,0,0.75
SYN02680,75,Female,South,Provider Group C,Diabetes Care,0,0,Not Eligible,2026-02-01,0,None,Not Needed,0,0.78
SYN02698,69,Male,West,Provider Group A,Colorectal Cancer Screening,1,1,Compliant,2026-02-01,4,Care Coordinator,Reached,1,0.75
SYN02698,69,Male,West,Provider Group A,Controlling Blood Pressure,0,0,Not Eligible,2026-02-01,0,None,Not Needed,0,0.8
SYN02698,69,Male,West,Provider Group A,Diabetes Care,1,0,Open,2026-02-01,1,Phone,Declined,0,0.78
SYN02700,82,Female,South,Provider Group C,Colorectal Cancer Screening,0,0,Not Eligible,2026-02-01,0,None,Not Needed,0,0.75
SYN02700,82,Female,South,Provider Group C,Diabetes Care,1,1,Compliant,2026-02-01,0,None,Not Needed,0,0.78
SYN02700,82,Female,South,Provider Group C,Medication Adherence,1,1,Compliant,2026-02-01,0,None,Not Needed,0,0.85
SYN02704,81,Female,East,Provider Group E,Breast Cancer Screening,0,0,Not Eligible,2026-02-01,0,None,Not Needed,0,0.8
SYN02704,81,Female,East,Provider Group E,Medication Adherence,1,0,Open,2026-02-01,2,Phone,Declined,0,0.85
SYN02718,74,Female,South,Provider Group B,Follow-Up After Hospitalization,1,1,Compliant,2026-02-01,2,Phone,Reached,1,0.75
SYN02723,85,Male,South,Provider Group D,Follow-Up After Hospitalization,0,0,Not Eligible,2026-02-01,0,None,Not Needed,0,0.75
SYN02723,85,Male,South,Provider Group D,Medication Adherence,1,1,Compliant,2026-02-01,0,None,Not Needed,0,0.85
SYN02727,82,Male,South,Provider Group C,Colorectal Cancer Screening,0,0,Not Eligible,2026-02-01,0,None,Not Needed,0,0.75
SYN02727,82,Male,South,Provider Group C,Controlling Blood Pressure,1,1,Compliant,2026-02-01,0,None,Not Needed,0,0.8
SYN02727,82,Male,South,Provider Group C,Diabetes Care,0,0,Not Eligible,2026-02-01,0,None,Not Needed,0,0.78
SYN02727,82,Male,South,Provider Group C,Medication Adherence,1,1,Compliant,2026-02-01,0,None,Not Needed,0,0.85
SYN02729,65,Male,West,Provider Group B,Controlling Blood Pressure,1,1,Compliant,2026-02-01,2,Phone,Reached,1,0.8
SYN02729,65,Male,West,Provider Group B,Diabetes Care,0,0,Not Eligible,2026-02-01,0,None,Not Needed,0,0.78
SYN02729,65,Male,West,Provider Group B,Medication Adherence,1,1,Compliant,2026-02-01,0,None,Not Needed,0,0.85
SYN02732,85,Female,East,Provider Group C,Medication Adherence,1,1,Compliant,2026-02-01,0,None,Not Needed,0,0.85
SYN02733,75,Male,West,Provider Group B,Controlling Blood Pressure,1,1,Compliant,2026-02-01,0,None,Not Needed,0,0.8
SYN02734,65,Female,West,Provider Group C,Breast Cancer Screening,1,1,Compliant,2026-02-01,0,None,Not Needed,0,0.8
SYN02734,65,Female,West,Provider Group C,Colorectal Cancer Screening,1,0,Open,2026-02-01,0,None,Not Attempted,0,0.75
SYN02734,65,Female,West,Provider Group C,Controlling Blood Pressure,1,0,Open,2026-02-01,0,None,Not Attempted,0,0.8
SYN02734,65,Female,West,Provider Group C,Follow-Up After Hospitalization,1,1,Compliant,2026-02-01,1,Care Coordinator,Reached,1,0.75
SYN02735,75,Female,North,Provider Group A,Controlling Blood Pressure,1,1,Compliant,2026-02-01,0,None,Not Needed,0,0.8
SYN02735,75,Female,North,Provider Group A,Diabetes Care,1,1,Compliant,2026-02-01,0,None,Not Needed,0,0.78
SYN02735,75,Female,North,Provider Group A,Follow-Up After Hospitalization,0,0,Not Eligible,2026-02-01,0,None,Not Needed,0,0.75
SYN02744,73,Male,East,Provider Group C,Controlling Blood Pressure,1,0,Open,2026-02-01,0,None,Not Attempted,0,0.8
SYN02744,73,Male,East,Provider Group C,Diabetes Care,0,0,Not Eligible,2026-02-01,0,None,Not Needed,0,0.78
SYN02752,76,Male,East,Provider Group B,Diabetes Care,1,1,Compliant,2026-02-01,0,None,Not Needed,0,0.78
SYN02754,84,Male,North,Provider Group D,Colorectal Cancer Screening,0,0,Not Eligible,2026-02-01,0,None,Not Needed,0,0.75
SYN02754,84,Male,North,Provider Group D,Controlling Blood Pressure,0,0,Not Eligible,2026-02-01,0,None,Not Needed,0,0.8
SYN02754,84,Male,North,Provider Group D,Diabetes Care,1,1,Compliant,2026-02-01,1,Phone,Reached,1,0.78
SYN02754,84,Male,North,Provider Group D,Medication Adherence,1,1,Compliant,2026-02-01,0,None,Not Needed,0,0.85
SYN02760,85,Female,West,Provider Group C,Breast Cancer Screening,0,0,Not Eligible,2026-02-01,0,None,Not Needed,0,0.8
SYN02760,85,Female,West,Provider Group C,Diabetes Care,1,1,Compliant,2026-02-01,0,None,Not Needed,0,0.78
SYN02760,85,Female,West,Provider Group C,Follow-Up After Hospitalization,1,0,Open,2026-02-01,0,None,Not Attempted,0,0.75
SYN02760,85,Female,West,Provider Group C,Medication Adherence,1,1,Compliant,2026-02-01,0,None,Not Needed,0,0.85
SYN02763,79,Male,South,Provider Group C,Follow-Up After Hospitalization,1,0,Open,2026-02-01,0,None,Not Attempted,0,0.75
SYN02763,79,Male,South,Provider Group C,Medication Adherence,1,1,Compliant,2026-02-01,0,None,Not Needed,0,0.85
SYN02777,72,Female,East,Provider Group E,Breast Cancer Screening,1,1,Compliant,2026-02-01,0,None,Not Needed,0,0.8
SYN02777,72,Female,East,Provider Group E,Colorectal Cancer Screening,1,0,Open,2026-02-01,2,Phone,Reached,0,0.75
SYN02777,72,Female,East,Provider Group E,Controlling Blood Pressure,1,0,Open,2026-02-01,0,None,Not Attempted,0,0.8
SYN02781,72,Female,South,Provider Group C,Breast Cancer Screening,1,0,Open,2026-02-01,3,Mail,Reached,0,0.8
SYN02781,72,Female,South,Provider Group C,Colorectal Cancer Screening,1,0,Open,2026-02-01,1,Mail,Reached,0,0.75
SYN02781,72,Female,South,Provider Group C,Diabetes Care,1,0,Open,2026-02-01,3,Mail,Unable to Reach,0,0.78
SYN02781,72,Female,South,Provider Group C,Follow-Up After Hospitalization,1,0,Open,2026-02-01,4,Phone,Unable to Reach,0,0.75
SYN02788,86,Female,West,Provider Group B,Breast Cancer Screening,0,0,Not Eligible,2026-02-01,0,None,Not Needed,0,0.8
SYN02788,86,Female,West,Provider Group B,Controlling Blood Pressure,1,1,Compliant,2026-02-01,0,None,Not Needed,0,0.8
SYN02788,86,Female,West,Provider Group B,Medication Adherence,1,1,Compliant,2026-02-01,0,None,Not Needed,0,0.85
SYN02789,80,Male,North,Provider Group D,Colorectal Cancer Screening,0,1,Not Eligible,2026-02-01,0,None,Not Needed,0,0.75
SYN02789,80,Male,North,Provider Group D,Diabetes Care,1,1,Compliant,2026-02-01,0,None,Not Needed,0,0.78
SYN02791,77,Female,South,Provider Group B,Breast Cancer Screening,0,0,Not Eligible,2026-02-01,0,None,Not Needed,0,0.8
SYN02791,77,Female,South,Provider Group B,Diabetes Care,0,0,Not Eligible,2026-02-01,0,None,Not Needed,0,0.78
SYN02793,75,Male,West,Provider Group D,Colorectal Cancer Screening,1,1,Compliant,2026-02-01,1,Phone,Reached,1,0.75
SYN02793,75,Male,West,Provider Group D,Controlling Blood Pressure,1,1,Compliant,2026-02-01,0,None,Not Needed,0,0.8
SYN02793,75,Male,West,Provider Group D,Diabetes Care,1,0,Open,2026-02-01,4,Phone,Unable to Reach,0,0.78
SYN02796,74,Female,East,Provider Group D,Diabetes Care,1,0,Open,2026-02-01,1,SMS,Reached,0,0.78
SYN02796,74,Female,East,Provider Group D,Follow-Up After Hospitalization,1,0,Open,2026-02-01,0,None,Not Attempted,0,0.75
SYN02811,69,Female,West,Provider Group C,Breast Cancer Screening,1,1,Compliant,2026-02-01,0,None,Not Needed,0,0.8
SYN02811,69,Female,West,Provider Group C,Diabetes Care,1,1,Compliant,2026-02-01,0,None,Not Needed,0,0.78
SYN02816,88,Female,South,Provider Group A,Breast Cancer Screening,0,0,Not Eligible,2026-02-01,0,None,Not Needed,0,0.8
SYN02816,88,Female,South,Provider Group A,Controlling Blood Pressure,0,0,Not Eligible,2026-02-01,0,None,Not Needed,0,0.8
SYN02816,88,Female,South,Provider Group A,Follow-Up After Hospitalization,1,0,Open,2026-02-01,0,None,Not Attempted,0,0.75
SYN02816,88,Female,South,Provider Group A,Medication Adherence,1,1,Compliant,2026-02-01,0,None,Not Needed,0,0.85
SYN02818,88,Female,South,Provider Group E,Breast Cancer Screening,0,0,Not Eligible,2026-02-01,0,None,Not Needed,0,0.8
SYN02818,88,Female,South,Provider Group E,Colorectal Cancer Screening,0,0,Not Eligible,2026-02-01,0,None,Not Needed,0,0.75
SYN02818,88,Female,South,Provider Group E,Diabetes Care,1,0,Open,2026-02-01,2,SMS,Reached,0,0.78
SYN02834,83,Female,North,Provider Group B,Controlling Blood Pressure,1,1,Compliant,2026-02-01,0,None,Not Needed,0,0.8
SYN02834,83,Female,North,Provider Group B,Diabetes Care,0,0,Not Eligible,2026-02-01,0,None,Not Needed,0,0.78
SYN02834,83,Female,North,Provider Group B,Follow-Up After Hospitalization,1,1,Compliant,2026-02-01,2,Phone,Reached,1,0.75
SYN02843,72,Female,South,Provider Group A,Colorectal Cancer Screening,1,0,Open,2026-02-01,1,Phone,Reached,0,0.75
SYN02843,72,Female,South,Provider Group A,Controlling Blood Pressure,1,1,Compliant,2026-02-01,0,None,Not Needed,0,0.8
SYN02843,72,Female,South,Provider Group A,Diabetes Care,0,0,Not Eligible,2026-02-01,0,None,Not Needed,0,0.78
SYN02846,71,Male,South,Provider Group E,Breast Cancer Screening,0,0,Not Eligible,2026-02-01,0,None,Not Needed,0,0.8
SYN02846,71,Male,South,Provider Group E,Controlling Blood Pressure,1,0,Open,2026-02-01,0,None,Not Attempted,0,0.8
SYN02846,71,Male,South,Provider Group E,Diabetes Care,1,0,Open,2026-02-01,1,SMS,Unable to Reach,0,0.78
SYN02849,72,Female,South,Provider Group E,Controlling Blood Pressure,0,0,Not Eligible,2026-02-01,0,None,Not Needed,0,0.8
SYN02860,74,Male,South,Provider Group B,Controlling Blood Pressure,0,0,Not Eligible,2026-02-01,0,None,Not Needed,0,0.8
SYN02863,79,Female,North,Provider Group D,Breast Cancer Screening,0,0,Not Eligible,2026-02-01,0,None,Not Needed,0,0.8
SYN02863,79,Female,North,Provider Group D,Controlling Blood Pressure,1,1,Compliant,2026-02-01,0,None,Not Needed,0,0.8
SYN02879,67,Male,East,Provider Group C,Controlling Blood Pressure,1,1,Compliant,2026-02-01,0,None,Not Needed,0,0.8
SYN02879,67,Male,East,Provider Group C,Diabetes Care,0,0,Not Eligible,2026-02-01,0,None,Not Needed,0,0.78
SYN02883,74,Male,North,Provider Group C,Controlling Blood Pressure,1,0,Open,2026-02-01,1,Phone,Unable to Reach,0,0.8
SYN02883,74,Male,North,Provider Group C,Medication Adherence,1,0,Open,2026-02-01,4,Phone,Reached,0,0.85
SYN02892,72,Male,North,Provider Group B,Medication Adherence,1,1,Compliant,2026-02-01,0,None,Not Needed,0,0.85
SYN02896,72,Female,North,Provider Group B,Breast Cancer Screening,1,1,Compliant,2026-02-01,0,None,Not Needed,0,0.8
SYN02896,72,Female,North,Provider Group B,Colorectal Cancer Screening,1,0,Open,2026-02-01,0,None,Not Attempted,0,0.75
SYN02896,72,Female,North,Provider Group B,Controlling Blood Pressure,1,1,Compliant,2026-02-01,0,None,Not Needed,0,0.8
SYN02896,72,Female,North,Provider Group B,Diabetes Care,1,0,Open,2026-02-01,1,Mail,Declined,0,0.78
SYN02896,72,Female,North,Provider Group B,Follow-Up After Hospitalization,1,1,Compliant,2026-02-01,0,None,Not Needed,0,0.75
SYN02907,68,Female,East,Provider Group E,Colorectal Cancer Screening,0,0,Not Eligible,2026-02-01,0,None,Not Needed,0,0.75
SYN02907,68,Female,East,Provider Group E,Controlling Blood Pressure,1,0,Open,2026-02-01,1,SMS,Declined,0,0.8
SYN02907,68,Female,East,Provider Group E,Medication Adherence,1,1,Compliant,2026-02-01,0,None,Not Needed,0,0.85
SYN02933,70,Female,West,Provider Group C,Breast Cancer Screening,1,0,Open,2026-02-01,0,None,Not Attempted,0,0.8
SYN02933,70,Female,West,Provider Group C,Colorectal Cancer Screening,1,0,Open,2026-02-01,1,SMS,Unable to Reach,0,0.75
SYN02933,70,Female,West,Provider Group C,Diabetes Care,1,1,Compliant,2026-02-01,2,SMS,Reached,1,0.78
SYN02933,70,Female,West,Provider Group C,Follow-Up After Hospitalization,1,0,Open,2026-02-01,4,Phone,Reached,0,0.75
SYN02933,70,Female,West,Provider Group C,Medication Adherence,1,1,Compliant,2026-02-01,0,None,Not Needed,0,0.85
SYN02940,65,Female,East,Provider Group A,Breast Cancer Screening,1,0,Open,2026-02-01,0,None,Not Attempted,0,0.8
SYN02943,68,Male,South,Provider Group A,Colorectal Cancer Screening,1,1,Compliant,2026-02-01,0,None,Not Needed,0,0.75
SYN02943,68,Male,South,Provider Group A,Diabetes Care,1,1,Compliant,2026-02-01,0,None,Not Needed,0,0.78
SYN02943,68,Male,South,Provider Group A,Follow-Up After Hospitalization,1,1,Compliant,2026-02-01,0,None,Not Needed,0,0.75
SYN02950,71,Female,South,Provider Group B,Breast Cancer Screening,1,1,Compliant,2026-02-01,1,Phone,Reached,1,0.8
SYN02950,71,Female,South,Provider Group B,Colorectal Cancer Screening,0,0,Not Eligible,2026-02-01,0,None,Not Needed,0,0.75
SYN02950,71,Female,South,Provider Group B,Medication Adherence,1,1,Compliant,2026-02-01,0,None,Not Needed,0,0.85
SYN02957,73,Female,North,Provider Group D,Breast Cancer Screening,1,1,Compliant,2026-02-01,0,None,Not Needed,0,0.8
SYN02957,73,Female,North,Provider Group D,Colorectal Cancer Screening,1,1,Compliant,2026-02-01,0,None,Not Needed,0,0.75
SYN02957,73,Female,North,Provider Group D,Controlling Blood Pressure,1,1,Compliant,2026-02-01,0,None,Not Needed,0,0.8
SYN02960,66,Female,West,Provider Group D,Colorectal Cancer Screening,1,0,Open,2026-02-01,1,Care Coordinator,Reached,0,0.75
SYN02968,68,Female,East,Provider Group A,Controlling Blood Pressure,0,0,Not Eligible,2026-02-01,0,None,Not Needed,0,0.8
SYN02968,68,Female,East,Provider Group A,Follow-Up After Hospitalization,1,0,Open,2026-02-01,0,None,Not Attempted,0,0.75
SYN02969,66,Female,East,Provider Group C,Breast Cancer Screening,1,0,Open,2026-02-01,1,Mail,Unable to Reach,0,0.8
SYN02969,66,Female,East,Provider Group C,Colorectal Cancer Screening,1,0,Open,2026-02-01,0,None,Not Attempted,0,0.75
SYN02969,66,Female,East,Provider Group C,Diabetes Care,0,0,Not Eligible,2026-02-01,0,None,Not Needed,0,0.78
SYN02969,66,Female,East,Provider Group C,Medication Adherence,1,1,Compliant,2026-02-01,0,None,Not Needed,0,0.85
SYN02974,84,Male,South,Provider Group A,Colorectal Cancer Screening,0,0,Not Eligible,2026-02-01,0,None,Not Needed,0,0.75
SYN02974,84,Male,South,Provider Group A,Diabetes Care,1,1,Compliant,2026-02-01,0,None,Not Needed,0,0.78
SYN02982,87,Female,South,Provider Group C,Breast Cancer Screening,0,0,Not Eligible,2026-02-01,0,None,Not Needed,0,0.8
SYN02982,87,Female,South,Provider Group C,Controlling Blood Pressure,0,0,Not Eligible,2026-02-01,0,None,Not Needed,0,0.8
SYN02982,87,Female,South,Provider Group C,Medication Adherence,1,1,Compliant,2026-02-01,0,None,Not Needed,0,0.85
SYN02984,73,Female,East,Provider Group D,Colorectal Cancer Screening,1,0,Open,2026-02-01,1,SMS,Reached,0,0.75
SYN02984,73,Female,East,Provider Group D,Controlling Blood Pressure,1,0,Open,2026-02-01,0,None,Not Attempted,0,0.8
SYN02984,73,Female,East,Provider Group D,Diabetes Care,1,1,Compliant,2026-02-01,0,None,Not Needed,0,0.78
SYN02984,73,Female,East,Provider Group D,Medication Adherence,1,1,Compliant,2026-02-01,0,None,Not Needed,0,0.85
SYN02985,86,Female,West,Provider Group C,Breast Cancer Screening,0,0,Not Eligible,2026-02-01,0,None,Not Needed,0,0.8
SYN02985,86,Female,West,Provider Group C,Colorectal Cancer Screening,0,0,Not Eligible,2026-02-01,0,None,Not Needed,0,0.75
SYN02985,86,Female,West,Provider Group C,Controlling Blood Pressure,1,1,Compliant,2026-02-01,0,None,Not Needed,0,0.8
SYN02985,86,Female,West,Provider Group C,Medication Adherence,1,1,Compliant,2026-02-01,0,None,Not Needed,0,0.85
SYN02993,73,Female,North,Provider Group B,Colorectal Cancer Screening,1,1,Compliant,2026-02-01,0,None,Not Needed,0,0.75
SYN02993,73,Female,North,Provider Group B,Controlling Blood Pressure,1,1,Compliant,2026-02-01,0,None,Not Needed,0,0.8
SYN02993,73,Female,North,Provider Group B,Follow-Up After Hospitalization,1,1,Compliant,2026-02-01,0,None,Not Needed,0,0.75
SYN02993,73,Female,North,Provider Group B,Medication Adherence,1,1,Compliant,2026-02-01,0,None,Not Needed,0,0.85
SYN02995,72,Female,East,Provider Group D,Breast Cancer Screening,1,0,Open,2026-02-01,2,Phone,Reached,0,0.8
SYN02995,72,Female,East,Provider Group D,Colorectal Cancer Screening,1,1,Compliant,2026-02-01,0,None,Not Needed,0,0.75
SYN02995,72,Female,East,Provider Group D,Controlling Blood Pressure,1,1,Compliant,2026-02-01,0,None,Not Needed,0,0.8
SYN03004,73,Male,East,Provider Group D,Controlling Blood Pressure,1,0,Open,2026-02-01,0,None,Not Attempted,0,0.8
SYN03004,73,Male,East,Provider Group D,Diabetes Care,1,1,Compliant,2026-02-01,0,None,Not Needed,0,0.78
SYN03004,73,Male,East,Provider Group D,Follow-Up After Hospitalization,1,1,Compliant,2026-02-01,0,None,Not Needed,0,0.75
SYN03004,73,Male,East,Provider Group D,Medication Adherence,1,0,Open,2026-02-01,0,None,Not Attempted,0,0.85
SYN03005,67,Female,East,Provider Group C,Colorectal Cancer Screening,1,1,Compliant,2026-02-01,0,None,Not Needed,0,0.75
SYN03005,67,Female,East,Provider Group C,Controlling Blood Pressure,1,1,Compliant,2026-02-01,0,None,Not Needed,0,0.8
SYN03005,67,Female,East,Provider Group C,Medication Adherence,1,0,Open,2026-02-01,2,Phone,Reached,0,0.85
SYN03020,69,Female,North,Provider Group B,Colorectal Cancer Screening,1,1,Compliant,2026-02-01,1,Phone,Reached,1,0.75
SYN03020,69,Female,North,Provider Group B,Diabetes Care,1,1,Compliant,2026-02-01,0,None,Not Needed,0,0.78
SYN03020,69,Female,North,Provider Group B,Medication Adherence,1,1,Compliant,2026-02-01,0,None,Not Needed,0,0.85
SYN03021,73,Male,West,Provider Group C,Controlling Blood Pressure,1,1,Compliant,2026-02-01,0,None,Not Needed,0,0.8
SYN03021,73,Male,West,Provider Group C,Medication Adherence,1,1,Compliant,2026-02-01,0,None,Not Needed,0,0.85
SYN03028,86,Female,North,Provider Group B,Colorectal Cancer Screening,0,0,Not Eligible,2026-02-01,0,None,Not Needed,0,0.75
SYN03028,86,Female,North,Provider Group B,Follow-Up After Hospitalization,1,0,Open,2026-02-01,0,None,Not Attempted,0,0.75
SYN03037,69,Male,East,Provider Group A,Colorectal Cancer Screening,1,1,Compliant,2026-02-01,0,None,Not Needed,0,0.75
SYN03037,69,Male,East,Provider Group A,Diabetes Care,0,0,Not Eligible,2026-02-01,0,None,Not Needed,0,0.78
SYN03041,68,Female,South,Provider Group A,Breast Cancer Screening,1,1,Compliant,2026-02-01,0,None,Not Needed,0,0.8
SYN03041,68,Female,South,Provider Group A,Controlling Blood Pressure,1,1,Compliant,2026-02-01,0,None,Not Needed,0,0.8
SYN03041,68,Female,South,Provider Group A,Follow-Up After Hospitalization,0,0,Not Eligible,2026-02-01,0,None,Not Needed,0,0.75
SYN03041,68,Female,South,Provider Group A,Medication Adherence,1,1,Compliant,2026-02-01,0,None,Not Needed,0,0.85
SYN03050,72,Male,West,Provider Group C,Controlling Blood Pressure,1,0,Open,2026-02-01,2,SMS,Declined,0,0.8
SYN03056,75,Female,South,Provider Group B,Breast Cancer Screening,0,0,Not Eligible,2026-02-01,0,None,Not Needed,0,0.8
SYN03056,75,Female,South,Provider Group B,Colorectal Cancer Screening,1,1,Compliant,2026-02-01,1,Phone,Reached,1,0.75
SYN03056,75,Female,South,Provider Group B,Diabetes Care,0,0,Not Eligible,2026-02-01,0,None,Not Needed,0,0.78
SYN03056,75,Female,South,Provider Group B,Medication Adherence,1,1,Compliant,2026-02-01,0,None,Not Needed,0,0.85
SYN03063,75,Female,North,Provider Group C,Breast Cancer Screening,0,0,Not Eligible,2026-02-01,0,None,Not Needed,0,0.8
SYN03063,75,Female,North,Provider Group C,Controlling Blood Pressure,0,0,Not Eligible,2026-02-01,0,None,Not Needed,0,0.8
SYN03063,75,Female,North,Provider Group C,Medication Adherence,1,1,Compliant,2026-02-01,0,None,Not Needed,0,0.85
SYN03067,67,Female,South,Provider Group D,Colorectal Cancer Screening,1,0,Open,2026-02-01,0,None,Not Attempted,0,0.75
SYN03067,67,Female,South,Provider Group D,Follow-Up After Hospitalization,1,1,Compliant,2026-02-01,0,None,Not Needed,0,0.75
SYN03067,67,Female,South,Provider Group D,Medication Adherence,1,1,Compliant,2026-02-01,0,None,Not Needed,0,0.85
SYN03075,73,Male,North,Provider Group B,Colorectal Cancer Screening,1,1,Compliant,2026-02-01,0,None,Not Needed,0,0.75
SYN03075,73,Male,North,Provider Group B,Diabetes Care,1,0,Open,2026-02-01,1,SMS,Unable to Reach,0,0.78
SYN03082,68,Male,North,Provider Group A,Breast Cancer Screening,0,0,Not Eligible,2026-02-01,0,None,Not Needed,0,0.8
SYN03082,68,Male,North,Provider Group A,Colorectal Cancer Screening,1,1,Compliant,2026-02-01,1,Phone,Reached,1,0.75
SYN03082,68,Male,North,Provider Group A,Follow-Up After Hospitalization,1,1,Compliant,2026-02-01,0,None,Not Needed,0,0.75
SYN03082,68,Male,North,Provider Group A,Medication Adherence,1,1,Compliant,2026-02-01,0,None,Not Needed,0,0.85
SYN03083,89,Female,North,Provider Group D,Breast Cancer Screening,0,0,Not Eligible,2026-02-01,0,None,Not Needed,0,0.8
SYN03083,89,Female,North,Provider Group D,Controlling Blood Pressure,1,1,Compliant,2026-02-01,0,None,Not Needed,0,0.99
SYN03083,89,Female,North,Provider Group D,Medication Adherence,1,1,Compliant,2026-02-01,0,None,Not Needed,0,0.85
SYN03087,71,Female,West,Provider Group A,Colorectal Cancer Screening,1,1,Compliant,2026-02-01,0,None,Not Needed,0,0.75
SYN03087,71,Female,West,Provider Group A,Follow-Up After Hospitalization,1,0,Open,2026-02-01,3,Phone,Declined,0,0.75
SYN03087,71,Female,West,Provider Group A,Medication Adherence,1,1,Compliant,2026-02-01,0,None,Not Needed,0,0.85
SYN03089,65,Female,East,Provider Group E,Medication Adherence,0,0,Not Eligible,2026-02-01,0,None,Not Needed,0,0.85
SYN03092,88,Male,East,Provider Group B,Controlling Blood Pressure,1,0,Open,2026-02-01,2,SMS,Unable to Reach,0,0.8
SYN03098,86,Female,East,Provider Group C,Breast Cancer Screening,0,0,Not Eligible,2026-02-01,0,None,Not Needed,0,0.8
SYN03098,86,Female,East,Provider Group C,Medication Adherence,1,1,Compliant,2026-02-01,0,None,Not Needed,0,0.85
SYN03102,67,Female,East,Provider Group B,Breast Cancer Screening,1,1,Compliant,2026-02-01,0,None,Not Needed,0,0.8
SYN03102,67,Female,East,Provider Group B,Controlling Blood Pressure,1,0,Open,2026-02-01,2,SMS,Reached,0,0.8
SYN03102,67,Female,East,Provider Group B,Diabetes Care,1,1,Compliant,2026-02-01,0,None,Not Needed,0,0.78
SYN03113,84,Male,East,Provider Group A,Controlling Blood Pressure,1,1,Compliant,2026-02-01,0,None,Not Needed,0,0.8
SYN03113,84,Male,East,Provider Group A,Medication Adherence,1,1,Compliant,2026-02-01,0,None,Not Needed,0,0.85
SYN03115,69,Male,South,Provider Group C,Colorectal Cancer Screening,1,0,Open,2026-02-01,0,None,Not Attempted,0,0.75
SYN03115,69,Male,South,Provider Group C,Controlling Blood Pressure,1,1,Compliant,2026-02-01,0,None,Not Needed,0,0.8
SYN03115,69,Male,South,Provider Group C,Medication Adherence,1,1,Compliant,2026-02-01,0,None,Not Needed,0,0.85
SYN03120,65,Female,North,Provider Group C,Breast Cancer Screening,0,0,Not Eligible,2026-02-01,0,None,Not Needed,0,0.8
SYN03120,65,Female,North,Provider Group C,Colorectal Cancer Screening,1,0,Open,2026-02-01,2,SMS,Unable to Reach,0,0.75
SYN03120,65,Female,North,Provider Group C,Follow-Up After Hospitalization,1,1,Compliant,2026-02-01,3,Care Coordinator,Reached,1,0.75
SYN03122,75,Male,East,Provider Group B,Diabetes Care,0,0,Not Eligible,2026-02-01,0,None,Not Needed,0,0.78
SYN03122,75,Male,East,Provider Group B,Follow-Up After Hospitalization,1,1,Compliant,2026-02-01,0,None,Not Needed,0,0.75
SYN03122,75,Male,East,Provider Group B,Medication Adherence,1,1,Compliant,2026-02-01,0,None,Not Needed,0,0.85
SYN03124,85,Male,South,Provider Group E,Controlling Blood Pressure,1,1,Compliant,2026-02-01,0,None,Not Needed,0,0.8
SYN03124,85,Male,South,Provider Group E,Follow-Up After Hospitalization,1,0,Open,2026-02-01,4,Phone,Reached,0,0.75
SYN03136,86,Male,East,Provider Group A,Colorectal Cancer Screening,0,0,Not Eligible,2026-02-01,0,None,Not Needed,0,0.75
SYN03136,86,Male,East,Provider Group A,Controlling Blood Pressure,0,0,Not Eligible,2026-02-01,0,None,Not Needed,0,0.8
SYN03138,71,Female,South,Provider Group D,Breast Cancer Screening,1,1,Compliant,2026-02-01,0,None,Not Needed,0,0.8
SYN03138,71,Female,South,Provider Group D,Diabetes Care,1,0,Open,2026-02-01,1,Mail,Reached,0,0.78
SYN03152,85,Male,East,Provider Group B,Breast Cancer Screening,0,0,Not Eligible,2026-02-01,0,None,Not Needed,0,0.8
SYN03152,85,Male,East,Provider Group B,Diabetes Care,1,0,Open,2026-02-01,1,Phone,Unable to Reach,0,0.78
SYN03156,72,Female,East,Provider Group A,Controlling Blood Pressure,1,1,Compliant,2026-02-01,0,None,Not Needed,0,0.8
SYN03156,72,Female,East,Provider Group A,Medication Adherence,1,1,Compliant,2026-02-01,0,None,Not Needed,0,0.85
SYN03163,72,Female,North,Provider Group A,Breast Cancer Screening,1,1,Compliant,2026-02-01,0,None,Not Needed,0,0.8
SYN03163,72,Female,North,Provider Group A,Colorectal Cancer Screening,1,1,Compliant,2026-02-01,0,None,Not Needed,0,0.75
SYN03163,72,Female,North,Provider Group A,Controlling Blood Pressure,1,1,Compliant,2026-02-01,0,None,Not Needed,0,0.8
SYN03163,72,Female,North,Provider Group A,Follow-Up After Hospitalization,1,0,Open,2026-02-01,1,Phone,Reached,0,0.75
SYN03163,72,Female,North,Provider Group A,Medication Adherence,1,1,Compliant,2026-02-01,0,None,Not Needed,0,0.85
SYN03164,67,Female,West,Provider Group C,Breast Cancer Screening,1,0,Open,2026-02-01,1,Phone,Reached,0,0.8
SYN03164,67,Female,West,Provider Group C,Colorectal Cancer Screening,1,0,Open,2026-02-01,0,None,Not Attempted,0,0.75
SYN03164,67,Female,West,Provider Group C,Controlling Blood Pressure,1,0,Open,2026-02-01,3,SMS,Reached,0,0.8
SYN03164,67,Female,West,Provider Group C,Medication Adherence,0,0,Not Eligible,2026-02-01,0,None,Not Needed,0,0.85
SYN03173,88,Male,North,Provider Group B,Colorectal Cancer Screening,0,0,Not Eligible,2026-02-01,0,None,Not Needed,0,0.75
SYN03173,88,Male,North,Provider Group B,Controlling Blood Pressure,1,1,Compliant,2026-02-01,2,SMS,Reached,1,0.8
SYN03180,81,Female,North,Provider Group A,Breast Cancer Screening,0,0,Not Eligible,2026-02-01,0,None,Not Needed,0,0.8
SYN03180,81,Female,North,Provider Group A,Colorectal Cancer Screening,0,0,Not Eligible,2026-02-01,0,None,Not Needed,0,0.75
SYN03180,81,Female,North,Provider Group A,Diabetes Care,0,0,Not Eligible,2026-02-01,0,None,Not Needed,0,0.78
SYN03180,81,Female,North,Provider Group A,Follow-Up After Hospitalization,1,0,Open,2026-02-01,4,Phone,Reached,0,0.75
SYN03181,68,Female,West,Provider Group C,Diabetes Care,1,1,Compliant,2026-02-01,0,None,Not Needed,0,0.78
SYN03181,68,Female,West,Provider Group C,Medication Adherence,0,0,Not Eligible,2026-02-01,0,None,Not Needed,0,0.85
SYN03194,75,Female,North,Provider Group C,Colorectal Cancer Screening,1,0,Open,2026-02-01,0,None,Not Attempted,0,0.75
SYN03200,66,Female,North,Provider Group A,Breast Cancer Screening,1,1,Compliant,2026-02-01,0,None,Not Needed,0,0.8
SYN03200,66,Female,North,Provider Group A,Colorectal Cancer Screening,1,1,Compliant,2026-02-01,0,None,Not Needed,0,0.75
SYN03200,66,Female,North,Provider Group A,Controlling Blood Pressure,1,0,Open,2026-02-01,1,SMS,Unable to Reach,0,0.8
SYN03200,66,Female,North,Provider Group A,Medication Adherence,0,0,Not Eligible,2026-02-01,0,None,Not Needed,0,0.85
SYN00008,68,Male,South,Provider Group A,Controlling Blood Pressure,0,0,Not Eligible,2026-03-01,0,None,Not Needed,0,0.8
SYN00013,71,Male,North,Provider Group D,Colorectal Cancer Screening,1,0,Open,2026-03-01,3,SMS,Unable to Reach,0,0.75
SYN00013,71,Male,North,Provider Group D,Controlling Blood Pressure,1,0,Open,2026-03-01,1,Phone,Reached,0,0.8
SYN00013,71,Male,North,Provider Group D,Follow-Up After Hospitalization,1,1,Compliant,2026-03-01,0,None,Not Needed,0,0.75
SYN00013,71,Male,North,Provider Group D,Medication Adherence,1,1,Compliant,2026-03-01,0,None,Not Needed,0,0.85
SYN00014,70,Male,West,Provider Group C,Controlling Blood Pressure,1,1,Compliant,2026-03-01,0,None,Not Needed,0,0.8
SYN00015,69,Male,East,Provider Group E,Controlling Blood Pressure,1,0,Open,2026-03-01,4,Phone,Reached,0,0.8
SYN00017,65,Male,South,Provider Group C,Breast Cancer Screening,0,0,Not Eligible,2026-03-01,0,None,Not Needed,0,0.8
SYN00017,65,Male,South,Provider Group C,Controlling Blood Pressure,0,0,Not Eligible,2026-03-01,0,None,Not Needed,0,0.8
SYN00017,65,Male,South,Provider Group C,Medication Adherence,1,1,Compliant,2026-03-01,0,None,Not Needed,0,0.85
SYN00019,66,Female,East,Provider Group A,Colorectal Cancer Screening,1,1,Compliant,2026-03-01,0,None,Not Needed,0,0.75
SYN00037,73,Male,North,Provider Group D,Controlling Blood Pressure,1,1,Compliant,2026-03-01,0,None,Not Needed,0,0.8
SYN00037,73,Male,North,Provider Group D,Follow-Up After Hospitalization,1,1,Compliant,2026-03-01,1,Mail,Reached,1,0.75
SYN00037,73,Male,North,Provider Group D,Medication Adherence,1,1,Compliant,2026-03-01,3,Phone,Reached,1,0.85
SYN00044,66,Female,West,Provider Group E,Breast Cancer Screening,1,0,Open,2026-03-01,2,Mail,Declined,0,0.8
SYN00044,66,Female,West,Provider Group E,Diabetes Care,1,1,Compliant,2026-03-01,2,Care Coordinator,Reached,1,0.78
SYN00044,66,Female,West,Provider Group E,Medication Adherence,1,1,Compliant,2026-03-01,0,None,Not Needed,0,0.85
SYN00052,68,Male,North,Provider Group A,Follow-Up After Hospitalization,1,1,Compliant,2026-03-01,0,None,Not Needed,0,0.75
SYN00060,76,Male,South,Provider Group B,Medication Adherence,1,1,Compliant,2026-03-01,0,None,Not Needed,0,0.85
SYN00074,80,Female,South,Provider Group C,Breast Cancer Screening,0,0,Not Eligible,2026-03-01,0,None,Not Needed,0,0.8
SYN00074,80,Female,South,Provider Group C,Colorectal Cancer Screening,0,0,Not Eligible,2026-03-01,0,None,Not Needed,0,0.75
SYN00074,80,Female,South,Provider Group C,Follow-Up After Hospitalization,1,0,Open,2026-03-01,1,Phone,Unable to Reach,0,0.75
SYN00074,80,Female,South,Provider Group C,Medication Adherence,1,0,Open,2026-03-01,1,Mail,Unable to Reach,0,0.85
SYN00082,72,Female,East,Provider Group B,Controlling Blood Pressure,0,0,Not Eligible,2026-03-01,0,None,Not Needed,0,0.8
SYN00082,72,Female,East,Provider Group B,Diabetes Care,0,0,Not Eligible,2026-03-01,0,None,Not Needed,0,0.78
SYN00083,67,Male,North,Provider Group B,Controlling Blood Pressure,1,0,Open,2026-03-01,2,Mail,Reached,0,0.8
SYN00092,68,Male,East,Provider Group C,Breast Cancer Screening,0,0,Not Eligible,2026-03-01,0,None,Not Needed,0,0.8
SYN00092,68,Male,East,Provider Group C,Diabetes Care,1,1,Compliant,2026-03-01,4,Phone,Reached,1,0.78
SYN00097,80,Female,North,Provider Group D,Breast Cancer Screening,0,0,Not Eligible,2026-03-01,0,None,Not Needed,0,0.8
SYN00097,80,Female,North,Provider Group D,Controlling Blood Pressure,1,0,Open,2026-03-01,0,None,Not Attempted,0,0.8
SYN00097,80,Female,North,Provider Group D,Diabetes Care,0,0,Not Eligible,2026-03-01,0,None,Not Needed,0,0.78
SYN00106,71,Female,North,Provider Group C,Breast Cancer Screening,1,1,Compliant,2026-03-01,2,Care Coordinator,Reached,1,0.8
SYN00106,71,Female,North,Provider Group C,Diabetes Care,1,1,Compliant,2026-03-01,0,None,Not Needed,0,0.78
SYN00106,71,Female,North,Provider Group C,Follow-Up After Hospitalization,0,0,Not Eligible,2026-03-01,0,None,Not Needed,0,0.75
SYN00117,69,Female,West,Provider Group D,Diabetes Care,0,0,Not Eligible,2026-03-01,0,None,Not Needed,0,0.78
SYN00124,68,Male,West,Provider Group A,Colorectal Cancer Screening,1,0,Open,2026-03-01,1,Phone,Reached,0,0.75
SYN00124,68,Male,West,Provider Group A,Diabetes Care,1,1,Compliant,2026-03-01,0,None,Not Needed,0,0.78
SYN00142,76,Male,South,Provider Group A,Colorectal Cancer Screening,0,0,Not Eligible,2026-03-01,0,None,Not Needed,0,0.99
SYN00142,76,Male,South,Provider Group A,Controlling Blood Pressure,1,1,Compliant,2026-03-01,0,None,Not Needed,0,0.8
SYN00142,76,Male,South,Provider Group A,Follow-Up After Hospitalization,1,0,Open,2026-03-01,3,Mail,Reached,0,0.75
SYN00153,88,Female,West,Provider Group A,Breast Cancer Screening,0,0,Not Eligible,2026-03-01,0,None,Not Needed,0,0.8
SYN00153,88,Female,West,Provider Group A,Colorectal Cancer Screening,0,0,Not Eligible,2026-03-01,0,None,Not Needed,0,0.75
SYN00153,88,Female,West,Provider Group A,Diabetes Care,1,1,Compliant,2026-03-01,0,None,Not Needed,0,0.78
SYN00154,69,Male,West,Provider Group C,Diabetes Care,1,1,Compliant,2026-03-01,0,None,Not Needed,0,0.78
SYN00154,69,Male,West,Provider Group C,Follow-Up After Hospitalization,1,0,Open,2026-03-01,1,SMS,Reached,0,0.75
SYN00158,73,Female,East,Provider Group E,Colorectal Cancer Screening,1,0,Open,2026-03-01,1,SMS,Unable to Reach,0,0.75
SYN00158,73,Female,East,Provider Group E,Controlling Blood Pressure,1,1,Compliant,2026-03-01,0,None,Not Needed,0,0.8
SYN00158,73,Female,East,Provider Group E,Medication Adherence,1,1,Compliant,2026-03-01,0,None,Not Needed,0,0.85
SYN00160,75,Female,South,Provider Group B,Breast Cancer Screening,0,0,Not Eligible,2026-03-01,0,None,Not Needed,0,0.8
SYN00160,75,Female,South,Provider Group B,Medication Adherence,1,0,Open,2026-03-01,0,None,Not Attempted,0,0.85
SYN00161,75,Male,West,Provider Group B,Controlling Blood Pressure,1,1,Compliant,2026-03-01,0,None,Not Needed,0,0.8
SYN00161,75,Male,West,Provider Group B,Medication Adherence,1,1,Compliant,2026-03-01,0,None,Not Needed,0,0.85
SYN00163,82,Male,South,Provider Group D,Colorectal Cancer Screening,0,0,Not Eligible,2026-03-01,0,None,Not Needed,0,0.75
SYN00163,82,Male,South,Provider Group D,Medication Adherence,1,1,Compliant,2026-03-01,0,None,Not Needed,0,0.85
SYN00166,75,Male,North,Provider Group D,Colorectal Cancer Screening,1,0,Open,2026-03-01,0,None,Not Attempted,0,0.75
SYN00166,75,Male,North,Provider Group D,Controlling Blood Pressure,1,1,Compliant,2026-03-01,0,None,Not Needed,0,0.8
SYN00166,75,Male,North,Provider Group D,Medication Adherence,1,1,Compliant,2026-03-01,0,None,Not Needed,0,0.85
SYN00175,74,Male,West,Provider Group A,Controlling Blood Pressure,1,1,Compliant,2026-03-01,0,None,Not Needed,0,0.8
SYN00175,74,Male,West,Provider Group A,Follow-Up After Hospitalization,1,0,Open,2026-03-01,2,SMS,Reached,0,0.75
SYN00184,68,Female,East,Provider Group D,Breast Cancer Screening,1,1,Compliant,2026-03-01,0,None,Not Needed,0,0.8
SYN00184,68,Female,East,Provider Group D,Colorectal Cancer Screening,1,1,Compliant,2026-03-01,0,None,Not Needed,0,0.75
SYN00184,68,Female,East,Provider Group D,Follow-Up After Hospitalization,1,1,Compliant,2026-03-01,0,None,Not Needed,0,0.75
SYN00192,76,Female,West,Provider Group B,Medication Adherence,1,1,Compliant,2026-03-01,0,None,Not Needed,0,0.85
SYN00194,68,Male,North,Provider Group B,Colorectal Cancer Screening,0,0,Not Eligible,2026-03-01,0,None,Not Needed,0,0.75
SYN00194,68,Male,North,Provider Group B,Controlling Blood Pressure,1,1,Compliant,2026-03-01,0,None,Not Needed,0,0.8
SYN00194,68,Male,North,Provider Group B,Diabetes Care,1,1,Compliant,2026-03-01,0,None,Not Needed,0,0.78
SYN00194,68,Male,North,Provider Group B,Follow-Up After Hospitalization,0,0,Not Eligible,2026-03-01,0,None,Not Needed,0,0.75
SYN00194,68,Male,North,Provider Group B,Medication Adherence,1,1,Compliant,2026-03-01,0,None,Not Needed,0,0.85
SYN00208,84,Female,East,Provider Group A,Breast Cancer Screening,0,0,Not Eligible,2026-03-01,0,None,Not Needed,0,0.8
SYN00208,84,Female,East,Provider Group A,Controlling Blood Pressure,1,0,Open,2026-03-01,1,Mail,Reached,0,0.8
SYN00208,84,Female,East,Provider Group A,Diabetes Care,1,1,Compliant,2026-03-01,0,None,Not Needed,0,0.78
SYN00208,84,Female,East,Provider Group A,Follow-Up After Hospitalization,1,0,Open,2026-03-01,2,SMS,Unable to Reach,0,0.75
SYN00208,84,Female,East,Provider Group A,Medication Adherence,1,1,Compliant,2026-03-01,0,None,Not Needed,0,0.85
SYN00210,88,Female,South,Provider Group B,Breast Cancer Screening,0,0,Not Eligible,2026-03-01,0,None,Not Needed,0,0.8
SYN00210,88,Female,South,Provider Group B,Colorectal Cancer Screening,0,0,Not Eligible,2026-03-01,0,None,Not Needed,0,0.75
SYN00210,88,Female,South,Provider Group B,Controlling Blood Pressure,1,1,Compliant,2026-03-01,0,None,Not Needed,0,0.8
SYN00210,88,Female,South,Provider Group B,Medication Adherence,1,1,Compliant,2026-03-01,0,None,Not Needed,0,0.85
SYN00211,67,Female,South,Provider Group A,Breast Cancer Screening,1,0,Open,2026-03-01,0,None,Not Attempted,0,0.8
SYN00211,67,Female,South,Provider Group A,Colorectal Cancer Screening,0,0,Not Eligible,2026-03-01,0,None,Not Needed,0,0.75
SYN00211,67,Female,South,Provider Group A,Follow-Up After Hospitalization,0,0,Not Eligible,2026-03-01,0,None,Not Needed,0,0.75
SYN00211,67,Female,South,Provider Group A,Medication Adherence,1,1,Compliant,2026-03-01,0,None,Not Needed,0,0.85
SYN00228,74,Male,West,Provider Group B,Controlling Blood Pressure,1,1,Compliant,2026-03-01,0,None,Not Needed,0,0.8
SYN00228,74,Male,West,Provider Group B,Medication Adherence,1,1,Compliant,2026-03-01,0,None,Not Needed,0,0.85
SYN00229,76,Female,West,Provider Group C,Colorectal Cancer Screening,0,0,Not Eligible,2026-03-01,0,None,Not Needed,0,0.75
SYN00229,76,Female,West,Provider Group C,Controlling Blood Pressure,1,1,Compliant,2026-03-01,0,None,Not Needed,0,0.8
SYN00229,76,Female,West,Provider Group C,Follow-Up After Hospitalization,1,0,Open,2026-03-01,2,Care Coordinator,Unable to Reach,0,0.75
SYN00244,67,Female,South,Provider Group C,Controlling Blood Pressure,1,0,Open,2026-03-01,3,Phone,Reached,0,0.8
SYN00244,67,Female,South,Provider Group C,Medication Adherence,0,0,Not Eligible,2026-03-01,0,None,Not Needed,0,0.85
SYN00247,71,Female,South,Provider Group D,Colorectal Cancer Screening,1,1,Compliant,2026-03-01,0,None,Not Needed,0,0.75
SYN00247,71,Female,South,Provider Group D,Controlling Blood Pressure,1,1,Compliant,2026-03-01,0,None,Not Needed,0,0.8
SYN00247,71,Female,South,Provider Group D,Medication Adherence,1,1,Compliant,2026-03-01,0,None,Not Needed,0,0.85
SYN00257,72,Female,North,Provider Group A,Breast Cancer Screening,1,1,Compliant,2026-03-01,4,Phone,Reached,1,0.8
SYN00257,72,Female,North,Provider Group A,Controlling Blood Pressure,1,0,Open,2026-03-01,3,Phone,Reached,0,0.8
SYN00257,72,Female,North,Provider Group A,Diabetes Care,1,0,Open,2026-03-01,0,None,Not Attempted,0,0.78
SYN00257,72,Female,North,Provider Group A,Follow-Up After Hospitalization,1,1,Compliant,2026-03-01,0,None,Not Needed,0,0.75
SYN00262,69,Male,West,Provider Group A,Diabetes Care,1,1,Compliant,2026-03-01,0,None,Not Needed,0,0.78
SYN00263,83,Female,South,Provider Group D,Colorectal Cancer Screening,0,0,Not Eligible,2026-03-01,0,None,Not Needed,0,0.75
SYN00263,83,Female,South,Provider Group D,Medication Adherence,1,1,Compliant,2026-03-01,0,None,Not Needed,0,0.85
SYN00264,68,Male,South,Provider Group C,Colorectal Cancer Screening,1,1,Compliant,2026-03-01,1,Phone,Reached,1,0.75
SYN00264,68,Male,South,Provider Group C,Controlling Blood Pressure,1,0,Open,2026-03-01,1,SMS,Reached,0,0.8
SYN00264,68,Male,South,Provider Group C,Diabetes Care,0,0,Not Eligible,2026-03-01,0,None,Not Needed,0,0.78
SYN00264,68,Male,South,Provider Group C,Medication Adherence,1,1,Compliant,2026-03-01,0,None,Not Needed,0,0.85
SYN00266,71,Male,South,Provider Group E,Medication Adherence,1,0,Open,2026-03-01,0,None,Not Attempted,0,0.85
SYN00269,68,Female,West,Provider Group B,Controlling Blood Pressure,1,1,Compliant,2026-03-01,0,None,Not Needed,0,0.8
SYN00269,68,Female,West,Provider Group B,Medication Adherence,1,1,Compliant,2026-03-01,0,None,Not Needed,0,0.85
SYN00271,78,Male,East,Provider Group C,Controlling Blood Pressure,1,1,Compliant,2026-03-01,0,None,Not Needed,0,0.8
SYN00271,78,Male,East,Provider Group C,Follow-Up After Hospitalization,1,0,Open,2026-03-01,2,Phone,Reached,0,0.75
SYN00271,78,Male,East,Provider Group C,Medication Adherence,1,0,Open,2026-03-01,0,None,Not Attempted,0,0.85
SYN00275,76,Female,South,Provider Group D,Follow-Up After Hospitalization,1,0,Open,2026-03-01,1,Phone,Unable to Reach,0,0.75
SYN00275,76,Female,South,Provider Group D,Medication Adherence,1,1,Compliant,2026-03-01,2,Phone,Reached,1,0.85
SYN00276,72,Male,West,Provider Group A,Controlling Blood Pressure,1,0,Open,2026-03-01,3,Phone,Unable to Reach,0,0.8
SYN00276,72,Male,West,Provider Group A,Diabetes Care,1,1,Compliant,2026-03-01,0,None,Not Needed,0,0.78
SYN00282,87,Male,South,Provider Group E,Colorectal Cancer Screening,0,0,Not Eligible,2026-03-01,0,None,Not Needed,0,0.75
SYN00282,87,Male,South,Provider Group E,Controlling Blood Pressure,1,1,Compliant,2026-03-01,2,Phone,Reached,1,0.8
SYN00282,87,Male,South,Provider Group E,Diabetes Care,0,0,Not Eligible,2026-03-01,0,None,Not Needed,0,0.78
SYN00294,82,Female,East,Provider Group A,Controlling Blood Pressure,1,1,Compliant,2026-03-01,0,None,Not Needed,0,0.8
SYN00294,82,Female,East,Provider Group A,Diabetes Care,1,1,Compliant,2026-03-01,0,None,Not Needed,0,0.78
SYN00295,69,Male,South,Provider Group C,Colorectal Cancer Screening,1,0,Open,2026-03-01,0,None,Not Attempted,0,0.75
SYN00295,69,Male,South,Provider Group C,Diabetes Care,1,0,Open,2026-03-01,0,None,Not Attempted,0,0.78
SYN00295,69,Male,South,Provider Group C,Follow-Up After Hospitalization,1,1,Compliant,2026-03-01,3,Phone,Reached,1,0.75
SYN00297,84,Female,West,Provider Group A,Colorectal Cancer Screening,0,0,Not Eligible,2026-03-01,0,None,Not Needed,0,0.75
SYN00300,127,Male,West,Provider Group E,Controlling Blood Pressure,1,1,Compliant,2026-03-01,0,None,Not Needed,0,0.8
SYN00316,66,Female,North,Provider Group D,Colorectal Cancer Screening,1,1,Compliant,2026-03-01,0,None,Not Needed,0,0.75
SYN00316,66,Female,North,Provider Group D,Controlling Blood Pressure,1,0,Open,2026-03-01,3,Phone,Reached,0,0.8
SYN00316,66,Female,North,Provider Group D,Medication Adherence,1,1,Compliant,2026-03-01,0,None,Not Needed,0,0.85
SYN00326,66,Female,South,Provider Group A,Breast Cancer Screening,1,0,Open,2026-03-01,2,SMS,Reached,0,0.8
SYN00326,66,Female,South,Provider Group A,Colorectal Cancer Screening,1,1,Compliant,2026-03-01,0,None,Not Needed,0,0.75
SYN00326,66,Female,South,Provider Group A,Controlling Blood Pressure,1,0,Open,2026-03-01,0,None,Not Attempted,0,0.8
SYN00326,66,Female,South,Provider Group A,Follow-Up After Hospitalization,1,0,Open,2026-03-01,2,Mail,Reached,0,0.75
SYN00326,66,Female,South,Provider Group A,Medication Adherence,1,1,Compliant,2026-03-01,0,None,Not Needed,0,0.85
SYN00327,68,Female,North,Provider Group A,Breast Cancer Screening,1,1,Compliant,2026-03-01,0,None,Not Needed,0,0.8
SYN00327,68,Female,North,Provider Group A,Controlling Blood Pressure,0,0,Not Eligible,2026-03-01,0,None,Not Needed,0,0.8
SYN00327,68,Female,North,Provider Group A,Diabetes Care,0,0,Not Eligible,2026-03-01,0,None,Not Needed,0,0.78
SYN00327,68,Female,North,Provider Group A,Medication Adherence,1,1,Compliant,2026-03-01,0,None,Not Needed,0,0.85
SYN00329,68,Female,East,Provider Group A,Breast Cancer Screening,1,0,Open,2026-03-01,0,None,Not Attempted,0,0.8
SYN00329,68,Female,East,Provider Group A,Colorectal Cancer Screening,1,0,Open,2026-03-01,0,None,Not Attempted,0,0.75
SYN00329,68,Female,East,Provider Group A,Diabetes Care,1,1,Compliant,2026-03-01,0,None,Not Needed,0,0.78
SYN00329,68,Female,East,Provider Group A,Medication Adherence,1,1,Compliant,2026-03-01,0,None,Not Needed,0,0.85
SYN00336,76,Female,East,Provider Group C,Colorectal Cancer Screening,0,0,Not Eligible,2026-03-01,0,None,Not Needed,0,0.75
SYN00336,76,Female,East,Provider Group C,Diabetes Care,1,1,Compliant,2026-03-01,0,None,Not Needed,0,0.78
SYN00336,76,Female,East,Provider Group C,Follow-Up After Hospitalization,1,0,Open,2026-03-01,0,None,Not Attempted,0,0.75
SYN00336,76,Female,East,Provider Group C,Medication Adherence,1,1,Compliant,2026-03-01,0,None,Not Needed,0,0.85
SYN00338,88,Male,East,Provider Group E,Follow-Up After Hospitalization,0,0,Not Eligible,2026-03-01,0,None,Not Needed,0,0.75
SYN00338,88,Male,East,Provider Group E,Medication Adherence,1,1,Compliant,2026-03-01,0,None,Not Needed,0,0.85
SYN00341,78,Male,West,Provider Group D,Colorectal Cancer Screening,0,0,Not Eligible,2026-03-01,0,None,Not Needed,0,0.75
SYN00341,78,Male,West,Provider Group D,Controlling Blood Pressure,1,1,Compliant,2026-03-01,0,None,Not Needed,0,0.8
SYN00341,78,Male,West,Provider Group D,Diabetes Care,1,0,Open,2026-03-01,0,None,Not Attempted,0,0.78
SYN00341,78,Male,West,Provider Group D,Follow-Up After Hospitalization,0,0,Not Eligible,2026-03-01,0,None,Not Needed,0,0.75
SYN00346,74,Male,South,Provider Group C,Colorectal Cancer Screening,1,1,Compliant,2026-03-01,0,None,Not Needed,0,0.75
SYN00346,74,Male,South,Provider Group C,Controlling Blood Pressure,1,1,Compliant,2026-03-01,0,None,Not Needed,0,0.8
SYN00346,74,Male,South,Provider Group C,Diabetes Care,1,1,Compliant,2026-03-01,0,None,Not Needed,0,0.78
SYN00351,72,Male,West,Provider Group E,Controlling Blood Pressure,0,0,Not Eligible,2026-03-01,0,None,Not Needed,0,0.8
SYN00353,88,Female,North,Provider Group E,Breast Cancer Screening,0,0,Not Eligible,2026-03-01,0,None,Not Needed,0,0.8
SYN00353,88,Female,North,Provider Group E,Colorectal Cancer Screening,0,0,Not Eligible,2026-03-01,0,None,Not Needed,0,0.75
SYN00353,88,Female,North,Provider Group E,Controlling Blood Pressure,1,0,Open,2026-03-01,1,Mail,Unable to Reach,0,0.8
SYN00353,88,Female,North,Provider Group E,Diabetes Care,1,1,Compliant,2026-03-01,0,None,Not Needed,0,0.78
SYN00355,73,Female,West,Provider Group A,Controlling Blood Pressure,0,0,Not Eligible,2026-03-01,0,None,Not Needed,0,0.8
SYN00355,73,Female,West,Provider Group A,Medication Adherence,1,1,Compliant,2026-03-01,0,None,Not Needed,0,0.85
SYN00360,71,Male,East,Provider Group A,Diabetes Care,1,1,Compliant,2026-03-01,0,None,Not Needed,0,0.78
SYN00360,71,Male,East,Provider Group A,Follow-Up After Hospitalization,1,1,Compliant,2026-03-01,0,None,Not Needed,0,0.75
SYN00372,66,Female,East,Provider Group D,Controlling Blood Pressure,0,0,Not Eligible,2026-03-01,0,None,Not Needed,0,0.8
SYN00372,66,Female,East,Provider Group D,Medication Adherence,1,1,Compliant,2026-03-01,0,None,Not Needed,0,0.85
SYN00376,71,Male,North,Provider Group B,Colorectal Cancer Screening,1,1,Compliant,2026-03-01,0,None,Not Needed,0,0.75
SYN00376,71,Male,North,Provider Group B,Controlling Blood Pressure,0,0,Not Eligible,2026-03-01,0,None,Not Needed,0,0.8
SYN00376,71,Male,North,Provider Group B,Diabetes Care,1,1,Compliant,2026-03-01,0,None,Not Needed,0,0.78
SYN00376,71,Male,North,Provider Group B,Follow-Up After Hospitalization,0,0,Not Eligible,2026-03-01,0,None,Not Needed,0,0.75
SYN00380,84,Male,East,Provider Group B,Controlling Blood Pressure,1,0,Open,2026-03-01,1,Mail,Reached,0,0.8
SYN00380,84,Male,East,Provider Group B,Diabetes Care,1,1,Compliant,2026-03-01,0,None,Not Needed,0,0.78
SYN00380,84,Male,East,Provider Group B,Medication Adherence,1,1,Compliant,2026-03-01,0,None,Not Needed,0,0.85
SYN00381,74,Female,West,Provider Group A,Medication Adherence,1,1,Compliant,2026-03-01,0,None,Not Needed,0,0.85
SYN00382,68,Male,West,Provider Group B,Follow-Up After Hospitalization,1,1,Compliant,2026-03-01,0,None,Not Needed,0,0.75
SYN00387,65,Female,West,Provider Group D,Controlling Blood Pressure,1,1,Compliant,2026-03-01,0,None,Not Needed,0,0.8
SYN00387,65,Female,West,Provider Group D,Follow-Up After Hospitalization,0,0,Not Eligible,2026-03-01,0,None,Not Needed,0,0.75
SYN00387,65,Female,West,Provider Group D,Medication Adherence,1,0,Open,2026-03-01,3,SMS,Unable to Reach,0,0.85
SYN00399,83,Male,West,Provider Group A,Colorectal Cancer Screening,0,0,Not Eligible,2026-03-01,0,None,Not Needed,0,0.75
SYN00402,74,Male,East,Provider Group A,Breast Cancer Screening,0,0,Not Eligible,2026-03-01,0,None,Not Needed,0,0.8
SYN00402,74,Male,East,Provider Group A,Controlling Blood Pressure,1,1,Compliant,2026-03-01,0,None,Not Needed,0,0.8
SYN00402,74,Male,East,Provider Group A,Medication Adherence,1,1,Compliant,2026-03-01,0,None,Not Needed,0,0.85
SYN00416,83,Female,South,Provider Group E,Breast Cancer Screening,0,0,Not Eligible,2026-03-01,0,None,Not Needed,0,0.8
SYN00416,83,Female,South,Provider Group E,Controlling Blood Pressure,1,0,Open,2026-03-01,0,None,Not Attempted,0,0.8
SYN00416,83,Female,South,Provider Group E,Diabetes Care,1,1,Compliant,2026-03-01,0,None,Not Needed,0,0.78
SYN00416,83,Female,South,Provider Group E,Medication Adherence,1,0,Open,2026-03-01,3,Phone,Unable to Reach,0,0.85
SYN00438,81,Female,North,Provider Group A,Controlling Blood Pressure,1,1,Compliant,2026-03-01,0,None,Not Needed,0,0.8
SYN00438,81,Female,North,Provider Group A,Follow-Up After Hospitalization,0,0,Not Eligible,2026-03-01,0,None,Not Needed,0,0.75
SYN00438,81,Female,North,Provider Group A,Medication Adherence,1,1,Compliant,2026-03-01,0,None,Not Needed,0,0.85
SYN00445,76,Male,North,Provider Group E,Breast Cancer Screening,0,0,Not Eligible,2026-03-01,0,None,Not Needed,0,0.8
SYN00445,76,Male,North,Provider Group E,Colorectal Cancer Screening,0,0,Not Eligible,2026-03-01,0,None,Not Needed,0,0.75
SYN00445,76,Male,North,Provider Group E,Follow-Up After Hospitalization,1,0,Open,2026-03-01,0,None,Not Attempted,0,0.75
SYN00445,76,Male,North,Provider Group E,Medication Adherence,1,1,Compliant,2026-03-01,0,None,Not Needed,0,0.85
SYN00465,88,Male,East,Provider Group D,Diabetes Care,1,1,Compliant,2026-03-01,0,None,Not Needed,0,0.78
SYN00465,88,Male,East,Provider Group D,Medication Adherence,0,0,Not Eligible,2026-03-01,0,None,Not Needed,0,0.85
SYN00472,65,Male,West,Provider Group B,Controlling Blood Pressure,1,1,Compliant,2026-03-01,2,SMS,Reached,1,0.8
SYN00472,65,Male,West,Provider Group B,Medication Adherence,1,1,Compliant,2026-03-01,0,None,Not Needed,0,0.85
SYN00476,75,Female,East,Provider Group D,Breast Cancer Screening,0,0,Not Eligible,2026-03-01,0,None,Not Needed,0,0.8
SYN00477,72,Male,South,Provider Group E,Colorectal Cancer Screening,1,0,Open,2026-03-01,1,Phone,Declined,0,0.75
SYN00477,72,Male,South,Provider Group E,Controlling Blood Pressure,1,1,Compliant,2026-03-01,0,None,Not Needed,0,0.8
SYN00477,72,Male,South,Provider Group E,Follow-Up After Hospitalization,1,1,Compliant,2026-03-01,3,Phone,Reached,1,0.75
SYN00477,72,Male,South,Provider Group E,Medication Adherence,1,1,Compliant,2026-03-01,0,None,Not Needed,0,0.85
SYN00484,79,Female,North,Provider Group A,Breast Cancer Screening,0,0,Not Eligible,2026-03-01,0,None,Not Needed,0,0.8
SYN00484,79,Female,North,Provider Group A,Colorectal Cancer Screening,0,0,Not Eligible,2026-03-01,0,None,Not Needed,0,0.75
SYN00487,75,Male,South,Provider Group A,Follow-Up After Hospitalization,1,1,Compliant,2026-03-01,0,None,Not Needed,0,0.75
SYN00488,67,Female,East,Provider Group B,Breast Cancer Screening,1,1,Compliant,2026-03-01,4,Care Coordinator,Reached,1,0.8
SYN00488,67,Female,East,Provider Group B,Colorectal Cancer Screening,1,1,Compliant,2026-03-01,0,None,Not Needed,0,0.75
SYN00488,67,Female,East,Provider Group B,Controlling Blood Pressure,1,0,Open,2026-03-01,2,Phone,Unable to Reach,0,0.8
SYN00488,67,Female,East,Provider Group B,Diabetes Care,1,1,Compliant,2026-03-01,0,None,Not Needed,0,0.78
SYN00498,65,Male,South,Provider Group B,Controlling Blood Pressure,1,1,Compliant,2026-03-01,0,None,Not Needed,0,0.8
SYN00498,65,Male,South,Provider Group B,Follow-Up After Hospitalization,0,0,Not Eligible,2026-03-01,0,None,Not Needed,0,0.75
SYN00499,67,Female,South,Provider Group B,Colorectal Cancer Screening,1,0,Open,2026-03-01,1,Mail,Unable to Reach,0,0.75
SYN00499,67,Female,South,Provider Group B,Controlling Blood Pressure,1,1,Compliant,2026-03-01,0,None,Not Needed,0,0.8
SYN00509,83,Female,South,Provider Group C,Breast Cancer Screening,0,0,Not Eligible,2026-03-01,0,None,Not Needed,0,0.8
SYN00509,83,Female,South,Provider Group C,Controlling Blood Pressure,1,0,Open,2026-03-01,0,None,Not Attempted,0,0.8
SYN00509,83,Female,South,Provider Group C,Diabetes Care,1,0,Open,2026-03-01,0,None,Not Attempted,0,0.78
SYN00527,73,Male,East,Provider Group D,Diabetes Care,0,0,Not Eligible,2026-03-01,0,None,Not Needed,0,0.78
SYN00527,73,Male,East,Provider Group D,Medication Adherence,1,1,Compliant,2026-03-01,0,None,Not Needed,0,0.85
SYN00539,89,Male,North,Provider Group C,Controlling Blood Pressure,1,1,Compliant,2026-03-01,0,None,Not Needed,0,0.8
SYN00539,89,Male,North,Provider Group C,Diabetes Care,1,0,Open,2026-03-01,0,None,Not Attempted,0,0.78
SYN00547,65,Male,South,Provider Group D,Controlling Blood Pressure,0,0,Not Eligible,2026-03-01,0,None,Not Needed,0,0.8
SYN00547,65,Male,South,Provider Group D,Medication Adherence,1,0,Open,2026-03-01,2,SMS,Reached,0,0.85
SYN00549,71,Female,South,Provider Group E,Diabetes Care,0,0,Not Eligible,2026-03-01,0,None,Not Needed,0,0.78
SYN00549,71,Female,South,Provider Group E,Medication Adherence,1,1,Compliant,2026-03-01,0,None,Not Needed,0,0.85
SYN00551,70,Male,North,Provider Group D,Colorectal Cancer Screening,1,0,Open,2026-03-01,2,SMS,Reached,0,0.75
SYN00551,70,Male,North,Provider Group D,Controlling Blood Pressure,1,1,Compliant,2026-03-01,0,None,Not Needed,0,0.8
SYN00551,70,Male,North,Provider Group D,Diabetes Care,1,0,Open,2026-03-01,1,SMS,Reached,0,0.78
SYN00551,70,Male,North,Provider Group D,Medication Adherence,1,1,Compliant,2026-03-01,0,None,Not Needed,0,0.85
SYN00553,76,Female,West,Provider Group A,Breast Cancer Screening,0,0,Not Eligible,2026-03-01,0,None,Not Needed,0,0.8
SYN00553,76,Female,West,Provider Group A,Controlling Blood Pressure,1,0,Open,2026-03-01,0,None,Not Attempted,0,0.8
SYN00553,76,Female,West,Provider Group A,Medication Adherence,1,0,Open,2026-03-01,3,SMS,Unable to Reach,0,0.85
SYN00560,65,Female,South,Provider Group A,Breast Cancer Screening,1,1,Compliant,2026-03-01,0,None,Not Needed,0,0.8
SYN00560,65,Female,South,Provider Group A,Diabetes Care,1,1,Compliant,2026-03-01,0,None,Not Needed,0,0.78
SYN00560,65,Female,South,Provider Group A,Medication Adherence,1,1,Compliant,2026-03-01,0,None,Not Needed,0,0.85
SYN00570,81,Female,North,Provider Group D,Breast Cancer Screening,0,0,Not Eligible,2026-03-01,0,None,Not Needed,0,0.8
SYN00570,81,Female,North,Provider Group D,Follow-Up After Hospitalization,1,1,Compliant,2026-03-01,0,None,Not Needed,0,0.75
SYN00570,81,Female,North,Provider Group D,Medication Adherence,1,1,Compliant,2026-03-01,0,None,Not Needed,0,0.85
SYN00575,87,Male,South,Provider Group B,Controlling Blood Pressure,1,1,Compliant,2026-03-01,0,None,Not Needed,0,0.8
SYN00575,87,Male,South,Provider Group B,Diabetes Care,1,1,Compliant,2026-03-01,0,None,Not Needed,0,0.78
SYN00575,87,Male,South,Provider Group B,Medication Adherence,1,1,Compliant,2026-03-01,0,None,Not Needed,0,0.85
SYN00582,71,Male,East,Provider Group E,Colorectal Cancer Screening,1,1,Compliant,2026-03-01,0,None,Not Needed,0,0.75
SYN00582,71,Male,East,Provider Group E,Diabetes Care,1,0,Open,2026-03-01,3,Phone,Unable to Reach,0,0.78
SYN00582,71,Male,East,Provider Group E,Medication Adherence,1,0,Open,2026-03-01,3,Phone,Unable to Reach,0,0.85
SYN00593,84,Female,South,Provider Group E,Breast Cancer Screening,0,0,Not Eligible,2026-03-01,0,None,Not Needed,0,0.8
SYN00593,84,Female,South,Provider Group E,Colorectal Cancer Screening,0,0,Not Eligible,2026-03-01,0,None,Not Needed,0,0.75
SYN00597,67,Male,North,Provider Group B,Controlling Blood Pressure,1,1,Compliant,2026-03-01,0,None,Not Needed,0,0.8
SYN00603,74,Female,West,Provider Group B,Controlling Blood Pressure,0,0,Not Eligible,2026-03-01,0,None,Not Needed,0,0.8
SYN00603,74,Female,West,Provider Group B,Follow-Up After Hospitalization,1,1,Compliant,2026-03-01,0,None,Not Needed,0,0.75
SYN00603,74,Female,West,Provider Group B,Medication Adherence,1,1,Compliant,2026-03-01,0,None,Not Needed,0,0.85
SYN00608,72,Male,South,Provider Group E,Colorectal Cancer Screening,1,0,Open,2026-03-01,1,Phone,Reached,0,0.75
SYN00608,72,Male,South,Provider Group E,Diabetes Care,1,1,Compliant,2026-03-01,0,None,Not Needed,0,0.78
SYN00610,70,Male,South,Provider Group C,Controlling Blood Pressure,1,1,Compliant,2026-03-01,0,None,Not Needed,0,0.8
SYN00613,86,Female,West,Provider Group E,Breast Cancer Screening,0,0,Not Eligible,2026-03-01,0,None,Not Needed,0,0.8
SYN00613,86,Female,West,Provider Group E,Colorectal Cancer Screening,0,0,Not Eligible,2026-03-01,0,None,Not Needed,0,0.75
SYN00613,86,Female,West,Provider Group E,Controlling Blood Pressure,1,0,Open,2026-03-01,1,Mail,Reached,0,0.8
SYN00613,86,Female,West,Provider Group E,Diabetes Care,1,0,Open,2026-03-01,0,None,Not Attempted,0,0.78
SYN00613,86,Female,West,Provider Group E,Medication Adherence,1,1,Compliant,2026-03-01,0,None,Not Needed,0,0.85
SYN00620,69,Male,South,Provider Group A,Breast Cancer Screening,0,0,Not Eligible,2026-03-01,0,None,Not Needed,0,0.8
SYN00620,69,Male,South,Provider Group A,Controlling Blood Pressure,0,0,Not Eligible,2026-03-01,0,None,Not Needed,0,0.8
SYN00620,69,Male,South,Provider Group A,Follow-Up After Hospitalization,1,1,Compliant,2026-03-01,0,None,Not Needed,0,0.75
SYN00623,75,Female,West,Provider Group C,Breast Cancer Screening,0,0,Not Eligible,2026-03-01,0,None,Not Needed,0,0.8
SYN00631,74,Male,West,Provider Group B,Breast Cancer Screening,0,0,Not Eligible,2026-03-01,0,None,Not Needed,0,0.8
SYN00631,74,Male,West,Provider Group B,Colorectal Cancer Screening,1,0,Open,2026-03-01,2,Care Coordinator,Reached,0,0.75
SYN00631,74,Male,West,Provider Group B,Diabetes Care,1,1,Compliant,2026-03-01,1,Care Coordinator,Reached,1,0.78
SYN00631,74,Male,West,Provider Group B,Follow-Up After Hospitalization,0,0,Not Eligible,2026-03-01,0,None,Not Needed,0,0.75
SYN00650,89,Male,West,Provider Group A,Breast Cancer Screening,0,0,Not Eligible,2026-03-01,0,None,Not Needed,0,0.8
SYN00650,89,Male,West,Provider Group A,Diabetes Care,1,1,Compliant,2026-03-01,0,None,Not Needed,0,0.78
SYN00651,69,Female,North,Provider Group B,Controlling Blood Pressure,1,1,Compliant,2026-03-01,0,None,Not Needed,0,0.8
SYN00651,69,Female,North,Provider Group B,Diabetes Care,1,1,Compliant,2026-03-01,0,None,Not Needed,0,0.78
SYN00658,75,Female,North,Provider Group E,Breast Cancer Screening,0,0,Not Eligible,2026-03-01,0,None,Not Needed,0,0.8
SYN00658,75,Female,North,Provider Group E,Colorectal Cancer Screening,1,1,Compliant,2026-03-01,0,None,Not Needed,0,0.75
SYN00658,75,Female,North,Provider Group E,Controlling Blood Pressure,1,1,Compliant,2026-03-01,0,None,Not Needed,0,0.8
SYN00658,75,Female,North,Provider Group E,Medication Adherence,1,0,Open,2026-03-01,1,SMS,Reached,0,0.85
SYN00665,67,Female,North,Provider Group C,Breast Cancer Screening,1,0,Open,2026-03-01,3,SMS,Reached,0,0.8
SYN00665,67,Female,North,Provider Group C,Medication Adherence,1,1,Compliant,2026-03-01,0,None,Not Needed,0,0.85
SYN00666,75,Female,South,Provider Group B,Breast Cancer Screening,0,0,Not Eligible,2026-03-01,0,None,Not Needed,0,0.8
SYN00666,75,Female,South,Provider Group B,Diabetes Care,1,1,Compliant,2026-03-01,0,None,Not Needed,0,0.78
SYN00685,65,Male,South,Provider Group E,Colorectal Cancer Screening,1,0,Open,2026-03-01,2,Mail,Reached,0,0.75
SYN00698,75,Male,South,Provider Group C,Controlling Blood Pressure,1,0,Open,2026-03-01,2,SMS,Declined,0,0.8
SYN00698,75,Male,South,Provider Group C,Medication Adherence,1,1,Compliant,2026-03-01,0,None,Not Needed,0,0.85
SYN00704,67,Male,West,Provider Group A,Diabetes Care,1,1,Compliant,2026-03-01,0,None,Not Needed,0,0.78
SYN00704,67,Male,West,Provider Group A,Follow-Up After Hospitalization,1,0,Open,2026-03-01,1,SMS,Declined,0,0.75
SYN00705,70,Male,East,Provider Group B,Medication Adherence,1,1,Compliant,2026-03-01,0,None,Not Needed,0,0.85
SYN00707,68,Female,West,Provider Group A,Breast Cancer Screening,1,1,Compliant,2026-03-01,0,None,Not Needed,0,0.8
SYN00707,68,Female,West,Provider Group A,Controlling Blood Pressure,1,1,Compliant,2026-03-01,0,None,Not Needed,0,0.8
SYN00707,68,Female,West,Provider Group A,Medication Adherence,1,1,Compliant,2026-03-01,0,None,Not Needed,0,0.85
SYN00711,75,Female,North,Provider Group E,Medication Adherence,1,1,Compliant,2026-03-01,0,None,Not Needed,0,0.85
SYN00718,69,Female,South,Provider Group A,Diabetes Care,1,1,Compliant,2026-03-01,0,None,Not Needed,0,0.78
SYN00746,74,Male,South,Provider Group C,Colorectal Cancer Screening,1,0,Open,2026-03-01,2,Phone,Reached,0,0.75
SYN00746,74,Male,South,Provider Group C,Diabetes Care,1,1,Compliant,2026-03-01,0,None,Not Needed,0,0.78
SYN00762,66,Male,West,Provider Group A,Colorectal Cancer Screening,1,1,Compliant,2026-03-01,0,None,Not Needed,0,0.75
SYN00762,66,Male,West,Provider Group A,Controlling Blood Pressure,1,0,Open,2026-03-01,4,Phone,Declined,0,0.8
SYN00762,66,Male,West,Provider Group A,Diabetes Care,1,1,Compliant,2026-03-01,0,None,Not Needed,0,0.78
SYN00771,73,Male,South,Provider Group A,Diabetes Care,1,0,Open,2026-03-01,0,None,Not Attempted,0,0.78
SYN00777,79,Female,West,Provider Group B,Colorectal Cancer Screening,0,0,Not Eligible,2026-03-01,0,None,Not Needed,0,0.75
SYN00777,79,Female,West,Provider Group B,Controlling Blood Pressure,1,1,Compliant,2026-03-01,0,None,Not Needed,0,0.8
SYN00777,79,Female,West,Provider Group B,Medication Adherence,1,1,Compliant,2026-03-01,0,None,Not Needed,0,0.85
SYN00783,74,Male,South,Provider Group C,Medication Adherence,1,0,Open,2026-03-01,0,None,Not Attempted,0,0.85
SYN00787,66,Male,East,Provider Group B,Colorectal Cancer Screening,1,1,Compliant,2026-03-01,0,None,Not Needed,0,0.75
SYN00787,66,Male,East,Provider Group B,Controlling Blood Pressure,1,1,Compliant,2026-03-01,0,None,Not Needed,0,0.8
SYN00787,66,Male,East,Provider Group B,Diabetes Care,0,0,Not Eligible,2026-03-01,0,None,Not Needed,0,0.78
SYN00788,72,Male,North,Provider Group E,Colorectal Cancer Screening,1,1,Compliant,2026-03-01,0,None,Not Needed,0,0.75
SYN00788,72,Male,North,Provider Group E,Diabetes Care,1,0,Open,2026-03-01,2,Phone,Reached,0,0.78
SYN00793,66,Female,East,Provider Group D,Breast Cancer Screening,1,1,Compliant,2026-03-01,0,None,Not Needed,0,0.8
SYN00793,66,Female,East,Provider Group D,Colorectal Cancer Screening,1,1,Compliant,2026-03-01,0,None,Not Needed,0,0.75
SYN00793,66,Female,East,Provider Group D,Controlling Blood Pressure,1,1,Compliant,2026-03-01,0,None,Not Needed,0,0.8
SYN00793,66,Female,East,Provider Group D,Diabetes Care,1,1,Compliant,2026-03-01,0,None,Not Needed,0,0.78
SYN00793,66,Female,East,Provider Group D,Follow-Up After Hospitalization,1,0,Open,2026-03-01,2,SMS,Unable to Reach,0,0.75
SYN00796,65,Male,North,Provider Group E,Colorectal Cancer Screening,1,1,Compliant,2026-03-01,0,None,Not Needed,0,0.75
SYN00796,65,Male,North,Provider Group E,Controlling Blood Pressure,1,1,Compliant,2026-03-01,0,None,Not Needed,0,0.8
SYN00796,65,Male,North,Provider Group E,Diabetes Care,1,1,Compliant,2026-03-01,3,SMS,Reached,1,0.78
SYN00796,65,Male,North,Provider Group E,Follow-Up After Hospitalization,1,0,Open,2026-03-01,2,Mail,Unable to Reach,0,0.75
SYN00796,65,Male,North,Provider Group E,Medication Adherence,1,1,Compliant,2026-03-01,0,None,Not Needed,0,0.85
SYN00801,75,Male,North,Provider Group B,Colorectal Cancer Screening,1,0,Open,2026-03-01,3,Phone,Unable to Reach,0,0.75
SYN00801,75,Male,North,Provider Group B,Diabetes Care,0,0,Not Eligible,2026-03-01,0,None,Not Needed,0,0.78
,75,Male,North,Provider Group B,Medication Adherence,1,1,Compliant,2026-03-01,0,None,Not Needed,0,0.85
SYN00807,67,Male,West,Provider Group A,Controlling Blood Pressure,1,1,Compliant,2026-03-01,0,None,Not Needed,0,0.8
SYN00807,67,Male,West,Provider Group A,Diabetes Care,1,1,Compliant,2026-03-01,0,None,Not Needed,0,0.78
SYN00807,67,Male,West,Provider Group A,Medication Adherence,1,1,Compliant,2026-03-01,0,None,Not Needed,0,0.85
SYN00818,76,Female,South,Provider Group D,Controlling Blood Pressure,0,0,Not Eligible,2026-03-01,0,None,Not Needed,0,0.8
SYN00818,76,Female,South,Provider Group D,Follow-Up After Hospitalization,1,1,Compliant,2026-03-01,3,Care Coordinator,Reached,1,0.75
SYN00819,81,Female,East,Provider Group C,Breast Cancer Screening,0,0,Not Eligible,2026-03-01,0,None,Not Needed,0,0.8
SYN00819,81,Female,East,Provider Group C,Colorectal Cancer Screening,0,0,Not Eligible,2026-03-01,0,None,Not Needed,0,0.75
SYN00819,81,Female,East,Provider Group C,Controlling Blood Pressure,1,0,Open,2026-03-01,0,None,Not Attempted,0,0.8
SYN00819,81,Female,East,Provider Group C,Diabetes Care,1,0,Open,2026-03-01,2,Mail,Unable to Reach,0,0.78
SYN00819,81,Female,East,Provider Group C,Medication Adherence,1,1,Compliant,2026-03-01,0,None,Not Needed,0,0.85
SYN00824,65,Male,South,Provider Group A,Colorectal Cancer Screening,1,1,Compliant,2026-03-01,0,None,Not Needed,0,0.75
SYN00824,65,Male,South,Provider Group A,Follow-Up After Hospitalization,1,1,Compliant,2026-03-01,0,None,Not Needed,0,0.75
SYN00824,65,Male,South,Provider Group A,Medication Adherence,1,0,Open,2026-03-01,1,Care Coordinator,Unable to Reach,0,0.85
SYN00829,83,Female,West,Provider Group E,Breast Cancer Screening,0,0,Not Eligible,2026-03-01,0,None,Not Needed,0,0.8
SYN00837,80,Female,South,Provider Group D,Diabetes Care,1,0,Open,2026-03-01,0,None,Not Attempted,0,0.78
SYN00844,66,Male,South,Provider Group C,Colorectal Cancer Screening,1,1,Compliant,2026-03-01,0,None,Not Needed,0,0.75
SYN00844,66,Male,South,Provider Group C,Diabetes Care,0,0,Not Eligible,2026-03-01,0,None,Not Needed,0,0.78
SYN00853,70,Female,North,Provider Group D,Controlling Blood Pressure,0,0,Not Eligible,2026-03-01,0,None,Not Needed,0,0.8
SYN00855,75,Female,West,Provider Group E,Controlling Blood Pressure,1,1,Compliant,2026-03-01,0,None,Not Needed,0,0.8
SYN00855,75,Female,West,Provider Group E,Diabetes Care,1,1,Compliant,2026-03-01,0,None,Not Needed,0,0.78
SYN00855,75,Female,West,Provider Group E,Medication Adherence,1,1,Compliant,2026-03-01,0,None,Not Needed,0,0.85
SYN00868,74,Male,South,Provider Group A,Colorectal Cancer Screening,1,0,Open,2026-03-01,3,SMS,Unable to Reach,0,0.75
SYN00868,74,Male,South,Provider Group A,Controlling Blood Pressure,0,0,Not Eligible,2026-03-01,0,None,Not Needed,0,0.8
SYN00868,74,Male,South,Provider Group A,Medication Adherence,1,0,Open,2026-03-01,2,Phone,Unable to Reach,0,0.85
SYN00869,68,Female,South,Provider Group D,Breast Cancer Screening,1,0,Open,2026-03-01,1,SMS,Reached,0,0.8
SYN00869,68,Female,South,Provider Group D,Controlling Blood Pressure,1,1,Compliant,2026-03-01,0,None,Not Needed,0,0.8
SYN00869,68,Female,South,Provider Group D,Diabetes Care,1,1,Compliant,2026-03-01,1,Care Coordinator,Reached,1,0.78
SYN00873,81,Male,South,Provider Group B,Controlling Blood Pressure,1,0,Open,2026-03-01,2,SMS,Reached,0,0.8
SYN00873,81,Male,South,Provider Group B,Diabetes Care,1,0,Open,2026-03-01,2,Care Coordinator,Reached,0,0.78
SYN00873,81,Male,South,Provider Group B,Medication Adherence,1,1,Compliant,2026-03-01,0,None,Not Needed,0,0.85
SYN00876,72,Female,South,Provider Group D,Breast Cancer Screening,1,1,Compliant,2026-03-01,0,None,Not Needed,0,0.8
SYN00876,72,Female,South,Provider Group D,Controlling Blood Pressure,1,1,Compliant,2026-03-01,0,None,Not Needed,0,0.8
SYN00876,72,Female,South,Provider Group D,Diabetes Care,1,1,Compliant,2026-03-01,0,None,Not Needed,0,0.78
SYN00889,66,Male,West,Provider Group B,Colorectal Cancer Screening,1,0,Open,2026-03-01,0,None,Not Attempted,0,0.75
SYN00889,66,Male,West,Provider Group B,Follow-Up After Hospitalization,1,0,Open,2026-03-01,3,Mail,Reached,0,0.75
SYN00914,69,Female,South,Provider Group A,Breast Cancer Screening,1,1,Compliant,2026-03-01,0,None,Not Needed,0,0.8
SYN00914,69,Female,South,Provider Group A,Colorectal Cancer Screening,1,1,Compliant,2026-03-01,0,None,Not Needed,0,0.75
SYN00914,69,Female,South,Provider Group A,Follow-Up After Hospitalization,1,1,Compliant,2026-03-01,0,None,Not Needed,0,0.75
SYN00918,88,Male,West,Provider Group D,Diabetes Care,0,0,Not Eligible,2026-03-01,0,None,Not Needed,0,0.78
SYN00918,88,Male,West,Provider Group D,Medication Adherence,1,1,Compliant,2026-03-01,0,None,Not Needed,0,0.85
SYN00935,77,Male,South,Provider Group A,Colorectal Cancer Screening,0,0,Not Eligible,2026-03-01,0,None,Not Needed,0,0.75
SYN00935,77,Male,South,Provider Group A,Controlling Blood Pressure,1,1,Compliant,2026-03-01,0,None,Not Needed,0,0.8
SYN00935,77,Male,South,Provider Group A,Diabetes Care,1,1,Compliant,2026-03-01,4,Phone,Reached,1,0.78
SYN00935,77,Male,South,Provider Group A,Medication Adherence,1,1,Compliant,2026-03-01,0,None,Not Needed,0,0.85
SYN00940,71,Male,West,Provider Group B,Colorectal Cancer Screening,1,1,Compliant,2026-03-01,0,None,Not Needed,0,0.75
SYN00940,71,Male,West,Provider Group B,Controlling Blood Pressure,0,0,Not Eligible,2026-03-01,0,None,Not Needed,0,0.8
SYN00940,71,Male,West,Provider Group B,Medication Adherence,0,0,Not Eligible,2026-03-01,0,None,Not Needed,0,0.85
SYN00944,69,Male,West,Provider Group E,Controlling Blood Pressure,1,1,Compliant,2026-03-01,0,None,Not Needed,0,0.8
SYN00944,69,Male,West,Provider Group E,Medication Adherence,1,1,Compliant,2026-03-01,0,None,Not Needed,0,0.85
SYN00945,72,Female,West,Provider Group B,Colorectal Cancer Screening,1,0,Open,2026-03-01,1,Phone,Unable to Reach,0,0.75
SYN00945,72,Female,West,Provider Group B,Diabetes Care,1,1,Compliant,2026-03-01,0,None,Not Needed,0,0.78
SYN00945,72,Female,West,Provider Group B,Medication Adherence,1,1,Compliant,2026-03-01,1,SMS,Reached,1,0.85
SYN00946,66,Male,South,Provider Group D,Colorectal Cancer Screening,1,0,Open,2026-03-01,0,None,Not Attempted,0,0.75
SYN00946,66,Male,South,Provider Group D,Controlling Blood Pressure,1,1,Compliant,2026-03-01,3,Phone,Reached,1,0.8
SYN00946,66,Male,South,Provider Group D,Medication Adherence,1,0,Open,2026-03-01,2,Phone,Reached,0,0.85
SYN00947,85,Female,North,Provider Group E,Colorectal Cancer Screening,0,0,Not Eligible,2026-03-01,0,None,Not Needed,0,0.75
SYN00947,85,Female,North,Provider Group E,Controlling Blood Pressure,1,1,Compliant,2026-03-01,0,None,Not Needed,0,0.8
SYN00968,81,Female,South,Provider Group E,Breast Cancer Screening,0,0,Not Eligible,2026-03-01,0,None,Not Needed,0,0.8
SYN00968,81,Female,South,Provider Group E,Controlling Blood Pressure,1,0,Open,2026-03-01,0,None,Not Attempted,0,0.8
SYN00968,81,Female,South,Provider Group E,Medication Adherence,1,1,Compliant,2026-03-01,0,None,Not Needed,0,0.85
SYN00983,74,Male,North,Provider Group C,Colorectal Cancer Screening,1,1,Compliant,2026-03-01,0,None,Not Needed,0,0.75
SYN00983,74,Male,North,Provider Group C,Controlling Blood Pressure,1,0,Open,2026-03-01,1,Phone,Declined,0,0.8
SYN00983,74,Male,North,Provider Group C,Diabetes Care,1,0,Open,2026-03-01,2,SMS,Reached,0,0.78
SYN00987,81,Male,South,Provider Group A,Controlling Blood Pressure,1,0,Open,2026-03-01,1,Phone,Unable to Reach,0,0.8
SYN00987,81,Male,South,Provider Group A,Diabetes Care,0,0,Not Eligible,2026-03-01,0,None,Not Needed,0,0.78
SYN00987,81,Male,South,Provider Group A,Follow-Up After Hospitalization,0,0,Not Eligible,2026-03-01,0,None,Not Needed,0,0.75
SYN00988,78,Female,East,Provider Group B,Colorectal Cancer Screening,0,0,Not Eligible,2026-03-01,0,None,Not Needed,0,0.75
SYN00988,78,Female,East,Provider Group B,Diabetes Care,0,0,Not Eligible,2026-03-01,0,None,Not Needed,0,0.78
SYN00988,78,Female,East,Provider Group B,Medication Adherence,1,1,Compliant,2026-03-01,0,None,Not Needed,0,0.85
SYN00989,76,Male,West,Provider Group C,Colorectal Cancer Screening,0,0,Not Eligible,2026-03-01,0,None,Not Needed,0,0.75
SYN00989,76,Male,West,Provider Group C,Controlling Blood Pressure,1,0,Open,2026-03-01,2,SMS,Reached,0,0.8
SYN00989,76,Male,West,Provider Group C,Medication Adherence,1,1,Compliant,2026-03-01,0,None,Not Needed,0,0.85
SYN00990,68,Female,West,Provider Group C,Breast Cancer Screening,0,0,Not Eligible,2026-03-01,0,None,Not Needed,0,0.8
SYN00990,68,Female,West,Provider Group C,Colorectal Cancer Screening,1,0,Open,2026-03-01,1,Phone,Reached,0,0.75
SYN00990,68,Female,West,Provider Group C,Controlling Blood Pressure,1,0,Open,2026-03-01,0,None,Not Attempted,0,0.8
SYN00990,68,Female,West,Provider Group C,Medication Adherence,1,1,Compliant,2026-03-01,0,None,Not Needed,0,0.85
SYN00992,74,Male,South,Provider Group B,Colorectal Cancer Screening,1,0,Open,2026-03-01,1,SMS,Unable to Reach,0,0.75
SYN00992,74,Male,South,Provider Group B,Controlling Blood Pressure,1,1,Compliant,2026-03-01,0,None,Not Needed,0,0.8
SYN00992,74,Male,South,Provider Group B,Diabetes Care,0,0,Not Eligible,2026-03-01,0,None,Not Needed,0,0.78
SYN00992,74,Male,South,Provider Group B,Medication Adherence,1,1,Compliant,2026-03-01,0,None,Not Needed,0,0.85
SYN00995,71,Male,West,Provider Group B,Colorectal Cancer Screening,1,1,Compliant,2026-03-01,0,None,Not Needed,0,0.75
SYN00995,71,Male,West,Provider Group B,Controlling Blood Pressure,1,1,Compliant,2026-03-01,0,None,Not Needed,0,0.8
SYN01011,71,Female,North,Provider Group C,Breast Cancer Screening,1,1,Compliant,2026-03-01,0,None,Not Needed,0,0.8
SYN01011,71,Female,North,Provider Group C,Colorectal Cancer Screening,1,1,Compliant,2026-03-01,0,None,Not Needed,0,0.75
SYN01011,71,Female,North,Provider Group C,Controlling Blood Pressure,1,0,Open,2026-03-01,1,SMS,Reached,0,0.8
SYN01011,71,Female,North,Provider Group C,Medication Adherence,1,1,Compliant,2026-03-01,0,None,Not Needed,0,0.85
SYN01015,73,Male,South,Provider Group E,Medication Adherence,0,0,Not Eligible,2026-03-01,0,None,Not Needed,0,0.85
SYN01019,66,Female,West,Provider Group D,Breast Cancer Screening,1,1,Compliant,2026-03-01,0,None,Not Needed,0,0.8
SYN01019,66,Female,West,Provider Group D,Medication Adherence,1,1,Compliant,2026-03-01,0,None,Not Needed,0,0.85
SYN01020,69,Male,South,Provider Group A,Colorectal Cancer Screening,1,1,Compliant,2026-03-01,0,None,Not Needed,0,0.75
SYN01020,69,Male,South,Provider Group A,Diabetes Care,0,0,Not Eligible,2026-03-01,0,None,Not Needed,0,0.78
SYN01023,69,Male,South,Provider Group C,Controlling Blood Pressure,1,0,Open,2026-03-01,2,Mail,Reached,0,0.8
SYN01025,68,Male,North,Provider Group E,Colorectal Cancer Screening,1,1,Compliant,2026-03-01,0,None,Not Needed,0,0.75
SYN01025,68,Male,North,Provider Group E,Diabetes Care,1,0,Open,2026-03-01,0,None,Not Attempted,0,0.78
SYN01025,68,Male,North,Provider Group E,Medication Adherence,1,0,Open,2026-03-01,0,None,Not Attempted,0,0.85
SYN01029,72,Male,South,Provider Group A,Medication Adherence,1,1,Compliant,2026-03-01,0,None,Not Needed,0,0.85
SYN01047,67,Male,West,Provider Group E,Controlling Blood Pressure,1,1,Compliant,2026-03-01,0,None,Not Needed,0,0.8
SYN01047,67,Male,West,Provider Group E,Diabetes Care,1,1,Compliant,2026-03-01,0,None,Not Needed,0,0.78
SYN01047,67,Male,West,Provider Group E,Medication Adherence,1,1,Compliant,2026-03-01,0,None,Not Needed,0,0.85
SYN01053,79,Female,West,Provider Group C,Breast Cancer Screening,0,0,Not Eligible,2026-03-01,0,None,Not Needed,0,0.8
SYN01056,73,Male,North,Provider Group B,Follow-Up After Hospitalization,1,0,Open,2026-03-01,2,Phone,Unable to Reach,0,0.75
SYN01059,86,Male,North,Provider Group B,Follow-Up After Hospitalization,1,0,Open,2026-03-01,4,Mail,Declined,0,0.75
SYN01059,86,Male,North,Provider Group B,Medication Adherence,1,1,Compliant,2026-03-01,0,None,Not Needed,0,0.85
SYN01063,82,Female,East,Provider Group A,Controlling Blood Pressure,1,1,Compliant,2026-03-01,0,None,Not Needed,0,0.8
SYN01063,82,Female,East,Provider Group A,Medication Adherence,1,1,Compliant,2026-03-01,0,None,Not Needed,0,0.85
SYN01079,71,Male,East,Provider Group B,Colorectal Cancer Screening,1,1,Compliant,2026-03-01,0,None,Not Needed,0,0.75
SYN01079,71,Male,East,Provider Group B,Diabetes Care,1,1,Compliant,2026-03-01,2,Care Coordinator,Reached,1,0.78
SYN01079,71,Male,East,Provider Group B,Follow-Up After Hospitalization,1,1,Compliant,2026-03-01,0,None,Not Needed,0,0.75
SYN01085,75,Female,North,Provider Group B,Breast Cancer Screening,0,0,Not Eligible,2026-03-01,0,None,Not Needed,0,0.8
SYN01085,75,Female,North,Provider Group B,Colorectal Cancer Screening,1,0,Open,2026-03-01,1,Mail,Reached,0,0.75
SYN01085,75,Female,North,Provider Group B,Controlling Blood Pressure,1,1,Compliant,2026-03-01,0,None,Not Needed,0,0.8
SYN01085,75,Female,North,Provider Group B,Medication Adherence,0,0,Not Eligible,2026-03-01,0,None,Not Needed,0,0.85
SYN01087,70,Male,North,Provider Group A,Breast Cancer Screening,0,0,Not Eligible,2026-03-01,0,None,Not Needed,0,0.8
SYN01087,70,Male,North,Provider Group A,Controlling Blood Pressure,0,0,Not Eligible,2026-03-01,0,None,Not Needed,0,0.8
SYN01087,70,Male,North,Provider Group A,Diabetes Care,1,1,Compliant,2026-03-01,0,None,Not Needed,0,0.78
SYN01087,70,Male,North,Provider Group A,Medication Adherence,1,1,Compliant,2026-03-01,0,None,Not Needed,0,0.85
SYN01089,86,Female,South,Provider Group E,Breast Cancer Screening,0,0,Not Eligible,2026-03-01,0,None,Not Needed,0,0.8
SYN01089,86,Female,South,Provider Group E,Diabetes Care,1,0,Open,2026-03-01,1,Mail,Declined,0,0.78
SYN01089,86,Female,South,Provider Group E,Medication Adherence,1,1,Compliant,2026-03-01,0,None,Not Needed,0,0.85
SYN01090,70,Male,East,Provider Group C,Colorectal Cancer Screening,0,0,Not Eligible,2026-03-01,0,None,Not Needed,0,0.75
SYN01090,70,Male,East,Provider Group C,Controlling Blood Pressure,1,1,Compliant,2026-03-01,0,None,Not Needed,0,0.8
SYN01090,70,Male,East,Provider Group C,Medication Adherence,1,0,Open,2026-03-01,1,Phone,Declined,0,0.85
SYN01094,75,Male,North,Provider Group B,Colorectal Cancer Screening,1,1,Compliant,2026-03-01,0,None,Not Needed,0,0.75
SYN01094,75,Male,North,Provider Group B,Controlling Blood Pressure,1,1,Compliant,2026-03-01,0,None,Not Needed,0,0.8
SYN01094,75,Male,North,Provider Group B,Diabetes Care,0,0,Not Eligible,2026-03-01,0,None,Not Needed,0,0.78
SYN01094,75,Male,North,Provider Group B,Follow-Up After Hospitalization,1,0,Open,2026-03-01,0,None,Not Attempted,0,0.75
SYN01095,72,Male,East,Provider Group D,Colorectal Cancer Screening,1,0,Open,2026-03-01,2,Mail,Unable to Reach,0,0.75
SYN01095,72,Male,East,Provider Group D,Controlling Blood Pressure,1,1,Compliant,2026-03-01,1,SMS,Reached,1,0.8
SYN01095,72,Male,East,Provider Group D,Diabetes Care,1,1,Compliant,2026-03-01,0,None,Not Needed,0,0.78
SYN01095,72,Male,East,Provider Group D,Follow-Up After Hospitalization,1,1,Compliant,2026-03-01,0,None,Not Needed,0,0.75
SYN01095,72,Male,East,Provider Group D,Medication Adherence,0,0,Not Eligible,2026-03-01,0,None,Not Needed,0,0.85
SYN01097,87,Female,West,Provider Group E,Breast Cancer Screening,0,0,Not Eligible,2026-03-01,0,None,Not Needed,0,0.8
SYN01097,87,Female,West,Provider Group E,Colorectal Cancer Screening,0,0,Not Eligible,2026-03-01,0,None,Not Needed,0,0.75
SYN01097,87,Female,West,Provider Group E,Controlling Blood Pressure,1,1,Compliant,2026-03-01,0,None,Not Needed,0,0.8
SYN01097,87,Female,West,Provider Group E,Medication Adherence,1,1,Compliant,2026-03-01,1,SMS,Reached,1,0.85
SYN01099,82,Male,North,Provider Group B,Medication Adherence,1,0,Open,2026-03-01,0,None,Not Attempted,0,0.85
SYN01104,72,Female,South,Provider Group E,Breast Cancer Screening,1,1,Compliant,2026-03-01,0,None,Not Needed,0,0.8
SYN01104,72,Female,South,Provider Group E,Colorectal Cancer Screening,1,1,Compliant,2026-03-01,0,None,Not Needed,0,0.75
SYN01104,72,Female,South,Provider Group E,Diabetes Care,1,0,Open,2026-03-01,0,None,Not Attempted,0,0.78
SYN01104,72,Female,South,Provider Group E,Medication Adherence,1,1,Compliant,2026-03-01,0,None,Not Needed,0,0.85
SYN01110,76,Male,South,Provider Group C,Colorectal Cancer Screening,0,0,Not Eligible,2026-03-01,0,None,Not Needed,0,0.75
SYN01110,76,Male,South,Provider Group C,Controlling Blood Pressure,1,1,Compliant,2026-03-01,0,None,Not Needed,0,0.8
SYN01111,69,Male,West,Provider Group B,Breast Cancer Screening,0,0,Not Eligible,2026-03-01,0,None,Not Needed,0,0.8
SYN01111,69,Male,West,Provider Group B,Diabetes Care,1,1,Compliant,2026-03-01,0,None,Not Needed,0,0.78
SYN01115,74,Female,East,Provider Group C,Breast Cancer Screening,1,1,Compliant,2026-03-01,0,None,Not Needed,0,0.8
SYN01115,74,Female,East,Provider Group C,Medication Adherence,1,1,Compliant,2026-03-01,0,None,Not Needed,0,0.85
SYN01128,71,Male,East,Provider Group E,Colorectal Cancer Screening,1,1,Compliant,2026-03-01,0,None,Not Needed,0,0.75
SYN01128,71,Male,East,Provider Group E,Controlling Blood Pressure,1,1,Compliant,2026-03-01,0,None,Not Needed,0,0.8
SYN01128,71,Male,East,Provider Group E,Medication Adherence,1,1,Compliant,2026-03-01,0,None,Not Needed,0,0.85
SYN01148,66,Male,West,Provider Group C,Colorectal Cancer Screening,1,1,Compliant,2026-03-01,0,None,Not Needed,0,0.75
SYN01148,66,Male,West,Provider Group C,Controlling Blood Pressure,1,1,Compliant,2026-03-01,0,None,Not Needed,0,0.8
SYN01148,66,Male,West,Provider Group C,Medication Adherence,1,1,Compliant,2026-03-01,0,None,Not Needed,0,0.85
SYN01161,70,Male,South,Provider Group C,Colorectal Cancer Screening,1,0,Open,2026-03-01,2,SMS,Unable to Reach,0,0.75
SYN01161,70,Male,South,Provider Group C,Medication Adherence,1,1,Compliant,2026-03-01,0,None,Not Needed,0,0.85
SYN01173,78,Female,West,Provider Group B,Breast Cancer Screening,0,0,Not Eligible,2026-03-01,0,None,Not Needed,0,0.8
SYN01173,78,Female,West,Provider Group B,Diabetes Care,1,0,Open,2026-03-01,3,Phone,Unable to Reach,0,0.78
SYN01178,66,Female,South,Provider Group E,Colorectal Cancer Screening,1,1,Compliant,2026-03-01,0,None,Not Needed,0,0.75
SYN01178,66,Female,South,Provider Group E,Follow-Up After Hospitalization,1,0,Open,2026-03-01,2,SMS,Reached,0,0.75
SYN01178,66,Female,South,Provider Group E,Medication Adherence,1,1,Compliant,2026-03-01,0,None,Not Needed,0,0.85
SYN01181,89,Female,South,Provider Group A,Diabetes Care,0,0,Not Eligible,2026-03-01,0,None,Not Needed,0,0.78
SYN01181,89,Female,South,Provider Group A,Medication Adherence,1,1,Compliant,2026-03-01,0,None,Not Needed,0,0.85
SYN01186,84,Female,South,Provider Group D,Colorectal Cancer Screening,0,0,Not Eligible,2026-03-01,0,None,Not Needed,0,0.75
SYN01186,84,Female,South,Provider Group D,Controlling Blood Pressure,1,1,Compliant,2026-03-01,0,None,Not Needed,0,0.8
SYN01186,84,Female,South,Provider Group D,Follow-Up After Hospitalization,1,1,Compliant,2026-03-01,0,None,Not Needed,0,0.75
SYN01215,70,Male,East,Provider Group E,Breast Cancer Screening,0,0,Not Eligible,2026-03-01,0,None,Not Needed,0,0.8
SYN01215,70,Male,East,Provider Group E,Colorectal Cancer Screening,1,1,Compliant,2026-03-01,2,SMS,Reached,1,0.75
SYN01215,70,Male,East,Provider Group E,Controlling Blood Pressure,1,0,Open,2026-03-01,4,SMS,Unable to Reach,0,0.8
SYN01215,70,Male,East,Provider Group E,Diabetes Care,1,1,Compliant,2026-03-01,0,None,Not Needed,0,0.78
SYN01215,70,Male,East,Provider Group E,Follow-Up After Hospitalization,1,0,Open,2026-03-01,1,Phone,Reached,0,0.75
SYN01224,78,Female,East,Provider Group B,Breast Cancer Screening,0,0,Not Eligible,2026-03-01,0,None,Not Needed,0,0.8
SYN01224,78,Female,East,Provider Group B,Colorectal Cancer Screening,0,0,Not Eligible,2026-03-01,0,None,Not Needed,0,0.75
SYN01224,78,Female,East,Provider Group B,Controlling Blood Pressure,1,1,Compliant,2026-03-01,0,None,Not Needed,0,0.8
SYN01224,78,Female,East,Provider Group B,Medication Adherence,1,1,Compliant,2026-03-01,0,None,Not Needed,0,0.85
SYN01254,66,Male,South,Provider Group A,Colorectal Cancer Screening,1,1,Compliant,2026-03-01,0,None,Not Needed,0,0.75
SYN01254,66,Male,South,Provider Group A,Diabetes Care,0,0,Not Eligible,2026-03-01,0,None,Not Needed,0,0.78
SYN01254,66,Male,South,Provider Group A,Follow-Up After Hospitalization,1,0,Open,2026-03-01,3,SMS,Reached,0,0.75
SYN01254,66,Male,South,Provider Group A,Medication Adherence,0,0,Not Eligible,2026-03-01,0,None,Not Needed,0,0.85
SYN01256,67,Male,North,Provider Group C,Colorectal Cancer Screening,1,0,Open,2026-03-01,2,Phone,Reached,0,0.75
SYN01256,67,Male,North,Provider Group C,Diabetes Care,0,0,Not Eligible,2026-03-01,0,None,Not Needed,0,0.78
SYN01257,72,Female,West,Provider Group B,Breast Cancer Screening,1,1,Compliant,2026-03-01,0,None,Not Needed,0,0.8
SYN01257,72,Female,West,Provider Group B,Colorectal Cancer Screening,1,1,Compliant,2026-03-01,0,None,Not Needed,0,0.75
SYN01257,72,Female,West,Provider Group B,Controlling Blood Pressure,1,1,Compliant,2026-03-01,0,None,Not Needed,0,0.8
SYN01257,72,Female,West,Provider Group B,Follow-Up After Hospitalization,0,0,Not Eligible,2026-03-01,0,None,Not Needed,0,0.75
SYN01261,81,Male,North,Provider Group C,Controlling Blood Pressure,1,0,Open,2026-03-01,0,None,Not Attempted,0,0.8
SYN01261,81,Male,North,Provider Group C,Medication Adherence,1,1,Compliant,2026-03-01,0,None,Not Needed,0,0.85
SYN01263,67,Female,South,Provider Group A,Colorectal Cancer Screening,1,1,Compliant,2026-03-01,3,Care Coordinator,Reached,1,0.75
SYN01263,67,Female,South,Provider Group A,Controlling Blood Pressure,1,0,Open,2026-03-01,0,None,Not Attempted,0,0.8
SYN01263,67,Female,South,Provider Group A,Follow-Up After Hospitalization,1,0,Open,2026-03-01,3,Phone,Unable to Reach,0,0.75
SYN01263,67,Female,South,Provider Group A,Medication Adherence,1,0,Open,2026-03-01,1,SMS,Unable to Reach,0,0.85
SYN01266,73,Female,North,Provider Group A,Colorectal Cancer Screening,1,0,Open,2026-03-01,0,None,Not Attempted,0,0.75
SYN01266,73,Female,North,Provider Group A,Medication Adherence,1,1,Compliant,2026-03-01,0,None,Not Needed,0,0.85
SYN01267,71,Female,West,Provider Group C,Breast Cancer Screening,1,0,Open,2026-03-01,1,SMS,Unable to Reach,0,0.8
SYN01267,71,Female,West,Provider Group C,Colorectal Cancer Screening,1,0,Open,2026-03-01,0,None,Not Attempted,0,0.75
SYN01267,71,Female,West,Provider Group C,Medication Adherence,1,1,Compliant,2026-03-01,0,None,Not Needed,0,0.85
SYN01270,71,Female,North,Provider Group B,Breast Cancer Screening,1,1,Compliant,2026-03-01,0,None,Not Needed,0,0.8
SYN01304,87,Male,South,Provider Group D,Colorectal Cancer Screening,0,0,Not Eligible,2026-03-01,0,None,Not Needed,0,0.75
SYN01304,87,Male,South,Provider Group D,Controlling Blood Pressure,1,0,Open,2026-03-01,1,Mail,Unable to Reach,0,0.8
SYN01304,87,Male,South,Provider Group D,Follow-Up After Hospitalization,0,0,Not Eligible,2026-03-01,0,None,Not Needed,0,0.75
SYN01313,67,Female,North,Provider Group A,Diabetes Care,1,1,Compliant,2026-03-01,0,None,Not Needed,0,0.78
SYN01319,78,Female,East,Provider Group A,Breast Cancer Screening,0,0,Not Eligible,2026-03-01,0,None,Not Needed,0,0.8
SYN01319,78,Female,East,Provider Group A,Controlling Blood Pressure,1,0,Open,2026-03-01,4,Mail,Unable to Reach,0,0.8
SYN01319,78,Female,East,Provider Group A,Medication Adherence,1,1,Compliant,2026-03-01,0,None,Not Needed,0,0.85
SYN01325,85,Female,North,Provider Group A,Breast Cancer Screening,0,0,Not Eligible,2026-03-01,0,None,Not Needed,0,0.8
SYN01325,85,Female,North,Provider Group A,Medication Adherence,1,1,Compliant,2026-03-01,0,None,Not Needed,0,0.85
SYN01332,66,Female,South,Provider Group C,Breast Cancer Screening,1,0,Open,2026-03-01,2,SMS,Reached,0,0.8
SYN01332,66,Female,South,Provider Group C,Colorectal Cancer Screening,1,0,Open,2026-03-01,0,None,Not Attempted,0,0.75
SYN01332,66,Female,South,Provider Group C,Medication Adherence,1,1,Compliant,2026-03-01,0,None,Not Needed,0,0.85
SYN01336,72,Female,West,Provider Group A,Controlling Blood Pressure,1,1,Compliant,2026-03-01,0,None,Not Needed,0,0.8
SYN01342,88,Female,East,Provider Group B,Colorectal Cancer Screening,0,0,Not Eligible,2026-03-01,0,None,Not Needed,0,0.75
SYN01342,88,Female,East,Provider Group B,Controlling Blood Pressure,1,1,Compliant,2026-03-01,0,None,Not Needed,0,0.8
SYN01346,83,Female,South,Provider Group B,Breast Cancer Screening,0,0,Not Eligible,2026-03-01,0,None,Not Needed,0,0.8
SYN01346,83,Female,South,Provider Group B,Colorectal Cancer Screening,0,0,Not Eligible,2026-03-01,0,None,Not Needed,0,0.75
SYN01346,83,Female,South,Provider Group B,Follow-Up After Hospitalization,1,1,Compliant,2026-03-01,1,SMS,Reached,1,0.75
SYN01347,81,Female,North,Provider Group A,Colorectal Cancer Screening,0,0,Not Eligible,2026-03-01,0,None,Not Needed,0,0.75
SYN01347,81,Female,North,Provider Group A,Controlling Blood Pressure,1,0,Open,2026-03-01,0,None,Not Attempted,0,0.8
SYN01352,71,Female,South,Provider Group C,Breast Cancer Screening,1,1,Compliant,2026-03-01,1,Phone,Reached,1,0.8
SYN01352,71,Female,South,Provider Group C,Controlling Blood Pressure,1,1,Compliant,2026-03-01,0,None,Not Needed,0,0.8
SYN01352,71,Female,South,Provider Group C,Medication Adherence,1,1,Compliant,2026-03-01,0,None,Not Needed,0,0.85
SYN01361,73,Female,North,Provider Group A,Breast Cancer Screening,1,1,Compliant,2026-03-01,0,None,Not Needed,0,0.8
SYN01361,73,Female,North,Provider Group A,Colorectal Cancer Screening,1,1,Compliant,2026-03-01,0,None,Not Needed,0,0.75
SYN01364,84,Female,West,Provider Group D,Breast Cancer Screening,0,0,Not Eligible,2026-03-01,0,None,Not Needed,0,0.8
SYN01364,84,Female,West,Provider Group D,Colorectal Cancer Screening,0,0,Not Eligible,2026-03-01,0,None,Not Needed,0,0.75
SYN01369,66,Female,South,Provider Group C,Breast Cancer Screening,1,1,Compliant,2026-03-01,0,None,Not Needed,0,0.8
SYN01369,66,Female,South,Provider Group C,Follow-Up After Hospitalization,1,0,Open,2026-03-01,4,Mail,Reached,0,0.75
SYN01381,87,Male,West,Provider Group B,Colorectal Cancer Screening,0,0,Not Eligible,2026-03-01,0,None,Not Needed,0,0.75
SYN01381,87,Male,West,Provider Group B,Controlling Blood Pressure,1,1,Compliant,2026-03-01,0,None,Not Needed,0,0.8
SYN01381,87,Male,West,Provider Group B,Follow-Up After Hospitalization,1,1,Compliant,2026-03-01,1,Phone,Reached,1,0.75
SYN01389,72,Male,South,Provider Group C,Diabetes Care,1,1,Compliant,2026-03-01,1,Care Coordinator,Reached,1,0.78
SYN01389,72,Male,South,Provider Group C,Medication Adherence,1,1,Compliant,2026-03-01,0,None,Not Needed,0,0.85
SYN01396,65,Male,South,Provider Group D,Controlling Blood Pressure,1,1,Compliant,2026-03-01,0,None,Not Needed,0,0.8
SYN01403,87,Female,West,Provider Group A,Breast Cancer Screening,0,0,Not Eligible,2026-03-01,0,None,Not Needed,0,0.8
SYN01403,87,Female,West,Provider Group A,Colorectal Cancer Screening,0,0,Not Eligible,2026-03-01,0,None,Not Needed,0,0.75
SYN01403,87,Female,West,Provider Group A,Controlling Blood Pressure,1,1,Compliant,2026-03-01,1,Care Coordinator,Reached,1,0.8
SYN01403,87,Female,West,Provider Group A,Diabetes Care,0,0,Not Eligible,2026-03-01,0,None,Not Needed,0,0.78
SYN01403,87,Female,West,Provider Group A,Medication Adherence,1,1,Compliant,2026-03-01,0,None,Not Needed,0,0.85
SYN01407,68,Female,West,Provider Group B,Breast Cancer Screening,1,1,Compliant,2026-03-01,1,Care Coordinator,Reached,1,0.8
SYN01412,87,Male,West,Provider Group D,Follow-Up After Hospitalization,1,1,Compliant,2026-03-01,2,SMS,Reached,1,0.75
SYN01412,87,Male,West,Provider Group D,Medication Adherence,1,1,Compliant,2026-03-01,2,Care Coordinator,Reached,1,0.85
SYN01413,73,Male,South,Provider Group C,Medication Adherence,1,1,Compliant,2026-03-01,3,Phone,Reached,1,0.85
SYN01419,75,Female,South,Provider Group E,Breast Cancer Screening,0,0,Not Eligible,2026-03-01,0,None,Not Needed,0,0.8
SYN01419,75,Female,South,Provider Group E,Colorectal Cancer Screening,1,0,Open,2026-03-01,1,Mail,Declined,0,0.75
SYN01419,75,Female,South,Provider Group E,Controlling Blood Pressure,1,1,Compliant,2026-03-01,0,None,Not Needed,0,0.8
SYN01419,75,Female,South,Provider Group E,Diabetes Care,1,0,Open,2026-03-01,1,Mail,Declined,0,0.78
SYN01423,86,Female,West,Provider Group B,Medication Adherence,1,1,Compliant,2026-03-01,0,None,Not Needed,0,0.85
SYN01424,68,Female,East,Provider Group C,Breast Cancer Screening,1,1,Compliant,2026-03-01,0,None,Not Needed,0,0.8
SYN01424,68,Female,East,Provider Group C,Colorectal Cancer Screening,1,0,Open,2026-03-01,1,Mail,Reached,0,0.75
SYN01424,68,Female,East,Provider Group C,Diabetes Care,1,1,Compliant,2026-03-01,0,None,Not Needed,0,0.78
SYN01424,68,Female,East,Provider Group C,Follow-Up After Hospitalization,1,1,Compliant,2026-03-01,1,Phone,Reached,1,0.75
SYN01430,70,Male,South,Provider Group D,Controlling Blood Pressure,0,0,Not Eligible,2026-03-01,0,None,Not Needed,0,0.8
SYN01430,70,Male,South,Provider Group D,Medication Adherence,1,1,Compliant,2026-03-01,0,None,Not Needed,0,0.85
SYN01437,69,Female,West,Provider Group D,Colorectal Cancer Screening,1,0,Open,2026-03-01,0,None,Not Attempted,0,0.75
SYN01444,68,Male,South,Provider Group B,Colorectal Cancer Screening,1,0,Open,2026-03-01,0,None,Not Attempted,0,0.75
SYN01444,68,Male,South,Provider Group B,Controlling Blood Pressure,1,1,Compliant,2026-03-01,0,None,Not Needed,0,0.8
SYN01444,68,Male,South,Provider Group B,Diabetes Care,1,0,Open,2026-03-01,2,SMS,Unable to Reach,0,0.78
SYN01454,65,Female,East,Provider Group A,Colorectal Cancer Screening,1,1,Compliant,2026-03-01,0,None,Not Needed,0,0.75
SYN01454,65,Female,East,Provider Group A,Controlling Blood Pressure,1,1,Compliant,2026-03-01,1,Phone,Reached,1,0.8
SYN01454,65,Female,East,Provider Group A,Diabetes Care,1,1,Compliant,2026-03-01,0,None,Not Needed,0,0.78
SYN01454,65,Female,East,Provider Group A,Follow-Up After Hospitalization,1,1,Compliant,2026-03-01,0,None,Not Needed,0,0.75
SYN01454,65,Female,East,Provider Group A,Medication Adherence,1,1,Compliant,2026-03-01,0,None,Not Needed,0,0.85
SYN01459,88,Female,North,Provider Group B,Breast Cancer Screening,0,0,Not Eligible,2026-03-01,0,None,Not Needed,0,0.8
SYN01459,88,Female,North,Provider Group B,Follow-Up After Hospitalization,1,1,Compliant,2026-03-01,0,None,Not Needed,0,0.75
SYN01461,73,Male,East,Provider Group E,Colorectal Cancer Screening,1,0,Open,2026-03-01,0,None,Not Attempted,0,0.75
SYN01461,73,Male,East,Provider Group E,Diabetes Care,1,1,Compliant,2026-03-01,0,None,Not Needed,0,0.78
SYN01471,73,Female,South,Provider Group B,Controlling Blood Pressure,0,0,Not Eligible,2026-03-01,0,None,Not Needed,0,0.8
SYN01471,73,Female,South,Provider Group B,Medication Adherence,0,0,Not Eligible,2026-03-01,0,None,Not Needed,0,0.85
SYN01472,74,Female,North,Provider Group A,Breast Cancer Screening,1,1,Compliant,2026-03-01,0,None,Not Needed,0,0.8
SYN01472,74,Female,North,Provider Group A,Colorectal Cancer Screening,1,1,Compliant,2026-03-01,0,None,Not Needed,0,0.75
SYN01472,74,Female,North,Provider Group A,Follow-Up After Hospitalization,1,0,Open,2026-03-01,2,Phone,Reached,0,0.75
SYN01484,73,Female,South,Provider Group B,Colorectal Cancer Screening,1,0,Open,2026-03-01,1,Mail,Reached,0,0.75
SYN01484,73,Female,South,Provider Group B,Controlling Blood Pressure,0,0,Not Eligible,2026-03-01,0,None,Not Needed,0,0.8
SYN01484,73,Female,South,Provider Group B,Medication Adherence,1,1,Compliant,2026-03-01,0,None,Not Needed,0,0.85
SYN01493,74,Male,West,Provider Group D,Colorectal Cancer Screening,1,1,Compliant,2026-03-01,1,Phone,Reached,1,0.75
SYN01493,74,Male,West,Provider Group D,Follow-Up After Hospitalization,0,0,Not Eligible,2026-03-01,0,None,Not Needed,0,0.75
SYN01493,74,Male,West,Provider Group D,Medication Adherence,1,0,Open,2026-03-01,2,SMS,Reached,0,0.85
SYN01496,72,Male,West,Provider Group B,Diabetes Care,1,0,Open,2026-03-01,1,SMS,Unable to Reach,0,0.78
SYN01496,72,Male,West,Provider Group B,Medication Adherence,1,1,Compliant,2026-03-01,0,None,Not Needed,0,0.85
SYN01497,88,Female,South,Provider Group C,Diabetes Care,1,0,Open,2026-03-01,2,Care Coordinator,Reached,0,0.78
SYN01497,88,Female,South,Provider Group C,Medication Adherence,1,1,Compliant,2026-03-01,0,None,Not Needed,0,0.85
SYN01501,81,Female,West,Provider Group E,Colorectal Cancer Screening,0,0,Not Eligible,2026-03-01,0,None,Not Needed,0,0.75
SYN01501,81,Female,West,Provider Group E,Diabetes Care,0,0,Not Eligible,2026-03-01,0,None,Not Needed,0,0.78
SYN01501,81,Female,West,Provider Group E,Medication Adherence,1,0,Open,2026-03-01,0,None,Not Attempted,0,0.85
SYN01507,74,Male,North,Provider Group B,Colorectal Cancer Screening,1,1,Compliant,2026-03-01,0,None,Not Needed,0,0.75
SYN01507,74,Male,North,Provider Group B,Controlling Blood Pressure,1,0,Open,2026-03-01,1,Phone,Declined,0,0.8
SYN01512,69,Male,South,Provider Group C,Colorectal Cancer Screening,1,1,Compliant,2026-03-01,1,Phone,Reached,1,0.75
SYN01512,69,Male,South,Provider Group C,Controlling Blood Pressure,0,0,Not Eligible,2026-03-01,0,None,Not Needed,0,0.8
SYN01512,69,Male,South,Provider Group C,Medication Adherence,1,1,Compliant,2026-03-01,0,None,Not Needed,0,0.85
SYN01514,80,Male,East,Provider Group B,Colorectal Cancer Screening,0,0,Not Eligible,2026-03-01,0,None,Not Needed,0,0.75
SYN01525,89,Male,South,Provider Group A,Diabetes Care,1,1,Compliant,2026-03-01,0,None,Not Needed,0,0.78
SYN01525,89,Male,South,Provider Group A,Follow-Up After Hospitalization,0,0,Not Eligible,2026-03-01,0,None,Not Needed,0,0.75
SYN01534,71,Female,East,Provider Group C,Breast Cancer Screening,1,0,Open,2026-03-01,1,Mail,Reached,0,0.8
SYN01534,71,Female,East,Provider Group C,Colorectal Cancer Screening,1,1,Compliant,2026-03-01,2,SMS,Reached,1,0.75
SYN01534,71,Female,East,Provider Group C,Diabetes Care,1,1,Compliant,2026-03-01,0,None,Not Needed,0,0.78
SYN01534,71,Female,East,Provider Group C,Follow-Up After Hospitalization,0,0,Not Eligible,2026-03-01,0,None,Not Needed,0,0.75
SYN01536,85,Female,North,Provider Group C,Diabetes Care,1,1,Compliant,2026-03-01,0,None,Not Needed,0,0.78
SYN01536,85,Female,North,Provider Group C,Follow-Up After Hospitalization,1,0,Open,2026-03-01,3,Mail,Unable to Reach,0,0.75
SYN01536,85,Female,North,Provider Group C,Medication Adherence,1,0,Open,2026-03-01,4,Mail,Unable to Reach,0,0.85
SYN01541,71,Male,East,Provider Group E,Colorectal Cancer Screening,1,0,Open,2026-03-01,0,None,Not Attempted,0,0.75
SYN01541,71,Male,East,Provider Group E,Follow-Up After Hospitalization,1,1,Compliant,2026-03-01,2,Phone,Reached,1,0.75
SYN01552,87,Female,East,Provider Group A,Breast Cancer Screening,0,0,Not Eligible,2026-03-01,0,None,Not Needed,0,0.8
SYN01552,87,Female,East,Provider Group A,Colorectal Cancer Screening,0,0,Not Eligible,2026-03-01,0,None,Not Needed,0,0.75
SYN01552,87,Female,East,Provider Group A,Follow-Up After Hospitalization,1,1,Compliant,2026-03-01,0,None,Not Needed,0,0.75
SYN01552,87,Female,East,Provider Group A,Medication Adherence,1,1,Compliant,2026-03-01,0,None,Not Needed,0,0.85
SYN01556,83,Male,South,Provider Group D,Colorectal Cancer Screening,0,0,Not Eligible,2026-03-01,0,None,Not Needed,0,0.75
SYN01557,68,Male,North,Provider Group D,Breast Cancer Screening,0,0,Not Eligible,2026-03-01,0,None,Not Needed,0,0.8
SYN01557,68,Male,North,Provider Group D,Colorectal Cancer Screening,1,1,Compliant,2026-03-01,0,None,Not Needed,0,0.75
SYN01557,68,Male,North,Provider Group D,Controlling Blood Pressure,1,1,Compliant,2026-03-01,0,None,Not Needed,0,0.8
SYN01557,68,Male,North,Provider Group D,Diabetes Care,0,0,Not Eligible,2026-03-01,0,None,Not Needed,0,0.78
SYN01557,68,Male,North,Provider Group D,Medication Adherence,1,1,Compliant,2026-03-01,0,None,Not Needed,0,0.85
SYN01571,75,Female,South,Provider Group E,Controlling Blood Pressure,1,1,Compliant,2026-03-01,3,Phone,Reached,1,0.8
SYN01573,68,Male,North,Provider Group D,Follow-Up After Hospitalization,0,0,Not Eligible,2026-03-01,0,None,Not Needed,0,0.75
SYN01573,68,Male,North,Provider Group D,Medication Adherence,1,1,Compliant,2026-03-01,0,None,Not Needed,0,0.85
SYN01576,84,Female,East,Provider Group D,Breast Cancer Screening,0,0,Not Eligible,2026-03-01,0,None,Not Needed,0,0.8
SYN01576,84,Female,East,Provider Group D,Colorectal Cancer Screening,0,0,Not Eligible,2026-03-01,0,None,Not Needed,0,0.75
SYN01576,84,Female,East,Provider Group D,Controlling Blood Pressure,1,1,Compliant,2026-03-01,0,None,Not Needed,0,0.8
SYN01576,84,Female,East,Provider Group D,Medication Adherence,1,1,Compliant,2026-03-01,0,None,Not Needed,0,0.85
SYN01577,76,Male,South,Provider Group A,Controlling Blood Pressure,1,1,Compliant,2026-03-01,0,None,Not Needed,0,0.8
SYN01577,76,Male,South,Provider Group A,Medication Adherence,1,1,Compliant,2026-03-01,0,None,Not Needed,0,0.85
SYN01578,86,Female,South,Provider Group A,Diabetes Care,0,0,Not Eligible,2026-03-01,0,None,Not Needed,0,0.78
SYN01580,89,Female,North,Provider Group B,Controlling Blood Pressure,1,1,Compliant,2026-03-01,0,None,Not Needed,0,0.8
SYN01585,70,Female,West,Provider Group D,Breast Cancer Screening,1,1,Compliant,2026-03-01,0,None,Not Needed,0,0.8
SYN01585,70,Female,West,Provider Group D,Diabetes Care,1,1,Compliant,2026-03-01,0,None,Not Needed,0,0.78
SYN01585,70,Female,West,Provider Group D,Medication Adherence,1,1,Compliant,2026-03-01,0,None,Not Needed,0,0.85
SYN01599,70,Male,South,Provider Group A,Colorectal Cancer Screening,1,1,Compliant,2026-03-01,0,None,Not Needed,0,0.75
SYN01599,70,Male,South,Provider Group A,Medication Adherence,0,0,Not Eligible,2026-03-01,0,None,Not Needed,0,0.85
SYN01601,68,Female,North,Provider Group A,Breast Cancer Screening,0,0,Not Eligible,2026-03-01,0,None,Not Needed,0,0.8
SYN01601,68,Female,North,Provider Group A,Colorectal Cancer Screening,1,0,Open,2026-03-01,1,Mail,Unable to Reach,0,0.75
SYN01601,68,Female,North,Provider Group A,Controlling Blood Pressure,0,0,Not Eligible,2026-03-01,0,None,Not Needed,0,0.8
SYN01601,68,Female,North,Provider Group A,Medication Adherence,1,1,Compliant,2026-03-01,0,None,Not Needed,0,0.85
SYN01603,65,Female,East,Provider Group A,Breast Cancer Screening,1,1,Compliant,2026-03-01,0,None,Not Needed,0,0.8
SYN01603,65,Female,East,Provider Group A,Colorectal Cancer Screening,1,1,Compliant,2026-03-01,0,None,Not Needed,0,0.75
SYN01603,65,Female,East,Provider Group A,Follow-Up After Hospitalization,1,1,Compliant,2026-03-01,0,None,Not Needed,0,0.75
SYN01603,65,Female,East,Provider Group A,Medication Adherence,1,1,Compliant,2026-03-01,0,None,Not Needed,0,0.85
SYN01605,77,Male,East,Provider Group A,Diabetes Care,1,0,Open,2026-03-01,0,None,Not Attempted,0,0.78
SYN01606,78,Female,South,Provider Group B,Controlling Blood Pressure,0,0,Not Eligible,2026-03-01,0,None,Not Needed,0,0.8
SYN01606,78,Female,South,Provider Group B,Diabetes Care,1,0,Open,2026-03-01,1,Mail,Unable to Reach,0,0.78
SYN01621,69,Female,West,Provider Group D,Breast Cancer Screening,1,0,Open,2026-03-01,2,Phone,Declined,0,0.8
SYN01621,69,Female,West,Provider Group D,Colorectal Cancer Screening,1,0,Open,2026-03-01,1,Phone,Reached,0,0.75
SYN01621,69,Female,West,Provider Group D,Controlling Blood Pressure,1,0,Open,2026-03-01,0,None,Not Attempted,0,0.8
SYN01621,69,Female,West,Provider Group D,Follow-Up After Hospitalization,1,1,Compliant,2026-03-01,0,None,Not Needed,0,0.75
SYN01630,70,Female,South,Provider Group C,Breast Cancer Screening,1,1,Compliant,2026-03-01,0,None,Not Needed,0,0.8
SYN01630,70,Female,South,Provider Group C,Colorectal Cancer Screening,1,0,Open,2026-03-01,0,None,Not Attempted,0,0.75
SYN01630,70,Female,South,Provider Group C,Controlling Blood Pressure,1,1,Compliant,2026-03-01,0,None,Not Needed,0,0.8
SYN01630,70,Female,South,Provider Group C,Diabetes Care,1,0,Open,2026-03-01,0,None,Not Attempted,0,0.78
SYN01630,70,Female,South,Provider Group C,Medication Adherence,1,1,Compliant,2026-03-01,0,None,Not Needed,0,0.85
SYN01632,72,Female,North,Provider Group A,Breast Cancer Screening,1,0,Open,2026-03-01,0,None,Not Attempted,0,0.8
SYN01632,72,Female,North,Provider Group A,Colorectal Cancer Screening,1,1,Compliant,2026-03-01,0,None,Not Needed,0,0.75
SYN01632,72,Female,North,Provider Group A,Diabetes Care,0,0,Not Eligible,2026-03-01,0,None,Not Needed,0,0.78
SYN01632,72,Female,North,Provider Group A,Medication Adherence,1,1,Compliant,2026-03-01,0,None,Not Needed,0,0.85
SYN01636,71,Female,East,Provider Group A,Breast Cancer Screening,1,1,Compliant,2026-03-01,0,None,Not Needed,0,0.8
SYN01636,71,Female,East,Provider Group A,Colorectal Cancer Screening,1,1,Compliant,2026-03-01,3,Care Coordinator,Reached,1,0.75
SYN01638,71,Male,West,Provider Group C,Colorectal Cancer Screening,1,0,Open,2026-03-01,2,Phone,Unable to Reach,0,0.75
SYN01638,71,Male,West,Provider Group C,Diabetes Care,1,1,Compliant,2026-03-01,0,None,Not Needed,0,0.78
SYN01638,71,Male,West,Provider Group C,Follow-Up After Hospitalization,1,0,Open,2026-03-01,1,Phone,Unable to Reach,0,0.75
SYN01645,71,Female,South,Provider Group B,Controlling Blood Pressure,1,1,Compliant,2026-03-01,0,None,Not Needed,0,0.8
SYN01652,74,Female,East,Provider Group C,Breast Cancer Screening,1,1,Compliant,2026-03-01,0,None,Not Needed,0,0.8
SYN01652,74,Female,East,Provider Group C,Colorectal Cancer Screening,1,0,Open,2026-03-01,1,Phone,Unable to Reach,0,0.75
SYN01652,74,Female,East,Provider Group C,Controlling Blood Pressure,1,0,Open,2026-03-01,3,Phone,Declined,0,0.8
SYN01652,74,Female,East,Provider Group C,Follow-Up After Hospitalization,0,0,Not Eligible,2026-03-01,0,None,Not Needed,0,0.75
SYN01673,70,Male,South,Provider Group D,Follow-Up After Hospitalization,1,1,Compliant,2026-03-01,2,SMS,Reached,1,0.75
SYN01673,70,Male,South,Provider Group D,Medication Adherence,1,1,Compliant,2026-03-01,0,None,Not Needed,0,0.85
SYN01676,87,Female,North,Provider Group C,Colorectal Cancer Screening,0,0,Not Eligible,2026-03-01,0,None,Not Needed,0,0.75
SYN01676,87,Female,North,Provider Group C,Controlling Blood Pressure,1,1,Compliant,2026-03-01,0,None,Not Needed,0,0.8
SYN01677,66,Male,North,Provider Group B,Colorectal Cancer Screening,1,1,Compliant,2026-03-01,0,None,Not Needed,0,0.75
SYN01677,66,Male,North,Provider Group B,Controlling Blood Pressure,1,1,Compliant,2026-03-01,0,None,Not Needed,0,0.8
SYN01677,66,Male,North,Provider Group B,Medication Adherence,1,1,Compliant,2026-03-01,0,None,Not Needed,0,0.85
SYN01682,70,Male,North,Provider Group B,Colorectal Cancer Screening,1,0,Open,2026-03-01,1,SMS,Unable to Reach,0,0.75
SYN01682,70,Male,North,Provider Group B,Controlling Blood Pressure,1,0,Open,2026-03-01,0,None,Not Attempted,0,0.8
SYN01682,70,Male,North,Provider Group B,Follow-Up After Hospitalization,1,1,Compliant,2026-03-01,0,None,Not Needed,0,0.75
SYN01682,70,Male,North,Provider Group B,Medication Adherence,1,1,Compliant,2026-03-01,0,None,Not Needed,0,0.85
SYN01689,81,Female,North,Provider Group C,Breast Cancer Screening,0,0,Not Eligible,2026-03-01,0,None,Not Needed,0,0.8
SYN01689,81,Female,North,Provider Group C,Colorectal Cancer Screening,0,0,Not Eligible,2026-03-01,0,None,Not Needed,0,0.75
SYN01689,81,Female,North,Provider Group C,Diabetes Care,1,0,Open,2026-03-01,0,None,Not Attempted,0,0.78
SYN01689,81,Female,North,Provider Group C,Follow-Up After Hospitalization,1,0,Open,2026-03-01,4,Mail,Unable to Reach,0,0.75
SYN01697,65,Female,South,Provider Group C,Breast Cancer Screening,1,0,Open,2026-03-01,2,SMS,Unable to Reach,0,0.8
SYN01697,65,Female,South,Provider Group C,Colorectal Cancer Screening,1,0,Open,2026-03-01,3,Mail,Reached,0,0.75
SYN01697,65,Female,South,Provider Group C,Controlling Blood Pressure,1,0,Open,2026-03-01,1,Phone,Reached,0,0.8
SYN01697,65,Female,South,Provider Group C,Follow-Up After Hospitalization,1,1,Compliant,2026-03-01,0,None,Not Needed,0,0.75
SYN01701,74,Male,South,Provider Group A,Colorectal Cancer Screening,1,0,Open,2026-03-01,2,Phone,Reached,0,0.75
SYN01701,74,Male,South,Provider Group A,Controlling Blood Pressure,1,0,Open,2026-03-01,1,SMS,Reached,0,0.8
SYN01701,74,Male,South,Provider Group A,Diabetes Care,0,0,Not Eligible,2026-03-01,0,None,Not Needed,0,0.78
SYN01707,71,Female,West,Provider Group A,Controlling Blood Pressure,1,1,Compliant,2026-03-01,0,None,Not Needed,0,0.8
SYN01718,72,Male,South,Provider Group E,Controlling Blood Pressure,1,0,Open,2026-03-01,3,Mail,Reached,0,0.8
SYN01718,72,Male,South,Provider Group E,Medication Adherence,1,1,Compliant,2026-03-01,0,None,Not Needed,0,0.85
SYN01720,87,Female,West,Provider Group D,Breast Cancer Screening,0,0,Not Eligible,2026-03-01,0,None,Not Needed,0,0.8
SYN01720,87,Female,West,Provider Group D,Colorectal Cancer Screening,0,0,Not Eligible,2026-03-01,0,None,Not Needed,0,0.75
SYN01720,87,Female,West,Provider Group D,Medication Adherence,1,1,Compliant,2026-03-01,0,None,Not Needed,0,0.85
SYN01727,78,Female,North,Provider Group D,Colorectal Cancer Screening,0,0,Not Eligible,2026-03-01,0,None,Not Needed,0,0.75
SYN01736,71,Female,West,Provider Group B,Diabetes Care,0,0,Not Eligible,2026-03-01,0,None,Not Needed,0,0.78
SYN01755,82,Male,East,Provider Group D,Colorectal Cancer Screening,0,0,Not Eligible,2026-03-01,0,None,Not Needed,0,0.75
SYN01755,82,Male,East,Provider Group D,Controlling Blood Pressure,1,1,Compliant,2026-03-01,0,None,Not Needed,0,0.8
SYN01755,82,Male,East,Provider Group D,Diabetes Care,0,0,Not Eligible,2026-03-01,0,None,Not Needed,0,0.78
SYN01789,71,Female,East,Provider Group B,Diabetes Care,1,1,Compliant,2026-03-01,2,Care Coordinator,Reached,1,0.78
SYN01789,71,Female,East,Provider Group B,Follow-Up After Hospitalization,0,0,Not Eligible,2026-03-01,0,None,Not Needed,0,0.75
SYN01796,73,Female,West,Provider Group D,Controlling Blood Pressure,1,1,Compliant,2026-03-01,0,None,Not Needed,0,0.8
SYN01796,73,Female,West,Provider Group D,Follow-Up After Hospitalization,1,0,Open,2026-03-01,0,None,Not Attempted,0,0.75
SYN01803,69,Male,South,Provider Group A,Controlling Blood Pressure,1,1,Compliant,2026-03-01,0,None,Not Needed,0,0.8
SYN01803,69,Male,South,Provider Group A,Diabetes Care,1,1,Compliant,2026-03-01,0,None,Not Needed,0,0.78
SYN01805,65,Female,West,Provider Group E,Breast Cancer Screening,0,0,Not Eligible,2026-03-01,0,None,Not Needed,0,0.8
SYN01805,65,Female,West,Provider Group E,Diabetes Care,0,0,Not Eligible,2026-03-01,0,None,Not Needed,0,0.78
SYN01805,65,Female,West,Provider Group E,Follow-Up After Hospitalization,0,0,Not Eligible,2026-03-01,0,None,Not Needed,0,0.75
SYN01810,69,Female,West,Provider Group A,Colorectal Cancer Screening,1,1,Compliant,2026-03-01,0,None,Not Needed,0,0.75
SYN01810,69,Female,West,Provider Group A,Medication Adherence,1,0,Open,2026-03-01,1,SMS,Reached,0,0.85
SYN01811,70,Female,North,Provider Group D,Colorectal Cancer Screening,1,0,Open,2026-03-01,4,Mail,Unable to Reach,0,0.75
SYN01811,70,Female,North,Provider Group D,Medication Adherence,1,1,Compliant,2026-03-01,0,None,Not Needed,0,0.85
SYN01819,74,Female,East,Provider Group C,Breast Cancer Screening,1,0,Open,2026-03-01,1,Phone,Unable to Reach,0,0.8
SYN01819,74,Female,East,Provider Group C,Colorectal Cancer Screening,1,0,Open,2026-03-01,2,Phone,Unable to Reach,0,0.75
SYN01819,74,Female,East,Provider Group C,Diabetes Care,0,0,Not Eligible,2026-03-01,0,None,Not Needed,0,0.78
SYN01820,70,Female,South,Provider Group E,Medication Adherence,1,1,Compliant,2026-03-01,0,None,Not Needed,0,0.85
SYN01822,81,Male,West,Provider Group B,Colorectal Cancer Screening,0,0,Not Eligible,2026-03-01,0,None,Not Needed,0,0.75
SYN01822,81,Male,West,Provider Group B,Controlling Blood Pressure,1,1,Compliant,2026-03-01,0,None,Not Needed,0,0.8
SYN01822,81,Male,West,Provider Group B,Diabetes Care,1,1,Compliant,2026-03-01,0,None,Not Needed,0,0.78
SYN01823,74,Female,North,Provider Group B,Breast Cancer Screening,1,1,Compliant,2026-03-01,0,None,Not Needed,0,0.8
SYN01823,74,Female,North,Provider Group B,Controlling Blood Pressure,0,0,Not Eligible,2026-03-01,0,None,Not Needed,0,0.8
SYN01829,65,Male,West,Provider Group B,Breast Cancer Screening,0,0,Not Eligible,2026-03-01,0,None,Not Needed,0,0.8
SYN01829,65,Male,West,Provider Group B,Colorectal Cancer Screening,1,1,Compliant,2026-03-01,0,None,Not Needed,0,0.75
SYN01840,71,Female,North,Provider Group C,Breast Cancer Screening,1,1,Compliant,2026-03-01,0,None,Not Needed,0,0.8
SYN01840,71,Female,North,Provider Group C,Diabetes Care,0,0,Not Eligible,2026-03-01,0,None,Not Needed,0,0.78
SYN01840,71,Female,North,Provider Group C,Medication Adherence,0,0,Not Eligible,2026-03-01,0,None,Not Needed,0,0.85
SYN01848,84,Female,South,Provider Group C,Breast Cancer Screening,0,0,Not Eligible,2026-03-01,0,None,Not Needed,0,0.8
SYN01848,84,Female,South,Provider Group C,Colorectal Cancer Screening,0,0,Not Eligible,2026-03-01,0,None,Not Needed,0,0.75
SYN01848,84,Female,South,Provider Group C,Medication Adherence,1,1,Compliant,2026-03-01,0,None,Not Needed,0,0.85
SYN01854,67,Male,West,Provider Group C,Colorectal Cancer Screening,1,0,Open,2026-03-01,1,Mail,Reached,0,0.75
SYN01854,67,Male,West,Provider Group C,Controlling Blood Pressure,1,1,Compliant,2026-03-01,0,None,Not Needed,0,0.8
SYN01854,67,Male,West,Provider Group C,Diabetes Care,1,0,Open,2026-03-01,1,SMS,Unable to Reach,0,0.78
SYN01854,67,Male,West,Provider Group C,Medication Adherence,0,0,Not Eligible,2026-03-01,0,None,Not Needed,0,0.85
SYN01859,89,Female,West,Provider Group B,Breast Cancer Screening,0,0,Not Eligible,2026-03-01,0,None,Not Needed,0,0.8
SYN01859,89,Female,West,Provider Group B,Diabetes Care,1,1,Compliant,2026-03-01,0,None,Not Needed,0,0.78
SYN01859,89,Female,West,Provider Group B,Medication Adherence,1,1,Compliant,2026-03-01,0,None,Not Needed,0,0.85
SYN01867,87,Female,North,Provider Group E,Breast Cancer Screening,0,0,Not Eligible,2026-03-01,0,None,Not Needed,0,0.8
SYN01869,79,Male,East,Provider Group E,Colorectal Cancer Screening,0,0,Not Eligible,2026-03-01,0,None,Not Needed,0,0.75
SYN01869,79,Male,East,Provider Group E,Controlling Blood Pressure,1,0,Open,2026-03-01,0,None,Not Attempted,0,0.8
SYN01869,79,Male,East,Provider Group E,Diabetes Care,1,1,Compliant,2026-03-01,0,None,Not Needed,0,0.78
SYN01869,79,Male,East,Provider Group E,Follow-Up After Hospitalization,1,0,Open,2026-03-01,2,SMS,Reached,0,0.75
SYN01869,79,Male,East,Provider Group E,Medication Adherence,1,1,Compliant,2026-03-01,0,None,Not Needed,0,0.85
SYN01878,77,Female,East,Provider Group B,Breast Cancer Screening,0,0,Not Eligible,2026-03-01,0,None,Not Needed,0,0.8
SYN01878,77,Female,East,Provider Group B,Diabetes Care,0,0,Not Eligible,2026-03-01,0,None,Not Needed,0,0.78
SYN01878,77,Female,East,Provider Group B,Medication Adherence,1,1,Compliant,2026-03-01,0,None,Not Needed,0,0.85
SYN01898,68,Male,West,Provider Group C,Colorectal Cancer Screening,1,0,Open,2026-03-01,0,None,Not Attempted,0,0.75
SYN01898,68,Male,West,Provider Group C,Diabetes Care,0,0,Not Eligible,2026-03-01,0,None,Not Needed,0,0.78
SYN01898,68,Male,West,Provider Group C,Follow-Up After Hospitalization,1,0,Open,2026-03-01,0,None,Not Attempted,0,0.75
SYN01898,68,Male,West,Provider Group C,Medication Adherence,1,0,Open,2026-03-01,3,Phone,Unable to Reach,0,0.85
SYN01910,89,Female,East,Provider Group C,Colorectal Cancer Screening,0,0,Not Eligible,2026-03-01,0,None,Not Needed,0,0.75
SYN01910,89,Female,East,Provider Group C,Controlling Blood Pressure,1,1,Compliant,2026-03-01,0,None,Not Needed,0,0.8
SYN01910,89,Female,East,Provider Group C,Diabetes Care,1,1,Compliant,2026-03-01,0,None,Not Needed,0,0.78
SYN01919,89,Male,West,Provider Group B,Controlling Blood Pressure,0,0,Not Eligible,2026-03-01,0,None,Not Needed,0,0.8
SYN01919,89,Male,West,Provider Group B,Medication Adherence,1,1,Compliant,2026-03-01,0,None,Not Needed,0,0.85
SYN01929,80,Female,South,Provider Group D,Controlling Blood Pressure,1,1,Compliant,2026-03-01,0,None,Not Needed,0,0.8
SYN01929,80,Female,South,Provider Group D,Diabetes Care,1,1,Compliant,2026-03-01,0,None,Not Needed,0,0.78
SYN01937,72,Female,South,Provider Group E,Diabetes Care,1,0,Open,2026-03-01,1,SMS,Declined,0,0.78
SYN01937,72,Female,South,Provider Group E,Medication Adherence,1,1,Compliant,2026-03-01,0,None,Not Needed,0,0.85
SYN01950,71,Male,South,Provider Group C,Controlling Blood Pressure,1,1,Compliant,2026-03-01,0,None,Not Needed,0,0.8
SYN01950,71,Male,South,Provider Group C,Diabetes Care,0,0,Not Eligible,2026-03-01,0,None,Not Needed,0,0.78
SYN01961,81,Female,East,Provider Group B,Breast Cancer Screening,0,0,Not Eligible,2026-03-01,0,None,Not Needed,0,0.8
SYN01961,81,Female,East,Provider Group B,Controlling Blood Pressure,1,1,Compliant,2026-03-01,0,None,Not Needed,0,0.8
SYN01961,81,Female,East,Provider Group B,Medication Adherence,0,0,Not Eligible,2026-03-01,0,None,Not Needed,0,0.85
SYN01963,66,Male,South,Provider Group E,Controlling Blood Pressure,1,0,Open,2026-03-01,0,None,Not Attempted,0,0.8
SYN01963,66,Male,South,Provider Group E,Follow-Up After Hospitalization,0,0,Not Eligible,2026-03-01,0,None,Not Needed,0,0.75
SYN01969,77,Male,West,Provider Group C,Diabetes Care,0,0,Not Eligible,2026-03-01,0,None,Not Needed,0,0.78
SYN01973,79,Male,West,Provider Group B,Colorectal Cancer Screening,0,0,Not Eligible,2026-03-01,0,None,Not Needed,0,0.75
SYN01973,79,Male,West,Provider Group B,Controlling Blood Pressure,1,1,Compliant,2026-03-01,0,None,Not Needed,0,0.8
SYN01973,79,Male,West,Provider Group B,Follow-Up After Hospitalization,1,1,Compliant,2026-03-01,0,None,Not Needed,0,0.75
SYN01984,72,Male,West,Provider Group B,Colorectal Cancer Screening,1,1,Compliant,2026-03-01,0,None,Not Needed,0,0.75
SYN01984,72,Male,West,Provider Group B,Controlling Blood Pressure,1,1,Compliant,2026-03-01,0,None,Not Needed,0,0.8
SYN01984,72,Male,West,Provider Group B,Medication Adherence,1,1,Compliant,2026-03-01,0,None,Not Needed,0,0.85
SYN01985,67,Female,East,Provider Group E,Breast Cancer Screening,1,1,Compliant,2026-03-01,0,None,Not Needed,0,0.8
SYN01985,67,Female,East,Provider Group E,Controlling Blood Pressure,0,0,Not Eligible,2026-03-01,0,None,Not Needed,0,0.8
SYN02001,69,Male,North,Provider Group A,Diabetes Care,1,1,Compliant,2026-03-01,0,None,Not Needed,0,0.78
SYN02010,67,Male,North,Provider Group B,Colorectal Cancer Screening,1,0,Open,2026-03-01,1,Mail,Reached,0,0.75
SYN02010,67,Male,North,Provider Group B,Controlling Blood Pressure,1,1,Compliant,2026-03-01,0,None,Not Needed,0,0.8
SYN02017,82,Male,North,Provider Group E,Diabetes Care,1,1,Compliant,2026-03-01,0,None,Not Needed,0,0.78
SYN02020,69,Male,East,Provider Group E,Colorectal Cancer Screening,1,1,Compliant,2026-03-01,0,None,Not Needed,0,0.75
SYN02020,69,Male,East,Provider Group E,Medication Adherence,1,1,Compliant,2026-03-01,0,None,Not Needed,0,0.85
SYN02022,82,Female,East,Provider Group A,Breast Cancer Screening,0,0,Not Eligible,2026-03-01,0,None,Not Needed,0,0.8
SYN02022,82,Female,East,Provider Group A,Controlling Blood Pressure,1,1,Compliant,2026-03-01,0,None,Not Needed,0,0.8
SYN02022,82,Female,East,Provider Group A,Follow-Up After Hospitalization,1,0,Open,2026-03-01,1,Phone,Reached,0,0.75
SYN02022,82,Female,East,Provider Group A,Medication Adherence,1,1,Compliant,2026-03-01,0,None,Not Needed,0,0.85
SYN02029,81,Female,South,Provider Group C,Breast Cancer Screening,0,0,Not Eligible,2026-03-01,0,None,Not Needed,0,0.8
SYN02029,81,Female,South,Provider Group C,Colorectal Cancer Screening,0,0,Not Eligible,2026-03-01,0,None,Not Needed,0,0.75
SYN02029,81,Female,South,Provider Group C,Diabetes Care,0,0,Not Eligible,2026-03-01,0,None,Not Needed,0,0.78
SYN02029,81,Female,South,Provider Group C,Follow-Up After Hospitalization,1,0,Open,2026-03-01,2,Phone,Reached,0,0.75
SYN02029,81,Female,South,Provider Group C,Medication Adherence,1,1,Compliant,2026-03-01,0,None,Not Needed,0,0.85
SYN02039,74,Female,East,Provider Group B,Breast Cancer Screening,1,1,Compliant,2026-03-01,0,None,Not Needed,0,0.8
SYN02039,74,Female,East,Provider Group B,Colorectal Cancer Screening,1,1,Compliant,2026-03-01,1,Phone,Reached,1,0.75
SYN02039,74,Female,East,Provider Group B,Controlling Blood Pressure,1,0,Open,2026-03-01,2,SMS,Unable to Reach,0,0.8
SYN02039,74,Female,East,Provider Group B,Diabetes Care,1,0,Open,2026-03-01,4,Mail,Unable to Reach,0,0.78
SYN02039,74,Female,East,Provider Group B,Medication Adherence,1,1,Compliant,2026-03-01,0,None,Not Needed,0,0.85
SYN02049,83,Male,West,Provider Group A,Diabetes Care,1,1,Compliant,2026-03-01,0,None,Not Needed,0,0.78
SYN02061,79,Female,North,Provider Group D,Breast Cancer Screening,0,0,Not Eligible,2026-03-01,0,None,Not Needed,0,0.8
SYN02061,79,Female,North,Provider Group D,Colorectal Cancer Screening,0,0,Not Eligible,2026-03-01,0,None,Not Needed,0,0.75
SYN02061,79,Female,North,Provider Group D,Diabetes Care,0,0,Not Eligible,2026-03-01,0,None,Not Needed,0,0.78
SYN02061,79,Female,North,Provider Group D,Medication Adherence,1,1,Compliant,2026-03-01,0,None,Not Needed,0,0.85
SYN02067,83,Male,East,Provider Group B,Colorectal Cancer Screening,0,0,Not Eligible,2026-03-01,0,None,Not Needed,0,0.75
SYN02067,83,Male,East,Provider Group B,Controlling Blood Pressure,1,1,Compliant,2026-03-01,2,Care Coordinator,Reached,1,0.8
SYN02067,83,Male,East,Provider Group B,Diabetes Care,1,1,Compliant,2026-03-01,2,SMS,Reached,1,0.78
SYN02067,83,Male,East,Provider Group B,Medication Adherence,1,1,Compliant,2026-03-01,0,None,Not Needed,0,0.85
SYN02075,72,Male,South,Provider Group B,Colorectal Cancer Screening,1,1,Compliant,2026-03-01,0,None,Not Needed,0,0.75
SYN02075,72,Male,South,Provider Group B,Follow-Up After Hospitalization,1,1,Compliant,2026-03-01,0,None,Not Needed,0,0.75
SYN02075,72,Male,South,Provider Group B,Medication Adherence,1,1,Compliant,2026-03-01,0,None,Not Needed,0,0.85
SYN02080,76,Male,North,Provider Group A,Colorectal Cancer Screening,0,0,Not Eligible,2026-03-01,0,None,Not Needed,0,0.75
SYN02080,76,Male,North,Provider Group A,Controlling Blood Pressure,1,1,Compliant,2026-03-01,0,None,Not Needed,0,0.8
SYN02080,76,Male,North,Provider Group A,Diabetes Care,1,1,Compliant,2026-03-01,0,None,Not Needed,0,0.78
SYN02080,76,Male,North,Provider Group A,Follow-Up After Hospitalization,0,0,Not Eligible,2026-03-01,0,None,Not Needed,0,0.75
SYN02080,76,Male,North,Provider Group A,Medication Adherence,0,0,Not Eligible,2026-03-01,0,None,Not Needed,0,0.85
SYN02084,80,Female,North,Provider Group A,Breast Cancer Screening,0,0,Not Eligible,2026-03-01,0,None,Not Needed,0,0.8
SYN02084,80,Female,North,Provider Group A,Colorectal Cancer Screening,0,0,Not Eligible,2026-03-01,0,None,Not Needed,0,0.75
SYN02084,80,Female,North,Provider Group A,Controlling Blood Pressure,1,1,Compliant,2026-03-01,0,None,Not Needed,0,0.8
SYN02084,80,Female,North,Provider Group A,Follow-Up After Hospitalization,1,0,Open,2026-03-01,2,Mail,Unable to Reach,0,0.75
SYN02090,72,Male,North,Provider Group E,Breast Cancer Screening,0,0,Not Eligible,2026-03-01,0,None,Not Needed,0,0.8
SYN02090,72,Male,North,Provider Group E,Colorectal Cancer Screening,1,0,Open,2026-03-01,1,Mail,Unable to Reach,0,0.75
SYN02090,72,Male,North,Provider Group E,Controlling Blood Pressure,1,1,Compliant,2026-03-01,0,None,Not Needed,0,0.8
SYN02090,72,Male,North,Provider Group E,Diabetes Care,1,0,Open,2026-03-01,1,Mail,Unable to Reach,0,0.78
SYN02090,72,Male,North,Provider Group E,Medication Adherence,1,1,Compliant,2026-03-01,0,None,Not Needed,0,0.85
SYN02100,77,Female,East,Provider Group B,Diabetes Care,1,1,Compliant,2026-03-01,0,None,Not Needed,0,0.78
SYN02100,77,Female,East,Provider Group B,Medication Adherence,1,1,Compliant,2026-03-01,0,None,Not Needed,0,0.85
SYN02101,81,Male,West,Provider Group C,Colorectal Cancer Screening,0,0,Not Eligible,2026-03-01,0,None,Not Needed,0,0.75
SYN02101,81,Male,West,Provider Group C,Diabetes Care,1,1,Compliant,2026-03-01,1,Mail,Reached,1,0.78
SYN02101,81,Male,West,Provider Group C,Follow-Up After Hospitalization,1,1,Compliant,2026-03-01,2,Care Coordinator,Reached,1,0.75
SYN02102,65,Male,East,Provider Group B,Breast Cancer Screening,0,0,Not Eligible,2026-03-01,0,None,Not Needed,0,0.8
,65,Male,East,Provider Group B,Controlling Blood Pressure,1,1,Compliant,2026-03-01,0,None,Not Needed,0,0.8
SYN02102,65,Male,East,Provider Group B,Follow-Up After Hospitalization,1,0,Open,2026-03-01,4,Phone,Reached,0,0.75
SYN02102,65,Male,East,Provider Group B,Medication Adherence,1,1,Compliant,2026-03-01,0,None,Not Needed,0,0.85
SYN02109,85,Male,West,Provider Group D,Colorectal Cancer Screening,0,0,Not Eligible,2026-03-01,0,None,Not Needed,0,0.75
SYN02109,85,Male,West,Provider Group D,Controlling Blood Pressure,1,0,Open,2026-03-01,3,SMS,Reached,0,0.8
SYN02109,85,Male,West,Provider Group D,Diabetes Care,1,1,Compliant,2026-03-01,0,None,Not Needed,0,0.78
SYN02110,77,Female,South,Provider Group E,Diabetes Care,0,0,Not Eligible,2026-03-01,0,None,Not Needed,0,0.78
SYN02110,77,Female,South,Provider Group E,Medication Adherence,1,1,Compliant,2026-03-01,0,None,Not Needed,0,0.85
SYN02111,66,Male,East,Provider Group B,Follow-Up After Hospitalization,1,1,Compliant,2026-03-01,0,None,Not Needed,0,0.75
SYN02111,66,Male,East,Provider Group B,Medication Adherence,1,1,Compliant,2026-03-01,0,None,Not Needed,0,0.85
SYN02115,67,Female,North,Provider Group D,Breast Cancer Screening,1,1,Compliant,2026-03-01,0,None,Not Needed,0,0.8
SYN02115,67,Female,North,Provider Group D,Colorectal Cancer Screening,1,0,Open,2026-03-01,1,SMS,Unable to Reach,0,0.75
SYN02115,67,Female,North,Provider Group D,Controlling Blood Pressure,1,1,Compliant,2026-03-01,0,None,Not Needed,0,0.8
SYN02115,67,Female,North,Provider Group D,Diabetes Care,1,0,Open,2026-03-01,3,Phone,Declined,0,0.78
SYN02115,67,Female,North,Provider Group D,Follow-Up After Hospitalization,1,1,Compliant,2026-03-01,0,None,Not Needed,0,0.75
SYN02125,71,Female,North,Provider Group A,Colorectal Cancer Screening,1,0,Open,2026-03-01,0,None,Not Attempted,0,0.75
SYN02125,71,Female,North,Provider Group A,Controlling Blood Pressure,1,1,Compliant,2026-03-01,0,None,Not Needed,0,0.8
SYN02125,71,Female,North,Provider Group A,Follow-Up After Hospitalization,1,1,Compliant,2026-03-01,0,None,Not Needed,0,0.75
SYN02125,71,Female,North,Provider Group A,Medication Adherence,1,1,Compliant,2026-03-01,0,None,Not Needed,0,0.85
SYN02137,71,Female,North,Provider Group B,Colorectal Cancer Screening,1,0,Open,2026-03-01,2,SMS,Reached,0,0.75
SYN02148,66,Male,North,Provider Group D,Breast Cancer Screening,0,0,Not Eligible,2026-03-01,0,None,Not Needed,0,0.8
SYN02148,66,Male,North,Provider Group D,Diabetes Care,1,0,Open,2026-03-01,2,Phone,Reached,0,0.78
SYN02151,74,Male,West,Provider Group D,Breast Cancer Screening,0,0,Not Eligible,2026-03-01,0,None,Not Needed,0,0.8
SYN02151,74,Male,West,Provider Group D,Colorectal Cancer Screening,1,0,Open,2026-03-01,1,Mail,Reached,0,0.75
SYN02151,74,Male,West,Provider Group D,Diabetes Care,0,0,Not Eligible,2026-03-01,0,None,Not Needed,0,0.78
SYN02155,76,Male,South,Provider Group D,Colorectal Cancer Screening,0,0,Not Eligible,2026-03-01,0,None,Not Needed,0,0.75
SYN02155,76,Male,South,Provider Group D,Controlling Blood Pressure,1,1,Compliant,2026-03-01,0,None,Not Needed,0,0.8
SYN02155,76,Male,South,Provider Group D,Follow-Up After Hospitalization,1,1,Compliant,2026-03-01,0,None,Not Needed,0,0.75
SYN02157,75,Male,East,Provider Group B,Diabetes Care,1,1,Compliant,2026-03-01,0,None,Not Needed,0,0.78
SYN02162,71,Male,South,Provider Group D,Breast Cancer Screening,0,0,Not Eligible,2026-03-01,0,None,Not Needed,0,0.8
SYN02163,69,Male,West,Provider Group A,Colorectal Cancer Screening,1,0,Open,2026-03-01,0,None,Not Attempted,0,0.75
SYN02163,69,Male,West,Provider Group A,Medication Adherence,1,1,Compliant,2026-03-01,0,None,Not Needed,0,0.85
SYN02164,70,Female,North,Provider Group C,Diabetes Care,1,0,Open,2026-03-01,2,Phone,Unable to Reach,0,0.78
SYN02165,87,Female,South,Provider Group A,Controlling Blood Pressure,1,1,Compliant,2026-03-01,0,None,Not Needed,0,0.8
SYN02165,87,Female,South,Provider Group A,Medication Adherence,0,0,Not Eligible,2026-03-01,0,None,Not Needed,0,0.85
SYN02166,72,Female,South,Provider Group E,Breast Cancer Screening,1,1,Compliant,2026-03-01,0,None,Not Needed,0,0.8
SYN02166,72,Female,South,Provider Group E,Controlling Blood Pressure,1,0,Open,2026-03-01,1,SMS,Declined,0,0.8
SYN02166,72,Female,South,Provider Group E,Diabetes Care,0,0,Not Eligible,2026-03-01,0,None,Not Needed,0,0.78
SYN02166,72,Female,South,Provider Group E,Follow-Up After Hospitalization,0,0,Not Eligible,2026-03-01,0,None,Not Needed,0,0.75
SYN02166,72,Female,South,Provider Group E,Medication Adherence,1,1,Compliant,2026-03-01,2,Phone,Reached,1,0.85
SYN02169,73,Male,North,Provider Group C,Colorectal Cancer Screening,1,0,Open,2026-03-01,2,Mail,Declined,0,0.75
SYN02169,73,Male,North,Provider Group C,Diabetes Care,1,1,Compliant,2026-03-01,0,None,Not Needed,0,0.78
SYN02182,69,Female,North,Provider Group A,Breast Cancer Screening,1,1,Compliant,2026-03-01,0,None,Not Needed,0,0.8
SYN02182,69,Female,North,Provider Group A,Controlling Blood Pressure,1,0,Open,2026-03-01,1,Phone,Reached,0,0.8
SYN02182,69,Female,North,Provider Group A,Diabetes Care,1,1,Compliant,2026-03-01,0,None,Not Needed,0,0.78
SYN02182,69,Female,North,Provider Group A,Follow-Up After Hospitalization,0,0,Not Eligible,2026-03-01,0,None,Not Needed,0,0.75
SYN02184,68,Male,North,Provider Group C,Diabetes Care,0,0,Not Eligible,2026-03-01,0,None,Not Needed,0,0.78
SYN02184,68,Male,North,Provider Group C,Follow-Up After Hospitalization,1,1,Compliant,2026-03-01,1,SMS,Reached,1,0.75
SYN02188,88,Male,West,Provider Group B,Colorectal Cancer Screening,0,0,Not Eligible,2026-03-01,0,None,Not Needed,0,0.75
SYN02188,88,Male,West,Provider Group B,Follow-Up After Hospitalization,1,1,Compliant,2026-03-01,0,None,Not Needed,0,0.75
SYN02188,88,Male,West,Provider Group B,Medication Adherence,0,0,Not Eligible,2026-03-01,0,None,Not Needed,0,0.85
SYN02193,74,Male,East,Provider Group D,Breast Cancer Screening,0,0,Not Eligible,2026-03-01,0,None,Not Needed,0,0.8
SYN02193,74,Male,East,Provider Group D,Colorectal Cancer Screening,1,1,Compliant,2026-03-01,1,Phone,Reached,1,0.75
SYN02193,74,Male,East,Provider Group D,Diabetes Care,1,1,Compliant,2026-03-01,0,None,Not Needed,0,0.78
SYN02193,74,Male,East,Provider Group D,Follow-Up After Hospitalization,1,0,Open,2026-03-01,1,Phone,Reached,0,0.75
SYN02194,73,Female,East,Provider Group B,Breast Cancer Screening,1,1,Compliant,2026-03-01,0,None,Not Needed,0,0.8
SYN02194,73,Female,East,Provider Group B,Colorectal Cancer Screening,1,1,Compliant,2026-03-01,0,None,Not Needed,0,0.75
SYN02194,73,Female,East,Provider Group B,Controlling Blood Pressure,1,1,Compliant,2026-03-01,0,None,Not Needed,0,0.8
SYN02203,79,Female,South,Provider Group C,Controlling Blood Pressure,1,1,Compliant,2026-03-01,0,None,Not Needed,0,0.8
SYN02203,79,Female,South,Provider Group C,Diabetes Care,1,1,Compliant,2026-03-01,0,None,Not Needed,0,0.78
SYN02209,66,Male,West,Provider Group D,Controlling Blood Pressure,1,1,Compliant,2026-03-01,0,None,Not Needed,0,0.8
SYN02209,66,Male,West,Provider Group D,Diabetes Care,1,1,Compliant,2026-03-01,0,None,Not Needed,0,0.78
SYN02215,65,Male,West,Provider Group E,Colorectal Cancer Screening,1,1,Compliant,2026-03-01,0,None,Not Needed,0,0.75
SYN02215,65,Male,West,Provider Group E,Diabetes Care,1,0,Open,2026-03-01,1,Mail,Reached,0,0.78
SYN02230,66,Male,South,Provider Group E,Colorectal Cancer Screening,1,1,Compliant,2026-03-01,0,None,Not Needed,0,0.75
SYN02233,71,Female,West,Provider Group D,Colorectal Cancer Screening,1,1,Compliant,2026-03-01,0,None,Not Needed,0,0.75
SYN02233,71,Female,West,Provider Group D,Controlling Blood Pressure,1,0,Open,2026-03-01,2,SMS,Unable to Reach,0,0.8
SYN02259,78,Female,North,Provider Group D,Breast Cancer Screening,0,0,Not Eligible,2026-03-01,0,None,Not Needed,0,0.8
SYN02259,78,Female,North,Provider Group D,Medication Adherence,1,1,Compliant,2026-03-01,0,None,Not Needed,0,0.85
SYN02264,73,Female,East,Provider Group A,Controlling Blood Pressure,1,1,Compliant,2026-03-01,0,None,Not Needed,0,0.8
SYN02272,76,Male,South,Provider Group A,Diabetes Care,1,1,Compliant,2026-03-01,0,None,Not Needed,0,0.78
SYN02272,76,Male,South,Provider Group A,Follow-Up After Hospitalization,1,1,Compliant,2026-03-01,3,,Reached,1,0.75
SYN02277,67,Female,North,Provider Group A,Breast Cancer Screening,1,1,Compliant,2026-03-01,0,None,Not Needed,0,0.8
SYN02277,67,Female,North,Provider Group A,Colorectal Cancer Screening,1,1,Compliant,2026-03-01,0,None,Not Needed,0,0.75
SYN02277,67,Female,North,Provider Group A,Controlling Blood Pressure,1,1,Compliant,2026-03-01,0,None,Not Needed,0,0.8
SYN02277,67,Female,North,Provider Group A,Medication Adherence,1,1,Compliant,2026-03-01,0,None,Not Needed,0,0.85
SYN02279,73,Female,North,Provider Group D,Breast Cancer Screening,0,0,Not Eligible,2026-03-01,0,None,Not Needed,0,0.8
SYN02279,73,Female,North,Provider Group D,Diabetes Care,1,0,Open,2026-03-01,1,SMS,Unable to Reach,0,0.78
SYN02279,73,Female,North,Provider Group D,Follow-Up After Hospitalization,1,0,Open,2026-03-01,0,None,Not Attempted,0,0.75
SYN02279,73,Female,North,Provider Group D,Medication Adherence,1,1,Compliant,2026-03-01,0,None,Not Needed,0,0.85
SYN02281,73,Male,East,Provider Group E,Medication Adherence,1,1,Compliant,2026-03-01,0,None,Not Needed,0,0.85
SYN02292,84,Female,East,Provider Group A,Colorectal Cancer Screening,0,0,Not Eligible,2026-03-01,0,None,Not Needed,0,0.75
SYN02292,84,Female,East,Provider Group A,Controlling Blood Pressure,1,1,Compliant,2026-03-01,0,None,Not Needed,0,0.8
SYN02292,84,Female,East,Provider Group A,Diabetes Care,0,0,Not Eligible,2026-03-01,0,None,Not Needed,0,0.78
SYN02292,84,Female,East,Provider Group A,Medication Adherence,1,1,Compliant,2026-03-01,0,None,Not Needed,0,0.85
SYN02294,82,Male,South,Provider Group D,Colorectal Cancer Screening,0,0,Not Eligible,2026-03-01,0,None,Not Needed,0,0.75
SYN02294,82,Male,South,Provider Group D,Controlling Blood Pressure,1,1,Compliant,2026-03-01,0,None,Not Needed,0,0.8
SYN02298,74,Male,West,Provider Group A,Colorectal Cancer Screening,1,1,Compliant,2026-03-01,0,None,Not Needed,0,0.75
SYN02298,74,Male,West,Provider Group A,Diabetes Care,1,0,Open,2026-03-01,0,None,Not Attempted,0,0.99
SYN02302,87,Female,North,Provider Group B,Controlling Blood Pressure,0,0,Not Eligible,2026-03-01,0,None,Not Needed,0,0.8
SYN02302,87,Female,North,Provider Group B,Medication Adherence,1,1,Compliant,2026-03-01,0,None,Not Needed,0,0.85
SYN02306,71,Female,South,Provider Group C,Controlling Blood Pressure,1,1,Compliant,2026-03-01,0,None,Not Needed,0,0.8
SYN02311,84,Male,South,Provider Group D,Colorectal Cancer Screening,0,0,Not Eligible,2026-03-01,0,None,Not Needed,0,0.75
SYN02311,84,Male,South,Provider Group D,Diabetes Care,0,0,Not Eligible,2026-03-01,0,None,Not Needed,0,0.78
SYN02311,84,Male,South,Provider Group D,Follow-Up After Hospitalization,0,0,Not Eligible,2026-03-01,0,None,Not Needed,0,0.75
SYN02322,82,Male,South,Provider Group D,Colorectal Cancer Screening,0,0,Not Eligible,2026-03-01,0,None,Not Needed,0,0.75
SYN02322,82,Male,South,Provider Group D,Controlling Blood Pressure,1,1,Compliant,2026-03-01,0,None,Not Needed,0,0.8
SYN02322,82,Male,South,Provider Group D,Diabetes Care,0,0,Not Eligible,2026-03-01,0,None,Not Needed,0,0.78
SYN02322,82,Male,South,Provider Group D,Medication Adherence,1,0,Open,2026-03-01,3,Care Coordinator,Declined,0,0.85
SYN02332,73,Female,North,Provider Group D,Diabetes Care,1,1,Compliant,2026-03-01,0,None,Not Needed,0,0.78
SYN02340,72,Female,North,Provider Group A,Colorectal Cancer Screening,1,1,Compliant,2026-03-01,0,None,Not Needed,0,0.75
SYN02349,88,Female,East,Provider Group D,Colorectal Cancer Screening,0,0,Not Eligible,2026-03-01,0,None,Not Needed,0,0.75
SYN02349,88,Female,East,Provider Group D,Controlling Blood Pressure,1,1,Compliant,2026-03-01,0,None,Not Needed,0,0.8
SYN02349,88,Female,East,Provider Group D,Follow-Up After Hospitalization,1,1,Compliant,2026-03-01,0,None,Not Needed,0,0.75
SYN02350,81,Male,East,Provider Group E,Diabetes Care,1,1,Compliant,2026-03-01,0,None,Not Needed,0,0.78
SYN02350,81,Male,East,Provider Group E,Medication Adherence,1,1,Compliant,2026-03-01,0,None,Not Needed,0,0.85
,85,Female,North,Provider Group A,Breast Cancer Screening,0,0,Not Eligible,2026-03-01,0,None,Not Needed,0,0.8
SYN02364,85,Female,North,Provider Group A,Controlling Blood Pressure,0,0,Not Eligible,2026-03-01,0,None,Not Needed,0,0.8
SYN02364,85,Female,North,Provider Group A,Medication Adherence,1,1,Compliant,2026-03-01,0,None,Not Needed,0,0.85
SYN02373,75,Male,South,Provider Group B,Diabetes Care,1,1,Compliant,2026-03-01,0,None,Not Needed,0,0.78
SYN02374,81,Male,West,Provider Group D,Breast Cancer Screening,0,0,Not Eligible,2026-03-01,0,None,Not Needed,0,0.8
SYN02374,81,Male,West,Provider Group D,Colorectal Cancer Screening,0,0,Not Eligible,2026-03-01,0,None,Not Needed,0,0.75
SYN02374,81,Male,West,Provider Group D,Diabetes Care,1,0,Open,2026-03-01,0,None,Not Attempted,0,0.78
SYN02374,81,Male,West,Provider Group D,Follow-Up After Hospitalization,0,0,Not Eligible,2026-03-01,0,None,Not Needed,0,0.75
SYN02374,81,Male,West,Provider Group D,Medication Adherence,1,1,Compliant,2026-03-01,0,None,Not Needed,0,0.85
SYN02376,69,Male,South,Provider Group C,Colorectal Cancer Screening,1,1,Compliant,2026-03-01,0,None,Not Needed,0,0.75
SYN02376,69,Male,South,Provider Group C,Controlling Blood Pressure,1,1,Compliant,2026-03-01,0,None,Not Needed,0,0.8
SYN02376,69,Male,South,Provider Group C,Follow-Up After Hospitalization,0,0,Not Eligible,2026-03-01,0,None,Not Needed,0,0.75
SYN02376,69,Male,South,Provider Group C,Medication Adherence,0,0,Not Eligible,2026-03-01,0,None,Not Needed,0,0.85
SYN02383,70,Female,North,Provider Group B,Colorectal Cancer Screening,1,1,Compliant,2026-03-01,0,None,Not Needed,0,0.75
SYN02383,70,Female,North,Provider Group B,Controlling Blood Pressure,1,1,Compliant,2026-03-01,1,Phone,Reached,1,0.8
SYN02383,70,Female,North,Provider Group B,Diabetes Care,1,1,Compliant,2026-03-01,0,None,Not Needed,0,0.78
SYN02390,77,Female,East,Provider Group C,Breast Cancer Screening,0,0,Not Eligible,2026-03-01,0,None,Not Needed,0,0.8
SYN02390,77,Female,East,Provider Group C,Follow-Up After Hospitalization,1,0,Open,2026-03-01,0,None,Not Attempted,0,0.75
SYN02400,75,Female,North,Provider Group B,Breast Cancer Screening,0,0,Not Eligible,2026-03-01,0,None,Not Needed,0,0.8
SYN02400,75,Female,North,Provider Group B,Diabetes Care,0,0,Not Eligible,2026-03-01,0,None,Not Needed,0,0.78
SYN02400,75,Female,North,Provider Group B,Medication Adherence,1,1,Compliant,2026-03-01,0,None,Not Needed,0,0.85
SYN02411,67,Female,West,Provider Group B,Breast Cancer Screening,1,0,Open,2026-03-01,1,Phone,Unable to Reach,0,0.8
SYN02411,67,Female,West,Provider Group B,Colorectal Cancer Screening,1,1,Compliant,2026-03-01,0,None,Not Needed,0,0.75
SYN02411,67,Female,West,Provider Group B,Controlling Blood Pressure,1,0,Open,2026-03-01,0,None,Not Attempted,0,0.8
SYN02411,67,Female,West,Provider Group B,Diabetes Care,0,0,Not Eligible,2026-03-01,0,None,Not Needed,0,0.78
SYN02418,87,Female,South,Provider Group B,Controlling Blood Pressure,1,0,Open,2026-03-01,2,Phone,Declined,0,0.8
SYN02418,87,Female,South,Provider Group B,Diabetes Care,1,1,Compliant,2026-03-01,0,None,Not Needed,0,0.78
SYN02418,87,Female,South,Provider Group B,Follow-Up After Hospitalization,0,0,Not Eligible,2026-03-01,0,None,Not Needed,0,0.75
SYN02418,87,Female,South,Provider Group B,Medication Adherence,1,1,Compliant,2026-03-01,0,None,Not Needed,0,0.85
SYN02420,66,Male,North,Provider Group A,Diabetes Care,0,0,Not Eligible,2026-03-01,0,None,Not Needed,0,0.78
SYN02422,69,Male,West,Provider Group C,Medication Adherence,1,1,Compliant,2026-03-01,0,None,Not Needed,0,0.85
SYN02443,83,Female,East,Provider Group C,Breast Cancer Screening,0,0,Not Eligible,2026-03-01,0,None,Not Needed,0,0.8
SYN02443,83,Female,East,Provider Group C,Colorectal Cancer Screening,0,0,Not Eligible,2026-03-01,0,None,Not Needed,0,0.75
SYN02443,83,Female,East,Provider Group C,Diabetes Care,1,1,Compliant,2026-03-01,1,Care Coordinator,Reached,1,0.78
SYN02443,83,Female,East,Provider Group C,Medication Adherence,1,1,Compliant,2026-03-01,0,None,Not Needed,0,0.85
SYN02445,82,Female,North,Provider Group C,Breast Cancer Screening,0,0,Not Eligible,2026-03-01,0,None,Not Needed,0,0.8
SYN02445,82,Female,North,Provider Group C,Controlling Blood Pressure,1,1,Compliant,2026-03-01,1,Phone,Reached,1,0.8
SYN02445,82,Female,North,Provider Group C,Diabetes Care,1,0,Open,2026-03-01,0,None,Not Attempted,0,0.78
SYN02445,82,Female,North,Provider Group C,Follow-Up After Hospitalization,1,1,Compliant,2026-03-01,2,Care Coordinator,Reached,1,0.75
SYN02445,82,Female,North,Provider Group C,Medication Adherence,1,1,Compliant,2026-03-01,0,None,Not Needed,0,0.85
SYN02458,65,Male,South,Provider Group C,Controlling Blood Pressure,1,0,Open,2026-03-01,4,Care Coordinator,Unable to Reach,0,0.8
SYN02459,68,Female,North,Provider Group E,Breast Cancer Screening,1,1,Compliant,2026-03-01,0,None,Not Needed,0,0.8
SYN02459,68,Female,North,Provider Group E,Colorectal Cancer Screening,1,1,Compliant,2026-03-01,1,SMS,Reached,1,0.75
SYN02459,68,Female,North,Provider Group E,Controlling Blood Pressure,1,1,Compliant,2026-03-01,0,None,Not Needed,0,0.8
SYN02459,68,Female,North,Provider Group E,Diabetes Care,1,1,Compliant,2026-03-01,0,None,Not Needed,0,0.78
SYN02459,68,Female,North,Provider Group E,Follow-Up After Hospitalization,0,0,Not Eligible,2026-03-01,0,None,Not Needed,0,0.75
SYN02460,66,Female,South,Provider Group D,Breast Cancer Screening,1,1,Compliant,2026-03-01,2,SMS,Reached,1,0.8
SYN02460,66,Female,South,Provider Group D,Diabetes Care,1,0,Open,2026-03-01,2,SMS,Reached,0,0.78
SYN02461,75,Male,South,Provider Group A,Colorectal Cancer Screening,1,0,Open,2026-03-01,0,None,Not Attempted,0,0.75
SYN02461,75,Male,South,Provider Group A,Controlling Blood Pressure,1,1,Compliant,2026-03-01,0,None,Not Needed,0,0.8
SYN02461,75,Male,South,Provider Group A,Medication Adherence,1,1,Compliant,2026-03-01,0,None,Not Needed,0,0.85
SYN02463,69,Female,North,Provider Group C,Controlling Blood Pressure,1,1,Compliant,2026-03-01,0,None,Not Needed,0,0.8
SYN02463,69,Female,North,Provider Group C,Follow-Up After Hospitalization,1,1,Compliant,2026-03-01,0,None,Not Needed,0,0.75
SYN02463,69,Female,North,Provider Group C,Medication Adherence,1,1,Compliant,2026-03-01,0,None,Not Needed,0,0.85
SYN02471,80,Male,North,Provider Group B,Colorectal Cancer Screening,0,0,Not Eligible,2026-03-01,0,None,Not Needed,0,0.75
SYN02471,80,Male,North,Provider Group B,Diabetes Care,0,0,Not Eligible,2026-03-01,0,None,Not Needed,0,0.78
SYN02471,80,Male,North,Provider Group B,Medication Adherence,1,0,Open,2026-03-01,3,Mail,Reached,0,0.85
SYN02472,81,Male,South,Provider Group E,Colorectal Cancer Screening,0,0,Not Eligible,2026-03-01,0,None,Not Needed,0,0.75
SYN02472,81,Male,South,Provider Group E,Controlling Blood Pressure,1,1,Compliant,2026-03-01,0,None,Not Needed,0,0.8
SYN02472,81,Male,South,Provider Group E,Follow-Up After Hospitalization,0,0,Not Eligible,2026-03-01,0,None,Not Needed,0,0.75
SYN02473,83,Male,South,Provider Group B,Colorectal Cancer Screening,0,0,Not Eligible,2026-03-01,0,None,Not Needed,0,0.75
SYN02473,83,Male,South,Provider Group B,Diabetes Care,0,0,Not Eligible,2026-03-01,0,None,Not Needed,0,0.78
SYN02473,83,Male,South,Provider Group B,Medication Adherence,1,1,Compliant,2026-03-01,0,None,Not Needed,0,0.85
SYN02486,65,Male,East,Provider Group C,Medication Adherence,1,1,Compliant,2026-03-01,0,None,Not Needed,0,0.85
SYN02492,66,Male,East,Provider Group E,Colorectal Cancer Screening,1,1,Compliant,2026-03-01,4,Mail,Reached,1,0.75
SYN02496,66,Female,North,Provider Group C,Colorectal Cancer Screening,1,0,Open,2026-03-01,0,None,Not Attempted,0,0.75
SYN02496,66,Female,North,Provider Group C,Diabetes Care,0,0,Not Eligible,2026-03-01,0,None,Not Needed,0,0.78
SYN02496,66,Female,North,Provider Group C,Follow-Up After Hospitalization,1,0,Open,2026-03-01,2,SMS,Unable to Reach,0,0.75
SYN02496,66,Female,North,Provider Group C,Medication Adherence,1,1,Compliant,2026-03-01,0,None,Not Needed,0,0.85
SYN02509,66,Female,South,Provider Group C,Breast Cancer Screening,1,1,Compliant,2026-03-01,0,None,Not Needed,0,0.8
SYN02509,66,Female,South,Provider Group C,Controlling Blood Pressure,1,0,Open,2026-03-01,2,Care Coordinator,Reached,0,0.8
SYN02509,66,Female,South,Provider Group C,Diabetes Care,1,0,Open,2026-03-01,0,None,Not Attempted,0,0.78
SYN02509,66,Female,South,Provider Group C,Follow-Up After Hospitalization,0,0,Not Eligible,2026-03-01,0,None,Not Needed,0,0.75
SYN02526,72,Female,South,Provider Group A,Controlling Blood Pressure,1,1,Compliant,2026-03-01,0,None,Not Needed,0,0.8
SYN02526,72,Female,South,Provider Group A,Diabetes Care,1,1,Compliant,2026-03-01,0,None,Not Needed,0,0.78
SYN02535,82,Male,North,Provider Group C,Breast Cancer Screening,0,0,Not Eligible,2026-03-01,0,None,Not Needed,0,0.8
SYN02535,82,Male,North,Provider Group C,Colorectal Cancer Screening,0,0,Not Eligible,2026-03-01,0,None,Not Needed,0,0.75
SYN02535,82,Male,North,Provider Group C,Controlling Blood Pressure,1,0,Open,2026-03-01,0,None,Not Attempted,0,0.8
SYN02545,75,Female,North,Provider Group C,Breast Cancer Screening,0,0,Not Eligible,2026-03-01,0,None,Not Needed,0,0.8
SYN02545,75,Female,North,Provider Group C,Diabetes Care,1,0,Open,2026-03-01,2,Phone,Reached,0,0.78
SYN02546,65,Male,North,Provider Group B,Colorectal Cancer Screening,1,0,Open,2026-03-01,0,None,Not Attempted,0,0.75
SYN02551,71,Female,South,Provider Group A,Breast Cancer Screening,1,1,Compliant,2026-03-01,0,None,Not Needed,0,0.8
SYN02551,71,Female,South,Provider Group A,Controlling Blood Pressure,1,0,Open,2026-03-01,1,SMS,Unable to Reach,0,0.8
SYN02551,71,Female,South,Provider Group A,Diabetes Care,1,1,Compliant,2026-03-01,0,None,Not Needed,0,0.78
SYN02563,70,Male,East,Provider Group D,Diabetes Care,1,0,Open,2026-03-01,2,SMS,Reached,0,0.78
SYN02563,70,Male,East,Provider Group D,Medication Adherence,0,0,Not Eligible,2026-03-01,0,None,Not Needed,0,0.85
SYN02571,71,Male,South,Provider Group A,Controlling Blood Pressure,1,1,Compliant,2026-03-01,0,None,Not Needed,0,0.8
SYN02571,71,Male,South,Provider Group A,Follow-Up After Hospitalization,1,1,Compliant,2026-03-01,0,None,Not Needed,0,0.75
SYN02571,71,Male,South,Provider Group A,Medication Adherence,1,1,Compliant,2026-03-01,0,None,Not Needed,0,0.85
SYN02588,72,Male,West,Provider Group A,Breast Cancer Screening,0,0,Not Eligible,2026-03-01,0,None,Not Needed,0,0.8
SYN02588,72,Male,West,Provider Group A,Controlling Blood Pressure,1,1,Compliant,2026-03-01,0,None,Not Needed,0,0.8
SYN02588,72,Male,West,Provider Group A,Diabetes Care,0,0,Not Eligible,2026-03-01,0,None,Not Needed,0,0.78
SYN02598,75,Female,North,Provider Group A,Colorectal Cancer Screening,0,0,Not Eligible,2026-03-01,0,None,Not Needed,0,0.75
SYN02606,66,Female,South,Provider Group C,Breast Cancer Screening,1,1,Compliant,2026-03-01,0,None,Not Needed,0,0.8
SYN02606,66,Female,South,Provider Group C,Controlling Blood Pressure,1,1,Compliant,2026-03-01,0,None,Not Needed,0,0.8
SYN02606,66,Female,South,Provider Group C,Medication Adherence,1,1,Compliant,2026-03-01,0,None,Not Needed,0,0.85
SYN02613,69,Female,East,Provider Group C,Follow-Up After Hospitalization,1,1,Compliant,2026-03-01,0,None,Not Needed,0,0.75
SYN02619,70,Male,West,Provider Group A,Colorectal Cancer Screening,1,1,Compliant,2026-03-01,0,None,Not Needed,0,0.75
SYN02619,70,Male,West,Provider Group A,Controlling Blood Pressure,1,1,Compliant,2026-03-01,0,None,Not Needed,0,0.8
SYN02619,70,Male,West,Provider Group A,Diabetes Care,1,1,Compliant,2026-03-01,0,None,Not Needed,0,0.78
SYN02619,70,Male,West,Provider Group A,Follow-Up After Hospitalization,1,1,Compliant,2026-03-01,0,None,Not Needed,0,0.75
SYN02619,70,Male,West,Provider Group A,Medication Adherence,1,1,Compliant,2026-03-01,0,None,Not Needed,0,0.85
SYN02623,66,Male,South,Provider Group A,Colorectal Cancer Screening,1,0,Open,2026-03-01,1,Phone,Reached,0,0.75
SYN02623,66,Male,South,Provider Group A,Controlling Blood Pressure,1,1,Compliant,2026-03-01,0,None,Not Needed,0,0.8
SYN02623,66,Male,South,Provider Group A,Diabetes Care,1,0,Open,2026-03-01,0,None,Not Attempted,0,0.78
SYN02624,65,Female,East,Provider Group E,Colorectal Cancer Screening,1,0,Open,2026-03-01,0,None,Not Attempted,0,0.75
SYN02624,65,Female,East,Provider Group E,Controlling Blood Pressure,1,1,Compliant,2026-03-01,0,None,Not Needed,0,0.8
SYN02624,65,Female,East,Provider Group E,Diabetes Care,0,0,Not Eligible,2026-03-01,0,None,Not Needed,0,0.78
SYN02624,65,Female,East,Provider Group E,Medication Adherence,1,0,Open,2026-03-01,0,None,Not Attempted,0,0.85
SYN02625,72,Female,North,Provider Group B,Controlling Blood Pressure,1,0,Open,2026-03-01,1,Mail,Reached,0,0.8
SYN02625,72,Female,North,Provider Group B,Follow-Up After Hospitalization,1,0,Open,2026-03-01,1,Mail,Unable to Reach,0,0.75
SYN02629,76,Female,North,Provider Group D,Breast Cancer Screening,0,0,Not Eligible,2026-03-01,0,None,Not Needed,0,0.8
SYN02629,76,Female,North,Provider Group D,Controlling Blood Pressure,1,1,Compliant,2026-03-01,0,None,Not Needed,0,0.8
SYN02629,76,Female,North,Provider Group D,Diabetes Care,1,0,Open,2026-03-01,3,Phone,Reached,0,0.78
SYN02629,76,Female,North,Provider Group D,Medication Adherence,1,1,Compliant,2026-03-01,0,None,Not Needed,0,0.85
SYN02633,69,Male,North,Provider Group C,Controlling Blood Pressure,1,1,Compliant,2026-03-01,0,None,Not Needed,0,0.8
SYN02633,69,Male,North,Provider Group C,Diabetes Care,0,0,Not Eligible,2026-03-01,0,None,Not Needed,0,0.78
SYN02646,68,Female,East,Provider Group A,Breast Cancer Screening,1,1,Compliant,2026-03-01,3,,Reached,1,0.8
SYN02646,68,Female,East,Provider Group A,Controlling Blood Pressure,1,1,Compliant,2026-03-01,0,None,Not Needed,0,0.8
SYN02646,68,Female,East,Provider Group A,Diabetes Care,1,0,Open,2026-03-01,2,Phone,Declined,0,0.78
SYN02646,68,Female,East,Provider Group A,Follow-Up After Hospitalization,0,0,Not Eligible,2026-03-01,0,None,Not Needed,0,0.75
SYN02646,68,Female,East,Provider Group A,Medication Adherence,1,1,Compliant,2026-03-01,0,None,Not Needed,0,0.85
SYN02648,84,Female,West,Provider Group B,Medication Adherence,1,1,Compliant,2026-03-01,0,None,Not Needed,0,0.85
SYN02651,74,Male,North,Provider Group B,Colorectal Cancer Screening,1,1,Compliant,2026-03-01,0,None,Not Needed,0,0.75
SYN02654,72,Female,South,Provider Group E,Medication Adherence,1,1,Compliant,2026-03-01,0,None,Not Needed,0,0.85
SYN02658,85,Male,West,Provider Group A,Breast Cancer Screening,0,0,Not Eligible,2026-03-01,0,None,Not Needed,0,0.8
SYN02658,85,Male,West,Provider Group A,Controlling Blood Pressure,1,1,Compliant,2026-03-01,1,SMS,Reached,1,0.8
SYN02664,71,Male,South,Provider Group B,Colorectal Cancer Screening,1,1,Compliant,2026-03-01,0,None,Not Needed,0,0.75
SYN02664,71,Male,South,Provider Group B,Controlling Blood Pressure,1,1,Compliant,2026-03-01,0,None,Not Needed,0,0.8
SYN02664,71,Male,South,Provider Group B,Diabetes Care,0,0,Not Eligible,2026-03-01,0,None,Not Needed,0,0.78
SYN02664,71,Male,South,Provider Group B,Follow-Up After Hospitalization,0,0,Not Eligible,2026-03-01,0,None,Not Needed,0,0.75
SYN02664,71,Male,South,Provider Group B,Medication Adherence,1,1,Compliant,2026-03-01,0,None,Not Needed,0,0.85
SYN02684,81,Male,East,Provider Group C,Colorectal Cancer Screening,0,0,Not Eligible,2026-03-01,0,None,Not Needed,0,0.75
SYN02684,81,Male,East,Provider Group C,Controlling Blood Pressure,1,1,Compliant,2026-03-01,0,None,Not Needed,0,0.8
SYN02684,81,Male,East,Provider Group C,Medication Adherence,1,1,Compliant,2026-03-01,0,None,Not Needed,0,0.85
SYN02685,65,Male,South,Provider Group A,Colorectal Cancer Screening,1,1,Compliant,2026-03-01,2,Care Coordinator,Reached,1,0.75
SYN02685,65,Male,South,Provider Group A,Diabetes Care,1,1,Compliant,2026-03-01,0,None,Not Needed,0,0.78
SYN02685,65,Male,South,Provider Group A,Medication Adherence,1,1,Compliant,2026-03-01,0,None,Not Needed,0,0.85
SYN02687,66,Female,East,Provider Group D,Colorectal Cancer Screening,1,1,Compliant,2026-03-01,0,None,Not Needed,0,0.75
SYN02687,66,Female,East,Provider Group D,Controlling Blood Pressure,1,1,Compliant,2026-03-01,0,None,Not Needed,0,0.8
SYN02687,66,Female,East,Provider Group D,Diabetes Care,1,1,Compliant,2026-03-01,0,None,Not Needed,0,0.78
SYN02687,66,Female,East,Provider Group D,Medication Adherence,1,1,Compliant,2026-03-01,0,None,Not Needed,0,0.85
SYN02703,80,Female,East,Provider Group E,Colorectal Cancer Screening,0,0,Not Eligible,2026-03-01,0,None,Not Needed,0,0.75
SYN02703,80,Female,East,Provider Group E,Controlling Blood Pressure,1,1,Compliant,2026-03-01,0,None,Not Needed,0,0.8
SYN02703,80,Female,East,Provider Group E,Diabetes Care,1,0,Open,2026-03-01,1,SMS,Unable to Reach,0,0.78
SYN02713,72,Male,West,Provider Group D,Colorectal Cancer Screening,1,0,Open,2026-03-01,0,None,Not Attempted,0,0.75
SYN02713,72,Male,West,Provider Group D,Diabetes Care,1,1,Compliant,2026-03-01,0,None,Not Needed,0,0.78
SYN02713,72,Male,West,Provider Group D,Medication Adherence,1,1,Compliant,2026-03-01,0,None,Not Needed,0,0.85
SYN02730,85,Male,North,Provider Group B,Colorectal Cancer Screening,0,0,Not Eligible,2026-03-01,0,None,Not Needed,0,0.75
SYN02730,85,Male,North,Provider Group B,Medication Adherence,1,1,Compliant,2026-03-01,0,None,Not Needed,0,0.85
SYN02740,74,Female,North,Provider Group A,Breast Cancer Screening,0,0,Not Eligible,2026-03-01,0,None,Not Needed,0,0.8
SYN02740,74,Female,North,Provider Group A,Follow-Up After Hospitalization,1,0,Open,2026-03-01,0,None,Not Attempted,0,0.75
SYN02740,74,Female,North,Provider Group A,Medication Adherence,1,1,Compliant,2026-03-01,0,None,Not Needed,0,0.85
SYN02746,76,Female,East,Provider Group C,Colorectal Cancer Screening,0,0,Not Eligible,2026-03-01,0,None,Not Needed,0,0.75
SYN02746,76,Female,East,Provider Group C,Diabetes Care,1,1,Compliant,2026-03-01,0,None,Not Needed,0,0.78
SYN02753,78,Female,South,Provider Group D,Breast Cancer Screening,0,0,Not Eligible,2026-03-01,0,None,Not Needed,0,0.8
SYN02753,78,Female,South,Provider Group D,Colorectal Cancer Screening,0,0,Not Eligible,2026-03-01,0,None,Not Needed,0,0.75
SYN02753,78,Female,South,Provider Group D,Diabetes Care,1,1,Compliant,2026-03-01,0,None,Not Needed,0,0.78
SYN02753,78,Female,South,Provider Group D,Medication Adherence,1,1,Compliant,2026-03-01,0,None,Not Needed,0,0.85
SYN02756,75,Female,East,Provider Group C,Breast Cancer Screening,0,0,Not Eligible,2026-03-01,0,None,Not Needed,0,0.8
SYN02756,75,Female,East,Provider Group C,Diabetes Care,1,1,Compliant,2026-03-01,0,None,Not Needed,0,0.78
SYN02756,75,Female,East,Provider Group C,Medication Adherence,1,0,Open,2026-03-01,0,None,Not Attempted,0,0.85
SYN02758,84,Male,South,Provider Group D,Colorectal Cancer Screening,0,0,Not Eligible,2026-03-01,0,None,Not Needed,0,0.75
SYN02758,84,Male,South,Provider Group D,Controlling Blood Pressure,1,1,Compliant,2026-03-01,0,None,Not Needed,0,0.8
SYN02758,84,Male,South,Provider Group D,Follow-Up After Hospitalization,1,0,Open,2026-03-01,2,SMS,Unable to Reach,0,0.75
SYN02758,84,Male,South,Provider Group D,Medication Adherence,1,1,Compliant,2026-03-01,0,None,Not Needed,0,0.85
SYN02768,82,Female,South,Provider Group D,Controlling Blood Pressure,1,1,Compliant,2026-03-01,0,None,Not Needed,0,0.8
SYN02769,83,Male,West,Provider Group D,Controlling Blood Pressure,1,0,Open,2026-03-01,1,Care Coordinator,Reached,0,0.8
SYN02773,67,Female,North,Provider Group B,Breast Cancer Screening,1,1,Compliant,2026-03-01,0,None,Not Needed,0,0.8
SYN02776,81,Male,South,Provider Group D,Colorectal Cancer Screening,0,0,Not Eligible,2026-03-01,0,None,Not Needed,0,0.75
SYN02776,81,Male,South,Provider Group D,Controlling Blood Pressure,1,0,Open,2026-03-01,1,SMS,Declined,0,0.8
SYN02776,81,Male,South,Provider Group D,Medication Adherence,1,0,Open,2026-03-01,0,None,Not Attempted,0,0.85
SYN02780,88,Male,North,Provider Group D,Colorectal Cancer Screening,0,0,Not Eligible,2026-03-01,0,None,Not Needed,0,0.75
SYN02780,88,Male,North,Provider Group D,Diabetes Care,1,1,Compliant,2026-03-01,3,Phone,Reached,1,0.78
SYN02780,88,Male,North,Provider Group D,Follow-Up After Hospitalization,1,1,Compliant,2026-03-01,1,Phone,Reached,1,0.75
SYN02787,69,Female,East,Provider Group B,Breast Cancer Screening,1,1,Compliant,2026-03-01,0,None,Not Needed,0,0.8
SYN02787,69,Female,East,Provider Group B,Colorectal Cancer Screening,1,1,Compliant,2026-03-01,1,Phone,Reached,1,0.75
SYN02787,69,Female,East,Provider Group B,Controlling Blood Pressure,1,1,Compliant,2026-03-01,0,None,Not Needed,0,0.8
SYN02798,89,Male,East,Provider Group E,Colorectal Cancer Screening,0,0,Not Eligible,2026-03-01,0,None,Not Needed,0,0.75
SYN02799,86,Female,North,Provider Group B,Breast Cancer Screening,0,0,Not Eligible,2026-03-01,0,None,Not Needed,0,0.8
SYN02799,86,Female,North,Provider Group B,Controlling Blood Pressure,1,1,Compliant,2026-03-01,0,None,Not Needed,0,0.8
SYN02799,86,Female,North,Provider Group B,Diabetes Care,1,1,Compliant,2026-03-01,0,None,Not Needed,0,0.78
SYN02799,86,Female,North,Provider Group B,Medication Adherence,1,1,Compliant,2026-03-01,0,None,Not Needed,0,0.85
SYN02801,72,Female,South,Provider Group B,Breast Cancer Screening,1,1,Compliant,2026-03-01,0,None,Not Needed,0,0.8
SYN02803,70,Male,West,Provider Group E,Diabetes Care,1,0,Open,2026-03-01,0,None,Not Attempted,0,0.78
SYN02803,70,Male,West,Provider Group E,Follow-Up After Hospitalization,1,0,Open,2026-03-01,1,Mail,Unable to Reach,0,0.75
SYN02803,70,Male,West,Provider Group E,Medication Adherence,1,1,Compliant,2026-03-01,0,None,Not Needed,0,0.85
SYN02809,69,Male,South,Provider Group D,Breast Cancer Screening,0,0,Not Eligible,2026-03-01,0,None,Not Needed,0,0.8
SYN02809,69,Male,South,Provider Group D,Controlling Blood Pressure,1,0,Open,2026-03-01,1,SMS,Unable to Reach,0,0.8
SYN02810,69,Male,East,Provider Group E,Controlling Blood Pressure,0,0,Not Eligible,2026-03-01,0,None,Not Needed,0,0.8
SYN02810,69,Male,East,Provider Group E,Follow-Up After Hospitalization,1,0,Open,2026-03-01,2,Phone,Reached,0,0.75
SYN02814,82,Male,North,Provider Group C,Colorectal Cancer Screening,0,0,Not Eligible,2026-03-01,0,None,Not Needed,0,0.75
SYN02814,82,Male,North,Provider Group C,Follow-Up After Hospitalization,1,1,Compliant,2026-03-01,0,None,Not Needed,0,0.75
SYN02814,82,Male,North,Provider Group C,Medication Adherence,0,0,Not Eligible,2026-03-01,0,None,Not Needed,0,0.85
SYN02815,65,Female,North,Provider Group C,Breast Cancer Screening,0,0,Not Eligible,2026-03-01,0,None,Not Needed,0,0.8
SYN02815,65,Female,North,Provider Group C,Controlling Blood Pressure,1,1,Compliant,2026-03-01,0,None,Not Needed,0,0.8
SYN02815,65,Female,North,Provider Group C,Diabetes Care,0,0,Not Eligible,2026-03-01,0,None,Not Needed,0,0.78
SYN02826,65,Female,East,Provider Group A,Breast Cancer Screening,1,1,Compliant,2026-03-01,1,SMS,Reached,1,0.8
SYN02826,65,Female,East,Provider Group A,Colorectal Cancer Screening,1,0,Open,2026-03-01,1,SMS,Unable to Reach,0,0.75
SYN02826,65,Female,East,Provider Group A,Follow-Up After Hospitalization,0,0,Not Eligible,2026-03-01,0,None,Not Needed,0,0.75
SYN02826,65,Female,East,Provider Group A,Medication Adherence,1,1,Compliant,2026-03-01,0,None,Not Needed,0,0.85
SYN02830,89,Female,West,Provider Group E,Breast Cancer Screening,0,0,Not Eligible,2026-03-01,0,None,Not Needed,0,0.8
SYN02830,89,Female,West,Provider Group E,Diabetes Care,1,1,Compliant,2026-03-01,0,None,Not Needed,0,0.78
SYN02830,89,Female,West,Provider Group E,Follow-Up After Hospitalization,1,1,Compliant,2026-03-01,0,None,Not Needed,0,0.75
SYN02852,71,Female,North,Provider Group E,Breast Cancer Screening,1,1,Compliant,2026-03-01,0,None,Not Needed,0,0.8
SYN02852,71,Female,North,Provider Group E,Colorectal Cancer Screening,1,1,Compliant,2026-03-01,0,None,Not Needed,0,0.75
SYN02852,71,Female,North,Provider Group E,Diabetes Care,1,1,Compliant,2026-03-01,0,None,Not Needed,0,0.78
SYN02855,88,Female,East,Provider Group D,Breast Cancer Screening,0,0,Not Eligible,2026-03-01,0,None,Not Needed,0,0.8
SYN02855,88,Female,East,Provider Group D,Medication Adherence,1,1,Compliant,2026-03-01,0,None,Not Needed,0,0.85
SYN02856,78,Male,South,Provider Group D,Colorectal Cancer Screening,0,0,Not Eligible,2026-03-01,0,None,Not Needed,0,0.75
SYN02856,78,Male,South,Provider Group D,Diabetes Care,1,1,Compliant,2026-03-01,0,None,Not Needed,0,0.78
SYN02856,78,Male,South,Provider Group D,Medication Adherence,1,0,Open,2026-03-01,0,None,Not Attempted,0,0.85
SYN02857,66,Male,West,Provider Group E,Colorectal Cancer Screening,1,1,Compliant,2026-03-01,0,None,Not Needed,0,0.75
SYN02857,66,Male,West,Provider Group E,Controlling Blood Pressure,1,1,Compliant,2026-03-01,0,None,Not Needed,0,0.8
SYN02857,66,Male,West,Provider Group E,Diabetes Care,1,1,Compliant,2026-03-01,2,SMS,Reached,1,0.78
SYN02857,66,Male,West,Provider Group E,Medication Adherence,1,1,Compliant,2026-03-01,0,None,Not Needed,0,0.85
SYN02875,72,Male,North,Provider Group B,Controlling Blood Pressure,1,0,Open,2026-03-01,1,SMS,Unable to Reach,0,0.8
SYN02875,72,Male,North,Provider Group B,Diabetes Care,0,0,Not Eligible,2026-03-01,0,None,Not Needed,0,0.78
SYN02875,72,Male,North,Provider Group B,Follow-Up After Hospitalization,1,1,Compliant,2026-03-01,0,None,Not Needed,0,0.75
SYN02875,72,Male,North,Provider Group B,Medication Adherence,0,0,Not Eligible,2026-03-01,0,None,Not Needed,0,0.85
SYN02878,74,Male,South,Provider Group C,Breast Cancer Screening,0,0,Not Eligible,2026-03-01,0,None,Not Needed,0,0.8
SYN02878,74,Male,South,Provider Group C,Colorectal Cancer Screening,1,0,Open,2026-03-01,4,SMS,Reached,0,0.75
SYN02878,74,Male,South,Provider Group C,Controlling Blood Pressure,1,1,Compliant,2026-03-01,0,None,Not Needed,0,0.8
SYN02895,69,Female,North,Provider Group C,Breast Cancer Screening,1,1,Compliant,2026-03-01,0,None,Not Needed,0,0.8
SYN02895,69,Female,North,Provider Group C,Colorectal Cancer Screening,1,0,Open,2026-03-01,1,Mail,Unable to Reach,0,0.75
SYN02895,69,Female,North,Provider Group C,Controlling Blood Pressure,1,1,Compliant,2026-03-01,0,None,Not Needed,0,0.8
SYN02895,69,Female,North,Provider Group C,Medication Adherence,1,1,Compliant,2026-03-01,0,None,Not Needed,0,0.85
SYN02905,75,Female,North,Provider Group C,Breast Cancer Screening,0,0,Not Eligible,2026-03-01,0,None,Not Needed,0,0.8
SYN02905,75,Female,North,Provider Group C,Follow-Up After Hospitalization,1,1,Compliant,2026-03-01,0,None,Not Needed,0,0.75
SYN02905,75,Female,North,Provider Group C,Medication Adherence,1,1,Compliant,2026-03-01,1,Phone,Reached,1,0.85
SYN02916,71,Male,South,Provider Group E,Colorectal Cancer Screening,1,0,Open,2026-03-01,0,None,Not Attempted,0,0.75
SYN02916,71,Male,South,Provider Group E,Diabetes Care,1,1,Compliant,2026-03-01,0,None,Not Needed,0,0.78
SYN02916,71,Male,South,Provider Group E,Follow-Up After Hospitalization,1,0,Open,2026-03-01,0,None,Not Attempted,0,0.75
SYN02916,71,Male,South,Provider Group E,Medication Adherence,1,1,Compliant,2026-03-01,0,None,Not Needed,0,0.85
SYN02922,67,Male,West,Provider Group A,Breast Cancer Screening,0,0,Not Eligible,2026-03-01,0,None,Not Needed,0,0.8
SYN02922,67,Male,West,Provider Group A,Follow-Up After Hospitalization,1,0,Open,2026-03-01,0,None,Not Attempted,0,0.75
SYN02922,67,Male,West,Provider Group A,Medication Adherence,1,1,Compliant,2026-03-01,0,None,Not Needed,0,0.85
SYN02923,66,Male,West,Provider Group B,Breast Cancer Screening,0,0,Not Eligible,2026-03-01,0,None,Not Needed,0,0.8
SYN02923,66,Male,West,Provider Group B,Controlling Blood Pressure,1,1,Compliant,2026-03-01,0,None,Not Needed,0,0.8
SYN02923,66,Male,West,Provider Group B,Medication Adherence,1,1,Compliant,2026-03-01,0,None,Not Needed,0,0.85
SYN02930,69,Male,North,Provider Group D,Controlling Blood Pressure,1,1,Compliant,2026-03-01,0,None,Not Needed,0,0.8
SYN02930,69,Male,North,Provider Group D,Follow-Up After Hospitalization,1,0,Open,2026-03-01,4,SMS,Unable to Reach,0,0.75
SYN02932,72,Female,South,Provider Group E,Colorectal Cancer Screening,1,0,Open,2026-03-01,0,None,Not Attempted,0,0.75
SYN02938,84,Male,West,Provider Group A,Breast Cancer Screening,0,0,Not Eligible,2026-03-01,0,None,Not Needed,0,0.8
SYN02938,84,Male,West,Provider Group A,Medication Adherence,0,0,Not Eligible,2026-03-01,0,None,Not Needed,0,0.85
SYN02942,69,Female,East,Provider Group C,Breast Cancer Screening,1,1,Compliant,2026-03-01,1,Phone,Reached,1,0.8
SYN02942,69,Female,East,Provider Group C,Colorectal Cancer Screening,1,0,Open,2026-03-01,1,Mail,Reached,0,0.75
SYN02942,69,Female,East,Provider Group C,Controlling Blood Pressure,1,0,Open,2026-03-01,0,None,Not Attempted,0,0.8
SYN02942,69,Female,East,Provider Group C,Diabetes Care,1,0,Open,2026-03-01,1,Phone,Reached,0,0.78
SYN02942,69,Female,East,Provider Group C,Medication Adherence,1,1,Compliant,2026-03-01,0,None,Not Needed,0,0.85
SYN02953,86,Male,East,Provider Group D,Colorectal Cancer Screening,0,0,Not Eligible,2026-03-01,0,None,Not Needed,0,0.75
SYN02953,86,Male,East,Provider Group D,Diabetes Care,0,0,Not Eligible,2026-03-01,0,None,Not Needed,0,0.78
SYN02963,70,Female,West,Provider Group A,Breast Cancer Screening,1,1,Compliant,2026-03-01,0,None,Not Needed,0,0.8
SYN02963,70,Female,West,Provider Group A,Colorectal Cancer Screening,1,1,Compliant,2026-03-01,0,None,Not Needed,0,0.75
SYN02963,70,Female,West,Provider Group A,Controlling Blood Pressure,1,0,Open,2026-03-01,2,Phone,Reached,0,0.8
SYN02963,70,Female,West,Provider Group A,Diabetes Care,1,1,Compliant,2026-03-01,0,None,Not Needed,0,0.78
SYN02963,70,Female,West,Provider Group A,Follow-Up After Hospitalization,1,1,Compliant,2026-03-01,0,None,Not Needed,0,0.75
SYN02963,70,Female,West,Provider Group A,Medication Adherence,1,1,Compliant,2026-03-01,0,None,Not Needed,0,0.85
SYN02964,66,Male,North,Provider Group B,Breast Cancer Screening,0,0,Not Eligible,2026-03-01,0,None,Not Needed,0,0.8
SYN02964,66,Male,North,Provider Group B,Controlling Blood Pressure,1,1,Compliant,2026-03-01,0,None,Not Needed,0,0.8
SYN02964,66,Male,North,Provider Group B,Follow-Up After Hospitalization,0,0,Not Eligible,2026-03-01,0,None,Not Needed,0,0.75
SYN02967,72,Female,North,Provider Group C,Controlling Blood Pressure,1,1,Compliant,2026-03-01,3,Care Coordinator,Reached,1,0.8
SYN02967,72,Female,North,Provider Group C,Diabetes Care,1,1,Compliant,2026-03-01,0,None,Not Needed,0,0.78
SYN02967,72,Female,North,Provider Group C,Follow-Up After Hospitalization,1,1,Compliant,2026-03-01,0,None,Not Needed,0,0.75
SYN03026,67,Male,West,Provider Group C,Controlling Blood Pressure,1,1,Compliant,2026-03-01,0,None,Not Needed,0,0.8
SYN03026,67,Male,West,Provider Group C,Follow-Up After Hospitalization,1,1,Compliant,2026-03-01,0,None,Not Needed,0,0.75
SYN03066,74,Male,North,Provider Group B,Colorectal Cancer Screening,1,0,Open,2026-03-01,2,Mail,Unable to Reach,0,0.75
SYN03076,87,Male,West,Provider Group A,Breast Cancer Screening,0,0,Not Eligible,2026-03-01,0,None,Not Needed,0,0.8
SYN03076,87,Male,West,Provider Group A,Diabetes Care,0,0,Not Eligible,2026-03-01,0,None,Not Needed,0,0.78
SYN03077,70,Female,South,Provider Group E,Breast Cancer Screening,1,1,Compliant,2026-03-01,0,None,Not Needed,0,0.8
SYN03077,70,Female,South,Provider Group E,Controlling Blood Pressure,1,1,Compliant,2026-03-01,0,None,Not Needed,0,0.8
SYN03077,70,Female,South,Provider Group E,Diabetes Care,1,1,Compliant,2026-03-01,0,None,Not Needed,0,0.78
SYN03080,66,Male,North,Provider Group D,Breast Cancer Screening,0,0,Not Eligible,2026-03-01,0,None,Not Needed,0,0.8
SYN03080,66,Male,North,Provider Group D,Colorectal Cancer Screening,1,1,Compliant,2026-03-01,0,None,Not Needed,0,0.75
SYN03090,67,Female,South,Provider Group B,Colorectal Cancer Screening,1,0,Open,2026-03-01,2,Phone,Declined,0,0.75
SYN03090,67,Female,South,Provider Group B,Follow-Up After Hospitalization,0,0,Not Eligible,2026-03-01,0,None,Not Needed,0,0.75
SYN03090,67,Female,South,Provider Group B,Medication Adherence,1,1,Compliant,2026-03-01,0,None,Not Needed,0,0.85
SYN03093,74,Female,North,Provider Group D,Breast Cancer Screening,1,0,Open,2026-03-01,2,Phone,Reached,0,0.8
SYN03093,74,Female,North,Provider Group D,Colorectal Cancer Screening,1,1,Compliant,2026-03-01,0,None,Not Needed,0,0.75
SYN03093,74,Female,North,Provider Group D,Diabetes Care,1,1,Compliant,2026-03-01,0,None,Not Needed,0,0.78
SYN03093,74,Female,North,Provider Group D,Medication Adherence,1,1,Compliant,2026-03-01,0,None,Not Needed,0,0.85
SYN03096,75,Male,North,Provider Group D,Controlling Blood Pressure,0,0,Not Eligible,2026-03-01,0,None,Not Needed,0,0.8
SYN03096,75,Male,North,Provider Group D,Diabetes Care,0,0,Not Eligible,2026-03-01,0,None,Not Needed,0,0.78
SYN03114,78,Female,East,Provider Group C,Colorectal Cancer Screening,0,0,Not Eligible,2026-03-01,0,None,Not Needed,0,0.75
SYN03114,78,Female,East,Provider Group C,Medication Adherence,1,0,Open,2026-03-01,4,Phone,Reached,0,0.85
SYN03121,68,Female,North,Provider Group A,Breast Cancer Screening,1,1,Compliant,2026-03-01,0,None,Not Needed,0,0.8
SYN03121,68,Female,North,Provider Group A,Colorectal Cancer Screening,1,0,Open,2026-03-01,1,Phone,Reached,0,0.75
SYN03121,68,Female,North,Provider Group A,Controlling Blood Pressure,1,1,Compliant,2026-03-01,0,None,Not Needed,0,0.8
SYN03121,68,Female,North,Provider Group A,Diabetes Care,1,1,Compliant,2026-03-01,0,None,Not Needed,0,0.78
SYN03123,79,Male,East,Provider Group D,Colorectal Cancer Screening,0,0,Not Eligible,2026-03-01,0,None,Not Needed,0,0.75
SYN03123,79,Male,East,Provider Group D,Controlling Blood Pressure,1,1,Compliant,2026-03-01,0,None,Not Needed,0,0.8
SYN03123,79,Male,East,Provider Group D,Diabetes Care,1,1,Compliant,2026-03-01,0,None,Not Needed,0,0.78
SYN03129,69,Male,South,Provider Group A,Diabetes Care,1,1,Compliant,2026-03-01,0,None,Not Needed,0,0.78
SYN03129,69,Male,South,Provider Group A,Follow-Up After Hospitalization,1,0,Open,2026-03-01,2,SMS,Unable to Reach,0,0.75
SYN03143,74,Female,North,Provider Group E,Breast Cancer Screening,1,1,Compliant,2026-03-01,0,None,Not Needed,0,0.8
SYN03143,74,Female,North,Provider Group E,Colorectal Cancer Screening,1,1,Compliant,2026-03-01,0,None,Not Needed,0,0.75
SYN03143,74,Female,North,Provider Group E,Controlling Blood Pressure,1,1,Compliant,2026-03-01,0,None,Not Needed,0,0.8
SYN03143,74,Female,North,Provider Group E,Diabetes Care,1,1,Compliant,2026-03-01,0,None,Not Needed,0,0.78
SYN03148,76,Male,West,Provider Group C,Diabetes Care,0,0,Not Eligible,2026-03-01,0,None,Not Needed,0,0.78
SYN03154,73,Female,West,Provider Group C,Diabetes Care,1,0,Open,2026-03-01,1,Care Coordinator,Unable to Reach,0,0.78
SYN03154,73,Female,West,Provider Group C,Follow-Up After Hospitalization,0,0,Not Eligible,2026-03-01,0,None,Not Needed,0,0.75
SYN03158,74,Female,West,Provider Group E,Breast Cancer Screening,1,0,Open,2026-03-01,0,None,Not Attempted,0,0.8
SYN03158,74,Female,West,Provider Group E,Diabetes Care,0,0,Not Eligible,2026-03-01,0,None,Not Needed,0,0.78
SYN03165,78,Male,East,Provider Group C,Follow-Up After Hospitalization,1,1,Compliant,2026-03-01,0,None,Not Needed,0,0.75
SYN03169,77,Male,North,Provider Group E,Diabetes Care,1,0,Open,2026-03-01,2,Phone,Reached,0,0.78
SYN03169,77,Male,North,Provider Group E,Follow-Up After Hospitalization,1,1,Compliant,2026-03-01,0,None,Not Needed,0,0.75
SYN03171,75,Male,West,Provider Group E,Medication Adherence,0,0,Not Eligible,2026-03-01,0,None,Not Needed,0,0.85
SYN03174,68,Female,East,Provider Group A,Breast Cancer Screening,0,0,Not Eligible,2026-03-01,0,None,Not Needed,0,0.8
SYN03174,68,Female,East,Provider Group A,Colorectal Cancer Screening,1,1,Compliant,2026-03-01,0,None,Not Needed,0,0.75
SYN03174,68,Female,East,Provider Group A,Controlling Blood Pressure,0,0,Not Eligible,2026-03-01,0,None,Not Needed,0,0.8
SYN03174,68,Female,East,Provider Group A,Medication Adherence,1,1,Compliant,2026-03-01,0,None,Not Needed,0,0.85
SYN03183,67,Male,West,Provider Group C,Colorectal Cancer Screening,1,0,Open,2026-03-01,0,None,Not Attempted,0,0.75
SYN03183,67,Male,West,Provider Group C,Controlling Blood Pressure,1,1,Compliant,2026-03-01,0,None,Not Needed,0,0.8
SYN03187,89,Male,South,Provider Group C,Diabetes Care,1,1,Compliant,2026-03-01,1,Phone,Reached,1,0.78
SYN03187,89,Male,South,Provider Group C,Medication Adherence,1,0,Open,2026-03-01,1,Phone,Unable to Reach,0,0.85
SYN03189,71,Female,West,Provider Group B,Diabetes Care,0,0,Not Eligible,2026-03-01,0,None,Not Needed,0,0.78
SYN03189,71,Female,West,Provider Group B,Medication Adherence,0,0,Not Eligible,2026-03-01,0,None,Not Needed,0,0.85
SYN03192,83,Male,North,Provider Group A,Colorectal Cancer Screening,0,0,Not Eligible,2026-03-01,0,None,Not Needed,0,0.75
SYN03192,83,Male,North,Provider Group A,Diabetes Care,1,1,Compliant,2026-03-01,0,None,Not Needed,0,0.78
SYN03192,83,Male,North,Provider Group A,Follow-Up After Hospitalization,1,1,Compliant,2026-03-01,0,None,Not Needed,0,0.75
SYN03197,76,Female,West,Provider Group A,Breast Cancer Screening,0,0,Not Eligible,2026-03-01,0,None,Not Needed,0,0.8
SYN03197,76,Female,West,Provider Group A,Controlling Blood Pressure,1,1,Compliant,2026-03-01,0,None,Not Needed,0,0.8
SYN03197,76,Female,West,Provider Group A,Follow-Up After Hospitalization,1,1,Compliant,2026-03-01,0,None,Not Needed,0,0.75
SYN00029,74,Female,North,Provider Group D,Breast Cancer Screening,1,1,Compliant,2026-04-01,0,None,Not Needed,0,0.8
SYN00029,74,Female,North,Provider Group D,Diabetes Care,1,1,Compliant,2026-04-01,0,None,Not Needed,0,0.78
SYN00029,74,Female,North,Provider Group D,Follow-Up After Hospitalization,0,0,Not Eligible,2026-04-01,0,None,Not Needed,0,0.75
SYN00029,74,Female,North,Provider Group D,Medication Adherence,1,1,Compliant,2026-04-01,0,None,Not Needed,0,0.85
SYN00030,74,Male,South,Provider Group B,Colorectal Cancer Screening,1,0,Open,2026-04-01,0,None,Not Attempted,0,0.75
SYN00030,74,Male,South,Provider Group B,Medication Adherence,1,1,Compliant,2026-04-01,0,None,Not Needed,0,0.85
SYN00035,73,Male,North,Provider Group C,Colorectal Cancer Screening,1,0,Open,2026-04-01,1,Phone,Reached,0,0.75
SYN00035,73,Male,North,Provider Group C,Medication Adherence,1,1,Compliant,2026-04-01,0,None,Not Needed,0,0.85
SYN00036,87,Female,North,Provider Group E,Breast Cancer Screening,0,0,Not Eligible,2026-04-01,0,None,Not Needed,0,0.8
SYN00036,87,Female,North,Provider Group E,Colorectal Cancer Screening,0,0,Not Eligible,2026-04-01,0,None,Not Needed,0,0.75
SYN00036,87,Female,North,Provider Group E,Controlling Blood Pressure,1,0,Open,2026-04-01,2,Mail,Unable to Reach,0,0.8
SYN00036,87,Female,North,Provider Group E,Diabetes Care,1,1,Compliant,2026-04-01,0,None,Not Needed,0,0.78
SYN00043,68,Female,North,Provider Group A,Breast Cancer Screening,1,0,Open,2026-04-01,1,SMS,Declined,0,0.8
SYN00043,68,Female,North,Provider Group A,Colorectal Cancer Screening,1,1,Compliant,2026-04-01,0,None,Not Needed,0,0.75
SYN00043,68,Female,North,Provider Group A,Controlling Blood Pressure,0,0,Not Eligible,2026-04-01,0,None,Not Needed,0,0.8
SYN00043,68,Female,North,Provider Group A,Diabetes Care,1,1,Compliant,2026-04-01,0,None,Not Needed,0,0.78
SYN00043,68,Female,North,Provider Group A,Follow-Up After Hospitalization,1,1,Compliant,2026-04-01,0,None,Not Needed,0,0.75
SYN00043,68,Female,North,Provider Group A,Medication Adherence,1,1,Compliant,2026-04-01,0,None,Not Needed,0,0.85
SYN00051,66,Male,South,Provider Group E,Diabetes Care,0,0,Not Eligible,2026-04-01,0,None,Not Needed,0,0.78
SYN00062,70,Female,North,Provider Group C,Controlling Blood Pressure,1,1,Compliant,2026-04-01,0,None,Not Needed,0,0.8
SYN00062,70,Female,North,Provider Group C,Follow-Up After Hospitalization,1,1,Compliant,2026-04-01,4,Phone,Reached,1,0.75
SYN00062,70,Female,North,Provider Group C,Medication Adherence,1,1,Compliant,2026-04-01,0,None,Not Needed,0,0.85
SYN00080,74,Female,South,Provider Group D,Follow-Up After Hospitalization,1,1,Compliant,2026-04-01,0,None,Not Needed,0,0.75
SYN00080,74,Female,South,Provider Group D,Medication Adherence,1,1,Compliant,2026-04-01,0,None,Not Needed,0,0.85
SYN00101,72,Female,South,Provider Group A,Breast Cancer Screening,1,0,Open,2026-04-01,0,None,Not Attempted,0,0.8
SYN00101,72,Female,South,Provider Group A,Diabetes Care,1,1,Compliant,2026-04-01,0,None,Not Needed,0,0.78
SYN00101,72,Female,South,Provider Group A,Medication Adherence,1,1,Compliant,2026-04-01,0,None,Not Needed,0,0.85
SYN00103,72,Female,South,Provider Group C,Colorectal Cancer Screening,1,1,Compliant,2026-04-01,0,None,Not Needed,0,0.75
SYN00103,72,Female,South,Provider Group C,Controlling Blood Pressure,1,1,Compliant,2026-04-01,0,None,Not Needed,0,0.8
SYN00103,72,Female,South,Provider Group C,Diabetes Care,1,0,Open,2026-04-01,2,Phone,Declined,0,0.78
SYN00109,70,Female,South,Provider Group A,Controlling Blood Pressure,1,1,Compliant,2026-04-01,0,None,Not Needed,0,0.8
SYN00109,127,Female,South,Provider Group A,Follow-Up After Hospitalization,1,1,Compliant,2026-04-01,0,None,Not Needed,0,0.75
SYN00111,80,Female,West,Provider Group B,Breast Cancer Screening,0,0,Not Eligible,2026-04-01,0,None,Not Needed,0,0.8
SYN00111,80,Female,West,Provider Group B,Colorectal Cancer Screening,0,0,Not Eligible,2026-04-01,0,None,Not Needed,0,0.75
SYN00111,80,Female,West,Provider Group B,Controlling Blood Pressure,1,1,Compliant,2026-04-01,0,None,Not Needed,0,0.8
SYN00111,80,Female,West,Provider Group B,Diabetes Care,1,1,Compliant,2026-04-01,0,None,Not Needed,0,0.78
SYN00111,80,Female,West,Provider Group B,Follow-Up After Hospitalization,1,1,Compliant,2026-04-01,0,None,Not Needed,0,0.75
SYN00111,80,Female,West,Provider Group B,Medication Adherence,0,0,Not Eligible,2026-04-01,0,None,Not Needed,0,0.85
SYN00119,68,Female,South,Provider Group C,Breast Cancer Screening,1,1,Compliant,2026-04-01,0,None,Not Needed,0,0.8
SYN00119,68,Female,South,Provider Group C,Controlling Blood Pressure,1,1,Compliant,2026-04-01,0,None,Not Needed,0,0.8
SYN00119,68,Female,South,Provider Group C,Diabetes Care,1,1,Compliant,2026-04-01,0,None,Not Needed,0,0.78
SYN00123,71,Female,West,Provider Group A,Breast Cancer Screening,1,1,Compliant,2026-04-01,0,None,Not Needed,0,0.8
SYN00123,71,Female,West,Provider Group A,Colorectal Cancer Screening,0,0,Not Eligible,2026-04-01,0,None,Not Needed,0,0.75
SYN00123,71,Female,West,Provider Group A,Controlling Blood Pressure,0,0,Not Eligible,2026-04-01,0,None,Not Needed,0,0.8
SYN00123,71,Female,West,Provider Group A,Follow-Up After Hospitalization,1,0,Open,2026-04-01,1,Phone,Reached,0,0.75
SYN00125,69,Male,South,Provider Group D,Diabetes Care,0,0,Not Eligible,2026-04-01,0,None,Not Needed,0,0.78
SYN00144,78,Female,South,Provider Group B,Diabetes Care,1,1,Compliant,2026-04-01,1,Care Coordinator,Reached,1,0.78
SYN00147,81,Female,South,Provider Group D,Breast Cancer Screening,0,0,Not Eligible,2026-04-01,0,None,Not Needed,0,0.8
SYN00147,81,Female,South,Provider Group D,Medication Adherence,1,1,Compliant,2026-04-01,1,Care Coordinator,Reached,1,0.85
SYN00157,71,Female,North,Provider Group D,Colorectal Cancer Screening,1,1,Compliant,2026-04-01,0,None,Not Needed,0,0.75
SYN00157,71,Female,North,Provider Group D,Controlling Blood Pressure,1,1,Compliant,2026-04-01,0,None,Not Needed,0,0.8
SYN00171,88,Male,East,Provider Group D,Colorectal Cancer Screening,0,0,Not Eligible,2026-04-01,0,None,Not Needed,0,0.75
SYN00171,88,Male,East,Provider Group D,Medication Adherence,1,0,Open,2026-04-01,1,Phone,Reached,0,0.85
SYN00172,65,Female,North,Provider Group A,Breast Cancer Screening,1,1,Compliant,2026-04-01,0,None,Not Needed,0,0.8
SYN00172,65,Female,North,Provider Group A,Controlling Blood Pressure,1,1,Compliant,2026-04-01,0,None,Not Needed,0,0.8
SYN00172,65,Female,North,Provider Group A,Medication Adherence,1,1,Compliant,2026-04-01,0,None,Not Needed,0,0.85
SYN00177,76,Male,South,Provider Group D,Breast Cancer Screening,0,0,Not Eligible,2026-04-01,0,None,Not Needed,0,0.8
SYN00177,76,Male,South,Provider Group D,Medication Adherence,1,1,Compliant,2026-04-01,0,None,Not Needed,0,0.99
SYN00178,69,Female,South,Provider Group A,Breast Cancer Screening,1,1,Compliant,2026-04-01,0,None,Not Needed,0,0.8
SYN00178,69,Female,South,Provider Group A,Colorectal Cancer Screening,1,1,Compliant,2026-04-01,0,None,Not Needed,0,0.75
SYN00178,69,Female,South,Provider Group A,Controlling Blood Pressure,0,0,Not Eligible,2026-04-01,0,None,Not Needed,0,0.8
SYN00178,69,Female,South,Provider Group A,Diabetes Care,1,1,Compliant,2026-04-01,4,SMS,Reached,1,0.78
SYN00186,86,Female,North,Provider Group C,Controlling Blood Pressure,0,0,Not Eligible,2026-04-01,0,None,Not Needed,0,0.8
SYN00186,86,Female,North,Provider Group C,Follow-Up After Hospitalization,0,0,Not Eligible,2026-04-01,0,None,Not Needed,0,0.75
SYN00186,86,Female,North,Provider Group C,Medication Adherence,1,1,Compliant,2026-04-01,0,None,Not Needed,0,0.85
SYN00191,88,Female,East,Provider Group A,Breast Cancer Screening,0,0,Not Eligible,2026-04-01,0,None,Not Needed,0,0.8
SYN00191,88,Female,East,Provider Group A,Controlling Blood Pressure,1,0,Open,2026-04-01,0,None,Not Attempted,0,0.8
SYN00191,88,Female,East,Provider Group A,Medication Adherence,1,1,Compliant,2026-04-01,0,None,Not Needed,0,0.85
SYN00197,73,Female,North,Provider Group D,Diabetes Care,1,1,Compliant,2026-04-01,0,None,Not Needed,0,0.78
SYN00197,73,Female,North,Provider Group D,Medication Adherence,1,1,Compliant,2026-04-01,0,None,Not Needed,0,0.85
SYN00202,67,Female,South,Provider Group A,Controlling Blood Pressure,1,1,Compliant,2026-04-01,0,None,Not Needed,0,0.8
SYN00202,67,Female,South,Provider Group A,Follow-Up After Hospitalization,0,0,Not Eligible,2026-04-01,0,None,Not Needed,0,0.75
SYN00202,67,Female,South,Provider Group A,Medication Adherence,1,1,Compliant,2026-04-01,0,None,Not Needed,0,0.85
SYN00203,68,Male,South,Provider Group B,Controlling Blood Pressure,1,1,Compliant,2026-04-01,0,None,Not Needed,0,0.8
SYN00206,75,Female,North,Provider Group D,Diabetes Care,0,0,Not Eligible,2026-04-01,0,None,Not Needed,0,0.78
SYN00206,75,Female,North,Provider Group D,Follow-Up After Hospitalization,0,0,Not Eligible,2026-04-01,0,None,Not Needed,0,0.75
SYN00206,75,Female,North,Provider Group D,Medication Adherence,1,0,Open,2026-04-01,1,Phone,Unable to Reach,0,0.85
SYN00212,75,Male,South,Provider Group B,Breast Cancer Screening,0,0,Not Eligible,2026-04-01,0,None,Not Needed,0,0.8
SYN00212,75,Male,South,Provider Group B,Colorectal Cancer Screening,0,0,Not Eligible,2026-04-01,0,None,Not Needed,0,0.75
SYN00212,75,Male,South,Provider Group B,Controlling Blood Pressure,1,0,Open,2026-04-01,0,None,Not Attempted,0,0.8
SYN00215,68,Male,South,Provider Group A,Colorectal Cancer Screening,1,0,Open,2026-04-01,1,SMS,Reached,0,0.75
SYN00215,68,Male,South,Provider Group A,Controlling Blood Pressure,0,0,Not Eligible,2026-04-01,0,None,Not Needed,0,0.8
SYN00215,68,Male,South,Provider Group A,Diabetes Care,1,0,Open,2026-04-01,2,Mail,Unable to Reach,0,0.78
SYN00218,81,Female,West,Provider Group A,Colorectal Cancer Screening,0,0,Not Eligible,2026-04-01,0,None,Not Needed,0,0.75
SYN00218,81,Female,West,Provider Group A,Controlling Blood Pressure,1,1,Compliant,2026-04-01,0,None,Not Needed,0,0.8
SYN00218,81,Female,West,Provider Group A,Diabetes Care,0,0,Not Eligible,2026-04-01,0,None,Not Needed,0,0.78
SYN00218,81,Female,West,Provider Group A,Follow-Up After Hospitalization,1,1,Compliant,2026-04-01,0,None,Not Needed,0,0.75
SYN00218,81,Female,West,Provider Group A,Medication Adherence,1,1,Compliant,2026-04-01,0,None,Not Needed,0,0.85
SYN00221,75,Female,West,Provider Group E,Controlling Blood Pressure,1,1,Compliant,2026-04-01,0,None,Not Needed,0,0.8
SYN00221,75,Female,West,Provider Group E,Medication Adherence,0,0,Not Eligible,2026-04-01,0,None,Not Needed,0,0.85
SYN00225,67,Male,East,Provider Group D,Colorectal Cancer Screening,1,0,Open,2026-04-01,0,None,Not Attempted,0,0.75
SYN00225,67,Male,East,Provider Group D,Controlling Blood Pressure,1,1,Compliant,2026-04-01,0,None,Not Needed,0,0.8
SYN00225,67,Male,East,Provider Group D,Diabetes Care,1,1,Compliant,2026-04-01,0,None,Not Needed,0,0.78
SYN00235,89,Female,East,Provider Group D,Controlling Blood Pressure,1,1,Compliant,2026-04-01,3,SMS,Reached,1,0.8
SYN00235,89,Female,East,Provider Group D,Diabetes Care,1,1,Compliant,2026-04-01,0,None,Not Needed,0,0.78
SYN00235,89,Female,East,Provider Group D,Medication Adherence,1,1,Compliant,2026-04-01,0,None,Not Needed,0,0.85
SYN00237,69,Male,West,Provider Group E,Colorectal Cancer Screening,1,0,Open,2026-04-01,1,Care Coordinator,Declined,0,0.75
SYN00237,69,Male,West,Provider Group E,Medication Adherence,1,0,Open,2026-04-01,1,SMS,Reached,0,0.85
SYN00249,73,Male,West,Provider Group A,Colorectal Cancer Screening,1,1,Compliant,2026-04-01,0,None,Not Needed,0,0.75
SYN00249,73,Male,West,Provider Group A,Diabetes Care,0,0,Not Eligible,2026-04-01,0,None,Not Needed,0,0.78
SYN00249,73,Male,West,Provider Group A,Medication Adherence,1,1,Compliant,2026-04-01,0,None,Not Needed,0,0.85
SYN00250,70,Female,South,Provider Group B,Diabetes Care,0,0,Not Eligible,2026-04-01,0,None,Not Needed,0,0.78
SYN00251,75,Male,East,Provider Group B,Colorectal Cancer Screening,1,0,Open,2026-04-01,2,SMS,Declined,0,0.75
SYN00251,75,Male,East,Provider Group B,Follow-Up After Hospitalization,1,1,Compliant,2026-04-01,0,None,Not Needed,0,0.75
SYN00253,66,Female,South,Provider Group C,Breast Cancer Screening,1,1,Compliant,2026-04-01,0,None,Not Needed,0,0.8
SYN00253,66,Female,South,Provider Group C,Diabetes Care,0,0,Not Eligible,2026-04-01,0,None,Not Needed,0,0.78
SYN00253,66,Female,South,Provider Group C,Follow-Up After Hospitalization,1,0,Open,2026-04-01,0,None,Not Attempted,0,0.75
SYN00253,66,Female,South,Provider Group C,Medication Adherence,1,1,Compliant,2026-04-01,0,None,Not Needed,0,0.85
SYN00254,66,Female,East,Provider Group E,Breast Cancer Screening,1,1,Compliant,2026-04-01,0,None,Not Needed,0,0.8
SYN00254,66,Female,East,Provider Group E,Colorectal Cancer Screening,1,1,Compliant,2026-04-01,1,SMS,Reached,1,0.75
SYN00254,66,Female,East,Provider Group E,Follow-Up After Hospitalization,1,0,Open,2026-04-01,0,None,Not Attempted,0,0.75
SYN00255,77,Female,North,Provider Group E,Controlling Blood Pressure,1,1,Compliant,2026-04-01,0,None,Not Needed,0,0.8
SYN00255,77,Female,North,Provider Group E,Follow-Up After Hospitalization,1,0,Open,2026-04-01,1,Mail,Reached,0,0.75
SYN00255,77,Female,North,Provider Group E,Medication Adherence,1,1,Compliant,2026-04-01,0,None,Not Needed,0,0.85
SYN00267,80,Male,East,Provider Group B,Diabetes Care,1,1,Compliant,2026-04-01,0,None,Not Needed,0,0.78
SYN00267,80,Male,East,Provider Group B,Follow-Up After Hospitalization,1,0,Open,2026-04-01,0,None,Not Attempted,0,0.75
SYN00267,80,Male,East,Provider Group B,Medication Adherence,1,1,Compliant,2026-04-01,0,None,Not Needed,0,0.85
SYN00272,71,Female,North,Provider Group A,Controlling Blood Pressure,1,1,Compliant,2026-04-01,0,None,Not Needed,0,0.8
SYN00272,71,Female,North,Provider Group A,Follow-Up After Hospitalization,1,1,Compliant,2026-04-01,0,None,Not Needed,0,0.75
SYN00272,71,Female,North,Provider Group A,Medication Adherence,1,1,Compliant,2026-04-01,0,None,Not Needed,0,0.85
SYN00278,88,Male,East,Provider Group B,Colorectal Cancer Screening,0,0,Not Eligible,2026-04-01,0,None,Not Needed,0,0.75
SYN00278,88,Male,East,Provider Group B,Controlling Blood Pressure,1,0,Open,2026-04-01,1,Phone,Reached,0,0.8
SYN00278,88,Male,East,Provider Group B,Follow-Up After Hospitalization,0,0,Not Eligible,2026-04-01,0,None,Not Needed,0,0.75
SYN00278,88,Male,East,Provider Group B,Medication Adherence,1,1,Compliant,2026-04-01,0,None,Not Needed,0,0.85
SYN00284,77,Male,North,Provider Group A,Controlling Blood Pressure,1,1,Compliant,2026-04-01,0,None,Not Needed,0,0.8
SYN00284,77,Male,North,Provider Group A,Diabetes Care,1,1,Compliant,2026-04-01,0,None,Not Needed,0,0.78
SYN00284,77,Male,North,Provider Group A,Medication Adherence,1,1,Compliant,2026-04-01,0,None,Not Needed,0,0.85
SYN00290,74,Male,East,Provider Group B,Colorectal Cancer Screening,1,0,Open,2026-04-01,1,Phone,Reached,0,0.75
SYN00290,74,Male,East,Provider Group B,Medication Adherence,1,1,Compliant,2026-04-01,0,None,Not Needed,0,0.85
SYN00308,69,Female,West,Provider Group C,Breast Cancer Screening,1,1,Compliant,2026-04-01,1,Phone,Reached,1,0.8
SYN00308,69,Female,West,Provider Group C,Diabetes Care,1,0,Open,2026-04-01,2,SMS,Reached,0,0.78
SYN00308,69,Female,West,Provider Group C,Medication Adherence,1,1,Compliant,2026-04-01,0,None,Not Needed,0,0.85
SYN00309,87,Male,North,Provider Group C,Controlling Blood Pressure,1,0,Open,2026-04-01,4,Phone,Unable to Reach,0,0.8
SYN00309,87,Male,North,Provider Group C,Diabetes Care,0,0,Not Eligible,2026-04-01,0,None,Not Needed,0,0.78
SYN00309,87,Male,North,Provider Group C,Follow-Up After Hospitalization,0,0,Not Eligible,2026-04-01,0,None,Not Needed,0,0.75
SYN00314,67,Female,West,Provider Group D,Breast Cancer Screening,1,1,Compliant,2026-04-01,0,None,Not Needed,0,0.8
SYN00314,67,Female,West,Provider Group D,Colorectal Cancer Screening,1,1,Compliant,2026-04-01,0,None,Not Needed,0,0.75
SYN00314,67,Female,West,Provider Group D,Controlling Blood Pressure,1,1,Compliant,2026-04-01,0,None,Not Needed,0,0.8
SYN00314,67,Female,West,Provider Group D,Diabetes Care,1,1,Compliant,2026-04-01,0,None,Not Needed,0,0.78
SYN00318,79,Male,West,Provider Group D,Controlling Blood Pressure,1,1,Compliant,2026-04-01,0,None,Not Needed,0,0.8
SYN00318,79,Male,West,Provider Group D,Diabetes Care,0,0,Not Eligible,2026-04-01,0,None,Not Needed,0,0.78
SYN00318,79,Male,West,Provider Group D,Medication Adherence,1,1,Compliant,2026-04-01,0,None,Not Needed,0,0.85
SYN00337,81,Female,West,Provider Group C,Breast Cancer Screening,0,0,Not Eligible,2026-04-01,0,None,Not Needed,0,0.8
SYN00337,81,Female,West,Provider Group C,Colorectal Cancer Screening,0,0,Not Eligible,2026-04-01,0,None,Not Needed,0,0.75
SYN00348,74,Male,West,Provider Group E,Colorectal Cancer Screening,1,1,Compliant,2026-04-01,0,None,Not Needed,0,0.75
SYN00348,74,Male,West,Provider Group E,Controlling Blood Pressure,1,1,Compliant,2026-04-01,0,None,Not Needed,0,0.8
SYN00348,74,Male,West,Provider Group E,Medication Adherence,1,1,Compliant,2026-04-01,0,None,Not Needed,0,0.85
SYN00350,65,Male,South,Provider Group D,Breast Cancer Screening,0,0,Not Eligible,2026-04-01,0,None,Not Needed,0,0.8
SYN00350,65,Male,South,Provider Group D,Medication Adherence,1,1,Compliant,2026-04-01,0,None,Not Needed,0,0.85
SYN00357,74,Female,North,Provider Group C,Colorectal Cancer Screening,1,1,Compliant,2026-04-01,3,Care Coordinator,Reached,1,0.75
SYN00358,70,Female,South,Provider Group A,Breast Cancer Screening,1,1,Compliant,2026-04-01,2,SMS,Reached,1,0.8
SYN00358,70,Female,South,Provider Group A,Colorectal Cancer Screening,1,0,Open,2026-04-01,0,None,Not Attempted,0,0.75
SYN00358,70,Female,South,Provider Group A,Controlling Blood Pressure,1,1,Compliant,2026-04-01,0,None,Not Needed,0,0.8
SYN00358,70,Female,South,Provider Group A,Medication Adherence,1,0,Open,2026-04-01,1,Mail,Unable to Reach,0,0.85
SYN00371,75,Male,East,Provider Group B,Controlling Blood Pressure,1,1,Compliant,2026-04-01,0,None,Not Needed,0,0.8
SYN00371,75,Male,East,Provider Group B,Diabetes Care,1,1,Compliant,2026-04-01,0,None,Not Needed,0,0.78
SYN00383,89,Female,West,Provider Group A,Controlling Blood Pressure,1,0,Open,2026-04-01,3,SMS,Reached,0,0.8
SYN00383,89,Female,West,Provider Group A,Diabetes Care,1,1,Compliant,2026-04-01,0,None,Not Needed,0,0.78
SYN00389,83,Female,South,Provider Group A,Breast Cancer Screening,0,0,Not Eligible,2026-04-01,0,None,Not Needed,0,0.8
SYN00389,83,Female,South,Provider Group A,Colorectal Cancer Screening,0,0,Not Eligible,2026-04-01,0,None,Not Needed,0,0.75
SYN00389,83,Female,South,Provider Group A,Controlling Blood Pressure,1,1,Compliant,2026-04-01,4,Phone,Reached,1,0.8
SYN00389,83,Female,South,Provider Group A,Diabetes Care,1,0,Open,2026-04-01,0,None,Not Attempted,0,0.78
SYN00392,65,Male,West,Provider Group E,Controlling Blood Pressure,1,1,Compliant,2026-04-01,0,None,Not Needed,0,0.8
SYN00392,65,Male,West,Provider Group E,Medication Adherence,1,1,Compliant,2026-04-01,0,None,Not Needed,0,0.85
SYN00412,71,Male,West,Provider Group A,Follow-Up After Hospitalization,0,0,Not Eligible,2026-04-01,0,None,Not Needed,0,0.75
SYN00421,71,Female,North,Provider Group C,Controlling Blood Pressure,1,0,Open,2026-04-01,3,Phone,Unable to Reach,0,0.8
SYN00421,71,Female,North,Provider Group C,Diabetes Care,0,0,Not Eligible,2026-04-01,0,None,Not Needed,0,0.78
SYN00421,71,Female,North,Provider Group C,Medication Adherence,1,1,Compliant,2026-04-01,0,None,Not Needed,0,0.85
SYN00423,82,Male,South,Provider Group D,Colorectal Cancer Screening,0,0,Not Eligible,2026-04-01,0,None,Not Needed,0,0.75
SYN00423,82,Male,South,Provider Group D,Medication Adherence,1,1,Compliant,2026-04-01,0,None,Not Needed,0,0.85
SYN00427,80,Female,East,Provider Group A,Breast Cancer Screening,0,0,Not Eligible,2026-04-01,0,None,Not Needed,0,0.8
SYN00427,80,Female,East,Provider Group A,Colorectal Cancer Screening,0,0,Not Eligible,2026-04-01,0,None,Not Needed,0,0.75
SYN00427,80,Female,East,Provider Group A,Controlling Blood Pressure,1,0,Open,2026-04-01,1,Phone,Reached,0,0.8
SYN00427,80,Female,East,Provider Group A,Diabetes Care,0,0,Not Eligible,2026-04-01,0,None,Not Needed,0,0.78
SYN00431,66,Female,North,Provider Group A,Breast Cancer Screening,1,1,Compliant,2026-04-01,0,None,Not Needed,0,0.8
SYN00431,66,Female,North,Provider Group A,Colorectal Cancer Screening,1,1,Compliant,2026-04-01,0,None,Not Needed,0,0.75
SYN00434,86,Female,East,Provider Group C,Controlling Blood Pressure,0,0,Not Eligible,2026-04-01,0,None,Not Needed,0,0.8
SYN00439,82,Female,West,Provider Group C,Colorectal Cancer Screening,0,0,Not Eligible,2026-04-01,0,None,Not Needed,0,0.75
SYN00439,82,Female,West,Provider Group C,Controlling Blood Pressure,0,0,Not Eligible,2026-04-01,0,None,Not Needed,0,0.8
SYN00439,82,Female,West,Provider Group C,Follow-Up After Hospitalization,1,0,Open,2026-04-01,1,SMS,Declined,0,0.75
SYN00449,74,Male,South,Provider Group D,Controlling Blood Pressure,1,1,Compliant,2026-04-01,0,None,Not Needed,0,0.8
SYN00456,66,Male,North,Provider Group B,Colorectal Cancer Screening,1,0,Open,2026-04-01,0,None,Not Attempted,0,0.75
SYN00456,66,Male,North,Provider Group B,Controlling Blood Pressure,1,1,Compliant,2026-04-01,3,Phone,Reached,1,0.8
SYN00456,66,Male,North,Provider Group B,Medication Adherence,1,1,Compliant,2026-04-01,0,None,Not Needed,0,0.85
SYN00458,68,Female,North,Provider Group A,Colorectal Cancer Screening,1,0,Open,2026-04-01,2,Phone,Reached,0,0.75
SYN00458,68,Female,North,Provider Group A,Controlling Blood Pressure,0,0,Not Eligible,2026-04-01,0,None,Not Needed,0,0.8
SYN00458,68,Female,North,Provider Group A,Diabetes Care,1,1,Compliant,2026-04-01,0,None,Not Needed,0,0.78
SYN00458,68,Female,North,Provider Group A,Medication Adherence,1,1,Compliant,2026-04-01,0,None,Not Needed,0,0.85
SYN00467,68,Female,West,Provider Group B,Breast Cancer Screening,1,1,Compliant,2026-04-01,0,None,Not Needed,0,0.8
SYN00467,68,Female,West,Provider Group B,Controlling Blood Pressure,1,1,Compliant,2026-04-01,0,None,Not Needed,0,0.8
SYN00469,75,Male,West,Provider Group A,Colorectal Cancer Screening,1,1,Compliant,2026-04-01,0,None,Not Needed,0,0.75
SYN00469,75,Male,West,Provider Group A,Controlling Blood Pressure,1,1,Compliant,2026-04-01,0,None,Not Needed,0,0.8
SYN00469,75,Male,West,Provider Group A,Diabetes Care,1,1,Compliant,2026-04-01,0,None,Not Needed,0,0.78
SYN00474,66,Female,West,Provider Group D,Breast Cancer Screening,0,0,Not Eligible,2026-04-01,0,None,Not Needed,0,0.8
SYN00474,66,Female,West,Provider Group D,Diabetes Care,1,1,Compliant,2026-04-01,1,Care Coordinator,Reached,1,0.78
SYN00474,66,Female,West,Provider Group D,Follow-Up After Hospitalization,1,0,Open,2026-04-01,1,Phone,Unable to Reach,0,0.75
SYN00479,85,Male,North,Provider Group A,Diabetes Care,0,0,Not Eligible,2026-04-01,0,None,Not Needed,0,0.78
SYN00479,85,Male,North,Provider Group A,Follow-Up After Hospitalization,0,0,Not Eligible,2026-04-01,0,None,Not Needed,0,0.75
SYN00479,85,Male,North,Provider Group A,Medication Adherence,1,1,Compliant,2026-04-01,0,None,Not Needed,0,0.85
SYN00496,71,Female,South,Provider Group E,Diabetes Care,1,1,Compliant,2026-04-01,0,None,Not Needed,0,0.78
SYN00502,75,Female,North,Provider Group D,Breast Cancer Screening,0,0,Not Eligible,2026-04-01,0,None,Not Needed,0,0.8
SYN00515,73,Female,South,Provider Group E,Controlling Blood Pressure,1,1,Compliant,2026-04-01,0,None,Not Needed,0,0.8
SYN00515,73,Female,South,Provider Group E,Diabetes Care,1,1,Compliant,2026-04-01,2,Care Coordinator,Reached,1,0.78
SYN00515,73,Female,South,Provider Group E,Medication Adherence,1,1,Compliant,2026-04-01,0,None,Not Needed,0,0.85
SYN00519,75,Female,South,Provider Group C,Breast Cancer Screening,0,0,Not Eligible,2026-04-01,0,None,Not Needed,0,0.8
SYN00519,75,Female,South,Provider Group C,Controlling Blood Pressure,1,0,Open,2026-04-01,1,SMS,Unable to Reach,0,0.8
SYN00521,74,Female,North,Provider Group E,Breast Cancer Screening,1,1,Compliant,2026-04-01,0,None,Not Needed,0,0.8
SYN00521,74,Female,North,Provider Group E,Colorectal Cancer Screening,1,1,Compliant,2026-04-01,0,None,Not Needed,0,0.75
SYN00523,78,Female,North,Provider Group A,Controlling Blood Pressure,1,1,Compliant,2026-04-01,0,None,Not Needed,0,0.8
SYN00523,78,Female,North,Provider Group A,Diabetes Care,1,0,Open,2026-04-01,0,None,Not Attempted,0,0.78
SYN00532,72,Male,North,Provider Group A,Follow-Up After Hospitalization,0,0,Not Eligible,2026-04-01,0,None,Not Needed,0,0.75
SYN00532,72,Male,North,Provider Group A,Medication Adherence,1,1,Compliant,2026-04-01,0,None,Not Needed,0,0.85
SYN00540,66,Female,South,Provider Group A,Breast Cancer Screening,1,1,Compliant,2026-04-01,0,None,Not Needed,0,0.8
SYN00540,66,Female,South,Provider Group A,Colorectal Cancer Screening,1,0,Open,2026-04-01,0,None,Not Attempted,0,0.75
SYN00540,66,Female,South,Provider Group A,Medication Adherence,1,1,Compliant,2026-04-01,0,None,Not Needed,0,0.85
SYN00542,69,Male,West,Provider Group D,Colorectal Cancer Screening,1,0,Open,2026-04-01,0,None,Not Attempted,0,0.75
SYN00542,69,Male,West,Provider Group D,Controlling Blood Pressure,1,0,Open,2026-04-01,1,Mail,Reached,0,0.8
SYN00550,68,Male,West,Provider Group A,Controlling Blood Pressure,1,0,Open,2026-04-01,0,None,Not Attempted,0,0.8
SYN00550,68,Male,West,Provider Group A,Follow-Up After Hospitalization,0,0,Not Eligible,2026-04-01,0,None,Not Needed,0,0.75
SYN00552,86,Male,North,Provider Group A,Diabetes Care,1,1,Compliant,2026-04-01,0,None,Not Needed,0,0.78
SYN00559,68,Male,West,Provider Group B,Colorectal Cancer Screening,1,0,Open,2026-04-01,0,None,Not Attempted,0,0.75
SYN00562,71,Male,North,Provider Group B,Colorectal Cancer Screening,1,1,Compliant,2026-04-01,0,None,Not Needed,0,0.75
SYN00562,71,Male,North,Provider Group B,Controlling Blood Pressure,1,1,Compliant,2026-04-01,0,None,Not Needed,0,0.8
SYN00562,71,Male,North,Provider Group B,Diabetes Care,1,1,Compliant,2026-04-01,0,None,Not Needed,0,0.78
SYN00566,75,Female,West,Provider Group D,Colorectal Cancer Screening,1,0,Open,2026-04-01,0,None,Not Attempted,0,0.75
SYN00566,75,Female,West,Provider Group D,Medication Adherence,1,1,Compliant,2026-04-01,0,None,Not Needed,0,0.85
SYN00571,80,Female,South,Provider Group C,Diabetes Care,1,0,Open,2026-04-01,3,Phone,Unable to Reach,0,0.78
SYN00576,75,Male,North,Provider Group C,Controlling Blood Pressure,1,1,Compliant,2026-04-01,0,None,Not Needed,0,0.8
SYN00576,75,Male,North,Provider Group C,Medication Adherence,1,1,Compliant,2026-04-01,0,None,Not Needed,0,0.85
SYN00581,68,Male,South,Provider Group A,Controlling Blood Pressure,0,0,Not Eligible,2026-04-01,0,None,Not Needed,0,0.8
SYN00581,68,Male,South,Provider Group A,Diabetes Care,0,0,Not Eligible,2026-04-01,0,None,Not Needed,0,0.78
SYN00596,66,Female,West,Provider Group B,Diabetes Care,1,0,Open,2026-04-01,0,None,Not Attempted,0,0.78
SYN00604,73,Female,East,Provider Group E,Colorectal Cancer Screening,1,1,Compliant,2026-04-01,0,None,Not Needed,0,0.75
SYN00604,73,Female,East,Provider Group E,Controlling Blood Pressure,0,0,Not Eligible,2026-04-01,0,None,Not Needed,0,0.8
SYN00604,73,Female,East,Provider Group E,Diabetes Care,0,0,Not Eligible,2026-04-01,0,None,Not Needed,0,0.78
SYN00604,73,Female,East,Provider Group E,Follow-Up After Hospitalization,1,1,Compliant,2026-04-01,0,None,Not Needed,0,0.75
SYN00604,73,Female,East,Provider Group E,Medication Adherence,1,1,Compliant,2026-04-01,0,None,Not Needed,0,0.85
SYN00618,81,Male,West,Provider Group D,Controlling Blood Pressure,1,1,Compliant,2026-04-01,0,None,Not Needed,0,0.8
SYN00618,81,Male,West,Provider Group D,Diabetes Care,1,1,Compliant,2026-04-01,0,None,Not Needed,0,0.78
SYN00626,75,Female,South,Provider Group B,Diabetes Care,1,1,Compliant,2026-04-01,0,None,Not Needed,0,0.78
SYN00638,89,Male,North,Provider Group C,Colorectal Cancer Screening,0,0,Not Eligible,2026-04-01,0,None,Not Needed,0,0.75
SYN00638,89,Male,North,Provider Group C,Diabetes Care,1,1,Compliant,2026-04-01,0,None,Not Needed,0,0.78
SYN00638,89,Male,North,Provider Group C,Follow-Up After Hospitalization,0,0,Not Eligible,2026-04-01,0,None,Not Needed,0,0.75
SYN00638,89,Male,North,Provider Group C,Medication Adherence,1,1,Compliant,2026-04-01,1,Phone,Reached,1,0.85
SYN00644,74,Male,West,Provider Group B,Breast Cancer Screening,0,0,Not Eligible,2026-04-01,0,None,Not Needed,0,0.8
SYN00644,74,Male,West,Provider Group B,Colorectal Cancer Screening,1,0,Open,2026-04-01,1,,Reached,0,0.75
SYN00659,66,Male,East,Provider Group B,Colorectal Cancer Screening,1,1,Compliant,2026-04-01,0,None,Not Needed,0,0.75
SYN00659,66,Male,East,Provider Group B,Diabetes Care,1,1,Compliant,2026-04-01,0,None,Not Needed,0,0.78
SYN00659,66,Male,East,Provider Group B,Medication Adherence,1,0,Open,2026-04-01,1,Phone,Reached,0,0.85
SYN00660,74,Male,East,Provider Group E,Diabetes Care,0,0,Not Eligible,2026-04-01,0,None,Not Needed,0,0.78
SYN00661,85,Male,North,Provider Group D,Colorectal Cancer Screening,0,0,Not Eligible,2026-04-01,0,None,Not Needed,0,0.75
SYN00661,85,Male,North,Provider Group D,Follow-Up After Hospitalization,1,1,Compliant,2026-04-01,0,None,Not Needed,0,0.75
SYN00661,85,Male,North,Provider Group D,Medication Adherence,1,0,Open,2026-04-01,1,Phone,Unable to Reach,0,0.85
SYN00673,69,Male,West,Provider Group A,Controlling Blood Pressure,1,1,Compliant,2026-04-01,0,None,Not Needed,0,0.8
SYN00673,69,Male,West,Provider Group A,Follow-Up After Hospitalization,1,1,Compliant,2026-04-01,0,None,Not Needed,0,0.75
SYN00673,69,Male,West,Provider Group A,Medication Adherence,1,1,Compliant,2026-04-01,3,Phone,Reached,1,0.85
SYN00675,71,Female,North,Provider Group B,Controlling Blood Pressure,1,1,Compliant,2026-04-01,0,None,Not Needed,0,0.8
SYN00675,71,Female,North,Provider Group B,Diabetes Care,1,1,Compliant,2026-04-01,0,None,Not Needed,0,0.78
SYN00675,71,Female,North,Provider Group B,Medication Adherence,1,0,Open,2026-04-01,0,None,Not Attempted,0,0.85
SYN00687,82,Female,West,Provider Group B,Diabetes Care,1,0,Open,2026-04-01,1,Phone,Unable to Reach,0,0.78
SYN00687,82,Female,West,Provider Group B,Medication Adherence,1,1,Compliant,2026-04-01,0,None,Not Needed,0,0.85
SYN00689,76,Female,North,Provider Group E,Colorectal Cancer Screening,0,0,Not Eligible,2026-04-01,0,None,Not Needed,0,0.75
SYN00689,76,Female,North,Provider Group E,Medication Adherence,0,0,Not Eligible,2026-04-01,0,None,Not Needed,0,0.85
SYN00690,75,Male,East,Provider Group A,Medication Adherence,1,1,Compliant,2026-04-01,0,None,Not Needed,0,0.85
SYN00702,80,Female,West,Provider Group A,Breast Cancer Screening,0,0,Not Eligible,2026-04-01,0,None,Not Needed,0,0.8
SYN00702,80,Female,West,Provider Group A,Colorectal Cancer Screening,0,0,Not Eligible,2026-04-01,0,None,Not Needed,0,0.75
SYN00702,80,Female,West,Provider Group A,Controlling Blood Pressure,1,1,Compliant,2026-04-01,0,None,Not Needed,0,0.8
SYN00712,65,Male,East,Provider Group B,Medication Adherence,1,1,Compliant,2026-04-01,0,None,Not Needed,0,0.85
SYN00726,68,Female,East,Provider Group C,Breast Cancer Screening,1,1,Compliant,2026-04-01,0,None,Not Needed,0,0.8
SYN00726,68,Female,East,Provider Group C,Colorectal Cancer Screening,1,1,Compliant,2026-04-01,1,SMS,Reached,1,0.75
SYN00726,68,Female,East,Provider Group C,Diabetes Care,1,1,Compliant,2026-04-01,0,None,Not Needed,0,0.78
SYN00729,78,Female,South,Provider Group B,Colorectal Cancer Screening,0,0,Not Eligible,2026-04-01,0,None,Not Needed,0,0.75
SYN00729,78,Female,South,Provider Group B,Controlling Blood Pressure,1,1,Compliant,2026-04-01,0,None,Not Needed,0,0.8
SYN00729,78,Female,South,Provider Group B,Follow-Up After Hospitalization,1,1,Compliant,2026-04-01,1,Mail,Reached,1,0.75
SYN00729,78,Female,South,Provider Group B,Medication Adherence,1,1,Compliant,2026-04-01,0,None,Not Needed,0,0.85
SYN00740,80,Female,South,Provider Group A,Colorectal Cancer Screening,0,0,Not Eligible,2026-04-01,0,None,Not Needed,0,0.75
SYN00740,80,Female,South,Provider Group A,Diabetes Care,1,1,Compliant,2026-04-01,0,None,Not Needed,0,0.78
SYN00740,80,Female,South,Provider Group A,Medication Adherence,1,1,Compliant,2026-04-01,0,None,Not Needed,0,0.85
SYN00743,82,Male,North,Provider Group C,Colorectal Cancer Screening,0,0,Not Eligible,2026-04-01,0,None,Not Needed,0,0.75
SYN00743,82,Male,North,Provider Group C,Controlling Blood Pressure,1,0,Open,2026-04-01,0,None,Not Attempted,0,0.8
SYN00743,82,Male,North,Provider Group C,Diabetes Care,1,1,Compliant,2026-04-01,0,None,Not Needed,0,0.78
SYN00743,82,Male,North,Provider Group C,Medication Adherence,1,1,Compliant,2026-04-01,0,None,Not Needed,0,0.85
SYN00744,65,Male,North,Provider Group D,Colorectal Cancer Screening,1,0,Open,2026-04-01,2,Phone,Reached,0,0.75
SYN00748,70,Female,South,Provider Group C,Breast Cancer Screening,1,1,Compliant,2026-04-01,0,None,Not Needed,0,0.8
SYN00748,70,Female,South,Provider Group C,Colorectal Cancer Screening,1,1,Compliant,2026-04-01,2,Care Coordinator,Reached,1,0.75
SYN00748,70,Female,South,Provider Group C,Diabetes Care,1,0,Open,2026-04-01,2,Phone,Unable to Reach,0,0.78
SYN00748,70,Female,South,Provider Group C,Medication Adherence,1,1,Compliant,2026-04-01,0,None,Not Needed,0,0.85
SYN00749,75,Female,North,Provider Group A,Breast Cancer Screening,0,0,Not Eligible,2026-04-01,0,None,Not Needed,0,0.8
SYN00749,75,Female,North,Provider Group A,Controlling Blood Pressure,1,1,Compliant,2026-04-01,0,None,Not Needed,0,0.8
SYN00749,75,Female,North,Provider Group A,Medication Adherence,1,1,Compliant,2026-04-01,0,None,Not Needed,0,0.85
SYN00755,86,Male,South,Provider Group A,Controlling Blood Pressure,1,1,Compliant,2026-04-01,0,None,Not Needed,0,0.8
SYN00755,86,Male,South,Provider Group A,Diabetes Care,1,1,Compliant,2026-04-01,0,None,Not Needed,0,0.78
SYN00755,86,Male,South,Provider Group A,Follow-Up After Hospitalization,1,0,Open,2026-04-01,1,SMS,Unable to Reach,0,0.75
SYN00768,65,Male,West,Provider Group A,Colorectal Cancer Screening,1,1,Compliant,2026-04-01,0,None,Not Needed,0,0.75
SYN00768,65,Male,West,Provider Group A,Controlling Blood Pressure,1,1,Compliant,2026-04-01,0,None,Not Needed,0,0.8
SYN00768,65,Male,West,Provider Group A,Follow-Up After Hospitalization,0,0,Not Eligible,2026-04-01,0,None,Not Needed,0,0.75
SYN00769,78,Female,South,Provider Group E,Controlling Blood Pressure,1,0,Open,2026-04-01,2,Phone,Unable to Reach,0,0.8
SYN00769,78,Female,South,Provider Group E,Diabetes Care,1,1,Compliant,2026-04-01,0,None,Not Needed,0,0.78
SYN00776,67,Female,South,Provider Group B,Controlling Blood Pressure,0,0,Not Eligible,2026-04-01,0,None,Not Needed,0,0.8
SYN00776,67,Female,South,Provider Group B,Diabetes Care,1,1,Compliant,2026-04-01,2,SMS,Reached,1,0.78
SYN00776,67,Female,South,Provider Group B,Medication Adherence,1,1,Compliant,2026-04-01,0,None,Not Needed,0,0.85
SYN00795,77,Male,East,Provider Group C,Follow-Up After Hospitalization,0,0,Not Eligible,2026-04-01,0,None,Not Needed,0,0.75
SYN00803,70,Female,South,Provider Group B,Diabetes Care,1,1,Compliant,2026-04-01,0,None,Not Needed,0,0.78
SYN00803,70,Female,South,Provider Group B,Medication Adherence,0,0,Not Eligible,2026-04-01,0,None,Not Needed,0,0.85
SYN00809,67,Male,South,Provider Group E,Colorectal Cancer Screening,1,1,Compliant,2026-04-01,0,None,Not Needed,0,0.75
SYN00809,67,Male,South,Provider Group E,Diabetes Care,1,0,Open,2026-04-01,0,None,Not Attempted,0,0.78
SYN00809,67,Male,South,Provider Group E,Medication Adherence,1,1,Compliant,2026-04-01,0,None,Not Needed,0,0.85
SYN00812,67,Male,North,Provider Group C,Controlling Blood Pressure,1,1,Compliant,2026-04-01,0,None,Not Needed,0,0.8
SYN00812,67,Male,North,Provider Group C,Diabetes Care,0,0,Not Eligible,2026-04-01,0,None,Not Needed,0,0.78
SYN00812,67,Male,North,Provider Group C,Follow-Up After Hospitalization,1,0,Open,2026-04-01,4,Phone,Reached,0,0.75
SYN00812,67,Male,North,Provider Group C,Medication Adherence,1,1,Compliant,2026-04-01,0,None,Not Needed,0,0.85
SYN00816,85,Female,East,Provider Group B,Breast Cancer Screening,0,0,Not Eligible,2026-04-01,0,None,Not Needed,0,0.8
SYN00817,70,Male,South,Provider Group C,Breast Cancer Screening,0,0,Not Eligible,2026-04-01,0,None,Not Needed,0,0.8
SYN00817,70,Male,South,Provider Group C,Controlling Blood Pressure,1,1,Compliant,2026-04-01,0,None,Not Needed,0,0.8
SYN00817,70,Male,South,Provider Group C,Diabetes Care,1,1,Compliant,2026-04-01,0,None,Not Needed,0,0.78
SYN00817,70,Male,South,Provider Group C,Medication Adherence,1,1,Compliant,2026-04-01,0,None,Not Needed,0,0.85
SYN00834,73,Female,East,Provider Group B,Colorectal Cancer Screening,1,1,Compliant,2026-04-01,0,None,Not Needed,0,0.75
SYN00834,73,Female,East,Provider Group B,Diabetes Care,0,0,Not Eligible,2026-04-01,0,None,Not Needed,0,0.78
SYN00835,74,Female,South,Provider Group A,Breast Cancer Screening,1,0,Open,2026-04-01,2,Phone,Reached,0,0.8
SYN00835,74,Female,South,Provider Group A,Colorectal Cancer Screening,1,1,Compliant,2026-04-01,0,None,Not Needed,0,0.75
SYN00835,74,Female,South,Provider Group A,Controlling Blood Pressure,1,1,Compliant,2026-04-01,0,None,Not Needed,0,0.8
SYN00835,74,Female,South,Provider Group A,Diabetes Care,1,1,Compliant,2026-04-01,0,None,Not Needed,0,0.78
SYN00835,74,Female,South,Provider Group A,Medication Adherence,1,1,Compliant,2026-04-01,0,None,Not Needed,0,0.85
SYN00862,66,Male,West,Provider Group A,Colorectal Cancer Screening,1,0,Open,2026-04-01,1,SMS,Reached,0,0.75
SYN00862,66,Male,West,Provider Group A,Controlling Blood Pressure,1,1,Compliant,2026-04-01,0,None,Not Needed,0,0.8
SYN00862,66,Male,West,Provider Group A,Medication Adherence,0,0,Not Eligible,2026-04-01,0,None,Not Needed,0,0.85
SYN00863,68,Male,West,Provider Group E,Follow-Up After Hospitalization,1,1,Compliant,2026-04-01,0,None,Not Needed,0,0.75
SYN00863,68,Male,West,Provider Group E,Medication Adherence,1,1,Compliant,2026-04-01,0,None,Not Needed,0,0.85
SYN00864,69,Female,North,Provider Group B,Breast Cancer Screening,1,1,Compliant,2026-04-01,0,None,Not Needed,0,0.8
SYN00864,69,Female,North,Provider Group B,Colorectal Cancer Screening,1,1,Compliant,2026-04-01,0,None,Not Needed,0,0.75
SYN00864,69,Female,North,Provider Group B,Controlling Blood Pressure,1,0,Open,2026-04-01,0,None,Not Attempted,0,0.8
SYN00864,69,Female,North,Provider Group B,Diabetes Care,1,0,Open,2026-04-01,1,Phone,Unable to Reach,0,0.78
SYN00864,69,Female,North,Provider Group B,Medication Adherence,1,1,Compliant,2026-04-01,0,None,Not Needed,0,0.85
SYN00866,69,Female,West,Provider Group E,Breast Cancer Screening,1,1,Compliant,2026-04-01,0,None,Not Needed,0,0.8
SYN00866,69,Female,West,Provider Group E,Colorectal Cancer Screening,1,0,Open,2026-04-01,1,SMS,Unable to Reach,0,0.75
SYN00866,69,Female,West,Provider Group E,Controlling Blood Pressure,1,1,Compliant,2026-04-01,0,None,Not Needed,0,0.8
SYN00866,69,Female,West,Provider Group E,Follow-Up After Hospitalization,1,0,Open,2026-04-01,2,SMS,Reached,0,0.75
SYN00866,69,Female,West,Provider Group E,Medication Adherence,1,1,Compliant,2026-04-01,0,None,Not Needed,0,0.85
SYN00871,73,Female,North,Provider Group D,Breast Cancer Screening,1,0,Open,2026-04-01,1,SMS,Reached,0,0.8
SYN00871,73,Female,North,Provider Group D,Controlling Blood Pressure,0,0,Not Eligible,2026-04-01,0,None,Not Needed,0,0.8
SYN00871,73,Female,North,Provider Group D,Medication Adherence,1,1,Compliant,2026-04-01,0,None,Not Needed,0,0.85
SYN00874,67,Male,South,Provider Group D,Breast Cancer Screening,0,0,Not Eligible,2026-04-01,0,None,Not Needed,0,0.8
SYN00874,67,Male,South,Provider Group D,Controlling Blood Pressure,0,0,Not Eligible,2026-04-01,0,None,Not Needed,0,0.8
SYN00874,67,Male,South,Provider Group D,Diabetes Care,1,1,Compliant,2026-04-01,0,None,Not Needed,0,0.78
SYN00878,89,Male,East,Provider Group B,Colorectal Cancer Screening,0,0,Not Eligible,2026-04-01,0,None,Not Needed,0,0.75
SYN00878,89,Male,East,Provider Group B,Controlling Blood Pressure,1,1,Compliant,2026-04-01,0,None,Not Needed,0,0.8
SYN00878,89,Male,East,Provider Group B,Diabetes Care,0,0,Not Eligible,2026-04-01,0,None,Not Needed,0,0.78
SYN00878,89,Male,East,Provider Group B,Medication Adherence,1,1,Compliant,2026-04-01,0,None,Not Needed,0,0.85
SYN00879,65,Male,North,Provider Group C,Controlling Blood Pressure,1,1,Compliant,2026-04-01,0,None,Not Needed,0,0.8
SYN00879,65,Male,North,Provider Group C,Diabetes Care,1,1,Compliant,2026-04-01,0,None,Not Needed,0,0.78
SYN00902,71,Male,North,Provider Group A,Colorectal Cancer Screening,1,1,Compliant,2026-04-01,0,None,Not Needed,0,0.75
SYN00902,71,Male,North,Provider Group A,Controlling Blood Pressure,1,0,Open,2026-04-01,3,Care Coordinator,Reached,0,0.8
SYN00902,71,Male,North,Provider Group A,Medication Adherence,1,1,Compliant,2026-04-01,0,None,Not Needed,0,0.85
SYN00912,72,Female,South,Provider Group B,Breast Cancer Screening,1,0,Open,2026-04-01,2,Phone,Unable to Reach,0,0.8
SYN00912,72,Female,South,Provider Group B,Colorectal Cancer Screening,1,1,Compliant,2026-04-01,0,None,Not Needed,0,0.75
SYN00912,72,Female,South,Provider Group B,Controlling Blood Pressure,1,0,Open,2026-04-01,1,SMS,Reached,0,0.8
SYN00912,72,Female,South,Provider Group B,Follow-Up After Hospitalization,0,0,Not Eligible,2026-04-01,0,None,Not Needed,0,0.75
SYN00919,68,Female,South,Provider Group D,Breast Cancer Screening,1,0,Open,2026-04-01,3,SMS,Unable to Reach,0,0.8
SYN00919,68,Female,South,Provider Group D,Controlling Blood Pressure,1,1,Compliant,2026-04-01,0,None,Not Needed,0,0.8
SYN00919,68,Female,South,Provider Group D,Diabetes Care,0,0,Not Eligible,2026-04-01,0,None,Not Needed,0,0.78
SYN00919,68,Female,South,Provider Group D,Follow-Up After Hospitalization,1,0,Open,2026-04-01,3,Phone,Unable to Reach,0,0.75
SYN00920,73,Female,West,Provider Group E,Breast Cancer Screening,1,1,Compliant,2026-04-01,0,None,Not Needed,0,0.8
SYN00920,73,Female,West,Provider Group E,Colorectal Cancer Screening,1,1,Compliant,2026-04-01,0,None,Not Needed,0,0.75
SYN00920,73,Female,West,Provider Group E,Controlling Blood Pressure,1,1,Compliant,2026-04-01,0,None,Not Needed,0,0.8
SYN00920,73,Female,West,Provider Group E,Diabetes Care,1,0,Open,2026-04-01,0,None,Not Attempted,0,0.78
SYN00927,85,Female,East,Provider Group D,Breast Cancer Screening,0,0,Not Eligible,2026-04-01,0,None,Not Needed,0,0.8
SYN00927,85,Female,East,Provider Group D,Colorectal Cancer Screening,0,0,Not Eligible,2026-04-01,0,None,Not Needed,0,0.75
SYN00927,85,Female,East,Provider Group D,Controlling Blood Pressure,1,0,Open,2026-04-01,2,SMS,Unable to Reach,0,0.8
SYN00927,85,Female,East,Provider Group D,Diabetes Care,1,0,Open,2026-04-01,3,SMS,Reached,0,0.78
SYN00927,85,Female,East,Provider Group D,Follow-Up After Hospitalization,0,0,Not Eligible,2026-04-01,0,None,Not Needed,0,0.75
SYN00948,68,Male,West,Provider Group A,Colorectal Cancer Screening,1,1,Compliant,2026-04-01,1,Mail,Reached,1,0.75
SYN00948,68,Male,West,Provider Group A,Controlling Blood Pressure,0,0,Not Eligible,2026-04-01,0,None,Not Needed,0,0.8
SYN00953,80,Female,North,Provider Group D,Colorectal Cancer Screening,0,0,Not Eligible,2026-04-01,0,None,Not Needed,0,0.75
SYN00953,80,Female,North,Provider Group D,Controlling Blood Pressure,1,1,Compliant,2026-04-01,0,None,Not Needed,0,0.8
SYN00953,80,Female,North,Provider Group D,Medication Adherence,1,1,Compliant,2026-04-01,0,None,Not Needed,0,0.85
SYN00959,67,Female,South,Provider Group C,Breast Cancer Screening,1,1,Compliant,2026-04-01,1,Mail,Reached,1,0.8
SYN00959,67,Female,South,Provider Group C,Colorectal Cancer Screening,1,0,Open,2026-04-01,2,Care Coordinator,Reached,0,0.75
SYN00962,71,Female,South,Provider Group D,Controlling Blood Pressure,1,1,Compliant,2026-04-01,2,Care Coordinator,Reached,1,0.8
SYN00962,71,Female,South,Provider Group D,Diabetes Care,1,1,Compliant,2026-04-01,2,Phone,Reached,1,0.78
SYN00962,71,Female,South,Provider Group D,Medication Adherence,1,1,Compliant,2026-04-01,0,None,Not Needed,0,0.85
SYN00966,67,Female,North,Provider Group A,Breast Cancer Screening,1,1,Compliant,2026-04-01,0,None,Not Needed,0,0.8
SYN00966,67,Female,North,Provider Group A,Controlling Blood Pressure,1,1,Compliant,2026-04-01,0,None,Not Needed,0,0.8
SYN00966,67,Female,North,Provider Group A,Follow-Up After Hospitalization,1,0,Open,2026-04-01,1,Phone,Unable to Reach,0,0.75
SYN00966,67,Female,North,Provider Group A,Medication Adherence,1,1,Compliant,2026-04-01,0,None,Not Needed,0,0.85
SYN00973,69,Female,East,Provider Group E,Breast Cancer Screening,1,1,Compliant,2026-04-01,1,SMS,Reached,1,0.8
SYN00973,69,Female,East,Provider Group E,Diabetes Care,1,1,Compliant,2026-04-01,0,None,Not Needed,0,0.78
SYN00973,69,Female,East,Provider Group E,Medication Adherence,1,0,Open,2026-04-01,2,Phone,Reached,0,0.85
SYN00978,66,Female,North,Provider Group B,Breast Cancer Screening,1,1,Compliant,2026-04-01,0,None,Not Needed,0,0.8
SYN00978,66,Female,North,Provider Group B,Colorectal Cancer Screening,1,0,Open,2026-04-01,0,None,Not Attempted,0,0.75
SYN00985,66,Female,West,Provider Group B,Breast Cancer Screening,1,1,Compliant,2026-04-01,0,None,Not Needed,0,0.8
SYN00997,76,Female,North,Provider Group C,Follow-Up After Hospitalization,1,0,Open,2026-04-01,1,Phone,Unable to Reach,0,0.75
SYN00999,83,Female,North,Provider Group D,Medication Adherence,1,1,Compliant,2026-04-01,0,None,Not Needed,0,0.85
SYN01000,81,Female,East,Provider Group A,Diabetes Care,1,0,Open,2026-04-01,0,None,Not Attempted,0,0.78
SYN01007,67,Male,West,Provider Group E,Colorectal Cancer Screening,1,0,Open,2026-04-01,2,SMS,Reached,0,0.75
SYN01007,67,Male,West,Provider Group E,Follow-Up After Hospitalization,1,0,Open,2026-04-01,4,SMS,Unable to Reach,0,0.75
SYN01012,82,Male,East,Provider Group B,Colorectal Cancer Screening,0,0,Not Eligible,2026-04-01,0,None,Not Needed,0,0.75
SYN01012,82,Male,East,Provider Group B,Follow-Up After Hospitalization,1,1,Compliant,2026-04-01,0,None,Not Needed,0,0.75
SYN01012,82,Male,East,Provider Group B,Medication Adherence,1,1,Compliant,2026-04-01,0,None,Not Needed,0,0.85
SYN01017,66,Female,South,Provider Group C,Breast Cancer Screening,1,0,Open,2026-04-01,0,None,Not Attempted,0,0.8
SYN01017,66,Female,South,Provider Group C,Colorectal Cancer Screening,1,0,Open,2026-04-01,1,SMS,Unable to Reach,0,0.75
SYN01017,66,Female,South,Provider Group C,Controlling Blood Pressure,0,0,Not Eligible,2026-04-01,0,None,Not Needed,0,0.8
SYN01017,66,Female,South,Provider Group C,Follow-Up After Hospitalization,0,0,Not Eligible,2026-04-01,0,None,Not Needed,0,0.75
SYN01022,75,Male,North,Provider Group C,Colorectal Cancer Screening,1,1,Compliant,2026-04-01,0,None,Not Needed,0,0.75
SYN01022,75,Male,North,Provider Group C,Controlling Blood Pressure,1,1,Compliant,2026-04-01,0,None,Not Needed,0,0.8
SYN01022,75,Male,North,Provider Group C,Diabetes Care,1,1,Compliant,2026-04-01,2,Mail,Reached,1,0.78
SYN01022,75,Male,North,Provider Group C,Medication Adherence,1,1,Compliant,2026-04-01,0,None,Not Needed,0,0.85
SYN01033,72,Female,South,Provider Group E,Controlling Blood Pressure,1,0,Open,2026-04-01,0,None,Not Attempted,0,0.8
SYN01033,72,Female,South,Provider Group E,Follow-Up After Hospitalization,1,1,Compliant,2026-04-01,2,Phone,Reached,1,0.75
SYN01034,68,Female,West,Provider Group A,Breast Cancer Screening,1,0,Open,2026-04-01,2,SMS,Unable to Reach,0,0.8
SYN01034,68,Female,West,Provider Group A,Colorectal Cancer Screening,1,1,Compliant,2026-04-01,2,Care Coordinator,Reached,1,0.75
SYN01034,68,Female,West,Provider Group A,Follow-Up After Hospitalization,0,0,Not Eligible,2026-04-01,0,None,Not Needed,0,0.75
SYN01034,68,Female,West,Provider Group A,Medication Adherence,1,1,Compliant,2026-04-01,0,None,Not Needed,0,0.85
SYN01035,77,Male,East,Provider Group E,Controlling Blood Pressure,1,1,Compliant,2026-04-01,0,None,Not Needed,0,0.8
SYN01035,77,Male,East,Provider Group E,Follow-Up After Hospitalization,1,0,Open,2026-04-01,3,Phone,Unable to Reach,0,0.75
SYN01035,77,Male,East,Provider Group E,Medication Adherence,1,1,Compliant,2026-04-01,0,None,Not Needed,0,0.85
SYN01036,72,Male,East,Provider Group A,Breast Cancer Screening,0,0,Not Eligible,2026-04-01,0,None,Not Needed,0,0.8
SYN01036,72,Male,East,Provider Group A,Follow-Up After Hospitalization,1,1,Compliant,2026-04-01,0,None,Not Needed,0,0.75
SYN01041,75,Female,West,Provider Group B,Breast Cancer Screening,0,0,Not Eligible,2026-04-01,0,None,Not Needed,0,0.8
SYN01041,75,Female,West,Provider Group B,Controlling Blood Pressure,1,1,Compliant,2026-04-01,0,None,Not Needed,0,0.8
SYN01041,75,Female,West,Provider Group B,Medication Adherence,0,0,Not Eligible,2026-04-01,0,None,Not Needed,0,0.85
SYN01044,86,Female,South,Provider Group B,Breast Cancer Screening,0,0,Not Eligible,2026-04-01,0,None,Not Needed,0,0.8
SYN01044,86,Female,South,Provider Group B,Colorectal Cancer Screening,0,0,Not Eligible,2026-04-01,0,None,Not Needed,0,0.75
SYN01044,86,Female,South,Provider Group B,Follow-Up After Hospitalization,1,1,Compliant,2026-04-01,0,None,Not Needed,0,0.75
SYN01058,84,Female,North,Provider Group A,Breast Cancer Screening,0,0,Not Eligible,2026-04-01,0,None,Not Needed,0,0.8
SYN01058,84,Female,North,Provider Group A,Controlling Blood Pressure,1,1,Compliant,2026-04-01,0,None,Not Needed,0,0.8
SYN01062,83,Female,South,Provider Group A,Colorectal Cancer Screening,0,0,Not Eligible,2026-04-01,0,None,Not Needed,0,0.75
SYN01062,83,Female,South,Provider Group A,Diabetes Care,1,0,Open,2026-04-01,1,SMS,Unable to Reach,0,0.78
SYN01064,74,Male,East,Provider Group D,Colorectal Cancer Screening,1,0,Open,2026-04-01,1,Phone,Reached,0,0.75
SYN01064,74,Male,East,Provider Group D,Diabetes Care,1,1,Compliant,2026-04-01,0,None,Not Needed,0,0.78
SYN01064,74,Male,East,Provider Group D,Follow-Up After Hospitalization,0,0,Not Eligible,2026-04-01,0,None,Not Needed,0,0.75
SYN01065,66,Female,South,Provider Group E,Colorectal Cancer Screening,1,0,Open,2026-04-01,4,Phone,Unable to Reach,0,0.75
SYN01065,66,Female,South,Provider Group E,Controlling Blood Pressure,1,0,Open,2026-04-01,1,Phone,Declined,0,0.8
SYN01065,66,Female,South,Provider Group E,Follow-Up After Hospitalization,1,0,Open,2026-04-01,1,Care Coordinator,Declined,0,0.75
SYN01065,66,Female,South,Provider Group E,Medication Adherence,1,1,Compliant,2026-04-01,0,None,Not Needed,0,0.85
SYN01067,65,Female,South,Provider Group A,Breast Cancer Screening,1,1,Compliant,2026-04-01,0,None,Not Needed,0,0.8
SYN01067,65,Female,South,Provider Group A,Controlling Blood Pressure,1,1,Compliant,2026-04-01,1,Phone,Reached,1,0.8
SYN01067,65,Female,South,Provider Group A,Diabetes Care,1,1,Compliant,2026-04-01,0,None,Not Needed,0,0.78
SYN01068,81,Female,East,Provider Group E,Breast Cancer Screening,0,0,Not Eligible,2026-04-01,0,None,Not Needed,0,0.8
SYN01068,81,Female,East,Provider Group E,Controlling Blood Pressure,1,0,Open,2026-04-01,1,Mail,Unable to Reach,0,0.8
SYN01068,81,Female,East,Provider Group E,Diabetes Care,1,1,Compliant,2026-04-01,0,None,Not Needed,0,0.78
SYN01068,81,Female,East,Provider Group E,Follow-Up After Hospitalization,1,0,Open,2026-04-01,1,SMS,Unable to Reach,0,0.75
SYN01068,81,Female,East,Provider Group E,Medication Adherence,1,1,Compliant,2026-04-01,0,None,Not Needed,0,0.85
SYN01083,66,Male,West,Provider Group D,Follow-Up After Hospitalization,1,0,Open,2026-04-01,1,SMS,Declined,0,0.75
SYN01103,77,Female,South,Provider Group B,Controlling Blood Pressure,1,0,Open,2026-04-01,1,Care Coordinator,Reached,0,0.8
SYN01116,77,Male,West,Provider Group A,Breast Cancer Screening,0,0,Not Eligible,2026-04-01,0,None,Not Needed,0,0.8
SYN01116,77,Male,West,Provider Group A,Colorectal Cancer Screening,0,0,Not Eligible,2026-04-01,0,None,Not Needed,0,0.75
SYN01122,65,Female,West,Provider Group B,Colorectal Cancer Screening,1,1,Compliant,2026-04-01,0,None,Not Needed,0,0.75
SYN01122,65,Female,West,Provider Group B,Controlling Blood Pressure,1,1,Compliant,2026-04-01,0,None,Not Needed,0,0.8
SYN01122,65,Female,West,Provider Group B,Diabetes Care,1,1,Compliant,2026-04-01,0,None,Not Needed,0,0.78
SYN01122,65,Female,West,Provider Group B,Medication Adherence,1,1,Compliant,2026-04-01,0,None,Not Needed,0,0.85
SYN01124,80,Female,South,Provider Group C,Breast Cancer Screening,0,0,Not Eligible,2026-04-01,0,None,Not Needed,0,0.8
SYN01124,80,Female,South,Provider Group C,Controlling Blood Pressure,1,0,Open,2026-04-01,1,Phone,Unable to Reach,0,0.8
SYN01129,73,Male,East,Provider Group A,Follow-Up After Hospitalization,0,0,Not Eligible,2026-04-01,0,None,Not Needed,0,0.75
SYN01129,73,Male,East,Provider Group A,Medication Adherence,1,1,Compliant,2026-04-01,0,None,Not Needed,0,0.85
SYN01133,66,Female,East,Provider Group D,Breast Cancer Screening,1,1,Compliant,2026-04-01,0,None,Not Needed,0,0.8
SYN01133,66,Female,East,Provider Group D,Diabetes Care,1,1,Compliant,2026-04-01,0,None,Not Needed,0,0.78
SYN01134,71,Female,West,Provider Group A,Diabetes Care,1,0,Open,2026-04-01,2,SMS,Reached,0,0.78
SYN01134,71,Female,West,Provider Group A,Follow-Up After Hospitalization,1,0,Open,2026-04-01,0,None,Not Attempted,0,0.75
SYN01134,71,Female,West,Provider Group A,Medication Adherence,1,1,Compliant,2026-04-01,0,None,Not Needed,0,0.85
SYN01137,73,Male,South,Provider Group C,Controlling Blood Pressure,1,0,Open,2026-04-01,1,SMS,Unable to Reach,0,0.8
SYN01137,73,Male,South,Provider Group C,Diabetes Care,1,0,Open,2026-04-01,4,Phone,Declined,0,0.78
SYN01145,89,Female,North,Provider Group A,Breast Cancer Screening,0,0,Not Eligible,2026-04-01,0,None,Not Needed,0,0.8
SYN01145,89,Female,North,Provider Group A,Controlling Blood Pressure,1,1,Compliant,2026-04-01,0,None,Not Needed,0,0.8
SYN01145,89,Female,North,Provider Group A,Diabetes Care,0,0,Not Eligible,2026-04-01,0,None,Not Needed,0,0.78
SYN01145,89,Female,North,Provider Group A,Medication Adherence,1,1,Compliant,2026-04-01,0,None,Not Needed,0,0.85
SYN01152,80,Female,West,Provider Group D,Breast Cancer Screening,0,0,Not Eligible,2026-04-01,0,None,Not Needed,0,0.8
SYN01152,80,Female,West,Provider Group D,Colorectal Cancer Screening,0,0,Not Eligible,2026-04-01,0,None,Not Needed,0,0.75
SYN01152,80,Female,West,Provider Group D,Controlling Blood Pressure,1,1,Compliant,2026-04-01,0,None,Not Needed,0,0.8
SYN01152,80,Female,West,Provider Group D,Diabetes Care,1,1,Compliant,2026-04-01,0,None,Not Needed,0,0.78
SYN01152,80,Female,West,Provider Group D,Medication Adherence,1,1,Compliant,2026-04-01,0,None,Not Needed,0,0.85
SYN01157,72,Female,North,Provider Group A,Breast Cancer Screening,1,1,Compliant,2026-04-01,0,None,Not Needed,0,0.8
SYN01157,72,Female,North,Provider Group A,Colorectal Cancer Screening,1,1,Compliant,2026-04-01,0,None,Not Needed,0,0.75
SYN01157,72,Female,North,Provider Group A,Controlling Blood Pressure,1,1,Compliant,2026-04-01,0,None,Not Needed,0,0.8
SYN01157,72,Female,North,Provider Group A,Medication Adherence,1,1,Compliant,2026-04-01,0,None,Not Needed,0,0.85
SYN01159,70,Male,South,Provider Group A,Controlling Blood Pressure,1,0,Open,2026-04-01,3,Mail,Unable to Reach,0,0.8
SYN01159,70,Male,South,Provider Group A,Diabetes Care,1,1,Compliant,2026-04-01,1,Phone,Reached,1,0.78
SYN01159,70,Male,South,Provider Group A,Medication Adherence,0,0,Not Eligible,2026-04-01,0,None,Not Needed,0,0.85
SYN01164,68,Female,South,Provider Group D,Breast Cancer Screening,1,0,Open,2026-04-01,1,Phone,Declined,0,0.8
SYN01164,68,Female,South,Provider Group D,Medication Adherence,1,1,Compliant,2026-04-01,0,None,Not Needed,0,0.85
SYN01168,73,Female,West,Provider Group D,Follow-Up After Hospitalization,0,0,Not Eligible,2026-04-01,0,None,Not Needed,0,0.75
SYN01175,71,Female,East,Provider Group B,Colorectal Cancer Screening,0,0,Not Eligible,2026-04-01,0,None,Not Needed,0,0.75
SYN01175,71,Female,East,Provider Group B,Controlling Blood Pressure,0,0,Not Eligible,2026-04-01,0,None,Not Needed,0,0.8
SYN01175,71,Female,East,Provider Group B,Medication Adherence,1,1,Compliant,2026-04-01,0,None,Not Needed,0,0.85
SYN01176,88,Female,South,Provider Group B,Breast Cancer Screening,0,0,Not Eligible,2026-04-01,0,None,Not Needed,0,0.8
SYN01176,88,Female,South,Provider Group B,Colorectal Cancer Screening,0,0,Not Eligible,2026-04-01,0,None,Not Needed,0,0.75
SYN01176,88,Female,South,Provider Group B,Medication Adherence,1,1,Compliant,2026-04-01,0,None,Not Needed,0,0.85
SYN01187,80,Female,East,Provider Group C,Diabetes Care,0,0,Not Eligible,2026-04-01,0,None,Not Needed,0,0.78
SYN01192,75,Male,West,Provider Group B,Colorectal Cancer Screening,1,1,Compliant,2026-04-01,1,Care Coordinator,Reached,1,0.75
SYN01192,75,Male,West,Provider Group B,Controlling Blood Pressure,1,1,Compliant,2026-04-01,0,None,Not Needed,0,0.8
SYN01192,75,Male,West,Provider Group B,Medication Adherence,1,1,Compliant,2026-04-01,0,None,Not Needed,0,0.85
SYN01198,83,Male,North,Provider Group D,Follow-Up After Hospitalization,1,0,Open,2026-04-01,1,Mail,Unable to Reach,0,0.75
SYN01206,65,Female,South,Provider Group A,Colorectal Cancer Screening,1,0,Open,2026-04-01,0,None,Not Attempted,0,0.75
SYN01212,67,Male,North,Provider Group A,Colorectal Cancer Screening,1,1,Compliant,2026-04-01,0,None,Not Needed,0,0.75
SYN01212,67,Male,North,Provider Group A,Medication Adherence,1,1,Compliant,2026-04-01,0,None,Not Needed,0,0.85
SYN01218,75,Female,North,Provider Group B,Breast Cancer Screening,0,0,Not Eligible,2026-04-01,0,None,Not Needed,0,0.8
SYN01218,75,Female,North,Provider Group B,Controlling Blood Pressure,1,0,Open,2026-04-01,0,None,Not Attempted,0,0.8
SYN01221,76,Female,South,Provider Group C,Breast Cancer Screening,0,0,Not Eligible,2026-04-01,0,None,Not Needed,0,0.8
SYN01221,76,Female,South,Provider Group C,Colorectal Cancer Screening,0,0,Not Eligible,2026-04-01,0,None,Not Needed,0,0.75
SYN01221,76,Female,South,Provider Group C,Diabetes Care,1,1,Compliant,2026-04-01,0,None,Not Needed,0,0.78
SYN01227,89,Female,North,Provider Group D,Diabetes Care,1,1,Compliant,2026-04-01,0,None,Not Needed,0,0.78
SYN01227,89,Female,North,Provider Group D,Follow-Up After Hospitalization,1,1,Compliant,2026-04-01,0,None,Not Needed,0,0.75
SYN01227,89,Female,North,Provider Group D,Medication Adherence,1,0,Open,2026-04-01,1,Care Coordinator,Reached,0,0.85
SYN01228,68,Male,West,Provider Group B,Controlling Blood Pressure,1,0,Open,2026-04-01,0,None,Not Attempted,0,0.8
SYN01228,68,Male,West,Provider Group B,Medication Adherence,1,1,Compliant,2026-04-01,0,None,Not Needed,0,0.85
SYN01232,68,Male,West,Provider Group C,Diabetes Care,0,0,Not Eligible,2026-04-01,0,None,Not Needed,0,0.78
SYN01232,68,Male,West,Provider Group C,Follow-Up After Hospitalization,1,0,Open,2026-04-01,1,Phone,Reached,0,0.75
SYN01232,68,Male,West,Provider Group C,Medication Adherence,1,0,Open,2026-04-01,1,Phone,Reached,0,0.85
SYN01235,75,Female,West,Provider Group A,Breast Cancer Screening,0,0,Not Eligible,2026-04-01,0,None,Not Needed,0,0.8
SYN01235,75,Female,West,Provider Group A,Follow-Up After Hospitalization,0,0,Not Eligible,2026-04-01,0,None,Not Needed,0,0.75
SYN01240,65,Male,East,Provider Group A,Colorectal Cancer Screening,1,0,Open,2026-04-01,1,SMS,Reached,0,0.75
SYN01240,65,Male,East,Provider Group A,Diabetes Care,0,0,Not Eligible,2026-04-01,0,None,Not Needed,0,0.78
SYN01240,65,Male,East,Provider Group A,Medication Adherence,1,1,Compliant,2026-04-01,0,None,Not Needed,0,0.85
SYN01244,75,Female,North,Provider Group A,Breast Cancer Screening,0,0,Not Eligible,2026-04-01,0,None,Not Needed,0,0.8
SYN01244,75,Female,North,Provider Group A,Controlling Blood Pressure,1,1,Compliant,2026-04-01,0,None,Not Needed,0,0.8
SYN01244,75,Female,North,Provider Group A,Medication Adherence,1,1,Compliant,2026-04-01,0,None,Not Needed,0,0.85
SYN01247,84,Female,North,Provider Group A,Colorectal Cancer Screening,0,0,Not Eligible,2026-04-01,0,None,Not Needed,0,0.75
SYN01247,84,Female,North,Provider Group A,Controlling Blood Pressure,1,1,Compliant,2026-04-01,0,None,Not Needed,0,0.8
SYN01247,84,Female,North,Provider Group A,Diabetes Care,1,1,Compliant,2026-04-01,0,None,Not Needed,0,0.78
SYN01249,89,Female,North,Provider Group C,Breast Cancer Screening,0,0,Not Eligible,2026-04-01,0,None,Not Needed,0,0.8
SYN01249,89,Female,North,Provider Group C,Colorectal Cancer Screening,0,0,Not Eligible,2026-04-01,0,None,Not Needed,0,0.75
SYN01249,89,Female,North,Provider Group C,Controlling Blood Pressure,1,1,Compliant,2026-04-01,0,None,Not Needed,0,0.8
SYN01249,89,Female,North,Provider Group C,Follow-Up After Hospitalization,1,0,Open,2026-04-01,1,Mail,Unable to Reach,0,0.75
SYN01258,82,Female,South,Provider Group E,Breast Cancer Screening,0,0,Not Eligible,2026-04-01,0,None,Not Needed,0,0.8
SYN01258,82,Female,South,Provider Group E,Colorectal Cancer Screening,0,0,Not Eligible,2026-04-01,0,None,Not Needed,0,0.75
SYN01258,82,Female,South,Provider Group E,Controlling Blood Pressure,1,1,Compliant,2026-04-01,0,None,Not Needed,0,0.8
SYN01258,82,Female,South,Provider Group E,Medication Adherence,1,1,Compliant,2026-04-01,0,None,Not Needed,0,0.85
SYN01275,88,Female,West,Provider Group A,Controlling Blood Pressure,1,1,Compliant,2026-04-01,0,None,Not Needed,0,0.8
SYN01275,88,Female,West,Provider Group A,Follow-Up After Hospitalization,0,0,Not Eligible,2026-04-01,0,None,Not Needed,0,0.75
SYN01287,65,Female,West,Provider Group D,Colorectal Cancer Screening,1,1,Compliant,2026-04-01,0,None,Not Needed,0,0.75
SYN01287,65,Female,West,Provider Group D,Controlling Blood Pressure,1,1,Compliant,2026-04-01,0,None,Not Needed,0,0.8
SYN01287,65,Female,West,Provider Group D,Diabetes Care,1,1,Compliant,2026-04-01,0,None,Not Needed,0,0.78
SYN01287,65,Female,West,Provider Group D,Follow-Up After Hospitalization,1,1,Compliant,2026-04-01,0,None,Not Needed,0,0.75
SYN01298,67,Female,West,Provider Group D,Breast Cancer Screening,1,1,Compliant,2026-04-01,2,Care Coordinator,Reached,1,0.8
SYN01298,67,Female,West,Provider Group D,Controlling Blood Pressure,1,1,Compliant,2026-04-01,0,None,Not Needed,0,0.8
SYN01298,67,Female,West,Provider Group D,Medication Adherence,1,1,Compliant,2026-04-01,0,None,Not Needed,0,0.85
SYN01303,88,Male,East,Provider Group B,Medication Adherence,1,1,Compliant,2026-04-01,0,None,Not Needed,0,0.85
SYN01312,66,Female,East,Provider Group B,Breast Cancer Screening,1,1,Compliant,2026-04-01,0,None,Not Needed,0,0.8
SYN01312,66,Female,East,Provider Group B,Diabetes Care,1,1,Compliant,2026-04-01,0,None,Not Needed,0,0.78
SYN01312,66,Female,East,Provider Group B,Follow-Up After Hospitalization,1,1,Compliant,2026-04-01,0,None,Not Needed,0,0.75
SYN01316,84,Female,North,Provider Group D,Breast Cancer Screening,0,0,Not Eligible,2026-04-01,0,None,Not Needed,0,0.8
SYN01316,84,Female,North,Provider Group D,Follow-Up After Hospitalization,1,0,Open,2026-04-01,3,Mail,Unable to Reach,0,0.75
SYN01316,84,Female,North,Provider Group D,Medication Adherence,1,1,Compliant,2026-04-01,0,None,Not Needed,0,0.85
SYN01321,69,Female,North,Provider Group C,Controlling Blood Pressure,1,1,Compliant,2026-04-01,1,Phone,Reached,1,0.8
SYN01321,69,Female,North,Provider Group C,Diabetes Care,1,1,Compliant,2026-04-01,0,None,Not Needed,0,0.78
SYN01329,70,Male,North,Provider Group B,Controlling Blood Pressure,1,1,Compliant,2026-04-01,0,None,Not Needed,0,0.8
SYN01329,70,Male,North,Provider Group B,Diabetes Care,0,0,Not Eligible,2026-04-01,0,None,Not Needed,0,0.78
SYN01329,70,Male,North,Provider Group B,Follow-Up After Hospitalization,1,0,Open,2026-04-01,0,None,Not Attempted,0,0.75
SYN01330,75,Male,North,Provider Group E,Controlling Blood Pressure,0,0,Not Eligible,2026-04-01,0,None,Not Needed,0,0.8
SYN01330,75,Male,North,Provider Group E,Diabetes Care,0,0,Not Eligible,2026-04-01,0,None,Not Needed,0,0.78
SYN01330,75,Male,North,Provider Group E,Follow-Up After Hospitalization,1,1,Compliant,2026-04-01,0,None,Not Needed,0,0.75
SYN01330,75,Male,North,Provider Group E,Medication Adherence,1,1,Compliant,2026-04-01,0,None,Not Needed,0,0.85
SYN01340,66,Male,North,Provider Group A,Diabetes Care,1,1,Compliant,2026-04-01,0,None,Not Needed,0,0.78
SYN01340,66,Male,North,Provider Group A,Medication Adherence,1,1,Compliant,2026-04-01,0,None,Not Needed,0,0.85
SYN01350,80,Female,North,Provider Group E,Colorectal Cancer Screening,0,0,Not Eligible,2026-04-01,0,None,Not Needed,0,0.75
SYN01353,65,Male,East,Provider Group C,Follow-Up After Hospitalization,1,1,Compliant,2026-04-01,0,None,Not Needed,0,0.75
SYN01353,65,Male,East,Provider Group C,Medication Adherence,1,0,Open,2026-04-01,1,Mail,Declined,0,0.85
SYN01355,88,Male,North,Provider Group B,Colorectal Cancer Screening,0,0,Not Eligible,2026-04-01,0,None,Not Needed,0,0.75
SYN01355,88,Male,North,Provider Group B,Medication Adherence,0,0,Not Eligible,2026-04-01,0,None,Not Needed,0,0.85
SYN01358,86,Male,West,Provider Group A,Diabetes Care,0,0,Not Eligible,2026-04-01,0,None,Not Needed,0,0.78
SYN01358,86,Male,West,Provider Group A,Medication Adherence,0,0,Not Eligible,2026-04-01,0,None,Not Needed,0,0.85
SYN01359,65,Male,South,Provider Group A,Colorectal Cancer Screening,0,0,Not Eligible,2026-04-01,0,None,Not Needed,0,0.75
SYN01359,65,Male,South,Provider Group A,Controlling Blood Pressure,0,0,Not Eligible,2026-04-01,0,None,Not Needed,0,0.8
SYN01359,65,Male,South,Provider Group A,Follow-Up After Hospitalization,1,0,Open,2026-04-01,1,Mail,Unable to Reach,0,0.75
SYN01365,67,Male,North,Provider Group B,Breast Cancer Screening,0,0,Not Eligible,2026-04-01,0,None,Not Needed,0,0.8
SYN01365,67,Male,North,Provider Group B,Diabetes Care,1,1,Compliant,2026-04-01,0,None,Not Needed,0,0.78
SYN01378,69,Female,North,Provider Group A,Breast Cancer Screening,1,1,Compliant,2026-04-01,0,None,Not Needed,0,0.8
SYN01378,69,Female,North,Provider Group A,Colorectal Cancer Screening,1,1,Compliant,2026-04-01,0,None,Not Needed,0,0.75
SYN01378,69,Female,North,Provider Group A,Controlling Blood Pressure,1,1,Compliant,2026-04-01,0,None,Not Needed,0,0.8
SYN01378,69,Female,North,Provider Group A,Follow-Up After Hospitalization,1,1,Compliant,2026-04-01,3,Phone,Reached,1,0.75
SYN01386,72,Female,North,Provider Group C,Breast Cancer Screening,0,0,Not Eligible,2026-04-01,0,None,Not Needed,0,0.8
SYN01386,72,Female,North,Provider Group C,Controlling Blood Pressure,1,1,Compliant,2026-04-01,0,None,Not Needed,0,0.8
SYN01386,72,Female,North,Provider Group C,Diabetes Care,1,1,Compliant,2026-04-01,0,None,Not Needed,0,0.78
SYN01386,72,Female,North,Provider Group C,Medication Adherence,1,1,Compliant,2026-04-01,0,None,Not Needed,0,0.85
SYN01397,84,Male,South,Provider Group C,Colorectal Cancer Screening,0,0,Not Eligible,2026-04-01,0,None,Not Needed,0,0.75
SYN01397,84,Male,South,Provider Group C,Controlling Blood Pressure,1,1,Compliant,2026-04-01,0,None,Not Needed,0,0.8
SYN01399,85,Female,East,Provider Group A,Breast Cancer Screening,0,0,Not Eligible,2026-04-01,0,None,Not Needed,0,0.8
SYN01399,85,Female,East,Provider Group A,Controlling Blood Pressure,1,1,Compliant,2026-04-01,0,None,Not Needed,0,0.8
SYN01406,70,Male,East,Provider Group A,Controlling Blood Pressure,1,1,Compliant,2026-04-01,0,None,Not Needed,0,0.8
SYN01421,77,Male,East,Provider Group D,Breast Cancer Screening,0,0,Not Eligible,2026-04-01,0,None,Not Needed,0,0.8
SYN01421,77,Male,East,Provider Group D,Controlling Blood Pressure,1,1,Compliant,2026-04-01,0,None,Not Needed,0,0.8
SYN01421,77,Male,East,Provider Group D,Follow-Up After Hospitalization,1,1,Compliant,2026-04-01,0,None,Not Needed,0,0.75
SYN01432,70,Male,West,Provider Group E,Controlling Blood Pressure,1,1,Compliant,2026-04-01,0,None,Not Needed,0,0.8
SYN01432,70,Male,West,Provider Group E,Medication Adherence,1,0,Open,2026-04-01,2,SMS,Reached,0,0.85
SYN01433,80,Male,West,Provider Group C,Breast Cancer Screening,0,0,Not Eligible,2026-04-01,0,None,Not Needed,0,0.8
SYN01433,80,Male,West,Provider Group C,Colorectal Cancer Screening,0,0,Not Eligible,2026-04-01,0,None,Not Needed,0,0.75
SYN01433,80,Male,West,Provider Group C,Controlling Blood Pressure,1,0,Open,2026-04-01,0,None,Not Attempted,0,0.8
SYN01433,80,Male,West,Provider Group C,Diabetes Care,1,1,Compliant,2026-04-01,0,None,Not Needed,0,0.78
SYN01439,71,Female,East,Provider Group D,Breast Cancer Screening,1,1,Compliant,2026-04-01,0,None,Not Needed,0,0.8
SYN01439,71,Female,East,Provider Group D,Colorectal Cancer Screening,1,1,Compliant,2026-04-01,0,None,Not Needed,0,0.75
SYN01439,71,Female,East,Provider Group D,Controlling Blood Pressure,1,1,Compliant,2026-04-01,0,None,Not Needed,0,0.8
SYN01439,71,Female,East,Provider Group D,Follow-Up After Hospitalization,0,0,Not Eligible,2026-04-01,0,None,Not Needed,0,0.75
SYN01441,88,Female,North,Provider Group D,Colorectal Cancer Screening,0,0,Not Eligible,2026-04-01,0,None,Not Needed,0,0.75
SYN01441,88,Female,North,Provider Group D,Controlling Blood Pressure,1,1,Compliant,2026-04-01,0,None,Not Needed,0,0.8
SYN01441,88,Female,North,Provider Group D,Diabetes Care,0,0,Not Eligible,2026-04-01,0,None,Not Needed,0,0.78
SYN01441,88,Female,North,Provider Group D,Follow-Up After Hospitalization,1,1,Compliant,2026-04-01,4,Care Coordinator,Reached,1,0.75
SYN01441,88,Female,North,Provider Group D,Medication Adherence,1,1,Compliant,2026-04-01,0,None,Not Needed,0,0.85
SYN01453,77,Male,South,Provider Group C,Colorectal Cancer Screening,0,0,Not Eligible,2026-04-01,0,None,Not Needed,0,0.75
SYN01453,77,Male,South,Provider Group C,Follow-Up After Hospitalization,1,1,Compliant,2026-04-01,2,SMS,Reached,1,0.75
SYN01453,77,Male,South,Provider Group C,Medication Adherence,1,1,Compliant,2026-04-01,0,None,Not Needed,0,0.85
SYN01469,69,Female,West,Provider Group E,Breast Cancer Screening,1,0,Open,2026-04-01,2,Mail,Unable to Reach,0,0.8
SYN01469,69,Female,West,Provider Group E,Colorectal Cancer Screening,1,1,Compliant,2026-04-01,0,None,Not Needed,0,0.75
SYN01469,69,Female,West,Provider Group E,Diabetes Care,1,1,Compliant,2026-04-01,0,None,Not Needed,0,0.78
SYN01469,69,Female,West,Provider Group E,Follow-Up After Hospitalization,1,0,Open,2026-04-01,3,Mail,Unable to Reach,0,0.75
SYN01474,66,Male,North,Provider Group B,Controlling Blood Pressure,1,0,Open,2026-04-01,2,SMS,Reached,0,0.8
SYN01474,66,Male,North,Provider Group B,Diabetes Care,0,0,Not Eligible,2026-04-01,0,None,Not Needed,0,0.78
SYN01474,66,Male,North,Provider Group B,Medication Adherence,0,0,Not Eligible,2026-04-01,0,None,Not Needed,0,0.85
SYN01479,71,Female,South,Provider Group C,Controlling Blood Pressure,0,0,Not Eligible,2026-04-01,0,None,Not Needed,0,0.8
SYN01479,71,Female,South,Provider Group C,Diabetes Care,1,1,Compliant,2026-04-01,0,None,Not Needed,0,0.78
SYN01479,71,Female,South,Provider Group C,Follow-Up After Hospitalization,0,0,Not Eligible,2026-04-01,0,None,Not Needed,0,0.75
SYN01483,74,Male,North,Provider Group B,Colorectal Cancer Screening,1,1,Compliant,2026-04-01,0,None,Not Needed,0,0.75
SYN01483,74,Male,North,Provider Group B,Medication Adherence,1,1,Compliant,2026-04-01,0,None,Not Needed,0,0.85
SYN01485,84,Male,West,Provider Group B,Controlling Blood Pressure,1,1,Compliant,2026-04-01,0,None,Not Needed,0,0.8
SYN01485,84,Male,West,Provider Group B,Follow-Up After Hospitalization,1,1,Compliant,2026-04-01,0,None,Not Needed,0,0.75
SYN01486,75,Female,North,Provider Group C,Breast Cancer Screening,0,0,Not Eligible,2026-04-01,0,None,Not Needed,0,0.8
SYN01486,75,Female,North,Provider Group C,Diabetes Care,1,1,Compliant,2026-04-01,0,None,Not Needed,0,0.78
SYN01486,75,Female,North,Provider Group C,Follow-Up After Hospitalization,1,0,Open,2026-04-01,1,SMS,Reached,0,0.75
SYN01486,75,Female,North,Provider Group C,Medication Adherence,0,0,Not Eligible,2026-04-01,0,None,Not Needed,0,0.85
SYN01487,74,Male,West,Provider Group B,Colorectal Cancer Screening,1,0,Open,2026-04-01,0,None,Not Attempted,0,0.75
SYN01487,74,Male,West,Provider Group B,Diabetes Care,1,1,Compliant,2026-04-01,0,None,Not Needed,0,0.78
SYN01487,74,Male,West,Provider Group B,Medication Adherence,1,1,Compliant,2026-04-01,0,None,Not Needed,0,0.85
SYN01492,66,Female,West,Provider Group A,Diabetes Care,0,0,Not Eligible,2026-04-01,0,None,Not Needed,0,0.78
SYN01494,65,Male,South,Provider Group B,Medication Adherence,1,0,Open,2026-04-01,3,Phone,Unable to Reach,0,0.85
SYN01500,74,Female,South,Provider Group A,Breast Cancer Screening,1,1,Compliant,2026-04-01,0,None,Not Needed,0,0.8
SYN01500,74,Female,South,Provider Group A,Colorectal Cancer Screening,1,0,Open,2026-04-01,2,SMS,Unable to Reach,0,0.75
SYN01500,74,Female,South,Provider Group A,Diabetes Care,1,0,Open,2026-04-01,0,None,Not Attempted,0,0.78
SYN01504,86,Male,South,Provider Group A,Colorectal Cancer Screening,0,0,Not Eligible,2026-04-01,0,None,Not Needed,0,0.75
SYN01510,73,Male,West,Provider Group A,Controlling Blood Pressure,1,1,Compliant,2026-04-01,0,None,Not Needed,0,0.8
SYN01511,83,Female,North,Provider Group A,Breast Cancer Screening,0,0,Not Eligible,2026-04-01,0,None,Not Needed,0,0.8
SYN01511,83,Female,North,Provider Group A,Colorectal Cancer Screening,0,0,Not Eligible,2026-04-01,0,None,Not Needed,0,0.75
SYN01511,83,Female,North,Provider Group A,Diabetes Care,1,0,Open,2026-04-01,0,None,Not Attempted,0,0.78
SYN01511,83,Female,North,Provider Group A,Follow-Up After Hospitalization,1,1,Compliant,2026-04-01,0,None,Not Needed,0,0.75
SYN01511,83,Female,North,Provider Group A,Medication Adherence,1,1,Compliant,2026-04-01,0,None,Not Needed,0,0.85
SYN01519,73,Female,South,Provider Group A,Breast Cancer Screening,1,1,Compliant,2026-04-01,1,SMS,Reached,1,0.8
SYN01519,73,Female,South,Provider Group A,Colorectal Cancer Screening,1,1,Compliant,2026-04-01,0,None,Not Needed,0,0.75
SYN01526,73,Female,North,Provider Group D,Breast Cancer Screening,1,0,Open,2026-04-01,0,None,Not Attempted,0,0.8
SYN01526,73,Female,North,Provider Group D,Colorectal Cancer Screening,1,0,Open,2026-04-01,0,None,Not Attempted,0,0.75
SYN01526,73,Female,North,Provider Group D,Diabetes Care,1,1,Compliant,2026-04-01,0,None,Not Needed,0,0.78
SYN01526,73,Female,North,Provider Group D,Follow-Up After Hospitalization,1,1,Compliant,2026-04-01,0,None,Not Needed,0,0.75
SYN01526,73,Female,North,Provider Group D,Medication Adherence,1,1,Compliant,2026-04-01,0,None,Not Needed,0,0.85
SYN01527,88,Female,West,Provider Group C,Breast Cancer Screening,0,0,Not Eligible,2026-04-01,0,None,Not Needed,0,0.8
SYN01527,88,Female,West,Provider Group C,Controlling Blood Pressure,1,1,Compliant,2026-04-01,0,None,Not Needed,0,0.8
SYN01532,74,Male,West,Provider Group C,Controlling Blood Pressure,0,0,Not Eligible,2026-04-01,0,None,Not Needed,0,0.8
SYN01533,72,Female,South,Provider Group B,Breast Cancer Screening,1,1,Compliant,2026-04-01,0,None,Not Needed,0,0.8
SYN01533,72,Female,South,Provider Group B,Colorectal Cancer Screening,1,0,Open,2026-04-01,0,None,Not Attempted,0,0.75
SYN01533,72,Female,South,Provider Group B,Diabetes Care,1,1,Compliant,2026-04-01,0,None,Not Needed,0,0.78
SYN01533,72,Female,South,Provider Group B,Medication Adherence,1,1,Compliant,2026-04-01,0,None,Not Needed,0,0.85
SYN01535,80,Female,South,Provider Group A,Controlling Blood Pressure,1,1,Compliant,2026-04-01,0,None,Not Needed,0,0.8
SYN01537,67,Female,West,Provider Group A,Controlling Blood Pressure,1,1,Compliant,2026-04-01,0,None,Not Needed,0,0.8
SYN01538,78,Female,South,Provider Group B,Breast Cancer Screening,0,0,Not Eligible,2026-04-01,0,None,Not Needed,0,0.8
SYN01538,78,Female,South,Provider Group B,Colorectal Cancer Screening,0,0,Not Eligible,2026-04-01,0,None,Not Needed,0,0.75
SYN01538,78,Female,South,Provider Group B,Diabetes Care,1,1,Compliant,2026-04-01,0,None,Not Needed,0,0.78
SYN01538,78,Female,South,Provider Group B,Follow-Up After Hospitalization,0,0,Not Eligible,2026-04-01,0,None,Not Needed,0,0.75
SYN01543,80,Female,West,Provider Group D,Diabetes Care,1,1,Compliant,2026-04-01,0,None,Not Needed,0,0.78
SYN01543,80,Female,West,Provider Group D,Medication Adherence,1,1,Compliant,2026-04-01,0,None,Not Needed,0,0.85
SYN01546,82,Female,East,Provider Group E,Breast Cancer Screening,0,0,Not Eligible,2026-04-01,0,None,Not Needed,0,0.8
SYN01546,82,Female,East,Provider Group E,Colorectal Cancer Screening,0,0,Not Eligible,2026-04-01,0,None,Not Needed,0,0.75
SYN01546,82,Female,East,Provider Group E,Controlling Blood Pressure,1,1,Compliant,2026-04-01,0,None,Not Needed,0,0.8
SYN01546,82,Female,East,Provider Group E,Diabetes Care,0,0,Not Eligible,2026-04-01,0,None,Not Needed,0,0.78
SYN01546,82,Female,East,Provider Group E,Medication Adherence,1,1,Compliant,2026-04-01,0,None,Not Needed,0,0.85
SYN01555,65,Male,West,Provider Group A,Breast Cancer Screening,0,0,Not Eligible,2026-04-01,0,None,Not Needed,0,0.8
SYN01555,65,Male,West,Provider Group A,Diabetes Care,1,1,Compliant,2026-04-01,0,None,Not Needed,0,0.78
SYN01586,73,Female,West,Provider Group E,Breast Cancer Screening,1,0,Open,2026-04-01,0,None,Not Attempted,0,0.8
SYN01588,84,Female,South,Provider Group B,Breast Cancer Screening,0,0,Not Eligible,2026-04-01,0,None,Not Needed,0,0.8
SYN01588,84,Female,South,Provider Group B,Controlling Blood Pressure,1,1,Compliant,2026-04-01,0,None,Not Needed,0,0.8
SYN01597,75,Female,North,Provider Group B,Colorectal Cancer Screening,1,1,Compliant,2026-04-01,0,None,Not Needed,0,0.75
SYN01597,75,Female,North,Provider Group B,Controlling Blood Pressure,1,1,Compliant,2026-04-01,1,SMS,Reached,1,0.8
SYN01607,67,Female,West,Provider Group D,Breast Cancer Screening,1,1,Compliant,2026-04-01,0,None,Not Needed,0,0.8
SYN01607,67,Female,West,Provider Group D,Medication Adherence,0,0,Not Eligible,2026-04-01,0,None,Not Needed,0,0.85
SYN01609,67,Female,West,Provider Group D,Breast Cancer Screening,1,1,Compliant,2026-04-01,0,None,Not Needed,0,0.8
SYN01609,67,Female,West,Provider Group D,Diabetes Care,1,1,Compliant,2026-04-01,0,None,Not Needed,0,0.78
SYN01609,67,Female,West,Provider Group D,Follow-Up After Hospitalization,0,0,Not Eligible,2026-04-01,0,None,Not Needed,0,0.75
SYN01609,67,Female,West,Provider Group D,Medication Adherence,1,1,Compliant,2026-04-01,0,None,Not Needed,0,0.85
SYN01614,67,Female,North,Provider Group E,Breast Cancer Screening,1,1,Compliant,2026-04-01,0,None,Not Needed,0,0.8
SYN01614,67,Female,North,Provider Group E,Controlling Blood Pressure,1,0,Open,2026-04-01,0,None,Not Attempted,0,0.8
SYN01616,65,Female,North,Provider Group D,Diabetes Care,1,0,Open,2026-04-01,2,SMS,Reached,0,0.78
SYN01622,82,Female,East,Provider Group C,Controlling Blood Pressure,0,0,Not Eligible,2026-04-01,0,None,Not Needed,0,0.8
SYN01622,82,Female,East,Provider Group C,Diabetes Care,1,0,Open,2026-04-01,0,None,Not Attempted,0,0.78
SYN01622,82,Female,East,Provider Group C,Follow-Up After Hospitalization,1,1,Compliant,2026-04-01,0,None,Not Needed,0,0.75
SYN01622,82,Female,East,Provider Group C,Medication Adherence,1,0,Open,2026-04-01,1,Phone,Unable to Reach,0,0.85
SYN01631,83,Male,East,Provider Group B,Controlling Blood Pressure,0,0,Not Eligible,2026-04-01,0,None,Not Needed,0,0.8
SYN01631,83,Male,East,Provider Group B,Medication Adherence,1,1,Compliant,2026-04-01,0,None,Not Needed,0,0.85
SYN01647,81,Female,East,Provider Group D,Breast Cancer Screening,0,0,Not Eligible,2026-04-01,0,None,Not Needed,0,0.8
SYN01647,81,Female,East,Provider Group D,Controlling Blood Pressure,1,1,Compliant,2026-04-01,1,Phone,Reached,1,0.8
SYN01647,81,Female,East,Provider Group D,Medication Adherence,1,1,Compliant,2026-04-01,0,None,Not Needed,0,0.85
SYN01660,70,Male,North,Provider Group A,Controlling Blood Pressure,0,0,Not Eligible,2026-04-01,0,None,Not Needed,0,0.8
SYN01664,67,Male,South,Provider Group B,Controlling Blood Pressure,1,1,Compliant,2026-04-01,0,None,Not Needed,0,0.8
SYN01664,67,Male,South,Provider Group B,Diabetes Care,1,0,Open,2026-04-01,0,None,Not Attempted,0,0.78
SYN01669,65,Male,North,Provider Group D,Controlling Blood Pressure,1,1,Compliant,2026-04-01,0,None,Not Needed,0,0.8
SYN01671,73,Female,South,Provider Group D,Colorectal Cancer Screening,1,0,Open,2026-04-01,2,SMS,Unable to Reach,0,0.75
SYN01671,73,Female,South,Provider Group D,Controlling Blood Pressure,1,1,Compliant,2026-04-01,0,None,Not Needed,0,0.8
SYN01671,73,Female,South,Provider Group D,Follow-Up After Hospitalization,1,1,Compliant,2026-04-01,3,SMS,Reached,1,0.75
SYN01671,73,Female,South,Provider Group D,Medication Adherence,1,1,Compliant,2026-04-01,0,None,Not Needed,0,0.85
SYN01680,85,Female,South,Provider Group B,Breast Cancer Screening,0,0,Not Eligible,2026-04-01,0,None,Not Needed,0,0.8
SYN01680,85,Female,South,Provider Group B,Colorectal Cancer Screening,0,0,Not Eligible,2026-04-01,0,None,Not Needed,0,0.75
SYN01680,85,Female,South,Provider Group B,Diabetes Care,1,1,Compliant,2026-04-01,0,None,Not Needed,0,0.78
SYN01683,71,Male,East,Provider Group D,Colorectal Cancer Screening,1,0,Open,2026-04-01,1,SMS,Unable to Reach,0,0.75
SYN01685,73,Female,West,Provider Group E,Breast Cancer Screening,1,0,Open,2026-04-01,1,SMS,Unable to Reach,0,0.8
SYN01685,73,Female,West,Provider Group E,Colorectal Cancer Screening,1,1,Compliant,2026-04-01,0,None,Not Needed,0,0.75
SYN01685,73,Female,West,Provider Group E,Diabetes Care,0,0,Not Eligible,2026-04-01,0,None,Not Needed,0,0.78
SYN01685,73,Female,West,Provider Group E,Medication Adherence,1,1,Compliant,2026-04-01,0,None,Not Needed,0,0.85
SYN01688,72,Male,North,Provider Group A,Follow-Up After Hospitalization,1,0,Open,2026-04-01,1,SMS,Reached,0,0.75
SYN01688,72,Male,North,Provider Group A,Medication Adherence,1,1,Compliant,2026-04-01,0,None,Not Needed,0,0.85
SYN01691,75,Male,South,Provider Group C,Breast Cancer Screening,0,0,Not Eligible,2026-04-01,0,None,Not Needed,0,0.8
SYN01691,75,Male,South,Provider Group C,Colorectal Cancer Screening,1,0,Open,2026-04-01,3,Mail,Unable to Reach,0,0.75
SYN01691,75,Male,South,Provider Group C,Controlling Blood Pressure,1,1,Compliant,2026-04-01,0,None,Not Needed,0,0.8
SYN01691,75,Male,South,Provider Group C,Diabetes Care,1,1,Compliant,2026-04-01,4,Mail,Reached,1,0.78
SYN01691,75,Male,South,Provider Group C,Follow-Up After Hospitalization,0,0,Not Eligible,2026-04-01,0,None,Not Needed,0,0.75
SYN01696,86,Female,North,Provider Group D,Breast Cancer Screening,0,0,Not Eligible,2026-04-01,0,None,Not Needed,0,0.8
SYN01698,71,Female,South,Provider Group D,Controlling Blood Pressure,1,0,Open,2026-04-01,1,SMS,Unable to Reach,0,0.8
SYN01698,71,Female,South,Provider Group D,Diabetes Care,1,1,Compliant,2026-04-01,0,None,Not Needed,0,0.78
SYN01698,71,Female,South,Provider Group D,Medication Adherence,1,1,Compliant,2026-04-01,0,None,Not Needed,0,0.85
SYN01702,71,Female,North,Provider Group A,Breast Cancer Screening,1,1,Compliant,2026-04-01,0,None,Not Needed,0,0.8
SYN01702,71,Female,North,Provider Group A,Colorectal Cancer Screening,1,0,Open,2026-04-01,1,Mail,Reached,0,0.75
SYN01702,71,Female,North,Provider Group A,Controlling Blood Pressure,1,1,Compliant,2026-04-01,0,None,Not Needed,0,0.8
SYN01702,71,Female,North,Provider Group A,Follow-Up After Hospitalization,1,1,Compliant,2026-04-01,1,Care Coordinator,Reached,1,0.75
SYN01702,71,Female,North,Provider Group A,Medication Adherence,1,1,Compliant,2026-04-01,0,None,Not Needed,0,0.85
SYN01709,79,Male,West,Provider Group E,Breast Cancer Screening,0,0,Not Eligible,2026-04-01,0,None,Not Needed,0,0.8
SYN01709,79,Male,West,Provider Group E,Follow-Up After Hospitalization,1,1,Compliant,2026-04-01,0,None,Not Needed,0,0.75
SYN01709,79,Male,West,Provider Group E,Medication Adherence,1,1,Compliant,2026-04-01,0,None,Not Needed,0,0.85
SYN01712,68,Female,West,Provider Group A,Colorectal Cancer Screening,1,1,Compliant,2026-04-01,0,None,Not Needed,0,0.75
SYN01715,66,Female,South,Provider Group E,Breast Cancer Screening,1,1,Compliant,2026-04-01,2,Phone,Reached,1,0.8
SYN01719,68,Male,South,Provider Group B,Follow-Up After Hospitalization,1,0,Open,2026-04-01,1,SMS,Reached,0,0.75
SYN01719,68,Male,South,Provider Group B,Medication Adherence,1,1,Compliant,2026-04-01,0,None,Not Needed,0,0.85
SYN01722,82,Male,South,Provider Group A,Controlling Blood Pressure,1,0,Open,2026-04-01,2,Phone,Unable to Reach,0,0.8
SYN01728,77,Male,East,Provider Group D,Colorectal Cancer Screening,0,0,Not Eligible,2026-04-01,0,None,Not Needed,0,0.75
SYN01730,75,Female,South,Provider Group D,Controlling Blood Pressure,1,1,Compliant,2026-04-01,0,None,Not Needed,0,0.8
SYN01730,75,Female,South,Provider Group D,Diabetes Care,0,0,Not Eligible,2026-04-01,0,None,Not Needed,0,0.78
SYN01733,80,Male,West,Provider Group C,Controlling Blood Pressure,1,1,Compliant,2026-04-01,0,None,Not Needed,0,0.8
SYN01733,80,Male,West,Provider Group C,Medication Adherence,1,1,Compliant,2026-04-01,0,None,Not Needed,0,0.85
SYN01737,66,Female,North,Provider Group D,Colorectal Cancer Screening,1,1,Compliant,2026-04-01,0,None,Not Needed,0,0.75
SYN01737,66,Female,North,Provider Group D,Controlling Blood Pressure,1,1,Compliant,2026-04-01,0,None,Not Needed,0,0.8
SYN01737,66,Female,North,Provider Group D,Medication Adherence,1,1,Compliant,2026-04-01,0,None,Not Needed,0,0.85
SYN01740,79,Female,South,Provider Group A,Breast Cancer Screening,0,0,Not Eligible,2026-04-01,0,None,Not Needed,0,0.8
SYN01740,79,Female,South,Provider Group A,Diabetes Care,1,0,Open,2026-04-01,3,Mail,Reached,0,0.78
SYN01748,67,Male,West,Provider Group A,Controlling Blood Pressure,1,1,Compliant,2026-04-01,0,None,Not Needed,0,0.8
SYN01748,67,Male,West,Provider Group A,Diabetes Care,0,0,Not Eligible,2026-04-01,0,None,Not Needed,0,0.78
SYN01749,72,Female,West,Provider Group C,Colorectal Cancer Screening,1,0,Open,2026-04-01,0,None,Not Attempted,0,0.75
SYN01749,72,Female,West,Provider Group C,Diabetes Care,1,1,Compliant,2026-04-01,0,None,Not Needed,0,0.78
SYN01749,72,Female,West,Provider Group C,Follow-Up After Hospitalization,1,1,Compliant,2026-04-01,0,None,Not Needed,0,0.75
SYN01759,67,Male,South,Provider Group E,Controlling Blood Pressure,1,0,Open,2026-04-01,2,SMS,Reached,0,0.8
SYN01759,67,Male,South,Provider Group E,Diabetes Care,0,0,Not Eligible,2026-04-01,0,None,Not Needed,0,0.78
SYN01759,67,Male,South,Provider Group E,Medication Adherence,1,1,Compliant,2026-04-01,3,Phone,Reached,1,0.85
SYN01766,79,Male,North,Provider Group C,Colorectal Cancer Screening,0,0,Not Eligible,2026-04-01,0,None,Not Needed,0,0.75
SYN01775,76,Male,West,Provider Group B,Colorectal Cancer Screening,0,0,Not Eligible,2026-04-01,0,None,Not Needed,0,0.75
SYN01775,76,Male,West,Provider Group B,Controlling Blood Pressure,1,1,Compliant,2026-04-01,0,None,Not Needed,0,0.8
SYN01775,76,Male,West,Provider Group B,Diabetes Care,1,1,Compliant,2026-04-01,0,None,Not Needed,0,0.78
SYN01776,83,Female,North,Provider Group C,Breast Cancer Screening,0,0,Not Eligible,2026-04-01,0,None,Not Needed,0,0.8
SYN01776,83,Female,North,Provider Group C,Colorectal Cancer Screening,0,0,Not Eligible,2026-04-01,0,None,Not Needed,0,0.75
SYN01778,72,Female,South,Provider Group A,Breast Cancer Screening,1,0,Open,2026-04-01,2,Mail,Declined,0,0.8
SYN01778,72,Female,South,Provider Group A,Colorectal Cancer Screening,1,0,Open,2026-04-01,2,Phone,Reached,0,0.75
SYN01778,72,Female,South,Provider Group A,Diabetes Care,1,0,Open,2026-04-01,2,Mail,Reached,0,0.78
SYN01778,72,Female,South,Provider Group A,Follow-Up After Hospitalization,1,1,Compliant,2026-04-01,2,Phone,Reached,1,0.75
SYN01784,88,Female,North,Provider Group A,Diabetes Care,1,1,Compliant,2026-04-01,0,None,Not Needed,0,0.78
SYN01786,82,Male,East,Provider Group A,Colorectal Cancer Screening,0,0,Not Eligible,2026-04-01,0,None,Not Needed,0,0.75
SYN01786,82,Male,East,Provider Group A,Medication Adherence,1,1,Compliant,2026-04-01,0,None,Not Needed,0,0.85
SYN01787,65,Female,North,Provider Group A,Breast Cancer Screening,1,1,Compliant,2026-04-01,0,None,Not Needed,0,0.8
SYN01787,65,Female,North,Provider Group A,Colorectal Cancer Screening,1,1,Compliant,2026-04-01,0,None,Not Needed,0,0.75
SYN01787,65,Female,North,Provider Group A,Follow-Up After Hospitalization,1,0,Open,2026-04-01,2,Phone,Reached,0,0.75
SYN01792,72,Female,East,Provider Group B,Breast Cancer Screening,1,1,Compliant,2026-04-01,0,None,Not Needed,0,0.8
SYN01792,72,Female,East,Provider Group B,Controlling Blood Pressure,1,0,Open,2026-04-01,0,None,Not Attempted,0,0.8
SYN01792,72,Female,East,Provider Group B,Medication Adherence,1,1,Compliant,2026-04-01,0,None,Not Needed,0,0.85
SYN01804,66,Female,West,Provider Group A,Colorectal Cancer Screening,1,1,Compliant,2026-04-01,0,None,Not Needed,0,0.75
SYN01804,66,Female,West,Provider Group A,Controlling Blood Pressure,1,0,Open,2026-04-01,2,SMS,Reached,0,0.8
SYN01804,66,Female,West,Provider Group A,Diabetes Care,0,0,Not Eligible,2026-04-01,0,None,Not Needed,0,0.78
SYN01809,74,Male,East,Provider Group A,Colorectal Cancer Screening,1,1,Compliant,2026-04-01,0,None,Not Needed,0,0.75
SYN01809,74,Male,East,Provider Group A,Medication Adherence,0,0,Not Eligible,2026-04-01,0,None,Not Needed,0,0.85
SYN01821,73,Female,North,Provider Group B,Breast Cancer Screening,1,1,Compliant,2026-04-01,0,None,Not Needed,0,0.8
SYN01821,73,Female,North,Provider Group B,Colorectal Cancer Screening,1,1,Compliant,2026-04-01,0,None,Not Needed,0,0.75
SYN01821,73,Female,North,Provider Group B,Controlling Blood Pressure,1,1,Compliant,2026-04-01,0,None,Not Needed,0,0.8
SYN01821,73,Female,North,Provider Group B,Diabetes Care,1,1,Compliant,2026-04-01,0,None,Not Needed,0,0.78
SYN01821,73,Female,North,Provider Group B,Follow-Up After Hospitalization,0,0,Not Eligible,2026-04-01,0,None,Not Needed,0,0.75
SYN01833,78,Male,North,Provider Group A,Colorectal Cancer Screening,0,0,Not Eligible,2026-04-01,0,None,Not Needed,0,0.75
SYN01833,78,Male,North,Provider Group A,Controlling Blood Pressure,1,1,Compliant,2026-04-01,0,None,Not Needed,0,0.8
SYN01833,78,Male,North,Provider Group A,Diabetes Care,1,1,Compliant,2026-04-01,0,None,Not Needed,0,0.78
SYN01833,78,Male,North,Provider Group A,Medication Adherence,1,1,Compliant,2026-04-01,0,None,Not Needed,0,0.85
SYN01834,84,Female,West,Provider Group D,Breast Cancer Screening,0,0,Not Eligible,2026-04-01,0,None,Not Needed,0,0.8
SYN01834,84,Female,West,Provider Group D,Colorectal Cancer Screening,0,0,Not Eligible,2026-04-01,0,None,Not Needed,0,0.75
SYN01834,84,Female,West,Provider Group D,Controlling Blood Pressure,1,1,Compliant,2026-04-01,0,None,Not Needed,0,0.8
SYN01836,71,Female,South,Provider Group A,Breast Cancer Screening,1,1,Compliant,2026-04-01,0,None,Not Needed,0,0.8
SYN01836,71,Female,South,Provider Group A,Colorectal Cancer Screening,1,1,Compliant,2026-04-01,0,None,Not Needed,0,0.75
SYN01836,71,Female,South,Provider Group A,Controlling Blood Pressure,1,1,Compliant,2026-04-01,0,None,Not Needed,0,0.8
SYN01836,71,Female,South,Provider Group A,Diabetes Care,0,0,Not Eligible,2026-04-01,0,None,Not Needed,0,0.78
SYN01836,71,Female,South,Provider Group A,Follow-Up After Hospitalization,1,1,Compliant,2026-04-01,0,None,Not Needed,0,0.75
SYN01837,87,Male,South,Provider Group B,Diabetes Care,1,1,Compliant,2026-04-01,0,None,Not Needed,0,0.78
SYN01837,87,Male,South,Provider Group B,Medication Adherence,1,1,Compliant,2026-04-01,0,None,Not Needed,0,0.85
SYN01838,89,Female,West,Provider Group C,Colorectal Cancer Screening,0,0,Not Eligible,2026-04-01,0,None,Not Needed,0,0.75
SYN01838,89,Female,West,Provider Group C,Controlling Blood Pressure,1,1,Compliant,2026-04-01,0,None,Not Needed,0,0.8
SYN01845,82,Male,South,Provider Group C,Colorectal Cancer Screening,0,0,Not Eligible,2026-04-01,0,None,Not Needed,0,0.75
SYN01845,82,Male,South,Provider Group C,Follow-Up After Hospitalization,0,0,Not Eligible,2026-04-01,0,None,Not Needed,0,0.75
SYN01845,82,Male,South,Provider Group C,Medication Adherence,1,1,Compliant,2026-04-01,0,None,Not Needed,0,0.85
SYN01849,73,Female,North,Provider Group B,Breast Cancer Screening,1,1,Compliant,2026-04-01,1,Phone,Reached,1,0.8
SYN01849,73,Female,North,Provider Group B,Controlling Blood Pressure,1,1,Compliant,2026-04-01,0,None,Not Needed,0,0.8
SYN01857,71,Male,North,Provider Group B,Follow-Up After Hospitalization,1,1,Compliant,2026-04-01,1,Care Coordinator,Reached,1,0.75
SYN01857,71,Male,North,Provider Group B,Medication Adherence,1,1,Compliant,2026-04-01,0,None,Not Needed,0,0.85
SYN01858,77,Male,South,Provider Group D,Colorectal Cancer Screening,0,0,Not Eligible,2026-04-01,0,None,Not Needed,0,0.75
SYN01858,77,Male,South,Provider Group D,Controlling Blood Pressure,1,1,Compliant,2026-04-01,2,Phone,Reached,1,0.8
SYN01858,77,Male,South,Provider Group D,Follow-Up After Hospitalization,1,0,Open,2026-04-01,3,Phone,Reached,0,0.75
SYN01875,81,Female,East,Provider Group B,Controlling Blood Pressure,1,1,Compliant,2026-04-01,0,None,Not Needed,0,0.8
SYN01875,81,Female,East,Provider Group B,Diabetes Care,1,0,Open,2026-04-01,3,SMS,Unable to Reach,0,0.78
SYN01876,65,Male,South,Provider Group D,Diabetes Care,1,0,Open,2026-04-01,1,SMS,Unable to Reach,0,0.78
SYN01876,65,Male,South,Provider Group D,Follow-Up After Hospitalization,0,0,Not Eligible,2026-04-01,0,None,Not Needed,0,0.75
SYN01876,65,Male,South,Provider Group D,Medication Adherence,1,0,Open,2026-04-01,2,SMS,Unable to Reach,0,0.85
SYN01883,76,Male,South,Provider Group C,Controlling Blood Pressure,0,0,Not Eligible,2026-04-01,0,None,Not Needed,0,0.8
SYN01883,76,Male,South,Provider Group C,Diabetes Care,1,1,Compliant,2026-04-01,3,Phone,Reached,1,0.78
SYN01891,86,Female,East,Provider Group B,Breast Cancer Screening,0,0,Not Eligible,2026-04-01,0,None,Not Needed,0,0.8
SYN01891,86,Female,East,Provider Group B,Colorectal Cancer Screening,0,0,Not Eligible,2026-04-01,0,None,Not Needed,0,0.75
SYN01891,86,Female,East,Provider Group B,Controlling Blood Pressure,1,0,Open,2026-04-01,0,None,Not Attempted,0,0.8
SYN01891,86,Female,East,Provider Group B,Follow-Up After Hospitalization,1,0,Open,2026-04-01,1,SMS,Declined,0,0.75
SYN01893,74,Male,South,Provider Group D,Medication Adherence,1,0,Open,2026-04-01,1,Mail,Unable to Reach,0,0.85
SYN01899,81,Female,North,Provider Group D,Breast Cancer Screening,0,0,Not Eligible,2026-04-01,0,None,Not Needed,0,0.8
SYN01899,81,Female,North,Provider Group D,Controlling Blood Pressure,1,1,Compliant,2026-04-01,0,None,Not Needed,0,0.8
SYN01899,81,Female,North,Provider Group D,Diabetes Care,1,0,Open,2026-04-01,3,Mail,Reached,0,0.78
SYN01899,81,Female,North,Provider Group D,Follow-Up After Hospitalization,1,0,Open,2026-04-01,3,Mail,Reached,0,0.75
SYN01901,74,Female,West,Provider Group A,Breast Cancer Screening,1,1,Compliant,2026-04-01,1,Care Coordinator,Reached,1,0.8
SYN01901,74,Female,West,Provider Group A,Medication Adherence,1,1,Compliant,2026-04-01,0,None,Not Needed,0,0.85
SYN01902,70,Female,South,Provider Group E,Breast Cancer Screening,1,1,Compliant,2026-04-01,0,None,Not Needed,0,0.8
SYN01902,70,Female,South,Provider Group E,Controlling Blood Pressure,1,0,Open,2026-04-01,4,Phone,Reached,0,0.8
SYN01904,89,Female,South,Provider Group A,Diabetes Care,1,0,Open,2026-04-01,0,None,Not Attempted,0,0.78
SYN01904,89,Female,South,Provider Group A,Medication Adherence,1,1,Compliant,2026-04-01,0,None,Not Needed,0,0.85
SYN01906,75,Male,North,Provider Group C,Controlling Blood Pressure,1,0,Open,2026-04-01,0,None,Not Attempted,0,0.8
SYN01906,75,Male,North,Provider Group C,Diabetes Care,1,0,Open,2026-04-01,2,Phone,Declined,0,0.78
SYN01906,75,Male,North,Provider Group C,Medication Adherence,1,1,Compliant,2026-04-01,0,None,Not Needed,0,0.85
SYN01920,73,Female,South,Provider Group E,Diabetes Care,1,1,Compliant,2026-04-01,0,None,Not Needed,0,0.78
SYN01920,73,Female,South,Provider Group E,Medication Adherence,1,1,Compliant,2026-04-01,0,None,Not Needed,0,0.85
SYN01922,71,Female,West,Provider Group A,Colorectal Cancer Screening,1,0,Open,2026-04-01,0,None,Not Attempted,0,0.75
SYN01922,71,Female,West,Provider Group A,Follow-Up After Hospitalization,0,0,Not Eligible,2026-04-01,0,None,Not Needed,0,0.75
SYN01934,83,Male,North,Provider Group B,Colorectal Cancer Screening,0,0,Not Eligible,2026-04-01,0,None,Not Needed,0,0.75
SYN01934,83,Male,North,Provider Group B,Follow-Up After Hospitalization,1,0,Open,2026-04-01,2,SMS,Reached,0,0.75
SYN01934,83,Male,North,Provider Group B,Medication Adherence,0,0,Not Eligible,2026-04-01,0,None,Not Needed,0,0.85
SYN01938,85,Male,West,Provider Group A,Colorectal Cancer Screening,0,0,Not Eligible,2026-04-01,0,None,Not Needed,0,0.75
SYN01938,85,Male,West,Provider Group A,Diabetes Care,1,1,Compliant,2026-04-01,1,Mail,Reached,1,0.78
SYN01938,85,Male,West,Provider Group A,Medication Adherence,1,1,Compliant,2026-04-01,0,None,Not Needed,0,0.85
SYN01944,76,Female,North,Provider Group A,Breast Cancer Screening,0,0,Not Eligible,2026-04-01,0,None,Not Needed,0,0.8
SYN01944,76,Female,North,Provider Group A,Controlling Blood Pressure,1,0,Open,2026-04-01,1,SMS,Reached,0,0.8
SYN01945,84,Male,North,Provider Group B,Colorectal Cancer Screening,0,0,Not Eligible,2026-04-01,0,None,Not Needed,0,0.75
SYN01947,77,Female,North,Provider Group C,Colorectal Cancer Screening,0,0,Not Eligible,2026-04-01,0,None,Not Needed,0,0.75
SYN01947,77,Female,North,Provider Group C,Controlling Blood Pressure,1,1,Compliant,2026-04-01,0,None,Not Needed,0,0.8
SYN01957,82,Male,West,Provider Group C,Colorectal Cancer Screening,0,0,Not Eligible,2026-04-01,0,None,Not Needed,0,0.75
SYN01957,82,Male,West,Provider Group C,Controlling Blood Pressure,1,0,Open,2026-04-01,0,None,Not Attempted,0,0.8
SYN01957,82,Male,West,Provider Group C,Medication Adherence,1,1,Compliant,2026-04-01,0,None,Not Needed,0,0.85
SYN01959,77,Female,South,Provider Group A,Breast Cancer Screening,0,0,Not Eligible,2026-04-01,0,None,Not Needed,0,0.8
SYN01959,77,Female,South,Provider Group A,Colorectal Cancer Screening,0,0,Not Eligible,2026-04-01,0,None,Not Needed,0,0.75
SYN01959,77,Female,South,Provider Group A,Medication Adherence,1,1,Compliant,2026-04-01,0,None,Not Needed,0,0.85
SYN01966,87,Male,East,Provider Group D,Colorectal Cancer Screening,0,0,Not Eligible,2026-04-01,0,None,Not Needed,0,0.75
SYN01966,87,Male,East,Provider Group D,Follow-Up After Hospitalization,1,0,Open,2026-04-01,2,Phone,Unable to Reach,0,0.75
SYN01968,85,Male,East,Provider Group E,Diabetes Care,1,1,Compliant,2026-04-01,0,None,Not Needed,0,0.78
SYN01968,85,Male,East,Provider Group E,Medication Adherence,1,1,Compliant,2026-04-01,0,None,Not Needed,0,0.85
SYN01976,65,Male,East,Provider Group B,Colorectal Cancer Screening,1,1,Compliant,2026-04-01,0,None,Not Needed,0,0.75
SYN01976,65,Male,East,Provider Group B,Controlling Blood Pressure,1,1,Compliant,2026-04-01,0,None,Not Needed,0,0.8
SYN01976,65,Male,East,Provider Group B,Medication Adherence,1,1,Compliant,2026-04-01,0,None,Not Needed,0,0.85
SYN01988,73,Female,West,Provider Group C,Controlling Blood Pressure,1,1,Compliant,2026-04-01,2,SMS,Reached,1,0.8
SYN01988,73,Female,West,Provider Group C,Diabetes Care,0,0,Not Eligible,2026-04-01,0,None,Not Needed,0,0.78
SYN01988,73,Female,West,Provider Group C,Medication Adherence,1,1,Compliant,2026-04-01,0,None,Not Needed,0,0.85
SYN01993,78,Female,West,Provider Group A,Colorectal Cancer Screening,0,0,Not Eligible,2026-04-01,0,None,Not Needed,0,0.75
SYN01993,78,Female,West,Provider Group A,Diabetes Care,1,1,Compliant,2026-04-01,0,None,Not Needed,0,0.78
SYN01993,78,Female,West,Provider Group A,Follow-Up After Hospitalization,1,1,Compliant,2026-04-01,0,None,Not Needed,0,0.75
SYN01996,80,Male,West,Provider Group B,Colorectal Cancer Screening,0,0,Not Eligible,2026-04-01,0,None,Not Needed,0,0.75
SYN01996,80,Male,West,Provider Group B,Medication Adherence,1,1,Compliant,2026-04-01,0,None,Not Needed,0,0.85
SYN02000,68,Female,South,Provider Group D,Breast Cancer Screening,1,1,Compliant,2026-04-01,0,None,Not Needed,0,0.8
SYN02000,68,Female,South,Provider Group D,Controlling Blood Pressure,0,0,Not Eligible,2026-04-01,0,None,Not Needed,0,0.8
SYN02000,68,Female,South,Provider Group D,Medication Adherence,1,1,Compliant,2026-04-01,0,None,Not Needed,0,0.85
SYN02013,69,Male,West,Provider Group C,Colorectal Cancer Screening,1,1,Compliant,2026-04-01,0,None,Not Needed,0,0.75
SYN02016,70,Female,West,Provider Group A,Breast Cancer Screening,1,0,Open,2026-04-01,1,Phone,Reached,0,0.8
SYN02016,70,Female,West,Provider Group A,Colorectal Cancer Screening,1,1,Compliant,2026-04-01,2,SMS,Reached,1,0.75
SYN02016,70,Female,West,Provider Group A,Diabetes Care,1,1,Compliant,2026-04-01,1,Phone,Reached,1,0.78
SYN02016,70,Female,West,Provider Group A,Medication Adherence,1,1,Compliant,2026-04-01,0,None,Not Needed,0,0.85
SYN02018,81,Female,South,Provider Group B,Breast Cancer Screening,0,0,Not Eligible,2026-04-01,0,None,Not Needed,0,0.8
SYN02032,68,Female,West,Provider Group E,Colorectal Cancer Screening,1,0,Open,2026-04-01,4,SMS,Declined,0,0.75
SYN02032,68,Female,West,Provider Group E,Controlling Blood Pressure,1,0,Open,2026-04-01,1,Phone,Unable to Reach,0,0.8
SYN02032,68,Female,West,Provider Group E,Diabetes Care,1,1,Compliant,2026-04-01,0,None,Not Needed,0,0.78
SYN02032,68,Female,West,Provider Group E,Medication Adherence,1,1,Compliant,2026-04-01,0,None,Not Needed,0,0.85
SYN02036,81,Male,West,Provider Group E,Colorectal Cancer Screening,0,0,Not Eligible,2026-04-01,0,None,Not Needed,0,0.75
SYN02036,81,Male,West,Provider Group E,Medication Adherence,1,1,Compliant,2026-04-01,0,None,Not Needed,0,0.85
SYN02043,80,Female,South,Provider Group A,Diabetes Care,0,0,Not Eligible,2026-04-01,0,None,Not Needed,0,0.78
SYN02043,80,Female,South,Provider Group A,Medication Adherence,1,1,Compliant,2026-04-01,0,None,Not Needed,0,0.85
SYN02057,74,Female,West,Provider Group E,Medication Adherence,1,1,Compliant,2026-04-01,0,None,Not Needed,0,0.85
SYN02070,68,Female,North,Provider Group E,Breast Cancer Screening,1,1,Compliant,2026-04-01,0,None,Not Needed,0,0.8
SYN02070,68,Female,North,Provider Group E,Colorectal Cancer Screening,1,1,Compliant,2026-04-01,0,None,Not Needed,0,0.75
SYN02070,68,Female,North,Provider Group E,Diabetes Care,0,0,Not Eligible,2026-04-01,0,None,Not Needed,0,0.78
SYN02070,68,Female,North,Provider Group E,Medication Adherence,1,1,Compliant,2026-04-01,0,None,Not Needed,0,0.85
SYN02073,67,Male,South,Provider Group A,Controlling Blood Pressure,1,1,Compliant,2026-04-01,0,None,Not Needed,0,0.8
SYN02073,67,Male,South,Provider Group A,Diabetes Care,1,1,Compliant,2026-04-01,0,None,Not Needed,0,0.78
SYN02073,67,Male,South,Provider Group A,Follow-Up After Hospitalization,1,0,Open,2026-04-01,4,SMS,Reached,0,0.75
SYN02076,70,Female,North,Provider Group B,Breast Cancer Screening,1,1,Compliant,2026-04-01,0,None,Not Needed,0,0.8
SYN02076,70,Female,North,Provider Group B,Controlling Blood Pressure,1,1,Compliant,2026-04-01,0,None,Not Needed,0,0.8
SYN02076,70,Female,North,Provider Group B,Diabetes Care,1,1,Compliant,2026-04-01,0,None,Not Needed,0,0.78
SYN02083,74,Female,North,Provider Group B,Diabetes Care,1,1,Compliant,2026-04-01,0,None,Not Needed,0,0.78
SYN02097,68,Female,East,Provider Group B,Diabetes Care,1,1,Compliant,2026-04-01,0,None,Not Needed,0,0.78
SYN02097,68,Female,East,Provider Group B,Medication Adherence,1,1,Compliant,2026-04-01,0,None,Not Needed,0,0.85
SYN02120,89,Male,South,Provider Group C,Colorectal Cancer Screening,0,0,Not Eligible,2026-04-01,0,None,Not Needed,0,0.75
SYN02120,89,Male,South,Provider Group C,Medication Adherence,1,0,Open,2026-04-01,1,Phone,Reached,0,0.85
SYN02121,66,Male,South,Provider Group C,Controlling Blood Pressure,1,0,Open,2026-04-01,2,SMS,Unable to Reach,0,0.8
SYN02121,66,Male,South,Provider Group C,Follow-Up After Hospitalization,1,1,Compliant,2026-04-01,0,None,Not Needed,0,0.75
SYN02121,66,Male,South,Provider Group C,Medication Adherence,1,1,Compliant,2026-04-01,0,None,Not Needed,0,0.85
SYN02124,80,Male,South,Provider Group A,Colorectal Cancer Screening,0,0,Not Eligible,2026-04-01,0,None,Not Needed,0,0.75
SYN02129,72,Male,West,Provider Group A,Breast Cancer Screening,0,0,Not Eligible,2026-04-01,0,None,Not Needed,0,0.8
SYN02129,72,Male,West,Provider Group A,Diabetes Care,1,0,Open,2026-04-01,4,Phone,Reached,0,0.78
SYN02129,72,Male,West,Provider Group A,Follow-Up After Hospitalization,1,1,Compliant,2026-04-01,0,None,Not Needed,0,0.75
SYN02129,72,Male,West,Provider Group A,Medication Adherence,1,1,Compliant,2026-04-01,0,None,Not Needed,0,0.85
SYN02131,82,Male,East,Provider Group D,Diabetes Care,1,0,Open,2026-04-01,0,None,Not Attempted,0,0.78
SYN02131,82,Male,East,Provider Group D,Follow-Up After Hospitalization,0,0,Not Eligible,2026-04-01,0,None,Not Needed,0,0.75
SYN02139,82,Male,North,Provider Group C,Medication Adherence,1,1,Compliant,2026-04-01,0,None,Not Needed,0,0.85
SYN02149,86,Female,North,Provider Group A,Breast Cancer Screening,0,0,Not Eligible,2026-04-01,0,None,Not Needed,0,0.8
SYN02149,86,Female,North,Provider Group A,Medication Adherence,1,1,Compliant,2026-04-01,0,None,Not Needed,0,0.85
SYN02161,80,Male,West,Provider Group A,Colorectal Cancer Screening,0,0,Not Eligible,2026-04-01,0,None,Not Needed,0,0.75
SYN02161,80,Male,West,Provider Group A,Controlling Blood Pressure,1,1,Compliant,2026-04-01,0,None,Not Needed,0,0.8
SYN02161,80,Male,West,Provider Group A,Diabetes Care,0,0,Not Eligible,2026-04-01,0,None,Not Needed,0,0.78
SYN02161,80,Male,West,Provider Group A,Medication Adherence,1,1,Compliant,2026-04-01,0,None,Not Needed,0,0.85
SYN02170,70,Female,South,Provider Group B,Breast Cancer Screening,1,1,Compliant,2026-04-01,0,None,Not Needed,0,0.8
SYN02170,70,Female,South,Provider Group B,Medication Adherence,1,1,Compliant,2026-04-01,0,None,Not Needed,0,0.85
SYN02171,77,Female,West,Provider Group B,Breast Cancer Screening,0,0,Not Eligible,2026-04-01,0,None,Not Needed,0,0.8
SYN02171,77,Female,West,Provider Group B,Colorectal Cancer Screening,0,0,Not Eligible,2026-04-01,0,None,Not Needed,0,0.75
SYN02171,77,Female,West,Provider Group B,Medication Adherence,1,1,Compliant,2026-04-01,0,None,Not Needed,0,0.85
SYN02175,68,Male,South,Provider Group B,Controlling Blood Pressure,1,1,Compliant,2026-04-01,0,None,Not Needed,0,0.8
SYN02175,68,Male,South,Provider Group B,Diabetes Care,1,1,Compliant,2026-04-01,1,SMS,Reached,1,0.78
SYN02175,68,Male,South,Provider Group B,Medication Adherence,1,1,Compliant,2026-04-01,0,None,Not Needed,0,0.85
SYN02183,68,Female,South,Provider Group C,Breast Cancer Screening,1,0,Open,2026-04-01,3,SMS,Declined,0,0.8
SYN02183,68,Female,South,Provider Group C,Colorectal Cancer Screening,1,1,Compliant,2026-04-01,0,None,Not Needed,0,0.75
SYN02201,71,Male,North,Provider Group B,Colorectal Cancer Screening,1,1,Compliant,2026-04-01,0,None,Not Needed,0,0.75
SYN02201,71,Male,North,Provider Group B,Medication Adherence,1,0,Open,2026-04-01,3,Phone,Unable to Reach,0,0.85
SYN02208,80,Male,East,Provider Group B,Medication Adherence,1,1,Compliant,2026-04-01,0,None,Not Needed,0,0.85
SYN02213,81,Male,North,Provider Group D,Colorectal Cancer Screening,0,0,Not Eligible,2026-04-01,0,None,Not Needed,0,0.75
SYN02214,71,Female,West,Provider Group B,Breast Cancer Screening,1,1,Compliant,2026-04-01,0,None,Not Needed,0,0.8
SYN02214,71,Female,West,Provider Group B,Colorectal Cancer Screening,1,1,Compliant,2026-04-01,0,None,Not Needed,0,0.75
SYN02214,71,Female,West,Provider Group B,Controlling Blood Pressure,1,1,Compliant,2026-04-01,0,None,Not Needed,0,0.8
SYN02214,71,Female,West,Provider Group B,Medication Adherence,1,1,Compliant,2026-04-01,2,Care Coordinator,Reached,1,0.85
SYN02216,85,Male,South,Provider Group B,Controlling Blood Pressure,1,0,Open,2026-04-01,1,Phone,Unable to Reach,0,0.8
SYN02216,85,Male,South,Provider Group B,Follow-Up After Hospitalization,1,0,Open,2026-04-01,0,None,Not Attempted,0,0.75
SYN02216,85,Male,South,Provider Group B,Medication Adherence,1,1,Compliant,2026-04-01,0,None,Not Needed,0,0.85
SYN02222,68,Female,West,Provider Group C,Breast Cancer Screening,1,1,Compliant,2026-04-01,0,None,Not Needed,0,0.8
SYN02222,68,Female,West,Provider Group C,Diabetes Care,1,0,Open,2026-04-01,0,None,Not Attempted,0,0.78
SYN02224,75,Male,South,Provider Group B,Controlling Blood Pressure,1,1,Compliant,2026-04-01,1,Phone,Reached,1,0.8
SYN02224,75,Male,South,Provider Group B,Follow-Up After Hospitalization,0,0,Not Eligible,2026-04-01,0,None,Not Needed,0,0.75
SYN02224,75,Male,South,Provider Group B,Medication Adherence,1,1,Compliant,2026-04-01,0,None,Not Needed,0,0.85
SYN02228,68,Male,South,Provider Group E,Colorectal Cancer Screening,1,0,Open,2026-04-01,4,Phone,Unable to Reach,0,0.75
SYN02228,68,Male,South,Provider Group E,Controlling Blood Pressure,1,0,Open,2026-04-01,3,Phone,Unable to Reach,0,0.8
SYN02228,68,Male,South,Provider Group E,Medication Adherence,1,1,Compliant,2026-04-01,0,None,Not Needed,0,0.85
SYN02231,76,Female,South,Provider Group A,Breast Cancer Screening,0,0,Not Eligible,2026-04-01,0,None,Not Needed,0,0.8
SYN02231,76,Female,South,Provider Group A,Medication Adherence,1,1,Compliant,2026-04-01,0,None,Not Needed,0,0.85
SYN02252,72,Male,South,Provider Group A,Controlling Blood Pressure,1,0,Open,2026-04-01,0,None,Not Attempted,0,0.8
SYN02252,72,Male,South,Provider Group A,Diabetes Care,1,1,Compliant,2026-04-01,0,None,Not Needed,0,0.78
SYN02252,72,Male,South,Provider Group A,Medication Adherence,1,1,Compliant,2026-04-01,0,None,Not Needed,0,0.85
SYN02266,83,Male,South,Provider Group C,Controlling Blood Pressure,1,0,Open,2026-04-01,0,None,Not Attempted,0,0.8
SYN02266,83,Male,South,Provider Group C,Follow-Up After Hospitalization,1,1,Compliant,2026-04-01,1,SMS,Reached,1,0.75
SYN02266,83,Male,South,Provider Group C,Medication Adherence,0,0,Not Eligible,2026-04-01,0,None,Not Needed,0,0.85
SYN02274,66,Male,South,Provider Group A,Controlling Blood Pressure,1,1,Compliant,2026-04-01,0,None,Not Needed,0,0.8
SYN02274,66,Male,South,Provider Group A,Medication Adherence,1,1,Compliant,2026-04-01,0,None,Not Needed,0,0.85
SYN02276,82,Female,West,Provider Group B,Breast Cancer Screening,0,0,Not Eligible,2026-04-01,0,None,Not Needed,0,0.8
SYN02276,82,Female,West,Provider Group B,Colorectal Cancer Screening,0,0,Not Eligible,2026-04-01,0,None,Not Needed,0,0.75
SYN02276,82,Female,West,Provider Group B,Controlling Blood Pressure,1,1,Compliant,2026-04-01,0,None,Not Needed,0,0.8
SYN02276,82,Female,West,Provider Group B,Diabetes Care,0,0,Not Eligible,2026-04-01,0,None,Not Needed,0,0.78
SYN02276,82,Female,West,Provider Group B,Follow-Up After Hospitalization,0,0,Not Eligible,2026-04-01,0,None,Not Needed,0,0.75
SYN02278,71,Male,North,Provider Group D,Colorectal Cancer Screening,1,1,Compliant,2026-04-01,0,None,Not Needed,0,0.75
SYN02278,71,Male,North,Provider Group D,Controlling Blood Pressure,1,1,Compliant,2026-04-01,0,None,Not Needed,0,0.8
SYN02280,72,Male,South,Provider Group A,Breast Cancer Screening,0,0,Not Eligible,2026-04-01,0,None,Not Needed,0,0.8
SYN02280,72,Male,South,Provider Group A,Medication Adherence,1,1,Compliant,2026-04-01,0,None,Not Needed,0,0.85
SYN02283,81,Female,North,Provider Group E,Colorectal Cancer Screening,0,0,Not Eligible,2026-04-01,0,None,Not Needed,0,0.75
SYN02283,81,Female,North,Provider Group E,Diabetes Care,1,1,Compliant,2026-04-01,0,None,Not Needed,0,0.78
SYN02285,84,Female,North,Provider Group A,Colorectal Cancer Screening,0,0,Not Eligible,2026-04-01,0,None,Not Needed,0,0.75
SYN02285,84,Female,North,Provider Group A,Controlling Blood Pressure,1,0,Open,2026-04-01,0,None,Not Attempted,0,0.8
SYN02285,84,Female,North,Provider Group A,Diabetes Care,1,1,Compliant,2026-04-01,2,Phone,Reached,1,0.78
SYN02286,78,Male,West,Provider Group D,Diabetes Care,1,1,Compliant,2026-04-01,0,None,Not Needed,0,0.78
SYN02286,78,Male,West,Provider Group D,Medication Adherence,1,1,Compliant,2026-04-01,0,None,Not Needed,0,0.85
SYN02289,82,Female,East,Provider Group E,Breast Cancer Screening,0,0,Not Eligible,2026-04-01,0,None,Not Needed,0,0.8
SYN02289,82,Female,East,Provider Group E,Colorectal Cancer Screening,0,0,Not Eligible,2026-04-01,0,None,Not Needed,0,0.75
SYN02289,82,Female,East,Provider Group E,Diabetes Care,1,1,Compliant,2026-04-01,0,None,Not Needed,0,0.78
SYN02293,71,Female,North,Provider Group D,Controlling Blood Pressure,1,1,Compliant,2026-04-01,0,None,Not Needed,0,0.8
SYN02293,71,Female,North,Provider Group D,Diabetes Care,1,1,Compliant,2026-04-01,0,None,Not Needed,0,0.78
SYN02293,71,Female,North,Provider Group D,Follow-Up After Hospitalization,0,0,Not Eligible,2026-04-01,0,None,Not Needed,0,0.75
SYN02293,71,Female,North,Provider Group D,Medication Adherence,1,1,Compliant,2026-04-01,0,None,Not Needed,0,0.85
SYN02299,77,Female,South,Provider Group B,Breast Cancer Screening,0,0,Not Eligible,2026-04-01,0,None,Not Needed,0,0.8
SYN02299,77,Female,South,Provider Group B,Diabetes Care,1,0,Open,2026-04-01,1,Phone,Unable to Reach,0,0.78
SYN02299,77,Female,South,Provider Group B,Medication Adherence,1,1,Compliant,2026-04-01,0,None,Not Needed,0,0.85
SYN02309,73,Female,South,Provider Group B,Colorectal Cancer Screening,1,1,Compliant,2026-04-01,0,None,Not Needed,0,0.75
SYN02309,73,Female,South,Provider Group B,Controlling Blood Pressure,1,1,Compliant,2026-04-01,0,None,Not Needed,0,0.8
SYN02309,73,Female,South,Provider Group B,Diabetes Care,1,0,Open,2026-04-01,2,Phone,Unable to Reach,0,0.78
SYN02317,69,Male,South,Provider Group D,Colorectal Cancer Screening,1,0,Open,2026-04-01,0,None,Not Attempted,0,0.75
SYN02317,69,Male,South,Provider Group D,Medication Adherence,0,0,Not Eligible,2026-04-01,0,None,Not Needed,0,0.85
SYN02321,84,Male,North,Provider Group E,Diabetes Care,1,1,Compliant,2026-04-01,0,None,Not Needed,0,0.78
SYN02321,84,Male,North,Provider Group E,Follow-Up After Hospitalization,1,1,Compliant,2026-04-01,1,Care Coordinator,Reached,1,0.75
SYN02337,80,Male,East,Provider Group B,Colorectal Cancer Screening,0,0,Not Eligible,2026-04-01,0,None,Not Needed,0,0.75
SYN02337,80,Male,East,Provider Group B,Controlling Blood Pressure,1,1,Compliant,2026-04-01,0,None,Not Needed,0,0.8
SYN02337,80,Male,East,Provider Group B,Diabetes Care,1,1,Compliant,2026-04-01,0,None,Not Needed,0,0.78
SYN02348,71,Male,East,Provider Group B,Diabetes Care,1,1,Compliant,2026-04-01,0,None,Not Needed,0,0.78
SYN02348,71,Male,East,Provider Group B,Medication Adherence,1,1,Compliant,2026-04-01,0,None,Not Needed,0,0.85
SYN02355,73,Male,South,Provider Group A,Diabetes Care,1,1,Compliant,2026-04-01,0,None,Not Needed,0,0.78
SYN02355,73,Male,South,Provider Group A,Follow-Up After Hospitalization,1,0,Open,2026-04-01,1,Care Coordinator,Reached,0,0.75
SYN02358,73,Male,South,Provider Group A,Colorectal Cancer Screening,1,0,Open,2026-04-01,0,None,Not Attempted,0,0.75
SYN02358,73,Male,South,Provider Group A,Controlling Blood Pressure,1,1,Compliant,2026-04-01,0,None,Not Needed,0,0.8
SYN02358,73,Male,South,Provider Group A,Medication Adherence,1,1,Compliant,2026-04-01,0,None,Not Needed,0,0.85
SYN02366,70,Female,North,Provider Group D,Breast Cancer Screening,1,1,Compliant,2026-04-01,0,None,Not Needed,0,0.8
SYN02366,70,Female,North,Provider Group D,Colorectal Cancer Screening,1,0,Open,2026-04-01,1,Mail,Unable to Reach,0,0.75
SYN02366,70,Female,North,Provider Group D,Controlling Blood Pressure,1,1,Compliant,2026-04-01,1,Care Coordinator,Reached,1,0.8
SYN02366,70,Female,North,Provider Group D,Follow-Up After Hospitalization,1,1,Compliant,2026-04-01,0,None,Not Needed,0,0.75
SYN02371,66,Female,South,Provider Group A,Colorectal Cancer Screening,1,0,Open,2026-04-01,0,None,Not Attempted,0,0.75
SYN02371,66,Female,South,Provider Group A,Diabetes Care,1,1,Compliant,2026-04-01,0,None,Not Needed,0,0.78
SYN02371,66,Female,South,Provider Group A,Follow-Up After Hospitalization,1,0,Open,2026-04-01,0,None,Not Attempted,0,0.75
SYN02371,66,Female,South,Provider Group A,Medication Adherence,1,1,Compliant,2026-04-01,0,None,Not Needed,0,0.85
SYN02387,66,Female,West,Provider Group D,Breast Cancer Screening,1,0,Open,2026-04-01,0,None,Not Attempted,0,0.8
SYN02387,66,Female,West,Provider Group D,Controlling Blood Pressure,1,1,Compliant,2026-04-01,0,None,Not Needed,0,0.8
SYN02387,66,Female,West,Provider Group D,Medication Adherence,1,1,Compliant,2026-04-01,0,None,Not Needed,0,0.85
SYN02405,71,Female,East,Provider Group A,Breast Cancer Screening,1,1,Compliant,2026-04-01,0,None,Not Needed,0,0.8
SYN02405,71,Female,East,Provider Group A,Colorectal Cancer Screening,1,1,Compliant,2026-04-01,0,None,Not Needed,0,0.75
SYN02405,71,Female,East,Provider Group A,Medication Adherence,0,0,Not Eligible,2026-04-01,0,None,Not Needed,0,0.85
SYN02408,65,Male,North,Provider Group C,Controlling Blood Pressure,1,1,Compliant,2026-04-01,0,None,Not Needed,0,0.8
SYN02408,65,Male,North,Provider Group C,Diabetes Care,1,0,Open,2026-04-01,3,Care Coordinator,Reached,0,0.78
SYN02408,65,Male,North,Provider Group C,Medication Adherence,1,1,Compliant,2026-04-01,0,None,Not Needed,0,0.85
SYN02416,68,Female,North,Provider Group D,Colorectal Cancer Screening,1,1,Compliant,2026-04-01,0,None,Not Needed,0,0.75
SYN02416,68,Female,North,Provider Group D,Diabetes Care,0,0,Not Eligible,2026-04-01,0,None,Not Needed,0,0.78
SYN02416,68,Female,North,Provider Group D,Follow-Up After Hospitalization,0,0,Not Eligible,2026-04-01,0,None,Not Needed,0,0.75
SYN02419,73,Female,South,Provider Group A,Colorectal Cancer Screening,1,0,Open,2026-04-01,0,None,Not Attempted,0,0.75
SYN02419,73,Female,South,Provider Group A,Controlling Blood Pressure,0,0,Not Eligible,2026-04-01,0,None,Not Needed,0,0.8
SYN02426,78,Female,South,Provider Group C,Breast Cancer Screening,0,0,Not Eligible,2026-04-01,0,None,Not Needed,0,0.8
SYN02426,78,Female,South,Provider Group C,Colorectal Cancer Screening,0,0,Not Eligible,2026-04-01,0,None,Not Needed,0,0.75
SYN02426,78,Female,South,Provider Group C,Diabetes Care,1,0,Open,2026-04-01,0,None,Not Attempted,0,0.78
SYN02426,78,Female,South,Provider Group C,Medication Adherence,0,0,Not Eligible,2026-04-01,0,None,Not Needed,0,0.85
SYN02429,83,Female,East,Provider Group E,Breast Cancer Screening,0,0,Not Eligible,2026-04-01,0,None,Not Needed,0,0.8
SYN02429,83,Female,East,Provider Group E,Follow-Up After Hospitalization,1,0,Open,2026-04-01,0,None,Not Attempted,0,0.75
SYN02432,67,Male,West,Provider Group A,Breast Cancer Screening,0,0,Not Eligible,2026-04-01,0,None,Not Needed,0,0.8
SYN02432,67,Male,West,Provider Group A,Colorectal Cancer Screening,1,1,Compliant,2026-04-01,0,None,Not Needed,0,0.75
SYN02432,67,Male,West,Provider Group A,Follow-Up After Hospitalization,1,1,Compliant,2026-04-01,0,None,Not Needed,0,0.75
SYN02432,67,Male,West,Provider Group A,Medication Adherence,1,1,Compliant,2026-04-01,0,None,Not Needed,0,0.85
SYN02435,76,Female,West,Provider Group C,Colorectal Cancer Screening,0,0,Not Eligible,2026-04-01,0,None,Not Needed,0,0.75
SYN02435,76,Female,West,Provider Group C,Controlling Blood Pressure,1,0,Open,2026-04-01,0,None,Not Attempted,0,0.8
SYN02435,76,Female,West,Provider Group C,Follow-Up After Hospitalization,1,1,Compliant,2026-04-01,4,Care Coordinator,Reached,1,0.75
SYN02437,75,Male,South,Provider Group A,Follow-Up After Hospitalization,1,1,Compliant,2026-04-01,0,None,Not Needed,0,0.75
SYN02444,79,Female,South,Provider Group A,Breast Cancer Screening,0,0,Not Eligible,2026-04-01,0,None,Not Needed,0,0.8
SYN02444,79,Female,South,Provider Group A,Colorectal Cancer Screening,0,0,Not Eligible,2026-04-01,0,None,Not Needed,0,0.75
SYN02444,79,Female,South,Provider Group A,Controlling Blood Pressure,1,1,Compliant,2026-04-01,0,None,Not Needed,0,0.8
SYN02444,79,Female,South,Provider Group A,Diabetes Care,1,1,Compliant,2026-04-01,0,None,Not Needed,0,0.78
SYN02446,72,Female,South,Provider Group A,Breast Cancer Screening,1,1,Compliant,2026-04-01,0,None,Not Needed,0,0.8
SYN02446,72,Female,South,Provider Group A,Controlling Blood Pressure,1,1,Compliant,2026-04-01,1,Care Coordinator,Reached,1,0.8
SYN02446,72,Female,South,Provider Group A,Diabetes Care,1,0,Open,2026-04-01,0,None,Not Attempted,0,0.78
SYN02453,69,Male,North,Provider Group C,Controlling Blood Pressure,1,0,Open,2026-04-01,1,SMS,Unable to Reach,0,0.8
SYN02453,69,Male,North,Provider Group C,Follow-Up After Hospitalization,1,1,Compliant,2026-04-01,1,SMS,Reached,1,0.75
SYN02453,69,Male,North,Provider Group C,Medication Adherence,1,0,Open,2026-04-01,2,Phone,Unable to Reach,0,0.85
SYN02454,88,Female,East,Provider Group C,Medication Adherence,0,0,Not Eligible,2026-04-01,0,None,Not Needed,0,0.85
SYN02457,67,Female,South,Provider Group B,Controlling Blood Pressure,1,1,Compliant,2026-04-01,0,None,Not Needed,0,0.8
SYN02457,67,Female,South,Provider Group B,Follow-Up After Hospitalization,1,0,Open,2026-04-01,0,None,Not Attempted,0,0.75
SYN02457,67,Female,South,Provider Group B,Medication Adherence,1,1,Compliant,2026-04-01,0,None,Not Needed,0,0.85
SYN02462,67,Female,North,Provider Group B,Colorectal Cancer Screening,1,1,Compliant,2026-04-01,0,None,Not Needed,0,0.75
SYN02462,67,Female,North,Provider Group B,Controlling Blood Pressure,1,0,Open,2026-04-01,1,Care Coordinator,Unable to Reach,0,0.8
SYN02462,67,Female,North,Provider Group B,Diabetes Care,1,0,Open,2026-04-01,2,Phone,Declined,0,0.78
SYN02462,67,Female,North,Provider Group B,Follow-Up After Hospitalization,1,0,Open,2026-04-01,1,Phone,Unable to Reach,0,0.75
SYN02466,67,Female,South,Provider Group A,Breast Cancer Screening,1,1,Compliant,2026-04-01,0,None,Not Needed,0,0.8
SYN02468,78,Male,South,Provider Group A,Breast Cancer Screening,0,0,Not Eligible,2026-04-01,0,None,Not Needed,0,0.8
SYN02468,78,Male,South,Provider Group A,Colorectal Cancer Screening,0,0,Not Eligible,2026-04-01,0,None,Not Needed,0,0.75
SYN02468,78,Male,South,Provider Group A,Diabetes Care,1,1,Compliant,2026-04-01,1,Phone,Reached,1,0.78
SYN02468,78,Male,South,Provider Group A,Follow-Up After Hospitalization,1,1,Compliant,2026-04-01,3,Care Coordinator,Reached,1,0.75
SYN02480,82,Female,West,Provider Group E,Breast Cancer Screening,0,0,Not Eligible,2026-04-01,0,None,Not Needed,0,0.8
SYN02480,82,Female,West,Provider Group E,Colorectal Cancer Screening,0,0,Not Eligible,2026-04-01,0,None,Not Needed,0,0.75
SYN02481,75,Male,North,Provider Group C,Follow-Up After Hospitalization,1,0,Open,2026-04-01,0,None,Not Attempted,0,0.75
SYN02481,75,Male,North,Provider Group C,Medication Adherence,1,1,Compliant,2026-04-01,0,None,Not Needed,0,0.85
SYN02488,70,Female,North,Provider Group D,Colorectal Cancer Screening,1,1,Compliant,2026-04-01,0,None,Not Needed,0,0.75
SYN02488,70,Female,North,Provider Group D,Controlling Blood Pressure,0,0,Not Eligible,2026-04-01,0,None,Not Needed,0,0.8
SYN02489,72,Female,West,Provider Group D,Breast Cancer Screening,1,1,Compliant,2026-04-01,0,None,Not Needed,0,0.8
SYN02489,72,Female,West,Provider Group D,Controlling Blood Pressure,1,1,Compliant,2026-04-01,0,None,Not Needed,0,0.8
SYN02489,72,Female,West,Provider Group D,Diabetes Care,0,0,Not Eligible,2026-04-01,0,None,Not Needed,0,0.78
SYN02489,72,Female,West,Provider Group D,Follow-Up After Hospitalization,1,1,Compliant,2026-04-01,1,Care Coordinator,Reached,1,0.75
SYN02489,72,Female,West,Provider Group D,Medication Adherence,1,0,Open,2026-04-01,1,Care Coordinator,Declined,0,0.85
SYN02490,80,Female,North,Provider Group A,Diabetes Care,0,0,Not Eligible,2026-04-01,0,None,Not Needed,0,0.78
SYN02504,72,Female,East,Provider Group A,Colorectal Cancer Screening,1,0,Open,2026-04-01,2,Phone,Reached,0,0.75
SYN02504,72,Female,East,Provider Group A,Controlling Blood Pressure,1,1,Compliant,2026-04-01,0,None,Not Needed,0,0.8
SYN02504,72,Female,East,Provider Group A,Diabetes Care,1,1,Compliant,2026-04-01,0,None,Not Needed,0,0.78
SYN02504,72,Female,East,Provider Group A,Follow-Up After Hospitalization,1,1,Compliant,2026-04-01,0,None,Not Needed,0,0.75
SYN02514,75,Female,East,Provider Group B,Colorectal Cancer Screening,1,0,Open,2026-04-01,3,SMS,Unable to Reach,0,0.75
SYN02514,75,Female,East,Provider Group B,Controlling Blood Pressure,1,1,Compliant,2026-04-01,0,None,Not Needed,0,0.8
SYN02514,75,Female,East,Provider Group B,Follow-Up After Hospitalization,0,0,Not Eligible,2026-04-01,0,None,Not Needed,0,0.75
SYN02518,68,Female,South,Provider Group B,Colorectal Cancer Screening,1,1,Compliant,2026-04-01,0,None,Not Needed,0,0.75
SYN02518,68,Female,South,Provider Group B,Diabetes Care,1,1,Compliant,2026-04-01,0,None,Not Needed,0,0.78
SYN02518,68,Female,South,Provider Group B,Follow-Up After Hospitalization,1,1,Compliant,2026-04-01,1,Phone,Reached,1,0.75
SYN02523,74,Female,South,Provider Group B,Breast Cancer Screening,1,1,Compliant,2026-04-01,0,None,Not Needed,0,0.8
SYN02523,74,Female,South,Provider Group B,Colorectal Cancer Screening,1,0,Open,2026-04-01,1,Phone,Unable to Reach,0,0.75
SYN02523,74,Female,South,Provider Group B,Controlling Blood Pressure,1,1,Compliant,2026-04-01,0,None,Not Needed,0,0.8
SYN02523,74,Female,South,Provider Group B,Medication Adherence,1,1,Compliant,2026-04-01,0,None,Not Needed,0,0.85
SYN02538,74,Male,North,Provider Group C,Controlling Blood Pressure,1,1,Compliant,2026-04-01,0,None,Not Needed,0,0.8
SYN02547,74,Female,East,Provider Group B,Colorectal Cancer Screening,1,0,Open,2026-04-01,0,None,Not Attempted,0,0.75
SYN02547,74,Female,East,Provider Group B,Diabetes Care,1,0,Open,2026-04-01,2,SMS,Declined,0,0.78
SYN02552,81,Female,South,Provider Group A,Breast Cancer Screening,0,0,Not Eligible,2026-04-01,0,None,Not Needed,0,0.8
SYN02552,81,Female,South,Provider Group A,Colorectal Cancer Screening,0,0,Not Eligible,2026-04-01,0,None,Not Needed,0,0.75
SYN02552,81,Female,South,Provider Group A,Controlling Blood Pressure,1,1,Compliant,2026-04-01,0,None,Not Needed,0,0.8
SYN02554,68,Male,East,Provider Group B,Colorectal Cancer Screening,1,1,Compliant,2026-04-01,0,None,Not Needed,0,0.75
SYN02554,68,Male,East,Provider Group B,Controlling Blood Pressure,1,0,Open,2026-04-01,3,Mail,Reached,0,0.8
SYN02554,127,Male,East,Provider Group B,Diabetes Care,0,0,Not Eligible,2026-04-01,0,None,Not Needed,0,0.78
SYN02554,68,Male,East,Provider Group B,Follow-Up After Hospitalization,0,0,Not Eligible,2026-04-01,0,None,Not Needed,0,0.75
SYN02554,68,Male,East,Provider Group B,Medication Adherence,1,1,Compliant,2026-04-01,0,None,Not Needed,0,0.85
SYN02565,75,Male,East,Provider Group A,Controlling Blood Pressure,1,1,Compliant,2026-04-01,0,None,Not Needed,0,0.8
SYN02565,75,Male,East,Provider Group A,Follow-Up After Hospitalization,1,0,Open,2026-04-01,1,Phone,Declined,0,0.75
SYN02568,66,Male,West,Provider Group B,Medication Adherence,1,1,Compliant,2026-04-01,0,None,Not Needed,0,0.85
SYN02573,81,Male,West,Provider Group D,Colorectal Cancer Screening,0,0,Not Eligible,2026-04-01,0,None,Not Needed,0,0.75
SYN02590,67,Male,East,Provider Group B,Breast Cancer Screening,0,0,Not Eligible,2026-04-01,0,None,Not Needed,0,0.8
SYN02590,67,Male,East,Provider Group B,Colorectal Cancer Screening,1,1,Compliant,2026-04-01,0,None,Not Needed,0,0.75
SYN02590,67,Male,East,Provider Group B,Controlling Blood Pressure,0,0,Not Eligible,2026-04-01,0,None,Not Needed,0,0.8
SYN02590,67,Male,East,Provider Group B,Diabetes Care,1,1,Compliant,2026-04-01,0,None,Not Needed,0,0.78
,67,Male,East,Provider Group B,Medication Adherence,0,0,Not Eligible,2026-04-01,0,None,Not Needed,0,0.85
SYN02595,71,Female,North,Provider Group E,Breast Cancer Screening,1,1,Compliant,2026-04-01,0,None,Not Needed,0,0.8
SYN02595,71,Female,North,Provider Group E,Colorectal Cancer Screening,1,0,Open,2026-04-01,0,None,Not Attempted,0,0.75
SYN02595,71,Female,North,Provider Group E,Medication Adherence,1,1,Compliant,2026-04-01,0,None,Not Needed,0,0.85
SYN02597,84,Female,North,Provider Group A,Controlling Blood Pressure,0,0,Not Eligible,2026-04-01,0,None,Not Needed,0,0.8
SYN02597,84,Female,North,Provider Group A,Medication Adherence,1,1,Compliant,2026-04-01,0,None,Not Needed,0,0.85
SYN02600,68,Female,West,Provider Group B,Colorectal Cancer Screening,1,1,Compliant,2026-04-01,0,None,Not Needed,0,0.75
SYN02600,68,Female,West,Provider Group B,Controlling Blood Pressure,1,1,Compliant,2026-04-01,0,None,Not Needed,0,0.8
SYN02600,68,Female,West,Provider Group B,Diabetes Care,1,1,Compliant,2026-04-01,0,None,Not Needed,0,0.78
SYN02600,68,Female,West,Provider Group B,Medication Adherence,1,1,Compliant,2026-04-01,0,None,Not Needed,0,0.85
SYN02601,75,Female,West,Provider Group D,Controlling Blood Pressure,1,1,Compliant,2026-04-01,0,None,Not Needed,0,0.8
SYN02601,75,Female,West,Provider Group D,Diabetes Care,0,0,Not Eligible,2026-04-01,0,None,Not Needed,0,0.78
SYN02601,75,Female,West,Provider Group D,Follow-Up After Hospitalization,1,0,Open,2026-04-01,2,SMS,Unable to Reach,0,0.75
SYN02614,82,Male,North,Provider Group D,Colorectal Cancer Screening,0,0,Not Eligible,2026-04-01,0,None,Not Needed,0,0.75
SYN02614,82,Male,North,Provider Group D,Diabetes Care,1,1,Compliant,2026-04-01,0,None,Not Needed,0,0.78
SYN02614,82,Male,North,Provider Group D,Medication Adherence,1,1,Compliant,2026-04-01,0,None,Not Needed,0,0.85
SYN02630,65,Male,North,Provider Group E,Diabetes Care,0,0,Not Eligible,2026-04-01,0,None,Not Needed,0,0.78
SYN02630,65,Male,North,Provider Group E,Follow-Up After Hospitalization,1,1,Compliant,2026-04-01,0,None,Not Needed,0,0.75
SYN02630,65,Male,North,Provider Group E,Medication Adherence,1,1,Compliant,2026-04-01,0,None,Not Needed,0,0.85
SYN02631,81,Female,East,Provider Group A,Breast Cancer Screening,0,0,Not Eligible,2026-04-01,0,None,Not Needed,0,0.8
SYN02631,81,Female,East,Provider Group A,Colorectal Cancer Screening,0,0,Not Eligible,2026-04-01,0,None,Not Needed,0,0.75
SYN02631,81,Female,East,Provider Group A,Medication Adherence,1,1,Compliant,2026-04-01,0,None,Not Needed,0,0.85
SYN02636,84,Male,West,Provider Group D,Breast Cancer Screening,0,0,Not Eligible,2026-04-01,0,None,Not Needed,0,0.8
SYN02636,84,Male,West,Provider Group D,Diabetes Care,1,1,Compliant,2026-04-01,0,None,Not Needed,0,0.78
SYN02636,84,Male,West,Provider Group D,Medication Adherence,1,0,Open,2026-04-01,3,SMS,Reached,0,0.85
SYN02637,83,Male,South,Provider Group A,Colorectal Cancer Screening,0,0,Not Eligible,2026-04-01,0,None,Not Needed,0,0.75
SYN02637,83,Male,South,Provider Group A,Medication Adherence,1,1,Compliant,2026-04-01,0,None,Not Needed,0,0.85
SYN02642,74,Male,South,Provider Group E,Colorectal Cancer Screening,1,0,Open,2026-04-01,0,None,Not Attempted,0,0.75
SYN02642,74,Male,South,Provider Group E,Controlling Blood Pressure,1,1,Compliant,2026-04-01,2,Phone,Reached,1,0.8
SYN02642,74,Male,South,Provider Group E,Diabetes Care,1,1,Compliant,2026-04-01,0,None,Not Needed,0,0.78
SYN02642,74,Male,South,Provider Group E,Medication Adherence,1,1,Compliant,2026-04-01,0,None,Not Needed,0,0.85
SYN02643,72,Female,West,Provider Group C,Colorectal Cancer Screening,0,0,Not Eligible,2026-04-01,0,None,Not Needed,0,0.75
SYN02643,72,Female,West,Provider Group C,Controlling Blood Pressure,1,1,Compliant,2026-04-01,0,None,Not Needed,0,0.8
SYN02643,72,Female,West,Provider Group C,Follow-Up After Hospitalization,1,1,Compliant,2026-04-01,0,None,Not Needed,0,0.75
SYN02656,75,Male,West,Provider Group E,Colorectal Cancer Screening,1,1,Compliant,2026-04-01,0,None,Not Needed,0,0.75
SYN02656,75,Male,West,Provider Group E,Medication Adherence,1,1,Compliant,2026-04-01,0,None,Not Needed,0,0.85
SYN02660,83,Female,South,Provider Group E,Controlling Blood Pressure,1,1,Compliant,2026-04-01,2,Care Coordinator,Reached,1,0.8
SYN02660,83,Female,South,Provider Group E,Medication Adherence,1,1,Compliant,2026-04-01,0,None,Not Needed,0,0.85
SYN02662,73,Male,North,Provider Group D,Controlling Blood Pressure,1,1,Compliant,2026-04-01,0,None,Not Needed,0,0.8
SYN02662,73,Male,North,Provider Group D,Diabetes Care,1,1,Compliant,2026-04-01,0,None,Not Needed,0,0.78
SYN02662,73,Male,North,Provider Group D,Follow-Up After Hospitalization,1,0,Open,2026-04-01,1,Care Coordinator,Declined,0,0.75
SYN02674,66,Female,South,Provider Group D,Colorectal Cancer Screening,1,0,Open,2026-04-01,1,Phone,Reached,0,0.75
SYN02674,66,Female,South,Provider Group D,Controlling Blood Pressure,1,0,Open,2026-04-01,0,None,Not Attempted,0,0.8
SYN02674,66,Female,South,Provider Group D,Medication Adherence,1,0,Open,2026-04-01,3,Phone,Declined,0,0.85
SYN02678,76,Male,South,Provider Group C,Controlling Blood Pressure,1,1,Compliant,2026-04-01,0,None,Not Needed,0,0.8
SYN02678,76,Male,South,Provider Group C,Diabetes Care,0,0,Not Eligible,2026-04-01,0,None,Not Needed,0,0.78
SYN02678,76,Male,South,Provider Group C,Medication Adherence,1,1,Compliant,2026-04-01,0,None,Not Needed,0,0.85
SYN02681,67,Female,South,Provider Group D,Colorectal Cancer Screening,1,1,Compliant,2026-04-01,0,None,Not Needed,0,0.75
SYN02681,67,Female,South,Provider Group D,Controlling Blood Pressure,0,0,Not Eligible,2026-04-01,0,None,Not Needed,0,0.8
SYN02691,75,Female,North,Provider Group D,Colorectal Cancer Screening,1,1,Compliant,2026-04-01,1,Phone,Reached,1,0.75
SYN02691,75,Female,North,Provider Group D,Diabetes Care,0,0,Not Eligible,2026-04-01,0,None,Not Needed,0,0.78
SYN02695,69,Male,East,Provider Group B,Colorectal Cancer Screening,1,1,Compliant,2026-04-01,0,None,Not Needed,0,0.75
SYN02695,69,Male,East,Provider Group B,Controlling Blood Pressure,1,1,Compliant,2026-04-01,0,None,Not Needed,0,0.8
SYN02697,65,Male,East,Provider Group A,Breast Cancer Screening,0,0,Not Eligible,2026-04-01,0,None,Not Needed,0,0.8
SYN02697,65,Male,East,Provider Group A,Colorectal Cancer Screening,1,1,Compliant,2026-04-01,0,None,Not Needed,0,0.75
SYN02709,71,Female,South,Provider Group C,Controlling Blood Pressure,1,1,Compliant,2026-04-01,0,None,Not Needed,0,0.8
SYN02710,65,Female,South,Provider Group D,Breast Cancer Screening,1,1,Compliant,2026-04-01,0,None,Not Needed,0,0.8
SYN02710,65,Female,South,Provider Group D,Controlling Blood Pressure,1,1,Compliant,2026-04-01,0,None,Not Needed,0,0.8
SYN02710,65,Female,South,Provider Group D,Medication Adherence,0,0,Not Eligible,2026-04-01,0,None,Not Needed,0,0.85
SYN02712,70,Female,East,Provider Group A,Diabetes Care,0,0,Not Eligible,2026-04-01,0,None,Not Needed,0,0.78
SYN02712,70,Female,East,Provider Group A,Medication Adherence,1,0,Open,2026-04-01,0,None,Not Attempted,0,0.85
SYN02715,76,Male,South,Provider Group B,Colorectal Cancer Screening,0,0,Not Eligible,2026-04-01,0,None,Not Needed,0,0.75
SYN02715,76,Male,South,Provider Group B,Controlling Blood Pressure,1,1,Compliant,2026-04-01,0,None,Not Needed,0,0.8
SYN02715,76,Male,South,Provider Group B,Diabetes Care,1,1,Compliant,2026-04-01,0,None,Not Needed,0,0.78
SYN02717,67,Female,West,Provider Group C,Breast Cancer Screening,1,1,Compliant,2026-04-01,0,None,Not Needed,0,0.8
SYN02717,67,Female,West,Provider Group C,Diabetes Care,0,0,Not Eligible,2026-04-01,0,None,Not Needed,0,0.78
SYN02717,67,Female,West,Provider Group C,Follow-Up After Hospitalization,1,1,Compliant,2026-04-01,2,Phone,Reached,1,0.75
SYN02724,80,Male,East,Provider Group C,Controlling Blood Pressure,0,0,Not Eligible,2026-04-01,0,None,Not Needed,0,0.8
SYN02724,80,Male,East,Provider Group C,Diabetes Care,0,0,Not Eligible,2026-04-01,0,None,Not Needed,0,0.78
SYN02724,80,Male,East,Provider Group C,Follow-Up After Hospitalization,0,0,Not Eligible,2026-04-01,0,None,Not Needed,0,0.75
SYN02724,80,Male,East,Provider Group C,Medication Adherence,1,1,Compliant,2026-04-01,0,None,Not Needed,0,0.85
SYN02731,84,Male,North,Provider Group E,Controlling Blood Pressure,1,1,Compliant,2026-04-01,1,Phone,Reached,1,0.8
SYN02731,84,Male,North,Provider Group E,Diabetes Care,1,1,Compliant,2026-04-01,1,Phone,Reached,1,0.78
SYN02731,84,Male,North,Provider Group E,Medication Adherence,0,0,Not Eligible,2026-04-01,0,None,Not Needed,0,0.85
SYN02737,78,Female,North,Provider Group C,Breast Cancer Screening,0,0,Not Eligible,2026-04-01,0,None,Not Needed,0,0.8
SYN02737,78,Female,North,Provider Group C,Colorectal Cancer Screening,0,0,Not Eligible,2026-04-01,0,None,Not Needed,0,0.75
SYN02737,78,Female,North,Provider Group C,Controlling Blood Pressure,1,1,Compliant,2026-04-01,0,None,Not Needed,0,0.8
SYN02737,78,Female,North,Provider Group C,Follow-Up After Hospitalization,0,0,Not Eligible,2026-04-01,0,None,Not Needed,0,0.75
SYN02737,78,Female,North,Provider Group C,Medication Adherence,1,0,Open,2026-04-01,2,Phone,Unable to Reach,0,0.85
SYN02749,76,Female,West,Provider Group D,Breast Cancer Screening,0,0,Not Eligible,2026-04-01,0,None,Not Needed,0,0.8
SYN02749,76,Female,West,Provider Group D,Diabetes Care,1,1,Compliant,2026-04-01,0,None,Not Needed,0,0.78
SYN02749,76,Female,West,Provider Group D,Medication Adherence,1,1,Compliant,2026-04-01,0,None,Not Needed,0,0.85
SYN02755,86,Male,North,Provider Group A,Colorectal Cancer Screening,0,0,Not Eligible,2026-04-01,0,None,Not Needed,0,0.75
SYN02755,86,Male,North,Provider Group A,Diabetes Care,1,1,Compliant,2026-04-01,0,None,Not Needed,0,0.78
SYN02755,86,Male,North,Provider Group A,Medication Adherence,1,1,Compliant,2026-04-01,0,None,Not Needed,0,0.85
SYN02770,86,Female,South,Provider Group B,Colorectal Cancer Screening,0,0,Not Eligible,2026-04-01,0,None,Not Needed,0,0.75
SYN02770,86,Female,South,Provider Group B,Diabetes Care,1,0,Open,2026-04-01,0,None,Not Attempted,0,0.78
SYN02771,69,Male,West,Provider Group D,Controlling Blood Pressure,1,1,Compliant,2026-04-01,1,Phone,Reached,1,0.8
SYN02771,69,Male,West,Provider Group D,Diabetes Care,0,0,Not Eligible,2026-04-01,0,None,Not Needed,0,0.78
SYN02771,69,Male,West,Provider Group D,Medication Adherence,1,1,Compliant,2026-04-01,0,None,Not Needed,0,0.85
SYN02772,83,Male,East,Provider Group C,Controlling Blood Pressure,1,1,Compliant,2026-04-01,0,None,Not Needed,0,0.8
SYN02772,83,Male,East,Provider Group C,Diabetes Care,1,0,Open,2026-04-01,1,SMS,Unable to Reach,0,0.78
SYN02772,83,Male,East,Provider Group C,Follow-Up After Hospitalization,0,0,Not Eligible,2026-04-01,0,None,Not Needed,0,0.75
SYN02779,75,Male,North,Provider Group B,Colorectal Cancer Screening,1,1,Compliant,2026-04-01,0,None,Not Needed,0,0.75
SYN02792,69,Male,North,Provider Group A,Controlling Blood Pressure,1,1,Compliant,2026-04-01,0,None,Not Needed,0,0.8
SYN02792,69,Male,North,Provider Group A,Diabetes Care,1,1,Compliant,2026-04-01,0,None,Not Needed,0,0.78
SYN02807,81,Female,South,Provider Group C,Breast Cancer Screening,0,0,Not Eligible,2026-04-01,0,None,Not Needed,0,0.8
SYN02817,65,Female,South,Provider Group B,Medication Adherence,1,1,Compliant,2026-04-01,0,None,Not Needed,0,0.85
SYN02819,69,Male,East,Provider Group D,Controlling Blood Pressure,0,0,Not Eligible,2026-04-01,0,None,Not Needed,0,0.8
SYN02819,69,Male,East,Provider Group D,Diabetes Care,0,0,Not Eligible,2026-04-01,0,None,Not Needed,0,0.78
SYN02819,69,Male,East,Provider Group D,Medication Adherence,1,1,Compliant,2026-04-01,0,None,Not Needed,0,0.85
SYN02822,73,Female,East,Provider Group C,Breast Cancer Screening,1,0,Open,2026-04-01,2,Phone,Reached,0,0.8
SYN02822,73,Female,East,Provider Group C,Controlling Blood Pressure,1,1,Compliant,2026-04-01,0,None,Not Needed,0,0.8
SYN02822,73,Female,East,Provider Group C,Diabetes Care,1,0,Open,2026-04-01,2,Mail,Unable to Reach,0,0.78
SYN02822,73,Female,East,Provider Group C,Follow-Up After Hospitalization,1,0,Open,2026-04-01,1,SMS,Reached,0,0.75
SYN02823,67,Female,West,Provider Group B,Breast Cancer Screening,1,0,Open,2026-04-01,2,Mail,Unable to Reach,0,0.8
SYN02823,67,Female,West,Provider Group B,Colorectal Cancer Screening,1,1,Compliant,2026-04-01,0,None,Not Needed,0,0.75
SYN02824,74,Female,South,Provider Group E,Breast Cancer Screening,1,1,Compliant,2026-04-01,0,None,Not Needed,0,0.8
SYN02836,85,Female,South,Provider Group D,Colorectal Cancer Screening,0,0,Not Eligible,2026-04-01,0,None,Not Needed,0,0.75
SYN02836,85,Female,South,Provider Group D,Follow-Up After Hospitalization,1,0,Open,2026-04-01,0,None,Not Attempted,0,0.75
SYN02839,71,Female,West,Provider Group B,Breast Cancer Screening,1,1,Compliant,2026-04-01,0,None,Not Needed,0,0.8
SYN02853,82,Female,West,Provider Group D,Diabetes Care,1,0,Open,2026-04-01,1,SMS,Reached,0,0.78
SYN02854,81,Male,North,Provider Group A,Colorectal Cancer Screening,0,0,Not Eligible,2026-04-01,0,None,Not Needed,0,0.75
SYN02854,81,Male,North,Provider Group A,Follow-Up After Hospitalization,1,1,Compliant,2026-04-01,0,None,Not Needed,0,0.75
SYN02858,68,Male,North,Provider Group D,Controlling Blood Pressure,1,1,Compliant,2026-04-01,0,None,Not Needed,0,0.8
SYN02858,68,Male,North,Provider Group D,Diabetes Care,0,0,Not Eligible,2026-04-01,0,None,Not Needed,0,0.78
SYN02859,65,Female,South,Provider Group D,Breast Cancer Screening,1,0,Open,2026-04-01,1,Phone,Reached,0,0.8
SYN02859,65,Female,South,Provider Group D,Colorectal Cancer Screening,1,0,Open,2026-04-01,0,None,Not Attempted,0,0.75
SYN02859,65,Female,South,Provider Group D,Diabetes Care,1,1,Compliant,2026-04-01,0,None,Not Needed,0,0.78
SYN02885,74,Male,East,Provider Group D,Diabetes Care,1,1,Compliant,2026-04-01,0,None,Not Needed,0,0.78
SYN02885,74,Male,East,Provider Group D,Medication Adherence,1,1,Compliant,2026-04-01,0,None,Not Needed,0,0.85
SYN02887,70,Male,North,Provider Group C,Controlling Blood Pressure,1,0,Open,2026-04-01,2,Mail,Unable to Reach,0,0.8
SYN02887,70,Male,North,Provider Group C,Diabetes Care,1,0,Open,2026-04-01,0,None,Not Attempted,0,0.78
SYN02887,70,Male,North,Provider Group C,Follow-Up After Hospitalization,0,0,Not Eligible,2026-04-01,0,None,Not Needed,0,0.75
SYN02887,70,Male,North,Provider Group C,Medication Adherence,1,1,Compliant,2026-04-01,0,None,Not Needed,0,0.85
SYN02900,66,Male,South,Provider Group A,Controlling Blood Pressure,0,0,Not Eligible,2026-04-01,0,None,Not Needed,0,0.8
SYN02900,66,Male,South,Provider Group A,Follow-Up After Hospitalization,1,0,Open,2026-04-01,0,None,Not Attempted,0,0.75
SYN02900,66,Male,South,Provider Group A,Medication Adherence,1,1,Compliant,2026-04-01,0,None,Not Needed,0,0.85
SYN02921,73,Male,West,Provider Group A,Breast Cancer Screening,0,0,Not Eligible,2026-04-01,0,None,Not Needed,0,0.8
SYN02924,69,Female,South,Provider Group A,Controlling Blood Pressure,1,1,Compliant,2026-04-01,0,None,Not Needed,0,0.8
SYN02924,69,Female,South,Provider Group A,Diabetes Care,1,0,Open,2026-04-01,2,SMS,Unable to Reach,0,0.78
SYN02931,70,Female,North,Provider Group B,Breast Cancer Screening,1,1,Compliant,2026-04-01,0,None,Not Needed,0,0.8
SYN02931,70,Female,North,Provider Group B,Colorectal Cancer Screening,0,0,Not Eligible,2026-04-01,0,None,Not Needed,0,0.75
SYN02939,66,Male,North,Provider Group D,Breast Cancer Screening,0,0,Not Eligible,2026-04-01,0,None,Not Needed,0,0.8
SYN02939,66,Male,North,Provider Group D,Colorectal Cancer Screening,1,0,Open,2026-04-01,2,Phone,Declined,0,0.75
SYN02939,66,Male,North,Provider Group D,Controlling Blood Pressure,1,1,Compliant,2026-04-01,0,None,Not Needed,0,0.8
SYN02944,74,Female,North,Provider Group A,Controlling Blood Pressure,1,1,Compliant,2026-04-01,0,None,Not Needed,0,0.8
SYN02944,74,Female,North,Provider Group A,Medication Adherence,1,1,Compliant,2026-04-01,0,None,Not Needed,0,0.85
SYN02945,68,Male,North,Provider Group B,Colorectal Cancer Screening,1,1,Compliant,2026-04-01,0,None,Not Needed,0,0.75
SYN02945,68,Male,North,Provider Group B,Controlling Blood Pressure,1,1,Compliant,2026-04-01,0,None,Not Needed,0,0.8
SYN02945,68,Male,North,Provider Group B,Medication Adherence,1,1,Compliant,2026-04-01,0,None,Not Needed,0,0.85
SYN02948,71,Female,West,Provider Group C,Breast Cancer Screening,1,1,Compliant,2026-04-01,0,None,Not Needed,0,0.8
SYN02948,71,Female,West,Provider Group C,Controlling Blood Pressure,0,0,Not Eligible,2026-04-01,0,None,Not Needed,0,0.8
SYN02966,69,Male,North,Provider Group D,Breast Cancer Screening,0,0,Not Eligible,2026-04-01,0,None,Not Needed,0,0.8
SYN02966,69,Male,North,Provider Group D,Colorectal Cancer Screening,1,1,Compliant,2026-04-01,0,None,Not Needed,0,0.75
SYN02976,65,Male,East,Provider Group B,Medication Adherence,0,0,Not Eligible,2026-04-01,0,None,Not Needed,0,0.85
SYN02988,87,Male,East,Provider Group D,Colorectal Cancer Screening,0,0,Not Eligible,2026-04-01,0,None,Not Needed,0,0.75
SYN02988,87,Male,East,Provider Group D,Controlling Blood Pressure,1,1,Compliant,2026-04-01,0,None,Not Needed,0,0.8
SYN02988,87,Male,East,Provider Group D,Medication Adherence,1,0,Open,2026-04-01,1,Mail,Reached,0,0.85
SYN02989,67,Female,North,Provider Group A,Breast Cancer Screening,0,0,Not Eligible,2026-04-01,0,None,Not Needed,0,0.8
SYN02989,67,Female,North,Provider Group A,Colorectal Cancer Screening,1,1,Compliant,2026-04-01,0,None,Not Needed,0,0.75
SYN02989,67,Female,North,Provider Group A,Controlling Blood Pressure,1,1,Compliant,2026-04-01,0,None,Not Needed,0,0.8
SYN02990,67,Male,South,Provider Group B,Controlling Blood Pressure,1,1,Compliant,2026-04-01,0,None,Not Needed,0,0.8
SYN02990,67,Male,South,Provider Group B,Diabetes Care,1,1,Compliant,2026-04-01,0,None,Not Needed,0,0.78
SYN02997,65,Female,East,Provider Group B,Controlling Blood Pressure,1,1,Compliant,2026-04-01,0,None,Not Needed,0,0.8
SYN02997,65,Female,East,Provider Group B,Diabetes Care,0,0,Not Eligible,2026-04-01,0,None,Not Needed,0,0.78
SYN02997,65,Female,East,Provider Group B,Follow-Up After Hospitalization,1,1,Compliant,2026-04-01,0,None,Not Needed,0,0.75
SYN02997,65,Female,East,Provider Group B,Medication Adherence,0,0,Not Eligible,2026-04-01,0,None,Not Needed,0,0.85
SYN03010,66,Female,North,Provider Group A,Breast Cancer Screening,1,0,Open,2026-04-01,1,Phone,Reached,0,0.8
SYN03010,66,Female,North,Provider Group A,Controlling Blood Pressure,1,1,Compliant,2026-04-01,0,None,Not Needed,0,0.8
SYN03010,66,Female,North,Provider Group A,Diabetes Care,1,1,Compliant,2026-04-01,0,None,Not Needed,0,0.78
SYN03016,75,Male,East,Provider Group D,Controlling Blood Pressure,1,0,Open,2026-04-01,2,Mail,Unable to Reach,0,0.8
SYN03016,75,Male,East,Provider Group D,Diabetes Care,1,1,Compliant,2026-04-01,0,None,Not Needed,0,0.78
SYN03016,75,Male,East,Provider Group D,Medication Adherence,1,1,Compliant,2026-04-01,0,None,Not Needed,0,0.85
SYN03024,86,Male,West,Provider Group A,Controlling Blood Pressure,1,1,Compliant,2026-04-01,0,None,Not Needed,0,0.8
SYN03024,86,Male,West,Provider Group A,Medication Adherence,1,1,Compliant,2026-04-01,0,None,Not Needed,0,0.85
SYN03030,70,Male,North,Provider Group B,Diabetes Care,1,0,Open,2026-04-01,1,Mail,Unable to Reach,0,0.78
SYN03030,70,Male,North,Provider Group B,Follow-Up After Hospitalization,0,0,Not Eligible,2026-04-01,0,None,Not Needed,0,0.75
SYN03030,70,Male,North,Provider Group B,Medication Adherence,1,1,Compliant,2026-04-01,0,None,Not Needed,0,0.85
SYN03043,71,Female,West,Provider Group E,Follow-Up After Hospitalization,0,0,Not Eligible,2026-04-01,0,None,Not Needed,0,0.75
SYN03043,71,Female,West,Provider Group E,Medication Adherence,1,1,Compliant,2026-04-01,0,None,Not Needed,0,0.85
SYN03044,68,Female,West,Provider Group B,Controlling Blood Pressure,1,1,Compliant,2026-04-01,0,None,Not Needed,0,0.8
SYN03044,68,Female,West,Provider Group B,Medication Adherence,0,0,Not Eligible,2026-04-01,0,None,Not Needed,0,0.85
SYN03048,85,Female,West,Provider Group B,Breast Cancer Screening,0,0,Not Eligible,2026-04-01,0,None,Not Needed,0,0.8
SYN03048,85,Female,West,Provider Group B,Controlling Blood Pressure,1,0,Open,2026-04-01,3,Mail,Unable to Reach,0,0.8
SYN03048,85,Female,West,Provider Group B,Diabetes Care,1,1,Compliant,2026-04-01,0,None,Not Needed,0,0.78
SYN03048,85,Female,West,Provider Group B,Medication Adherence,1,1,Compliant,2026-04-01,0,None,Not Needed,0,0.85
SYN03051,72,Male,East,Provider Group D,Colorectal Cancer Screening,1,0,Open,2026-04-01,3,Phone,Reached,0,0.75
SYN03051,72,Male,East,Provider Group D,Diabetes Care,1,1,Compliant,2026-04-01,0,None,Not Needed,0,0.78
SYN03061,73,Female,South,Provider Group B,Breast Cancer Screening,1,1,Compliant,2026-04-01,0,None,Not Needed,0,0.8
SYN03061,73,Female,South,Provider Group B,Controlling Blood Pressure,1,0,Open,2026-04-01,2,Mail,Reached,0,0.8
SYN03061,73,Female,South,Provider Group B,Diabetes Care,0,0,Not Eligible,2026-04-01,0,None,Not Needed,0,0.78
SYN03064,71,Male,West,Provider Group D,Colorectal Cancer Screening,1,1,Compliant,2026-04-01,0,None,Not Needed,0,0.75
SYN03064,71,Male,West,Provider Group D,Medication Adherence,1,1,Compliant,2026-04-01,0,None,Not Needed,0,0.85
SYN03073,75,Female,North,Provider Group A,Colorectal Cancer Screening,1,0,Open,2026-04-01,4,SMS,Reached,0,0.75
SYN03073,75,Female,North,Provider Group A,Controlling Blood Pressure,1,0,Open,2026-04-01,2,Phone,Declined,0,0.8
SYN03073,75,Female,North,Provider Group A,Medication Adherence,1,1,Compliant,2026-04-01,0,None,Not Needed,0,0.85
SYN03084,85,Female,West,Provider Group B,Diabetes Care,0,0,Not Eligible,2026-04-01,0,None,Not Needed,0,0.78
SYN03084,85,Female,West,Provider Group B,Medication Adherence,1,0,Open,2026-04-01,0,None,Not Attempted,0,0.85
SYN03085,66,Female,North,Provider Group D,Diabetes Care,0,0,Not Eligible,2026-04-01,0,None,Not Needed,0,0.78
SYN03085,66,Female,North,Provider Group D,Follow-Up After Hospitalization,1,1,Compliant,2026-04-01,3,Phone,Reached,1,0.75
SYN03085,66,Female,North,Provider Group D,Medication Adherence,1,1,Compliant,2026-04-01,0,None,Not Needed,0,0.85
SYN03086,65,Female,North,Provider Group C,Breast Cancer Screening,1,1,Compliant,2026-04-01,0,None,Not Needed,0,0.8
SYN03086,65,Female,North,Provider Group C,Colorectal Cancer Screening,1,1,Compliant,2026-04-01,0,None,Not Needed,0,0.75
SYN03086,65,Female,North,Provider Group C,Diabetes Care,0,0,Not Eligible,2026-04-01,0,None,Not Needed,0,0.78
SYN03091,83,Female,West,Provider Group B,Colorectal Cancer Screening,0,0,Not Eligible,2026-04-01,0,None,Not Needed,0,0.75
SYN03091,83,Female,West,Provider Group B,Controlling Blood Pressure,1,1,Compliant,2026-04-01,0,None,Not Needed,0,0.8
SYN03094,79,Female,South,Provider Group B,Breast Cancer Screening,0,0,Not Eligible,2026-04-01,0,None,Not Needed,0,0.8
SYN03094,79,Female,South,Provider Group B,Medication Adherence,1,0,Open,2026-04-01,1,Phone,Unable to Reach,0,0.85
SYN03101,71,Female,West,Provider Group E,Breast Cancer Screening,1,1,Compliant,2026-04-01,0,None,Not Needed,0,0.8
SYN03101,71,Female,West,Provider Group E,Colorectal Cancer Screening,1,0,Open,2026-04-01,2,Mail,Unable to Reach,0,0.75
SYN03101,71,Female,West,Provider Group E,Controlling Blood Pressure,1,1,Compliant,2026-04-01,0,None,Not Needed,0,0.8
SYN03101,71,Female,West,Provider Group E,Follow-Up After Hospitalization,1,0,Open,2026-04-01,0,None,Not Attempted,0,0.75
SYN03110,75,Female,South,Provider Group D,Breast Cancer Screening,0,0,Not Eligible,2026-04-01,0,None,Not Needed,0,0.8
SYN03112,75,Male,West,Provider Group B,Diabetes Care,1,1,Compliant,2026-04-01,0,None,Not Needed,0,0.78
SYN03117,74,Female,South,Provider Group A,Colorectal Cancer Screening,1,1,Compliant,2026-04-01,0,None,Not Needed,0,0.75
SYN03117,74,Female,South,Provider Group A,Controlling Blood Pressure,0,0,Not Eligible,2026-04-01,0,None,Not Needed,0,0.8
SYN03117,74,Female,South,Provider Group A,Medication Adherence,1,1,Compliant,2026-04-01,0,None,Not Needed,0,0.85
SYN03118,71,Male,East,Provider Group D,Follow-Up After Hospitalization,1,1,Compliant,2026-04-01,0,None,Not Needed,0,0.75
SYN03118,71,Male,East,Provider Group D,Medication Adherence,1,1,Compliant,2026-04-01,0,None,Not Needed,0,0.85
SYN03125,81,Female,South,Provider Group D,Breast Cancer Screening,0,0,Not Eligible,2026-04-01,0,None,Not Needed,0,0.8
SYN03126,80,Male,South,Provider Group B,Colorectal Cancer Screening,0,0,Not Eligible,2026-04-01,0,None,Not Needed,0,0.75
SYN03126,80,Male,South,Provider Group B,Controlling Blood Pressure,0,0,Not Eligible,2026-04-01,0,None,Not Needed,0,0.8
SYN03126,80,Male,South,Provider Group B,Medication Adherence,1,1,Compliant,2026-04-01,0,None,Not Needed,0,0.85
SYN03133,70,Male,South,Provider Group E,Colorectal Cancer Screening,1,1,Compliant,2026-04-01,1,Phone,Reached,1,0.75
SYN03133,70,Male,South,Provider Group E,Controlling Blood Pressure,1,1,Compliant,2026-04-01,0,None,Not Needed,0,0.8
SYN03133,70,Male,South,Provider Group E,Diabetes Care,1,0,Open,2026-04-01,0,None,Not Attempted,0,0.78
SYN03139,65,Female,South,Provider Group C,Follow-Up After Hospitalization,1,0,Open,2026-04-01,2,Phone,Unable to Reach,0,0.75
SYN03139,65,Female,South,Provider Group C,Medication Adherence,1,1,Compliant,2026-04-01,0,None,Not Needed,0,0.85
SYN03140,86,Female,North,Provider Group A,Breast Cancer Screening,0,0,Not Eligible,2026-04-01,0,None,Not Needed,0,0.8
SYN03140,86,Female,North,Provider Group A,Colorectal Cancer Screening,0,0,Not Eligible,2026-04-01,0,None,Not Needed,0,0.75
SYN03140,86,Female,North,Provider Group A,Controlling Blood Pressure,1,1,Compliant,2026-04-01,0,None,Not Needed,0,0.8
SYN03140,86,Female,North,Provider Group A,Follow-Up After Hospitalization,1,0,Open,2026-04-01,0,None,Not Attempted,0,0.75
SYN03140,86,Female,North,Provider Group A,Medication Adherence,0,0,Not Eligible,2026-04-01,0,None,Not Needed,0,0.85
SYN03144,84,Female,South,Provider Group C,Breast Cancer Screening,0,0,Not Eligible,2026-04-01,0,None,Not Needed,0,0.8
SYN03144,84,Female,South,Provider Group C,Controlling Blood Pressure,1,0,Open,2026-04-01,1,Mail,Reached,0,0.8
SYN03149,66,Male,North,Provider Group C,Controlling Blood Pressure,1,1,Compliant,2026-04-01,0,None,Not Needed,0,0.8
SYN03149,66,Male,North,Provider Group C,Diabetes Care,1,1,Compliant,2026-04-01,0,None,Not Needed,0,0.78
SYN03159,74,Male,South,Provider Group A,Colorectal Cancer Screening,1,1,Compliant,2026-04-01,2,Care Coordinator,Reached,1,0.75
SYN03162,68,Male,West,Provider Group C,Breast Cancer Screening,0,0,Not Eligible,2026-04-01,0,None,Not Needed,0,0.8
SYN03162,68,Male,West,Provider Group C,Colorectal Cancer Screening,0,0,Not Eligible,2026-04-01,0,None,Not Needed,0,0.75
SYN03162,68,Male,West,Provider Group C,Diabetes Care,1,1,Compliant,2026-04-01,0,None,Not Needed,0,0.78
SYN03162,68,Male,West,Provider Group C,Follow-Up After Hospitalization,1,1,Compliant,2026-04-01,3,Care Coordinator,Reached,1,0.75
SYN03177,75,Male,West,Provider Group B,Colorectal Cancer Screening,1,1,Compliant,2026-04-01,1,Care Coordinator,Reached,1,0.75
SYN03177,75,Male,West,Provider Group B,Controlling Blood Pressure,1,1,Compliant,2026-04-01,0,None,Not Needed,0,0.8
SYN03177,75,Male,West,Provider Group B,Medication Adherence,1,1,Compliant,2026-04-01,0,None,Not Needed,0,0.85
SYN03179,65,Male,North,Provider Group C,Colorectal Cancer Screening,0,0,Not Eligible,2026-04-01,0,None,Not Needed,0,0.75
SYN03179,65,Male,North,Provider Group C,Controlling Blood Pressure,1,0,Open,2026-04-01,2,Mail,Reached,0,0.8
SYN03179,65,Male,North,Provider Group C,Follow-Up After Hospitalization,1,0,Open,2026-04-01,0,None,Not Attempted,0,0.75
SYN03179,65,Male,North,Provider Group C,Medication Adherence,1,1,Compliant,2026-04-01,0,None,Not Needed,0,0.85
SYN03182,70,Male,South,Provider Group B,Diabetes Care,1,0,Open,2026-04-01,0,None,Not Attempted,0,0.78
SYN03188,69,Male,West,Provider Group E,Controlling Blood Pressure,0,0,Not Eligible,2026-04-01,0,None,Not Needed,0,0.8
SYN03188,69,Male,West,Provider Group E,Medication Adherence,1,1,Compliant,2026-04-01,0,None,Not Needed,0,0.85
SYN03191,70,Female,East,Provider Group C,Colorectal Cancer Screening,1,1,Compliant,2026-04-01,0,None,Not Needed,0,0.75
SYN03191,70,Female,East,Provider Group C,Controlling Blood Pressure,1,1,Compliant,2026-04-01,0,None,Not Needed,0,0.8
SYN03191,70,Female,East,Provider Group C,Follow-Up After Hospitalization,1,0,Open,2026-04-01,2,Mail,Reached,0,0.75
SYN03191,70,Female,East,Provider Group C,Medication Adherence,1,1,Compliant,2026-04-01,0,None,Not Needed,0,0.85
SYN03193,68,Female,South,Provider Group A,Colorectal Cancer Screening,1,0,Open,2026-04-01,0,None,Not Attempted,0,0.75
SYN03193,68,Female,South,Provider Group A,Medication Adherence,1,1,Compliant,2026-04-01,0,None,Not Needed,0,0.85
SYN03198,70,Male,North,Provider Group D,Colorectal Cancer Screening,1,1,Compliant,2026-04-01,3,Phone,Reached,1,0.75
SYN00001,72,Male,North,Provider Group B,Follow-Up After Hospitalization,1,0,Open,2026-05-01,1,Mail,Reached,0,0.75
SYN00001,72,Male,North,Provider Group B,Medication Adherence,1,1,Compliant,2026-05-01,0,None,Not Needed,0,0.85
SYN00002,78,Male,South,Provider Group A,Diabetes Care,0,0,Not Eligible,2026-05-01,0,None,Not Needed,0,0.78
SYN00002,78,Male,South,Provider Group A,Medication Adherence,1,1,Compliant,2026-05-01,0,None,Not Needed,0,0.85
SYN00003,78,Male,South,Provider Group E,Controlling Blood Pressure,1,1,Compliant,2026-05-01,0,None,Not Needed,0,0.8
SYN00003,78,Male,South,Provider Group E,Diabetes Care,1,1,Compliant,2026-05-01,0,None,Not Needed,0,0.78
SYN00004,72,Male,South,Provider Group A,Colorectal Cancer Screening,1,0,Open,2026-05-01,1,Mail,Reached,0,0.75
SYN00004,72,Male,South,Provider Group A,Controlling Blood Pressure,1,1,Compliant,2026-05-01,0,None,Not Needed,0,0.8
SYN00022,76,Female,West,Provider Group C,Breast Cancer Screening,0,0,Not Eligible,2026-05-01,0,None,Not Needed,0,0.8
SYN00022,76,Female,West,Provider Group C,Diabetes Care,1,1,Compliant,2026-05-01,0,None,Not Needed,0,0.78
SYN00022,76,Female,West,Provider Group C,Medication Adherence,1,0,Open,2026-05-01,0,None,Not Attempted,0,0.85
SYN00032,68,Female,East,Provider Group C,Breast Cancer Screening,1,1,Compliant,2026-05-01,0,None,Not Needed,0,0.8
SYN00032,68,Female,East,Provider Group C,Diabetes Care,1,0,Open,2026-05-01,3,Phone,Unable to Reach,0,0.78
SYN00032,68,Female,East,Provider Group C,Medication Adherence,1,0,Open,2026-05-01,2,Mail,Unable to Reach,0,0.85
SYN00039,87,Female,East,Provider Group E,Controlling Blood Pressure,1,1,Compliant,2026-05-01,0,None,Not Needed,0,0.8
SYN00039,87,Female,East,Provider Group E,Diabetes Care,1,1,Compliant,2026-05-01,0,None,Not Needed,0,0.78
SYN00040,73,Female,East,Provider Group E,Breast Cancer Screening,1,1,Compliant,2026-05-01,0,None,Not Needed,0,0.8
SYN00040,73,Female,East,Provider Group E,Colorectal Cancer Screening,1,1,Compliant,2026-05-01,0,None,Not Needed,0,0.75
SYN00042,75,Male,North,Provider Group A,Diabetes Care,1,1,Compliant,2026-05-01,0,None,Not Needed,0,0.78
SYN00042,75,Male,North,Provider Group A,Medication Adherence,1,1,Compliant,2026-05-01,0,None,Not Needed,0,0.85
SYN00048,88,Male,South,Provider Group E,Follow-Up After Hospitalization,1,1,Compliant,2026-05-01,0,None,Not Needed,0,0.75
SYN00049,83,Male,North,Provider Group D,Colorectal Cancer Screening,0,0,Not Eligible,2026-05-01,0,None,Not Needed,0,0.75
SYN00049,83,Male,North,Provider Group D,Controlling Blood Pressure,0,0,Not Eligible,2026-05-01,0,None,Not Needed,0,0.8
SYN00049,83,Male,North,Provider Group D,Diabetes Care,0,0,Not Eligible,2026-05-01,0,None,Not Needed,0,0.78
SYN00049,83,Male,North,Provider Group D,Medication Adherence,1,1,Compliant,2026-05-01,0,None,Not Needed,0,0.85
SYN00053,80,Male,South,Provider Group B,Colorectal Cancer Screening,0,0,Not Eligible,2026-05-01,0,None,Not Needed,0,0.75
SYN00058,65,Male,West,Provider Group A,Colorectal Cancer Screening,1,1,Compliant,2026-05-01,0,None,Not Needed,0,0.75
SYN00058,65,Male,West,Provider Group A,Diabetes Care,1,1,Compliant,2026-05-01,2,Care Coordinator,Reached,1,0.78
SYN00058,65,Male,West,Provider Group A,Follow-Up After Hospitalization,1,0,Open,2026-05-01,0,None,Not Attempted,0,0.75
SYN00059,68,Male,North,Provider Group E,Controlling Blood Pressure,0,0,Not Eligible,2026-05-01,0,None,Not Needed,0,0.8
SYN00059,68,Male,North,Provider Group E,Diabetes Care,1,1,Compliant,2026-05-01,0,None,Not Needed,0,0.78
SYN00064,66,Male,North,Provider Group A,Controlling Blood Pressure,1,1,Compliant,2026-05-01,0,None,Not Needed,0,0.8
SYN00064,66,Male,North,Provider Group A,Diabetes Care,0,0,Not Eligible,2026-05-01,0,None,Not Needed,0,0.78
SYN00068,79,Male,North,Provider Group E,Colorectal Cancer Screening,0,0,Not Eligible,2026-05-01,0,None,Not Needed,0,0.75
SYN00068,79,Male,North,Provider Group E,Controlling Blood Pressure,1,1,Compliant,2026-05-01,4,SMS,Reached,1,0.8
SYN00072,78,Male,South,Provider Group C,Colorectal Cancer Screening,0,0,Not Eligible,2026-05-01,0,None,Not Needed,0,0.75
SYN00077,67,Female,West,Provider Group D,Colorectal Cancer Screening,1,1,Compliant,2026-05-01,2,SMS,Reached,1,0.75
SYN00077,67,Female,West,Provider Group D,Controlling Blood Pressure,1,1,Compliant,2026-05-01,0,None,Not Needed,0,0.8
SYN00077,67,Female,West,Provider Group D,Diabetes Care,0,0,Not Eligible,2026-05-01,0,None,Not Needed,0,0.78
SYN00077,67,Female,West,Provider Group D,Medication Adherence,1,1,Compliant,2026-05-01,0,None,Not Needed,0,0.85
SYN00084,79,Male,South,Provider Group B,Controlling Blood Pressure,1,1,Compliant,2026-05-01,0,None,Not Needed,0,0.8
SYN00084,79,Male,South,Provider Group B,Follow-Up After Hospitalization,1,1,Compliant,2026-05-01,0,None,Not Needed,0,0.75
SYN00084,79,Male,South,Provider Group B,Medication Adherence,1,1,Compliant,2026-05-01,3,SMS,Reached,1,0.85
SYN00093,81,Female,South,Provider Group B,Diabetes Care,0,0,Not Eligible,2026-05-01,0,None,Not Needed,0,0.78
SYN00093,81,Female,South,Provider Group B,Medication Adherence,1,1,Compliant,2026-05-01,0,None,Not Needed,0,0.85
SYN00094,87,Male,East,Provider Group B,Controlling Blood Pressure,1,1,Compliant,2026-05-01,0,None,Not Needed,0,0.8
SYN00094,87,Male,East,Provider Group B,Follow-Up After Hospitalization,1,0,Open,2026-05-01,0,None,Not Attempted,0,0.75
SYN00112,70,Female,North,Provider Group B,Breast Cancer Screening,1,1,Compliant,2026-05-01,0,None,Not Needed,0,0.8
SYN00112,70,Female,North,Provider Group B,Controlling Blood Pressure,1,1,Compliant,2026-05-01,0,None,Not Needed,0,0.8
SYN00112,70,Female,North,Provider Group B,Medication Adherence,1,1,Compliant,2026-05-01,0,None,Not Needed,0,0.85
SYN00113,67,Female,West,Provider Group A,Colorectal Cancer Screening,1,0,Open,2026-05-01,2,Care Coordinator,Reached,0,0.75
SYN00113,67,Female,West,Provider Group A,Controlling Blood Pressure,1,1,Compliant,2026-05-01,0,None,Not Needed,0,0.8
SYN00113,67,Female,West,Provider Group A,Follow-Up After Hospitalization,1,1,Compliant,2026-05-01,0,None,Not Needed,0,0.75
SYN00114,81,Male,North,Provider Group E,Diabetes Care,0,0,Not Eligible,2026-05-01,0,None,Not Needed,0,0.78
SYN00131,82,Male,South,Provider Group C,Breast Cancer Screening,0,0,Not Eligible,2026-05-01,0,None,Not Needed,0,0.8
SYN00131,82,Male,South,Provider Group C,Controlling Blood Pressure,1,0,Open,2026-05-01,1,Phone,Reached,0,0.8
SYN00131,82,Male,South,Provider Group C,Diabetes Care,1,1,Compliant,2026-05-01,1,Phone,Reached,1,0.78
SYN00134,78,Female,South,Provider Group B,Breast Cancer Screening,0,0,Not Eligible,2026-05-01,0,None,Not Needed,0,0.8
SYN00134,78,Female,South,Provider Group B,Controlling Blood Pressure,1,1,Compliant,2026-05-01,0,None,Not Needed,0,0.8
SYN00134,78,Female,South,Provider Group B,Diabetes Care,0,0,Not Eligible,2026-05-01,0,None,Not Needed,0,0.78
SYN00134,78,Female,South,Provider Group B,Follow-Up After Hospitalization,1,1,Compliant,2026-05-01,0,None,Not Needed,0,0.75
SYN00136,73,Female,West,Provider Group D,Breast Cancer Screening,1,0,Open,2026-05-01,0,None,Not Attempted,0,0.8
SYN00136,73,Female,West,Provider Group D,Colorectal Cancer Screening,1,0,Open,2026-05-01,2,SMS,Reached,0,0.75
SYN00136,73,Female,West,Provider Group D,Controlling Blood Pressure,1,0,Open,2026-05-01,1,Phone,Reached,0,0.8
SYN00138,65,Female,East,Provider Group D,Breast Cancer Screening,1,1,Compliant,2026-05-01,0,None,Not Needed,0,0.8
SYN00138,65,Female,East,Provider Group D,Colorectal Cancer Screening,1,1,Compliant,2026-05-01,0,None,Not Needed,0,0.75
SYN00138,65,Female,East,Provider Group D,Controlling Blood Pressure,1,1,Compliant,2026-05-01,0,None,Not Needed,0,0.99
SYN00139,85,Male,South,Provider Group A,Medication Adherence,1,1,Compliant,2026-05-01,0,None,Not Needed,0,0.85
SYN00151,88,Male,North,Provider Group D,Controlling Blood Pressure,1,1,Compliant,2026-05-01,0,None,Not Needed,0,0.8
SYN00151,88,Male,North,Provider Group D,Diabetes Care,1,1,Compliant,2026-05-01,0,None,Not Needed,0,0.78
SYN00151,88,Male,North,Provider Group D,Medication Adherence,0,0,Not Eligible,2026-05-01,0,None,Not Needed,0,0.85
SYN00155,85,Female,East,Provider Group E,Follow-Up After Hospitalization,0,0,Not Eligible,2026-05-01,0,None,Not Needed,0,0.75
SYN00159,86,Female,South,Provider Group C,Colorectal Cancer Screening,0,0,Not Eligible,2026-05-01,0,None,Not Needed,0,0.75
SYN00159,86,Female,South,Provider Group C,Diabetes Care,1,0,Open,2026-05-01,2,SMS,Unable to Reach,0,0.78
SYN00159,86,Female,South,Provider Group C,Medication Adherence,1,1,Compliant,2026-05-01,0,None,Not Needed,0,0.85
SYN00164,80,Female,East,Provider Group E,Breast Cancer Screening,0,0,Not Eligible,2026-05-01,0,None,Not Needed,0,0.8
SYN00164,80,Female,East,Provider Group E,Colorectal Cancer Screening,0,0,Not Eligible,2026-05-01,0,None,Not Needed,0,0.75
SYN00164,80,Female,East,Provider Group E,Follow-Up After Hospitalization,0,0,Not Eligible,2026-05-01,0,None,Not Needed,0,0.75
SYN00164,80,Female,East,Provider Group E,Medication Adherence,1,1,Compliant,2026-05-01,0,None,Not Needed,0,0.85
SYN00165,65,Female,South,Provider Group C,Colorectal Cancer Screening,1,0,Open,2026-05-01,3,Phone,Unable to Reach,0,0.75
SYN00169,82,Female,South,Provider Group E,Breast Cancer Screening,0,0,Not Eligible,2026-05-01,0,None,Not Needed,0,0.8
SYN00169,82,Female,South,Provider Group E,Controlling Blood Pressure,1,1,Compliant,2026-05-01,0,None,Not Needed,0,0.8
SYN00169,82,Female,South,Provider Group E,Diabetes Care,1,1,Compliant,2026-05-01,0,None,Not Needed,0,0.78
SYN00187,67,Male,North,Provider Group A,Colorectal Cancer Screening,1,1,Compliant,2026-05-01,0,None,Not Needed,0,0.75
SYN00187,67,Male,North,Provider Group A,Controlling Blood Pressure,0,0,Not Eligible,2026-05-01,0,None,Not Needed,0,0.8
SYN00187,67,Male,North,Provider Group A,Diabetes Care,1,1,Compliant,2026-05-01,0,None,Not Needed,0,0.78
SYN00193,88,Female,East,Provider Group C,Breast Cancer Screening,0,0,Not Eligible,2026-05-01,0,None,Not Needed,0,0.8
SYN00193,88,Female,East,Provider Group C,Follow-Up After Hospitalization,1,1,Compliant,2026-05-01,0,None,Not Needed,0,0.75
SYN00198,66,Male,East,Provider Group B,Colorectal Cancer Screening,1,1,Compliant,2026-05-01,1,Phone,Reached,1,0.75
SYN00198,66,Male,East,Provider Group B,Controlling Blood Pressure,1,1,Compliant,2026-05-01,0,None,Not Needed,0,0.8
SYN00198,66,Male,East,Provider Group B,Diabetes Care,1,1,Compliant,2026-05-01,0,None,Not Needed,0,0.78
SYN00198,66,Male,East,Provider Group B,Medication Adherence,1,1,Compliant,2026-05-01,0,None,Not Needed,0,0.85
SYN00200,74,Male,North,Provider Group A,Breast Cancer Screening,0,0,Not Eligible,2026-05-01,0,None,Not Needed,0,0.8
SYN00200,74,Male,North,Provider Group A,Controlling Blood Pressure,1,1,Compliant,2026-05-01,0,None,Not Needed,0,0.8
SYN00200,74,Male,North,Provider Group A,Diabetes Care,0,0,Not Eligible,2026-05-01,0,None,Not Needed,0,0.78
SYN00200,74,Male,North,Provider Group A,Medication Adherence,1,1,Compliant,2026-05-01,0,None,Not Needed,0,0.85
SYN00201,68,Male,East,Provider Group B,Controlling Blood Pressure,1,1,Compliant,2026-05-01,0,None,Not Needed,0,0.8
SYN00201,68,Male,East,Provider Group B,Medication Adherence,1,1,Compliant,2026-05-01,0,None,Not Needed,0,0.85
SYN00220,75,Male,East,Provider Group C,Controlling Blood Pressure,1,0,Open,2026-05-01,4,Phone,Reached,0,0.8
SYN00220,75,Male,East,Provider Group C,Diabetes Care,1,1,Compliant,2026-05-01,0,None,Not Needed,0,0.78
SYN00220,75,Male,East,Provider Group C,Medication Adherence,1,1,Compliant,2026-05-01,0,None,Not Needed,0,0.85
SYN00222,87,Male,North,Provider Group A,Breast Cancer Screening,0,0,Not Eligible,2026-05-01,0,None,Not Needed,0,0.8
SYN00222,87,Male,North,Provider Group A,Colorectal Cancer Screening,0,0,Not Eligible,2026-05-01,0,None,Not Needed,0,0.75
SYN00222,87,Male,North,Provider Group A,Controlling Blood Pressure,0,0,Not Eligible,2026-05-01,0,None,Not Needed,0,0.8
SYN00222,87,Male,North,Provider Group A,Diabetes Care,1,1,Compliant,2026-05-01,0,None,Not Needed,0,0.78
SYN00222,87,Male,North,Provider Group A,Medication Adherence,1,1,Compliant,2026-05-01,0,None,Not Needed,0,0.85
SYN00223,65,Female,South,Provider Group D,Breast Cancer Screening,1,0,Open,2026-05-01,1,Phone,Reached,0,0.8
SYN00223,65,Female,South,Provider Group D,Colorectal Cancer Screening,1,0,Open,2026-05-01,0,None,Not Attempted,0,0.75
SYN00223,65,Female,South,Provider Group D,Diabetes Care,1,0,Open,2026-05-01,2,Care Coordinator,Unable to Reach,0,0.78
SYN00233,69,Male,South,Provider Group C,Controlling Blood Pressure,0,0,Not Eligible,2026-05-01,0,None,Not Needed,0,0.8
SYN00233,69,Male,South,Provider Group C,Diabetes Care,0,0,Not Eligible,2026-05-01,0,None,Not Needed,0,0.78
SYN00240,76,Male,North,Provider Group C,Controlling Blood Pressure,1,1,Compliant,2026-05-01,0,None,Not Needed,0,0.8
SYN00240,76,Male,North,Provider Group C,Diabetes Care,1,1,Compliant,2026-05-01,3,Care Coordinator,Reached,1,0.78
SYN00240,76,Male,North,Provider Group C,Follow-Up After Hospitalization,1,1,Compliant,2026-05-01,0,None,Not Needed,0,0.75
SYN00241,88,Female,West,Provider Group D,Controlling Blood Pressure,0,0,Not Eligible,2026-05-01,0,None,Not Needed,0,0.8
SYN00241,88,Female,West,Provider Group D,Diabetes Care,0,0,Not Eligible,2026-05-01,0,None,Not Needed,0,0.78
SYN00242,74,Male,West,Provider Group A,Breast Cancer Screening,0,0,Not Eligible,2026-05-01,0,None,Not Needed,0,0.8
SYN00242,74,Male,West,Provider Group A,Controlling Blood Pressure,1,1,Compliant,2026-05-01,0,None,Not Needed,0,0.8
SYN00243,79,Female,South,Provider Group B,Breast Cancer Screening,0,0,Not Eligible,2026-05-01,0,None,Not Needed,0,0.8
SYN00246,66,Male,North,Provider Group C,Medication Adherence,1,1,Compliant,2026-05-01,0,None,Not Needed,0,0.85
SYN00274,66,Female,West,Provider Group B,Breast Cancer Screening,1,1,Compliant,2026-05-01,0,None,Not Needed,0,0.8
SYN00274,66,Female,West,Provider Group B,Colorectal Cancer Screening,1,1,Compliant,2026-05-01,0,None,Not Needed,0,0.75
SYN00277,75,Male,South,Provider Group E,Controlling Blood Pressure,1,0,Open,2026-05-01,4,Phone,Unable to Reach,0,0.8
SYN00277,75,Male,South,Provider Group E,Medication Adherence,1,1,Compliant,2026-05-01,0,None,Not Needed,0,0.85
SYN00287,78,Male,South,Provider Group B,Colorectal Cancer Screening,0,0,Not Eligible,2026-05-01,0,None,Not Needed,0,0.75
SYN00287,78,Male,South,Provider Group B,Diabetes Care,1,1,Compliant,2026-05-01,1,Care Coordinator,Reached,1,0.78
SYN00287,78,Male,South,Provider Group B,Follow-Up After Hospitalization,1,0,Open,2026-05-01,1,Phone,Unable to Reach,0,0.75
SYN00292,78,Female,North,Provider Group A,Colorectal Cancer Screening,0,0,Not Eligible,2026-05-01,0,None,Not Needed,0,0.75
SYN00292,78,Female,North,Provider Group A,Medication Adherence,1,1,Compliant,2026-05-01,0,None,Not Needed,0,0.85
SYN00293,76,Female,North,Provider Group D,Controlling Blood Pressure,1,1,Compliant,2026-05-01,0,None,Not Needed,0,0.8
SYN00293,76,Female,North,Provider Group D,Diabetes Care,1,0,Open,2026-05-01,1,Mail,Reached,0,0.78
SYN00293,76,Female,North,Provider Group D,Medication Adherence,1,1,Compliant,2026-05-01,0,None,Not Needed,0,0.85
SYN00304,78,Male,West,Provider Group E,Follow-Up After Hospitalization,1,1,Compliant,2026-05-01,0,None,Not Needed,0,0.75
SYN00304,78,Male,West,Provider Group E,Medication Adherence,0,0,Not Eligible,2026-05-01,0,None,Not Needed,0,0.85
SYN00322,66,Female,East,Provider Group A,Controlling Blood Pressure,0,0,Not Eligible,2026-05-01,0,None,Not Needed,0,0.8
SYN00322,66,Female,East,Provider Group A,Medication Adherence,1,1,Compliant,2026-05-01,0,None,Not Needed,0,0.85
SYN00339,80,Male,South,Provider Group B,Follow-Up After Hospitalization,0,0,Not Eligible,2026-05-01,0,None,Not Needed,0,0.75
SYN00339,80,Male,South,Provider Group B,Medication Adherence,1,1,Compliant,2026-05-01,0,None,Not Needed,0,0.85
SYN00343,71,Male,South,Provider Group A,Colorectal Cancer Screening,1,1,Compliant,2026-05-01,0,None,Not Needed,0,0.75
SYN00343,71,Male,South,Provider Group A,Controlling Blood Pressure,1,1,Compliant,2026-05-01,2,SMS,Reached,1,0.8
SYN00344,74,Female,West,Provider Group A,Colorectal Cancer Screening,1,1,Compliant,2026-05-01,0,None,Not Needed,0,0.75
SYN00344,74,Female,West,Provider Group A,Controlling Blood Pressure,1,1,Compliant,2026-05-01,0,None,Not Needed,0,0.8
SYN00344,74,Female,West,Provider Group A,Diabetes Care,1,1,Compliant,2026-05-01,0,None,Not Needed,0,0.78
SYN00344,74,Female,West,Provider Group A,Follow-Up After Hospitalization,0,0,Not Eligible,2026-05-01,0,None,Not Needed,0,0.75
SYN00344,74,Female,West,Provider Group A,Medication Adherence,1,1,Compliant,2026-05-01,0,None,Not Needed,0,0.85
SYN00359,74,Male,South,Provider Group C,Controlling Blood Pressure,1,1,Compliant,2026-05-01,0,None,Not Needed,0,0.8
SYN00359,74,Male,South,Provider Group C,Medication Adherence,1,0,Open,2026-05-01,0,None,Not Attempted,0,0.85
SYN00361,70,Female,East,Provider Group C,Breast Cancer Screening,1,1,Compliant,2026-05-01,0,None,Not Needed,0,0.8
SYN00361,70,Female,East,Provider Group C,Controlling Blood Pressure,1,0,Open,2026-05-01,0,None,Not Attempted,0,0.8
SYN00361,70,Female,East,Provider Group C,Diabetes Care,1,1,Compliant,2026-05-01,0,None,Not Needed,0,0.78
SYN00361,70,Female,East,Provider Group C,Medication Adherence,1,1,Compliant,2026-05-01,0,None,Not Needed,0,0.85
SYN00365,65,Female,North,Provider Group A,Breast Cancer Screening,1,1,Compliant,2026-05-01,0,None,Not Needed,0,0.8
SYN00365,65,Female,North,Provider Group A,Controlling Blood Pressure,1,1,Compliant,2026-05-01,0,None,Not Needed,0,0.8
SYN00365,65,Female,North,Provider Group A,Diabetes Care,1,1,Compliant,2026-05-01,0,None,Not Needed,0,0.78
SYN00365,65,Female,North,Provider Group A,Medication Adherence,1,1,Compliant,2026-05-01,0,None,Not Needed,0,0.85
SYN00368,70,Female,West,Provider Group A,Breast Cancer Screening,1,1,Compliant,2026-05-01,0,None,Not Needed,0,0.8
SYN00375,88,Male,North,Provider Group A,Colorectal Cancer Screening,0,0,Not Eligible,2026-05-01,0,None,Not Needed,0,0.75
SYN00375,88,Male,North,Provider Group A,Controlling Blood Pressure,1,1,Compliant,2026-05-01,4,Phone,Reached,1,0.8
SYN00375,88,Male,North,Provider Group A,Diabetes Care,1,1,Compliant,2026-05-01,0,None,Not Needed,0,0.78
SYN00375,88,Male,North,Provider Group A,Follow-Up After Hospitalization,1,0,Open,2026-05-01,3,SMS,Reached,0,0.75
SYN00375,88,Male,North,Provider Group A,Medication Adherence,0,0,Not Eligible,2026-05-01,0,None,Not Needed,0,0.85
SYN00388,73,Female,North,Provider Group A,Breast Cancer Screening,1,1,Compliant,2026-05-01,0,None,Not Needed,0,0.8
SYN00388,73,Female,North,Provider Group A,Diabetes Care,0,0,Not Eligible,2026-05-01,0,None,Not Needed,0,0.78
SYN00388,73,Female,North,Provider Group A,Medication Adherence,1,1,Compliant,2026-05-01,2,SMS,Reached,1,0.85
SYN00393,89,Female,East,Provider Group A,Colorectal Cancer Screening,0,0,Not Eligible,2026-05-01,0,None,Not Needed,0,0.75
SYN00393,89,Female,East,Provider Group A,Diabetes Care,1,1,Compliant,2026-05-01,0,None,Not Needed,0,0.78
SYN00394,85,Female,East,Provider Group E,Breast Cancer Screening,0,0,Not Eligible,2026-05-01,0,None,Not Needed,0,0.8
SYN00394,85,Female,East,Provider Group E,Diabetes Care,1,1,Compliant,2026-05-01,0,None,Not Needed,0,0.78
SYN00394,85,Female,East,Provider Group E,Medication Adherence,0,0,Not Eligible,2026-05-01,0,None,Not Needed,0,0.85
SYN00398,73,Male,South,Provider Group B,Colorectal Cancer Screening,1,1,Compliant,2026-05-01,2,Care Coordinator,Reached,1,0.75
SYN00398,73,Male,South,Provider Group B,Controlling Blood Pressure,1,1,Compliant,2026-05-01,0,None,Not Needed,0,0.8
SYN00398,73,Male,South,Provider Group B,Follow-Up After Hospitalization,1,1,Compliant,2026-05-01,1,Phone,Reached,1,0.75
SYN00404,75,Male,West,Provider Group D,Diabetes Care,0,0,Not Eligible,2026-05-01,0,None,Not Needed,0,0.78
SYN00404,75,Male,West,Provider Group D,Follow-Up After Hospitalization,1,0,Open,2026-05-01,0,None,Not Attempted,0,0.75
SYN00404,75,Male,West,Provider Group D,Medication Adherence,1,1,Compliant,2026-05-01,0,None,Not Needed,0,0.85
SYN00408,67,Male,North,Provider Group A,Colorectal Cancer Screening,1,1,Compliant,2026-05-01,0,None,Not Needed,0,0.75
SYN00408,67,Male,North,Provider Group A,Controlling Blood Pressure,1,1,Compliant,2026-05-01,0,None,Not Needed,0,0.8
SYN00414,86,Male,South,Provider Group C,Controlling Blood Pressure,1,1,Compliant,2026-05-01,0,None,Not Needed,0,0.8
SYN00415,85,Female,North,Provider Group C,Breast Cancer Screening,0,0,Not Eligible,2026-05-01,0,None,Not Needed,0,0.8
SYN00415,85,Female,North,Provider Group C,Colorectal Cancer Screening,0,0,Not Eligible,2026-05-01,0,None,Not Needed,0,0.75
SYN00424,70,Male,East,Provider Group D,Colorectal Cancer Screening,1,1,Compliant,2026-05-01,0,None,Not Needed,0,0.75
SYN00424,70,Male,East,Provider Group D,Controlling Blood Pressure,1,1,Compliant,2026-05-01,0,None,Not Needed,0,0.8
SYN00424,70,Male,East,Provider Group D,Follow-Up After Hospitalization,1,1,Compliant,2026-05-01,0,None,Not Needed,0,0.75
SYN00425,78,Male,North,Provider Group A,Controlling Blood Pressure,1,0,Open,2026-05-01,3,Phone,Declined,0,0.8
SYN00425,78,Male,North,Provider Group A,Diabetes Care,1,1,Compliant,2026-05-01,0,None,Not Needed,0,0.78
SYN00428,68,Female,East,Provider Group B,Breast Cancer Screening,1,1,Compliant,2026-05-01,0,None,Not Needed,0,0.8
SYN00428,68,Female,East,Provider Group B,Diabetes Care,1,1,Compliant,2026-05-01,0,None,Not Needed,0,0.78
SYN00433,68,Female,East,Provider Group E,Breast Cancer Screening,1,0,Open,2026-05-01,1,Mail,Reached,0,0.8
SYN00433,68,Female,East,Provider Group E,Controlling Blood Pressure,1,1,Compliant,2026-05-01,0,None,Not Needed,0,0.8
SYN00433,68,Female,East,Provider Group E,Diabetes Care,1,1,Compliant,2026-05-01,0,None,Not Needed,0,0.78
SYN00441,88,Male,East,Provider Group E,Colorectal Cancer Screening,0,0,Not Eligible,2026-05-01,0,None,Not Needed,0,0.75
SYN00441,88,Male,East,Provider Group E,Controlling Blood Pressure,1,0,Open,2026-05-01,2,Mail,Reached,0,0.8
SYN00441,88,Male,East,Provider Group E,Diabetes Care,1,1,Compliant,2026-05-01,0,None,Not Needed,0,0.78
SYN00441,88,Male,East,Provider Group E,Follow-Up After Hospitalization,1,1,Compliant,2026-05-01,0,None,Not Needed,0,0.75
SYN00441,88,Male,East,Provider Group E,Medication Adherence,1,1,Compliant,2026-05-01,0,None,Not Needed,0,0.85
SYN00442,76,Male,East,Provider Group A,Colorectal Cancer Screening,0,0,Not Eligible,2026-05-01,0,None,Not Needed,0,0.75
SYN00442,76,Male,East,Provider Group A,Controlling Blood Pressure,0,0,Not Eligible,2026-05-01,0,None,Not Needed,0,0.8
SYN00453,78,Male,West,Provider Group A,Controlling Blood Pressure,1,1,Compliant,2026-05-01,0,None,Not Needed,0,0.8
SYN00453,78,Male,West,Provider Group A,Diabetes Care,0,0,Not Eligible,2026-05-01,0,None,Not Needed,0,0.78
SYN00471,65,Male,East,Provider Group A,Controlling Blood Pressure,1,1,Compliant,2026-05-01,2,Care Coordinator,Reached,1,0.8
SYN00471,65,Male,East,Provider Group A,Diabetes Care,1,1,Compliant,2026-05-01,0,None,Not Needed,0,0.78
SYN00473,72,Male,North,Provider Group D,Colorectal Cancer Screening,1,0,Open,2026-05-01,0,None,Not Attempted,0,0.75
SYN00473,72,Male,North,Provider Group D,Diabetes Care,1,1,Compliant,2026-05-01,0,None,Not Needed,0,0.78
SYN00478,85,Female,West,Provider Group A,Breast Cancer Screening,0,0,Not Eligible,2026-05-01,0,None,Not Needed,0,0.8
SYN00478,85,Female,West,Provider Group A,Colorectal Cancer Screening,0,0,Not Eligible,2026-05-01,0,None,Not Needed,0,0.75
SYN00478,85,Female,West,Provider Group A,Follow-Up After Hospitalization,1,0,Open,2026-05-01,0,None,Not Attempted,0,0.75
SYN00483,86,Female,South,Provider Group A,Breast Cancer Screening,0,0,Not Eligible,2026-05-01,0,None,Not Needed,0,0.8
SYN00486,74,Female,West,Provider Group C,Breast Cancer Screening,1,1,Compliant,2026-05-01,0,None,Not Needed,0,0.8
SYN00486,74,Female,West,Provider Group C,Colorectal Cancer Screening,1,0,Open,2026-05-01,1,SMS,Unable to Reach,0,0.75
SYN00486,74,Female,West,Provider Group C,Controlling Blood Pressure,0,0,Not Eligible,2026-05-01,0,None,Not Needed,0,0.8
SYN00486,74,Female,West,Provider Group C,Medication Adherence,1,1,Compliant,2026-05-01,0,None,Not Needed,0,0.85
SYN00489,67,Male,South,Provider Group A,Breast Cancer Screening,0,0,Not Eligible,2026-05-01,0,None,Not Needed,0,0.8
SYN00489,67,Male,South,Provider Group A,Colorectal Cancer Screening,1,1,Compliant,2026-05-01,0,None,Not Needed,0,0.75
SYN00489,67,Male,South,Provider Group A,Medication Adherence,1,1,Compliant,2026-05-01,0,None,Not Needed,0,0.85
SYN00492,68,Female,East,Provider Group C,Follow-Up After Hospitalization,0,0,Not Eligible,2026-05-01,0,None,Not Needed,0,0.75
SYN00500,74,Male,West,Provider Group D,Controlling Blood Pressure,1,1,Compliant,2026-05-01,0,None,Not Needed,0,0.8
SYN00500,74,Male,West,Provider Group D,Diabetes Care,1,1,Compliant,2026-05-01,2,Mail,Reached,1,0.78
SYN00500,74,Male,West,Provider Group D,Follow-Up After Hospitalization,1,1,Compliant,2026-05-01,0,None,Not Needed,0,0.75
SYN00507,72,Male,West,Provider Group C,Colorectal Cancer Screening,1,1,Compliant,2026-05-01,0,None,Not Needed,0,0.75
SYN00507,72,Male,West,Provider Group C,Diabetes Care,0,0,Not Eligible,2026-05-01,0,None,Not Needed,0,0.78
SYN00507,72,Male,West,Provider Group C,Follow-Up After Hospitalization,1,0,Open,2026-05-01,2,Mail,Reached,0,0.75
SYN00517,80,Male,East,Provider Group C,Diabetes Care,0,0,Not Eligible,2026-05-01,0,None,Not Needed,0,0.78
SYN00517,80,Male,East,Provider Group C,Follow-Up After Hospitalization,1,1,Compliant,2026-05-01,0,None,Not Needed,0,0.75
SYN00530,82,Male,West,Provider Group D,Controlling Blood Pressure,1,1,Compliant,2026-05-01,0,None,Not Needed,0,0.8
SYN00530,82,Male,West,Provider Group D,Diabetes Care,1,1,Compliant,2026-05-01,0,None,Not Needed,0,0.78
SYN00530,82,Male,West,Provider Group D,Medication Adherence,1,1,Compliant,2026-05-01,0,None,Not Needed,0,0.85
SYN00534,69,Female,West,Provider Group C,Controlling Blood Pressure,0,0,Not Eligible,2026-05-01,0,None,Not Needed,0,0.8
SYN00534,69,Female,West,Provider Group C,Diabetes Care,1,1,Compliant,2026-05-01,0,None,Not Needed,0,0.78
SYN00535,80,Female,South,Provider Group A,Breast Cancer Screening,0,0,Not Eligible,2026-05-01,0,None,Not Needed,0,0.8
SYN00535,80,Female,South,Provider Group A,Diabetes Care,1,1,Compliant,2026-05-01,0,None,Not Needed,0,0.78
SYN00535,80,Female,South,Provider Group A,Medication Adherence,1,1,Compliant,2026-05-01,0,None,Not Needed,0,0.85
SYN00536,89,Male,South,Provider Group A,Colorectal Cancer Screening,0,0,Not Eligible,2026-05-01,0,None,Not Needed,0,0.75
SYN00543,88,Female,South,Provider Group E,Breast Cancer Screening,0,0,Not Eligible,2026-05-01,0,None,Not Needed,0,0.8
SYN00543,88,Female,South,Provider Group E,Controlling Blood Pressure,1,0,Open,2026-05-01,3,Mail,Reached,0,0.8
SYN00543,88,Female,South,Provider Group E,Diabetes Care,1,1,Compliant,2026-05-01,0,None,Not Needed,0,0.78
SYN00543,88,Female,South,Provider Group E,Follow-Up After Hospitalization,1,1,Compliant,2026-05-01,3,Care Coordinator,Reached,1,0.75
SYN00543,88,Female,South,Provider Group E,Medication Adherence,1,1,Compliant,2026-05-01,2,SMS,Reached,1,0.85
SYN00544,78,Female,East,Provider Group A,Colorectal Cancer Screening,0,0,Not Eligible,2026-05-01,0,None,Not Needed,0,0.75
SYN00544,78,Female,East,Provider Group A,Controlling Blood Pressure,1,1,Compliant,2026-05-01,0,None,Not Needed,0,0.8
SYN00544,78,Female,East,Provider Group A,Diabetes Care,0,0,Not Eligible,2026-05-01,0,None,Not Needed,0,0.78
SYN00544,78,Female,East,Provider Group A,Follow-Up After Hospitalization,1,1,Compliant,2026-05-01,0,None,Not Needed,0,0.75
SYN00544,78,Female,East,Provider Group A,Medication Adherence,1,1,Compliant,2026-05-01,0,None,Not Needed,0,0.85
SYN00556,73,Male,West,Provider Group C,Colorectal Cancer Screening,1,1,Compliant,2026-05-01,1,Care Coordinator,Reached,1,0.75
SYN00557,81,Male,South,Provider Group E,Colorectal Cancer Screening,0,0,Not Eligible,2026-05-01,0,None,Not Needed,0,0.75
SYN00557,81,Male,South,Provider Group E,Medication Adherence,1,1,Compliant,2026-05-01,0,None,Not Needed,0,0.85
SYN00564,71,Female,North,Provider Group B,Breast Cancer Screening,1,1,Compliant,2026-05-01,0,None,Not Needed,0,0.8
SYN00564,71,Female,North,Provider Group B,Controlling Blood Pressure,1,1,Compliant,2026-05-01,0,None,Not Needed,0,0.8
SYN00564,71,Female,North,Provider Group B,Diabetes Care,0,0,Not Eligible,2026-05-01,0,None,Not Needed,0,0.78
SYN00564,71,Female,North,Provider Group B,Medication Adherence,1,1,Compliant,2026-05-01,0,None,Not Needed,0,0.85
SYN00568,70,Male,West,Provider Group C,Colorectal Cancer Screening,1,1,Compliant,2026-05-01,0,None,Not Needed,0,0.75
SYN00568,70,Male,West,Provider Group C,Diabetes Care,0,0,Not Eligible,2026-05-01,0,None,Not Needed,0,0.78
SYN00568,70,Male,West,Provider Group C,Medication Adherence,1,1,Compliant,2026-05-01,0,None,Not Needed,0,0.85
SYN00569,69,Female,North,Provider Group C,Diabetes Care,1,0,Open,2026-05-01,2,Mail,Unable to Reach,0,0.78
SYN00579,78,Female,West,Provider Group A,Colorectal Cancer Screening,0,0,Not Eligible,2026-05-01,0,None,Not Needed,0,0.75
SYN00579,78,Female,West,Provider Group A,Controlling Blood Pressure,1,1,Compliant,2026-05-01,0,None,Not Needed,0,0.8
SYN00579,78,Female,West,Provider Group A,Diabetes Care,1,1,Compliant,2026-05-01,0,None,Not Needed,0,0.78
SYN00580,76,Male,West,Provider Group C,Colorectal Cancer Screening,0,0,Not Eligible,2026-05-01,0,None,Not Needed,0,0.75
SYN00580,76,Male,West,Provider Group C,Diabetes Care,1,0,Open,2026-05-01,1,Phone,Unable to Reach,0,0.78
SYN00580,76,Male,West,Provider Group C,Medication Adherence,1,1,Compliant,2026-05-01,0,None,Not Needed,0,0.85
SYN00583,68,Female,North,Provider Group B,Breast Cancer Screening,1,1,Compliant,2026-05-01,0,None,Not Needed,0,0.8
SYN00583,68,Female,North,Provider Group B,Controlling Blood Pressure,1,1,Compliant,2026-05-01,0,None,Not Needed,0,0.8
SYN00583,68,Female,North,Provider Group B,Medication Adherence,1,1,Compliant,2026-05-01,0,None,Not Needed,0,0.85
SYN00594,71,Male,West,Provider Group C,Colorectal Cancer Screening,1,0,Open,2026-05-01,0,None,Not Attempted,0,0.75
SYN00594,71,Male,West,Provider Group C,Diabetes Care,1,0,Open,2026-05-01,0,None,Not Attempted,0,0.78
SYN00605,74,Male,North,Provider Group A,Diabetes Care,1,1,Compliant,2026-05-01,0,None,Not Needed,0,0.78
SYN00611,72,Female,South,Provider Group A,Breast Cancer Screening,1,1,Compliant,2026-05-01,0,None,Not Needed,0,0.8
SYN00611,72,Female,South,Provider Group A,Colorectal Cancer Screening,1,0,Open,2026-05-01,1,Phone,Declined,0,0.75
SYN00611,72,Female,South,Provider Group A,Controlling Blood Pressure,1,0,Open,2026-05-01,1,Mail,Unable to Reach,0,0.8
SYN00617,85,Female,South,Provider Group B,Breast Cancer Screening,0,0,Not Eligible,2026-05-01,0,None,Not Needed,0,0.8
SYN00617,85,Female,South,Provider Group B,Diabetes Care,1,0,Open,2026-05-01,1,Mail,Reached,0,0.78
SYN00619,74,Female,West,Provider Group E,Breast Cancer Screening,1,1,Compliant,2026-05-01,0,None,Not Needed,0,0.8
SYN00619,74,Female,West,Provider Group E,Colorectal Cancer Screening,1,1,Compliant,2026-05-01,0,None,Not Needed,0,0.75
SYN00619,74,Female,West,Provider Group E,Diabetes Care,1,1,Compliant,2026-05-01,0,None,Not Needed,0,0.78
SYN00619,74,Female,West,Provider Group E,Medication Adherence,1,1,Compliant,2026-05-01,0,None,Not Needed,0,0.85
SYN00635,85,Male,North,Provider Group C,Colorectal Cancer Screening,0,0,Not Eligible,2026-05-01,0,None,Not Needed,0,0.75
SYN00635,85,Male,North,Provider Group C,Diabetes Care,1,1,Compliant,2026-05-01,0,None,Not Needed,0,0.78
SYN00635,85,Male,North,Provider Group C,Follow-Up After Hospitalization,1,0,Open,2026-05-01,2,,Reached,0,0.75
SYN00636,69,Female,South,Provider Group C,Colorectal Cancer Screening,1,1,Compliant,2026-05-01,0,None,Not Needed,0,0.75
SYN00639,67,Male,West,Provider Group E,Controlling Blood Pressure,1,1,Compliant,2026-05-01,0,None,Not Needed,0,0.8
SYN00655,74,Female,East,Provider Group A,Breast Cancer Screening,1,0,Open,2026-05-01,0,None,Not Attempted,0,0.8
SYN00655,74,Female,East,Provider Group A,Diabetes Care,1,1,Compliant,2026-05-01,0,None,Not Needed,0,0.78
SYN00667,74,Female,North,Provider Group D,Colorectal Cancer Screening,1,0,Open,2026-05-01,0,None,Not Attempted,0,0.75
SYN00667,74,Female,North,Provider Group D,Controlling Blood Pressure,1,1,Compliant,2026-05-01,0,None,Not Needed,0,0.8
SYN00670,80,Male,South,Provider Group C,Colorectal Cancer Screening,0,0,Not Eligible,2026-05-01,0,None,Not Needed,0,0.75
SYN00670,80,Male,South,Provider Group C,Diabetes Care,1,0,Open,2026-05-01,2,Phone,Reached,0,0.78
SYN00681,71,Female,South,Provider Group E,Breast Cancer Screening,1,1,Compliant,2026-05-01,0,None,Not Needed,0,0.8
SYN00681,71,Female,South,Provider Group E,Diabetes Care,1,0,Open,2026-05-01,2,Mail,Unable to Reach,0,0.78
SYN00681,71,Female,South,Provider Group E,Medication Adherence,1,1,Compliant,2026-05-01,0,None,Not Needed,0,0.85
SYN00686,67,Male,South,Provider Group E,Breast Cancer Screening,0,0,Not Eligible,2026-05-01,0,None,Not Needed,0,0.8
SYN00688,73,Female,South,Provider Group C,Controlling Blood Pressure,1,1,Compliant,2026-05-01,0,None,Not Needed,0,0.8
SYN00688,73,Female,South,Provider Group C,Follow-Up After Hospitalization,1,0,Open,2026-05-01,2,SMS,Reached,0,0.75
SYN00693,70,Male,East,Provider Group E,Controlling Blood Pressure,1,1,Compliant,2026-05-01,0,None,Not Needed,0,0.8
SYN00699,86,Female,East,Provider Group B,Breast Cancer Screening,0,0,Not Eligible,2026-05-01,0,None,Not Needed,0,0.8
SYN00699,86,Female,East,Provider Group B,Diabetes Care,0,0,Not Eligible,2026-05-01,0,None,Not Needed,0,0.78
SYN00703,66,Female,South,Provider Group A,Colorectal Cancer Screening,1,1,Compliant,2026-05-01,0,None,Not Needed,0,0.75
SYN00703,66,Female,South,Provider Group A,Controlling Blood Pressure,1,1,Compliant,2026-05-01,0,None,Not Needed,0,0.8
SYN00703,66,Female,South,Provider Group A,Diabetes Care,0,0,Not Eligible,2026-05-01,0,None,Not Needed,0,0.78
SYN00703,66,Female,South,Provider Group A,Follow-Up After Hospitalization,1,0,Open,2026-05-01,1,Phone,Reached,0,0.75
SYN00722,74,Male,South,Provider Group B,Diabetes Care,1,0,Open,2026-05-01,1,Mail,Unable to Reach,0,0.78
SYN00738,70,Female,North,Provider Group C,Breast Cancer Screening,1,1,Compliant,2026-05-01,0,None,Not Needed,0,0.8
SYN00738,70,Female,North,Provider Group C,Follow-Up After Hospitalization,1,0,Open,2026-05-01,2,Phone,Unable to Reach,0,0.75
SYN00738,70,Female,North,Provider Group C,Medication Adherence,1,1,Compliant,2026-05-01,0,None,Not Needed,0,0.85
SYN00745,79,Female,East,Provider Group E,Colorectal Cancer Screening,0,0,Not Eligible,2026-05-01,0,None,Not Needed,0,0.75
SYN00745,79,Female,East,Provider Group E,Controlling Blood Pressure,1,1,Compliant,2026-05-01,0,None,Not Needed,0,0.8
SYN00745,79,Female,East,Provider Group E,Medication Adherence,1,1,Compliant,2026-05-01,0,None,Not Needed,0,0.85
SYN00750,71,Female,East,Provider Group B,Breast Cancer Screening,1,1,Compliant,2026-05-01,0,None,Not Needed,0,0.8
SYN00750,71,Female,East,Provider Group B,Controlling Blood Pressure,1,1,Compliant,2026-05-01,0,None,Not Needed,0,0.8
SYN00750,71,Female,East,Provider Group B,Medication Adherence,1,1,Compliant,2026-05-01,0,None,Not Needed,0,0.85
SYN00753,88,Male,South,Provider Group A,Controlling Blood Pressure,1,1,Compliant,2026-05-01,0,None,Not Needed,0,0.8
SYN00753,88,Male,South,Provider Group A,Diabetes Care,0,0,Not Eligible,2026-05-01,0,None,Not Needed,0,0.78
SYN00753,88,Male,South,Provider Group A,Follow-Up After Hospitalization,1,0,Open,2026-05-01,1,Phone,Declined,0,0.75
SYN00766,65,Female,West,Provider Group B,Breast Cancer Screening,1,1,Compliant,2026-05-01,3,Care Coordinator,Reached,1,0.8
SYN00766,65,Female,West,Provider Group B,Colorectal Cancer Screening,1,0,Open,2026-05-01,3,Mail,Unable to Reach,0,0.75
SYN00766,65,Female,West,Provider Group B,Controlling Blood Pressure,1,0,Open,2026-05-01,2,Phone,Unable to Reach,0,0.8
SYN00766,65,Female,West,Provider Group B,Diabetes Care,1,1,Compliant,2026-05-01,0,None,Not Needed,0,0.78
SYN00766,65,Female,West,Provider Group B,Follow-Up After Hospitalization,1,0,Open,2026-05-01,0,None,Not Attempted,0,0.75
SYN00766,65,Female,West,Provider Group B,Medication Adherence,1,1,Compliant,2026-05-01,0,None,Not Needed,0,0.85
SYN00767,72,Female,South,Provider Group B,Colorectal Cancer Screening,1,1,Compliant,2026-05-01,0,None,Not Needed,0,0.75
SYN00767,72,Female,South,Provider Group B,Diabetes Care,1,0,Open,2026-05-01,1,Care Coordinator,Declined,0,0.78
SYN00767,72,Female,South,Provider Group B,Medication Adherence,1,1,Compliant,2026-05-01,0,None,Not Needed,0,0.85
SYN00770,71,Female,South,Provider Group A,Follow-Up After Hospitalization,0,0,Not Eligible,2026-05-01,0,None,Not Needed,0,0.75
SYN00775,80,Female,South,Provider Group B,Breast Cancer Screening,0,0,Not Eligible,2026-05-01,0,None,Not Needed,0,0.8
SYN00775,80,Female,South,Provider Group B,Colorectal Cancer Screening,0,0,Not Eligible,2026-05-01,0,None,Not Needed,0,0.75
SYN00775,80,Female,South,Provider Group B,Controlling Blood Pressure,1,1,Compliant,2026-05-01,3,Phone,Reached,1,0.8
SYN00775,80,Female,South,Provider Group B,Diabetes Care,1,0,Open,2026-05-01,1,Phone,Reached,0,0.78
SYN00779,83,Male,North,Provider Group A,Controlling Blood Pressure,1,0,Open,2026-05-01,1,Mail,Declined,0,0.8
SYN00791,71,Female,South,Provider Group A,Colorectal Cancer Screening,1,1,Compliant,2026-05-01,0,None,Not Needed,0,0.75
SYN00791,71,Female,South,Provider Group A,Diabetes Care,1,1,Compliant,2026-05-01,0,None,Not Needed,0,0.78
SYN00799,70,Male,South,Provider Group C,Colorectal Cancer Screening,1,0,Open,2026-05-01,2,Care Coordinator,Declined,0,0.75
SYN00799,70,Male,South,Provider Group C,Controlling Blood Pressure,1,1,Compliant,2026-05-01,0,None,Not Needed,0,0.8
SYN00799,70,Male,South,Provider Group C,Diabetes Care,1,0,Open,2026-05-01,1,Mail,Declined,0,0.78
SYN00799,70,Male,South,Provider Group C,Follow-Up After Hospitalization,1,1,Compliant,2026-05-01,2,SMS,Reached,1,0.75
SYN00800,72,Female,South,Provider Group C,Breast Cancer Screening,1,1,Compliant,2026-05-01,0,None,Not Needed,0,0.8
SYN00800,72,Female,South,Provider Group C,Colorectal Cancer Screening,1,0,Open,2026-05-01,0,None,Not Attempted,0,0.75
SYN00800,72,Female,South,Provider Group C,Controlling Blood Pressure,1,1,Compliant,2026-05-01,1,Phone,Reached,1,0.8
SYN00800,72,Female,South,Provider Group C,Follow-Up After Hospitalization,0,0,Not Eligible,2026-05-01,0,None,Not Needed,0,0.75
SYN00800,72,Female,South,Provider Group C,Medication Adherence,1,1,Compliant,2026-05-01,0,None,Not Needed,0,0.85
SYN00808,70,Male,South,Provider Group A,Controlling Blood Pressure,0,0,Not Eligible,2026-05-01,0,None,Not Needed,0,0.8
SYN00808,70,Male,South,Provider Group A,Diabetes Care,1,0,Open,2026-05-01,0,None,Not Attempted,0,0.78
SYN00808,70,Male,South,Provider Group A,Medication Adherence,1,1,Compliant,2026-05-01,0,None,Not Needed,0,0.85
SYN00821,71,Male,North,Provider Group D,Colorectal Cancer Screening,0,0,Not Eligible,2026-05-01,0,None,Not Needed,0,0.75
SYN00826,65,Male,North,Provider Group A,Breast Cancer Screening,0,0,Not Eligible,2026-05-01,0,None,Not Needed,0,0.8
SYN00826,65,Male,North,Provider Group A,Colorectal Cancer Screening,0,0,Not Eligible,2026-05-01,0,None,Not Needed,0,0.75
SYN00826,65,Male,North,Provider Group A,Controlling Blood Pressure,1,1,Compliant,2026-05-01,0,None,Not Needed,0,0.8
SYN00826,65,Male,North,Provider Group A,Diabetes Care,1,1,Compliant,2026-05-01,0,None,Not Needed,0,0.78
SYN00826,65,Male,North,Provider Group A,Medication Adherence,1,1,Compliant,2026-05-01,0,None,Not Needed,0,0.85
SYN00832,71,Male,East,Provider Group B,Colorectal Cancer Screening,1,1,Compliant,2026-05-01,0,None,Not Needed,0,0.75
SYN00832,71,Male,East,Provider Group B,Controlling Blood Pressure,0,0,Not Eligible,2026-05-01,0,None,Not Needed,0,0.8
SYN00832,71,Male,East,Provider Group B,Diabetes Care,1,1,Compliant,2026-05-01,0,None,Not Needed,0,0.78
SYN00832,71,Male,East,Provider Group B,Medication Adherence,1,1,Compliant,2026-05-01,0,None,Not Needed,0,0.85
SYN00840,67,Male,North,Provider Group C,Colorectal Cancer Screening,1,0,Open,2026-05-01,4,Phone,Reached,0,0.75
SYN00840,67,Male,North,Provider Group C,Controlling Blood Pressure,1,1,Compliant,2026-05-01,0,None,Not Needed,0,0.8
SYN00840,67,Male,North,Provider Group C,Diabetes Care,1,1,Compliant,2026-05-01,0,None,Not Needed,0,0.78
SYN00840,67,Male,North,Provider Group C,Follow-Up After Hospitalization,0,0,Not Eligible,2026-05-01,0,None,Not Needed,0,0.75
SYN00847,68,Male,West,Provider Group D,Controlling Blood Pressure,1,1,Compliant,2026-05-01,0,None,Not Needed,0,0.8
SYN00847,68,Male,West,Provider Group D,Diabetes Care,0,0,Not Eligible,2026-05-01,0,None,Not Needed,0,0.78
SYN00848,74,Female,East,Provider Group B,Colorectal Cancer Screening,1,1,Compliant,2026-05-01,0,None,Not Needed,0,0.75
SYN00848,74,Female,East,Provider Group B,Controlling Blood Pressure,0,0,Not Eligible,2026-05-01,0,None,Not Needed,0,0.8
SYN00849,67,Male,North,Provider Group C,Colorectal Cancer Screening,1,1,Compliant,2026-05-01,0,None,Not Needed,0,0.75
SYN00849,67,Male,North,Provider Group C,Medication Adherence,1,1,Compliant,2026-05-01,0,None,Not Needed,0,0.85
SYN00850,67,Female,North,Provider Group A,Colorectal Cancer Screening,1,1,Compliant,2026-05-01,0,None,Not Needed,0,0.75
SYN00850,67,Female,North,Provider Group A,Controlling Blood Pressure,1,1,Compliant,2026-05-01,0,None,Not Needed,0,0.8
SYN00850,67,Female,North,Provider Group A,Medication Adherence,1,1,Compliant,2026-05-01,0,None,Not Needed,0,0.85
SYN00851,75,Male,East,Provider Group A,Controlling Blood Pressure,1,0,Open,2026-05-01,1,Phone,Reached,0,0.8
SYN00851,75,Male,East,Provider Group A,Medication Adherence,1,1,Compliant,2026-05-01,0,None,Not Needed,0,0.85
SYN00858,85,Male,West,Provider Group C,Diabetes Care,0,0,Not Eligible,2026-05-01,0,None,Not Needed,0,0.78
SYN00859,72,Male,North,Provider Group C,Colorectal Cancer Screening,1,1,Compliant,2026-05-01,2,Care Coordinator,Reached,1,0.75
SYN00859,72,Male,North,Provider Group C,Diabetes Care,1,1,Compliant,2026-05-01,1,Phone,Reached,1,0.78
SYN00859,72,Male,North,Provider Group C,Follow-Up After Hospitalization,1,1,Compliant,2026-05-01,2,Phone,Reached,1,0.75
SYN00875,76,Male,West,Provider Group C,Colorectal Cancer Screening,0,0,Not Eligible,2026-05-01,0,None,Not Needed,0,0.75
SYN00875,76,Male,West,Provider Group C,Controlling Blood Pressure,1,1,Compliant,2026-05-01,0,None,Not Needed,0,0.8
SYN00875,76,Male,West,Provider Group C,Diabetes Care,1,1,Compliant,2026-05-01,0,None,Not Needed,0,0.78
SYN00875,76,Male,West,Provider Group C,Follow-Up After Hospitalization,1,0,Open,2026-05-01,0,None,Not Attempted,0,0.75
SYN00877,79,Female,North,Provider Group A,Colorectal Cancer Screening,0,0,Not Eligible,2026-05-01,0,None,Not Needed,0,0.75
SYN00877,79,Female,North,Provider Group A,Controlling Blood Pressure,1,1,Compliant,2026-05-01,0,None,Not Needed,0,0.8
SYN00877,79,Female,North,Provider Group A,Diabetes Care,1,1,Compliant,2026-05-01,1,Phone,Reached,1,0.78
SYN00895,76,Male,East,Provider Group C,Breast Cancer Screening,0,0,Not Eligible,2026-05-01,0,None,Not Needed,0,0.8
SYN00895,76,Male,East,Provider Group C,Colorectal Cancer Screening,0,0,Not Eligible,2026-05-01,0,None,Not Needed,0,0.75
SYN00895,76,Male,East,Provider Group C,Controlling Blood Pressure,1,1,Compliant,2026-05-01,0,None,Not Needed,0,0.8
SYN00897,66,Female,West,Provider Group D,Breast Cancer Screening,1,1,Compliant,2026-05-01,0,None,Not Needed,0,0.8
SYN00897,66,Female,West,Provider Group D,Controlling Blood Pressure,1,1,Compliant,2026-05-01,0,None,Not Needed,0,0.8
SYN00897,66,Female,West,Provider Group D,Follow-Up After Hospitalization,1,1,Compliant,2026-05-01,0,None,Not Needed,0,0.75
SYN00904,66,Male,East,Provider Group D,Controlling Blood Pressure,1,1,Compliant,2026-05-01,0,None,Not Needed,0,0.8
SYN00904,66,Male,East,Provider Group D,Medication Adherence,1,1,Compliant,2026-05-01,0,None,Not Needed,0,0.85
SYN00907,83,Female,North,Provider Group B,Breast Cancer Screening,0,0,Not Eligible,2026-05-01,0,None,Not Needed,0,0.8
SYN00907,83,Female,North,Provider Group B,Controlling Blood Pressure,1,0,Open,2026-05-01,0,None,Not Attempted,0,0.8
SYN00907,83,Female,North,Provider Group B,Diabetes Care,1,0,Open,2026-05-01,1,Phone,Reached,0,0.78
SYN00907,83,Female,North,Provider Group B,Medication Adherence,1,1,Compliant,2026-05-01,0,None,Not Needed,0,0.85
SYN00908,68,Male,South,Provider Group C,Diabetes Care,0,0,Not Eligible,2026-05-01,0,None,Not Needed,0,0.78
SYN00911,70,Male,South,Provider Group E,Colorectal Cancer Screening,0,0,Not Eligible,2026-05-01,0,None,Not Needed,0,0.75
SYN00913,72,Male,North,Provider Group B,Colorectal Cancer Screening,1,1,Compliant,2026-05-01,0,None,Not Needed,0,0.75
SYN00917,88,Male,South,Provider Group E,Colorectal Cancer Screening,0,0,Not Eligible,2026-05-01,0,None,Not Needed,0,0.75
SYN00917,88,Male,South,Provider Group E,Controlling Blood Pressure,1,1,Compliant,2026-05-01,0,None,Not Needed,0,0.8
SYN00917,88,Male,South,Provider Group E,Diabetes Care,1,1,Compliant,2026-05-01,0,None,Not Needed,0,0.78
SYN00926,82,Female,North,Provider Group D,Breast Cancer Screening,0,0,Not Eligible,2026-05-01,0,None,Not Needed,0,0.8
SYN00926,82,Female,North,Provider Group D,Follow-Up After Hospitalization,1,0,Open,2026-05-01,3,SMS,Reached,0,0.75
SYN00926,82,Female,North,Provider Group D,Medication Adherence,1,0,Open,2026-05-01,1,Phone,Reached,0,0.85
SYN00933,77,Female,East,Provider Group D,Breast Cancer Screening,0,0,Not Eligible,2026-05-01,0,None,Not Needed,0,0.8
SYN00933,77,Female,East,Provider Group D,Controlling Blood Pressure,1,0,Open,2026-05-01,2,Mail,Unable to Reach,0,0.8
SYN00933,77,Female,East,Provider Group D,Diabetes Care,1,1,Compliant,2026-05-01,0,None,Not Needed,0,0.78
SYN00937,72,Female,South,Provider Group C,Breast Cancer Screening,1,1,Compliant,2026-05-01,1,SMS,Reached,1,0.8
SYN00937,72,Female,South,Provider Group C,Controlling Blood Pressure,1,1,Compliant,2026-05-01,0,None,Not Needed,0,0.8
SYN00937,72,Female,South,Provider Group C,Follow-Up After Hospitalization,1,1,Compliant,2026-05-01,1,SMS,Reached,1,0.75
SYN00950,85,Male,East,Provider Group D,Colorectal Cancer Screening,0,0,Not Eligible,2026-05-01,0,None,Not Needed,0,0.75
SYN00950,85,Male,East,Provider Group D,Follow-Up After Hospitalization,1,1,Compliant,2026-05-01,0,None,Not Needed,0,0.75
SYN00950,85,Male,East,Provider Group D,Medication Adherence,1,1,Compliant,2026-05-01,0,None,Not Needed,0,0.85
SYN00960,68,Male,East,Provider Group D,Controlling Blood Pressure,1,0,Open,2026-05-01,2,Phone,Unable to Reach,0,0.8
SYN00960,68,Male,East,Provider Group D,Medication Adherence,1,1,Compliant,2026-05-01,0,None,Not Needed,0,0.85
SYN00963,67,Male,East,Provider Group D,Colorectal Cancer Screening,1,1,Compliant,2026-05-01,0,None,Not Needed,0,0.75
SYN00963,67,Male,East,Provider Group D,Controlling Blood Pressure,1,1,Compliant,2026-05-01,0,None,Not Needed,0,0.8
SYN00963,67,Male,East,Provider Group D,Diabetes Care,0,0,Not Eligible,2026-05-01,0,None,Not Needed,0,0.78
SYN00963,67,Male,East,Provider Group D,Follow-Up After Hospitalization,0,0,Not Eligible,2026-05-01,0,None,Not Needed,0,0.75
SYN00974,70,Female,North,Provider Group A,Breast Cancer Screening,1,1,Compliant,2026-05-01,0,None,Not Needed,0,0.8
SYN00974,70,Female,North,Provider Group A,Colorectal Cancer Screening,1,1,Compliant,2026-05-01,1,Phone,Reached,1,0.75
SYN00974,70,Female,North,Provider Group A,Controlling Blood Pressure,1,1,Compliant,2026-05-01,0,None,Not Needed,0,0.8
SYN00974,70,Female,North,Provider Group A,Medication Adherence,1,1,Compliant,2026-05-01,0,None,Not Needed,0,0.85
SYN00975,71,Male,West,Provider Group A,Controlling Blood Pressure,1,0,Open,2026-05-01,1,Care Coordinator,Reached,0,0.8
SYN00975,71,Male,West,Provider Group A,Medication Adherence,1,1,Compliant,2026-05-01,0,None,Not Needed,0,0.85
SYN00977,71,Female,South,Provider Group C,Colorectal Cancer Screening,1,1,Compliant,2026-05-01,3,SMS,Reached,1,0.75
SYN00977,71,Female,South,Provider Group C,Diabetes Care,1,0,Open,2026-05-01,2,Phone,Reached,0,0.78
SYN00979,73,Male,West,Provider Group E,Breast Cancer Screening,0,0,Not Eligible,2026-05-01,0,None,Not Needed,0,0.8
SYN00979,73,Male,West,Provider Group E,Colorectal Cancer Screening,1,0,Open,2026-05-01,2,Phone,Reached,0,0.75
SYN00979,73,Male,West,Provider Group E,Follow-Up After Hospitalization,0,0,Not Eligible,2026-05-01,0,None,Not Needed,0,0.75
SYN00979,73,Male,West,Provider Group E,Medication Adherence,0,0,Not Eligible,2026-05-01,0,None,Not Needed,0,0.85
SYN00981,67,Male,East,Provider Group C,Colorectal Cancer Screening,1,1,Compliant,2026-05-01,0,None,Not Needed,0,0.75
SYN00981,67,Male,East,Provider Group C,Diabetes Care,1,1,Compliant,2026-05-01,0,None,Not Needed,0,0.78
SYN00991,65,Female,North,Provider Group C,Breast Cancer Screening,1,1,Compliant,2026-05-01,0,None,Not Needed,0,0.8
SYN00991,65,Female,North,Provider Group C,Controlling Blood Pressure,1,1,Compliant,2026-05-01,0,None,Not Needed,0,0.8
SYN00991,65,Female,North,Provider Group C,Follow-Up After Hospitalization,1,1,Compliant,2026-05-01,1,Mail,Reached,1,0.75
SYN00998,73,Female,South,Provider Group C,Breast Cancer Screening,1,1,Compliant,2026-05-01,4,Mail,Reached,1,0.8
SYN00998,73,Female,South,Provider Group C,Colorectal Cancer Screening,0,0,Not Eligible,2026-05-01,0,None,Not Needed,0,0.75
SYN01009,89,Male,North,Provider Group B,Controlling Blood Pressure,1,1,Compliant,2026-05-01,0,None,Not Needed,0,0.8
SYN01009,89,Male,North,Provider Group B,Follow-Up After Hospitalization,0,0,Not Eligible,2026-05-01,0,None,Not Needed,0,0.75
SYN01030,71,Female,North,Provider Group A,Colorectal Cancer Screening,1,1,Compliant,2026-05-01,3,Mail,Reached,1,0.75
SYN01030,71,Female,North,Provider Group A,Follow-Up After Hospitalization,1,0,Open,2026-05-01,0,None,Not Attempted,0,0.75
SYN01030,71,Female,North,Provider Group A,Medication Adherence,1,1,Compliant,2026-05-01,0,None,Not Needed,0,0.85
SYN01043,86,Female,East,Provider Group A,Breast Cancer Screening,0,0,Not Eligible,2026-05-01,0,None,Not Needed,0,0.8
SYN01043,86,Female,East,Provider Group A,Controlling Blood Pressure,1,0,Open,2026-05-01,2,SMS,Reached,0,0.8
SYN01043,86,Female,East,Provider Group A,Diabetes Care,1,1,Compliant,2026-05-01,0,None,Not Needed,0,0.78
SYN01043,86,Female,East,Provider Group A,Medication Adherence,1,1,Compliant,2026-05-01,0,None,Not Needed,0,0.85
SYN01048,69,Female,West,Provider Group D,Breast Cancer Screening,1,1,Compliant,2026-05-01,0,None,Not Needed,0,0.8
SYN01048,69,Female,West,Provider Group D,Colorectal Cancer Screening,1,0,Open,2026-05-01,0,None,Not Attempted,0,0.75
SYN01048,69,Female,West,Provider Group D,Controlling Blood Pressure,1,0,Open,2026-05-01,1,Care Coordinator,Reached,0,0.8
SYN01048,69,Female,West,Provider Group D,Diabetes Care,1,1,Compliant,2026-05-01,0,None,Not Needed,0,0.78
SYN01048,69,Female,West,Provider Group D,Follow-Up After Hospitalization,1,1,Compliant,2026-05-01,0,None,Not Needed,0,0.75
SYN01048,69,Female,West,Provider Group D,Medication Adherence,1,1,Compliant,2026-05-01,0,None,Not Needed,0,0.85
SYN01051,82,Male,East,Provider Group D,Colorectal Cancer Screening,0,0,Not Eligible,2026-05-01,0,None,Not Needed,0,0.75
SYN01051,82,Male,East,Provider Group D,Controlling Blood Pressure,0,0,Not Eligible,2026-05-01,0,None,Not Needed,0,0.8
SYN01051,82,Male,East,Provider Group D,Medication Adherence,1,1,Compliant,2026-05-01,0,None,Not Needed,0,0.85
SYN01057,76,Male,East,Provider Group A,Medication Adherence,1,1,Compliant,2026-05-01,0,None,Not Needed,0,0.85
SYN01066,80,Female,West,Provider Group B,Breast Cancer Screening,0,0,Not Eligible,2026-05-01,0,None,Not Needed,0,0.8
SYN01066,80,Female,West,Provider Group B,Colorectal Cancer Screening,0,0,Not Eligible,2026-05-01,0,None,Not Needed,0,0.75
SYN01066,80,Female,West,Provider Group B,Controlling Blood Pressure,1,1,Compliant,2026-05-01,0,None,Not Needed,0,0.8
SYN01070,71,Female,North,Provider Group B,Breast Cancer Screening,1,0,Open,2026-05-01,1,Phone,Reached,0,0.8
SYN01070,71,Female,North,Provider Group B,Diabetes Care,1,1,Compliant,2026-05-01,0,None,Not Needed,0,0.78
SYN01074,73,Male,East,Provider Group A,Colorectal Cancer Screening,1,1,Compliant,2026-05-01,0,None,Not Needed,0,0.75
SYN01074,73,Male,East,Provider Group A,Controlling Blood Pressure,1,1,Compliant,2026-05-01,0,None,Not Needed,0,0.8
SYN01074,73,Male,East,Provider Group A,Diabetes Care,0,0,Not Eligible,2026-05-01,0,None,Not Needed,0,0.78
SYN01074,73,Male,East,Provider Group A,Follow-Up After Hospitalization,1,0,Open,2026-05-01,1,Care Coordinator,Declined,0,0.75
SYN01084,65,Female,North,Provider Group B,Breast Cancer Screening,1,1,Compliant,2026-05-01,0,None,Not Needed,0,0.8
SYN01084,65,Female,North,Provider Group B,Colorectal Cancer Screening,1,1,Compliant,2026-05-01,0,None,Not Needed,0,0.75
SYN01084,65,Female,North,Provider Group B,Diabetes Care,0,0,Not Eligible,2026-05-01,0,None,Not Needed,0,0.78
SYN01084,65,Female,North,Provider Group B,Follow-Up After Hospitalization,1,1,Compliant,2026-05-01,1,Mail,Reached,1,0.75
SYN01084,65,Female,North,Provider Group B,Medication Adherence,1,1,Compliant,2026-05-01,0,None,Not Needed,0,0.85
SYN01088,75,Male,North,Provider Group B,Follow-Up After Hospitalization,1,1,Compliant,2026-05-01,1,Phone,Reached,1,0.75
SYN01088,75,Male,North,Provider Group B,Medication Adherence,1,0,Open,2026-05-01,0,None,Not Attempted,0,0.85
SYN01117,80,Female,South,Provider Group A,Colorectal Cancer Screening,0,0,Not Eligible,2026-05-01,0,None,Not Needed,0,0.75
SYN01117,80,Female,South,Provider Group A,Controlling Blood Pressure,1,1,Compliant,2026-05-01,0,None,Not Needed,0,0.8
SYN01120,75,Male,West,Provider Group E,Follow-Up After Hospitalization,1,1,Compliant,2026-05-01,1,SMS,Reached,1,0.75
SYN01127,68,Male,North,Provider Group C,Colorectal Cancer Screening,1,0,Open,2026-05-01,4,Mail,Reached,0,0.75
SYN01127,68,Male,North,Provider Group C,Diabetes Care,1,1,Compliant,2026-05-01,0,None,Not Needed,0,0.78
SYN01127,68,Male,North,Provider Group C,Follow-Up After Hospitalization,0,0,Not Eligible,2026-05-01,0,None,Not Needed,0,0.75
SYN01132,67,Female,South,Provider Group A,Breast Cancer Screening,0,0,Not Eligible,2026-05-01,0,None,Not Needed,0,0.8
SYN01132,67,Female,South,Provider Group A,Colorectal Cancer Screening,1,0,Open,2026-05-01,1,SMS,Reached,0,0.75
SYN01132,67,Female,South,Provider Group A,Medication Adherence,1,1,Compliant,2026-05-01,0,None,Not Needed,0,0.85
SYN01138,75,Male,North,Provider Group A,Diabetes Care,1,1,Compliant,2026-05-01,0,None,Not Needed,0,0.78
SYN01147,70,Female,West,Provider Group C,Breast Cancer Screening,1,1,Compliant,2026-05-01,0,None,Not Needed,0,0.8
SYN01147,70,Female,West,Provider Group C,Colorectal Cancer Screening,1,1,Compliant,2026-05-01,1,Phone,Reached,1,0.75
SYN01147,70,Female,West,Provider Group C,Controlling Blood Pressure,1,0,Open,2026-05-01,4,Phone,Unable to Reach,0,0.8
SYN01147,70,Female,West,Provider Group C,Diabetes Care,1,1,Compliant,2026-05-01,2,Phone,Reached,1,0.78
SYN01147,70,Female,West,Provider Group C,Follow-Up After Hospitalization,1,1,Compliant,2026-05-01,0,None,Not Needed,0,0.75
SYN01147,70,Female,West,Provider Group C,Medication Adherence,1,1,Compliant,2026-05-01,0,None,Not Needed,0,0.85
SYN01149,86,Male,South,Provider Group A,Colorectal Cancer Screening,0,0,Not Eligible,2026-05-01,0,None,Not Needed,0,0.75
SYN01149,86,Male,South,Provider Group A,Diabetes Care,1,1,Compliant,2026-05-01,0,None,Not Needed,0,0.78
SYN01154,79,Female,East,Provider Group B,Breast Cancer Screening,0,0,Not Eligible,2026-05-01,0,None,Not Needed,0,0.8
SYN01154,79,Female,East,Provider Group B,Colorectal Cancer Screening,0,0,Not Eligible,2026-05-01,0,None,Not Needed,0,0.75
SYN01154,79,Female,East,Provider Group B,Controlling Blood Pressure,0,0,Not Eligible,2026-05-01,0,None,Not Needed,0,0.8
SYN01154,79,Female,East,Provider Group B,Diabetes Care,0,0,Not Eligible,2026-05-01,0,None,Not Needed,0,0.78
SYN01160,85,Male,South,Provider Group A,Colorectal Cancer Screening,0,0,Not Eligible,2026-05-01,0,None,Not Needed,0,0.75
SYN01160,85,Male,South,Provider Group A,Diabetes Care,1,1,Compliant,2026-05-01,0,None,Not Needed,0,0.78
SYN01169,66,Female,South,Provider Group B,Colorectal Cancer Screening,1,1,Compliant,2026-05-01,0,None,Not Needed,0,0.75
SYN01169,66,Female,South,Provider Group B,Diabetes Care,0,0,Not Eligible,2026-05-01,0,None,Not Needed,0,0.78
SYN01174,67,Female,West,Provider Group C,Diabetes Care,1,0,Open,2026-05-01,1,Mail,Reached,0,0.78
SYN01174,67,Female,West,Provider Group C,Medication Adherence,0,0,Not Eligible,2026-05-01,0,None,Not Needed,0,0.85
SYN01179,73,Female,North,Provider Group C,Diabetes Care,1,1,Compliant,2026-05-01,1,Phone,Reached,1,0.78
SYN01179,73,Female,North,Provider Group C,Follow-Up After Hospitalization,0,0,Not Eligible,2026-05-01,0,None,Not Needed,0,0.75
SYN01179,73,Female,North,Provider Group C,Medication Adherence,1,1,Compliant,2026-05-01,0,None,Not Needed,0,0.85
SYN01183,76,Female,North,Provider Group C,Colorectal Cancer Screening,0,0,Not Eligible,2026-05-01,0,None,Not Needed,0,0.75
SYN01183,76,Female,North,Provider Group C,Controlling Blood Pressure,1,1,Compliant,2026-05-01,0,None,Not Needed,0,0.8
SYN01183,76,Female,North,Provider Group C,Diabetes Care,0,0,Not Eligible,2026-05-01,0,None,Not Needed,0,0.78
SYN01188,70,Female,East,Provider Group A,Controlling Blood Pressure,1,1,Compliant,2026-05-01,0,None,Not Needed,0,0.8
SYN01188,70,Female,East,Provider Group A,Diabetes Care,1,1,Compliant,2026-05-01,0,None,Not Needed,0,0.78
SYN01188,70,Female,East,Provider Group A,Follow-Up After Hospitalization,1,1,Compliant,2026-05-01,0,None,Not Needed,0,0.75
SYN01188,70,Female,East,Provider Group A,Medication Adherence,0,0,Not Eligible,2026-05-01,0,None,Not Needed,0,0.85
SYN01189,89,Female,East,Provider Group B,Breast Cancer Screening,0,0,Not Eligible,2026-05-01,0,None,Not Needed,0,0.8
SYN01191,85,Male,South,Provider Group D,Breast Cancer Screening,0,0,Not Eligible,2026-05-01,0,None,Not Needed,0,0.8
SYN01191,85,Male,South,Provider Group D,Colorectal Cancer Screening,0,0,Not Eligible,2026-05-01,0,None,Not Needed,0,0.75
SYN01191,85,Male,South,Provider Group D,Diabetes Care,0,0,Not Eligible,2026-05-01,0,None,Not Needed,0,0.78
SYN01191,85,Male,South,Provider Group D,Medication Adherence,1,1,Compliant,2026-05-01,0,None,Not Needed,0,0.85
SYN01210,68,Male,South,Provider Group D,Diabetes Care,0,0,Not Eligible,2026-05-01,0,None,Not Needed,0,0.78
SYN01214,74,Female,North,Provider Group C,Breast Cancer Screening,1,1,Compliant,2026-05-01,0,None,Not Needed,0,0.8
SYN01214,74,Female,North,Provider Group C,Controlling Blood Pressure,1,1,Compliant,2026-05-01,0,None,Not Needed,0,0.8
SYN01214,74,Female,North,Provider Group C,Medication Adherence,1,0,Open,2026-05-01,0,None,Not Attempted,0,0.85
SYN01216,69,Male,West,Provider Group C,Controlling Blood Pressure,1,0,Open,2026-05-01,0,None,Not Attempted,0,0.8
SYN01216,69,Male,West,Provider Group C,Diabetes Care,1,0,Open,2026-05-01,0,None,Not Attempted,0,0.78
SYN01262,69,Male,North,Provider Group A,Follow-Up After Hospitalization,1,1,Compliant,2026-05-01,0,None,Not Needed,0,0.75
SYN01262,69,Male,North,Provider Group A,Medication Adherence,1,1,Compliant,2026-05-01,0,None,Not Needed,0,0.85
SYN01276,78,Female,North,Provider Group A,Breast Cancer Screening,0,0,Not Eligible,2026-05-01,0,None,Not Needed,0,0.8
SYN01284,67,Female,East,Provider Group A,Colorectal Cancer Screening,1,1,Compliant,2026-05-01,1,Phone,Reached,1,0.75
SYN01284,67,Female,East,Provider Group A,Controlling Blood Pressure,1,1,Compliant,2026-05-01,0,None,Not Needed,0,0.8
SYN01284,67,Female,East,Provider Group A,Diabetes Care,1,1,Compliant,2026-05-01,0,None,Not Needed,0,0.78
SYN01284,67,Female,East,Provider Group A,Follow-Up After Hospitalization,1,1,Compliant,2026-05-01,0,None,Not Needed,0,0.75
SYN01297,70,Male,North,Provider Group D,Controlling Blood Pressure,0,0,Not Eligible,2026-05-01,0,None,Not Needed,0,0.8
SYN01297,70,Male,North,Provider Group D,Diabetes Care,1,1,Compliant,2026-05-01,0,None,Not Needed,0,0.78
SYN01297,70,Male,North,Provider Group D,Medication Adherence,0,0,Not Eligible,2026-05-01,0,None,Not Needed,0,0.85
SYN01299,71,Male,East,Provider Group B,Controlling Blood Pressure,1,1,Compliant,2026-05-01,0,None,Not Needed,0,0.8
SYN01302,67,Female,South,Provider Group B,Colorectal Cancer Screening,1,0,Open,2026-05-01,1,Phone,Unable to Reach,0,0.75
SYN01307,76,Male,West,Provider Group D,Controlling Blood Pressure,1,0,Open,2026-05-01,0,None,Not Attempted,0,0.8
SYN01307,76,Male,West,Provider Group D,Diabetes Care,1,1,Compliant,2026-05-01,0,None,Not Needed,0,0.78
SYN01308,84,Male,North,Provider Group D,Colorectal Cancer Screening,0,0,Not Eligible,2026-05-01,0,None,Not Needed,0,0.75
SYN01308,84,Male,North,Provider Group D,Controlling Blood Pressure,1,1,Compliant,2026-05-01,0,None,Not Needed,0,0.8
SYN01308,84,Male,North,Provider Group D,Diabetes Care,0,0,Not Eligible,2026-05-01,0,None,Not Needed,0,0.78
SYN01308,84,Male,North,Provider Group D,Follow-Up After Hospitalization,1,0,Open,2026-05-01,1,Mail,Reached,0,0.75
SYN01317,77,Male,South,Provider Group C,Controlling Blood Pressure,1,1,Compliant,2026-05-01,0,None,Not Needed,0,0.8
SYN01317,77,Male,South,Provider Group C,Diabetes Care,0,0,Not Eligible,2026-05-01,0,None,Not Needed,0,0.78
SYN01317,77,Male,South,Provider Group C,Medication Adherence,1,1,Compliant,2026-05-01,2,Care Coordinator,Reached,1,0.85
SYN01322,75,Female,East,Provider Group B,Breast Cancer Screening,0,0,Not Eligible,2026-05-01,0,None,Not Needed,0,0.8
SYN01322,75,Female,East,Provider Group B,Colorectal Cancer Screening,1,0,Open,2026-05-01,0,None,Not Attempted,0,0.75
SYN01322,75,Female,East,Provider Group B,Diabetes Care,1,1,Compliant,2026-05-01,0,None,Not Needed,0,0.78
SYN01322,75,Female,East,Provider Group B,Medication Adherence,1,1,Compliant,2026-05-01,0,None,Not Needed,0,0.85
SYN01328,67,Female,East,Provider Group D,Colorectal Cancer Screening,1,1,Compliant,2026-05-01,0,None,Not Needed,0,0.75
SYN01328,67,Female,East,Provider Group D,Medication Adherence,1,1,Compliant,2026-05-01,0,None,Not Needed,0,0.85
SYN01335,71,Female,South,Provider Group C,Colorectal Cancer Screening,1,0,Open,2026-05-01,2,Phone,Unable to Reach,0,0.75
SYN01349,65,Female,East,Provider Group B,Follow-Up After Hospitalization,0,0,Not Eligible,2026-05-01,0,None,Not Needed,0,0.75
SYN01351,71,Female,East,Provider Group A,Breast Cancer Screening,1,0,Open,2026-05-01,2,Mail,Unable to Reach,0,0.8
SYN01351,71,Female,East,Provider Group A,Diabetes Care,1,1,Compliant,2026-05-01,0,None,Not Needed,0,0.78
SYN01351,71,Female,East,Provider Group A,Follow-Up After Hospitalization,1,1,Compliant,2026-05-01,3,Mail,Reached,1,0.75
SYN01363,76,Male,West,Provider Group D,Controlling Blood Pressure,1,0,Open,2026-05-01,2,Mail,Reached,0,0.8
SYN01363,76,Male,West,Provider Group D,Diabetes Care,1,1,Compliant,2026-05-01,0,None,Not Needed,0,0.78
SYN01363,76,Male,West,Provider Group D,Follow-Up After Hospitalization,1,0,Open,2026-05-01,0,None,Not Attempted,0,0.75
SYN01363,76,Male,West,Provider Group D,Medication Adherence,0,0,Not Eligible,2026-05-01,0,None,Not Needed,0,0.85
SYN01368,69,Female,South,Provider Group E,Breast Cancer Screening,1,1,Compliant,2026-05-01,0,None,Not Needed,0,0.8
SYN01368,69,Female,South,Provider Group E,Colorectal Cancer Screening,1,0,Open,2026-05-01,0,None,Not Attempted,0,0.75
SYN01375,75,Female,South,Provider Group C,Breast Cancer Screening,0,0,Not Eligible,2026-05-01,0,None,Not Needed,0,0.8
SYN01375,75,Female,South,Provider Group C,Medication Adherence,1,1,Compliant,2026-05-01,3,Phone,Reached,1,0.85
SYN01379,72,Female,North,Provider Group A,Diabetes Care,1,1,Compliant,2026-05-01,0,None,Not Needed,0,0.78
SYN01379,72,Female,North,Provider Group A,Medication Adherence,1,1,Compliant,2026-05-01,0,None,Not Needed,0,0.85
SYN01383,68,Female,West,Provider Group C,Colorectal Cancer Screening,0,0,Not Eligible,2026-05-01,0,None,Not Needed,0,0.75
SYN01383,68,Female,West,Provider Group C,Diabetes Care,1,0,Open,2026-05-01,1,Phone,Unable to Reach,0,0.78
SYN01383,68,Female,West,Provider Group C,Medication Adherence,0,0,Not Eligible,2026-05-01,0,None,Not Needed,0,0.85
SYN01405,70,Male,North,Provider Group D,Follow-Up After Hospitalization,1,1,Compliant,2026-05-01,0,None,Not Needed,0,0.75
SYN01408,82,Male,North,Provider Group B,Controlling Blood Pressure,1,0,Open,2026-05-01,2,Mail,Unable to Reach,0,0.8
SYN01408,82,Male,North,Provider Group B,Follow-Up After Hospitalization,0,0,Not Eligible,2026-05-01,0,None,Not Needed,0,0.75
SYN01408,82,Male,North,Provider Group B,Medication Adherence,0,0,Not Eligible,2026-05-01,0,None,Not Needed,0,0.85
SYN01416,84,Female,West,Provider Group A,Medication Adherence,1,1,Compliant,2026-05-01,0,None,Not Needed,0,0.85
SYN01418,69,Female,South,Provider Group B,Breast Cancer Screening,1,0,Open,2026-05-01,2,Mail,Unable to Reach,0,0.8
SYN01418,69,Female,South,Provider Group B,Colorectal Cancer Screening,1,1,Compliant,2026-05-01,0,None,Not Needed,0,0.75
SYN01418,69,Female,South,Provider Group B,Diabetes Care,1,1,Compliant,2026-05-01,0,None,Not Needed,0,0.78
SYN01418,69,Female,South,Provider Group B,Follow-Up After Hospitalization,1,1,Compliant,2026-05-01,0,None,Not Needed,0,0.75
SYN01426,89,Male,West,Provider Group D,Colorectal Cancer Screening,0,0,Not Eligible,2026-05-01,0,None,Not Needed,0,0.75
SYN01426,89,Male,West,Provider Group D,Controlling Blood Pressure,1,0,Open,2026-05-01,0,None,Not Attempted,0,0.8
SYN01426,89,Male,West,Provider Group D,Diabetes Care,1,1,Compliant,2026-05-01,0,None,Not Needed,0,0.78
SYN01426,89,Male,West,Provider Group D,Medication Adherence,1,1,Compliant,2026-05-01,0,None,Not Needed,0,0.85
SYN01427,65,Male,North,Provider Group D,Colorectal Cancer Screening,1,0,Open,2026-05-01,0,None,Not Attempted,0,0.75
SYN01427,65,Male,North,Provider Group D,Diabetes Care,0,0,Not Eligible,2026-05-01,0,None,Not Needed,0,0.78
SYN01427,65,Male,North,Provider Group D,Follow-Up After Hospitalization,1,0,Open,2026-05-01,0,None,Not Attempted,0,0.75
SYN01438,75,Female,South,Provider Group A,Colorectal Cancer Screening,1,1,Compliant,2026-05-01,1,Phone,Reached,1,0.75
SYN01438,75,Female,South,Provider Group A,Controlling Blood Pressure,1,1,Compliant,2026-05-01,0,None,Not Needed,0,0.8
SYN01438,75,Female,South,Provider Group A,Diabetes Care,0,0,Not Eligible,2026-05-01,0,None,Not Needed,0,0.78
SYN01449,73,Female,West,Provider Group B,Controlling Blood Pressure,1,1,Compliant,2026-05-01,0,None,Not Needed,0,0.8
SYN01449,73,Female,West,Provider Group B,Medication Adherence,1,1,Compliant,2026-05-01,0,None,Not Needed,0,0.85
SYN01450,84,Female,East,Provider Group C,Breast Cancer Screening,0,0,Not Eligible,2026-05-01,0,None,Not Needed,0,0.8
SYN01450,127,Female,East,Provider Group C,Follow-Up After Hospitalization,1,1,Compliant,2026-05-01,2,Phone,Reached,1,0.75
SYN01450,84,Female,East,Provider Group C,Medication Adherence,1,1,Compliant,2026-05-01,0,None,Not Needed,0,0.85
SYN01452,74,Female,West,Provider Group C,Controlling Blood Pressure,1,1,Compliant,2026-05-01,0,None,Not Needed,0,0.8
SYN01452,74,Female,West,Provider Group C,Diabetes Care,1,1,Compliant,2026-05-01,1,Phone,Reached,1,0.78
SYN01452,74,Female,West,Provider Group C,Follow-Up After Hospitalization,1,1,Compliant,2026-05-01,3,Phone,Reached,1,0.75
SYN01460,81,Male,East,Provider Group B,Colorectal Cancer Screening,0,0,Not Eligible,2026-05-01,0,None,Not Needed,0,0.75
SYN01460,81,Male,East,Provider Group B,Controlling Blood Pressure,1,0,Open,2026-05-01,1,Mail,Unable to Reach,0,0.8
SYN01460,81,Male,East,Provider Group B,Follow-Up After Hospitalization,1,1,Compliant,2026-05-01,0,None,Not Needed,0,0.75
SYN01466,71,Male,East,Provider Group C,Colorectal Cancer Screening,1,1,Compliant,2026-05-01,0,None,Not Needed,0,0.75
SYN01466,71,Male,East,Provider Group C,Controlling Blood Pressure,0,0,Not Eligible,2026-05-01,0,None,Not Needed,0,0.8
SYN01466,71,Male,East,Provider Group C,Diabetes Care,0,0,Not Eligible,2026-05-01,0,None,Not Needed,0,0.78
SYN01466,71,Male,East,Provider Group C,Medication Adherence,1,1,Compliant,2026-05-01,0,None,Not Needed,0,0.85
SYN01475,69,Female,North,Provider Group E,Breast Cancer Screening,1,1,Compliant,2026-05-01,0,None,Not Needed,0,0.8
SYN01475,69,Female,North,Provider Group E,Colorectal Cancer Screening,1,1,Compliant,2026-05-01,0,None,Not Needed,0,0.75
SYN01475,69,Female,North,Provider Group E,Controlling Blood Pressure,1,0,Open,2026-05-01,1,Phone,Unable to Reach,0,0.8
SYN01476,86,Female,East,Provider Group E,Breast Cancer Screening,0,0,Not Eligible,2026-05-01,0,None,Not Needed,0,0.8
SYN01477,75,Female,South,Provider Group C,Breast Cancer Screening,0,0,Not Eligible,2026-05-01,0,None,Not Needed,0,0.8
SYN01477,75,Female,South,Provider Group C,Colorectal Cancer Screening,1,0,Open,2026-05-01,1,Mail,Unable to Reach,0,0.75
SYN01477,75,Female,South,Provider Group C,Diabetes Care,0,0,Not Eligible,2026-05-01,0,None,Not Needed,0,0.78
SYN01477,75,Female,South,Provider Group C,Follow-Up After Hospitalization,1,0,Open,2026-05-01,0,None,Not Attempted,0,0.75
SYN01482,72,Male,South,Provider Group C,Colorectal Cancer Screening,1,1,Compliant,2026-05-01,1,Phone,Reached,1,0.75
SYN01482,72,Male,South,Provider Group C,Controlling Blood Pressure,1,1,Compliant,2026-05-01,0,None,Not Needed,0,0.8
SYN01482,72,Male,South,Provider Group C,Medication Adherence,1,0,Open,2026-05-01,1,SMS,Unable to Reach,0,0.85
SYN01489,68,Male,East,Provider Group A,Diabetes Care,1,1,Compliant,2026-05-01,0,None,Not Needed,0,0.78
SYN01489,68,Male,East,Provider Group A,Follow-Up After Hospitalization,1,1,Compliant,2026-05-01,0,None,Not Needed,0,0.75
SYN01489,68,Male,East,Provider Group A,Medication Adherence,1,1,Compliant,2026-05-01,0,None,Not Needed,0,0.85
SYN01502,87,Female,West,Provider Group D,Breast Cancer Screening,0,0,Not Eligible,2026-05-01,0,None,Not Needed,0,0.8
SYN01502,87,Female,West,Provider Group D,Colorectal Cancer Screening,0,0,Not Eligible,2026-05-01,0,None,Not Needed,0,0.75
SYN01502,87,Female,West,Provider Group D,Controlling Blood Pressure,1,1,Compliant,2026-05-01,0,None,Not Needed,0,0.8
SYN01502,87,Female,West,Provider Group D,Diabetes Care,0,0,Not Eligible,2026-05-01,0,None,Not Needed,0,0.78
SYN01502,87,Female,West,Provider Group D,Medication Adherence,0,0,Not Eligible,2026-05-01,0,None,Not Needed,0,0.85
SYN01505,67,Male,South,Provider Group E,Breast Cancer Screening,0,0,Not Eligible,2026-05-01,0,None,Not Needed,0,0.8
SYN01509,71,Female,East,Provider Group E,Colorectal Cancer Screening,1,1,Compliant,2026-05-01,0,None,Not Needed,0,0.75
SYN01509,71,Female,East,Provider Group E,Diabetes Care,1,0,Open,2026-05-01,1,Phone,Reached,0,0.78
SYN01528,66,Male,West,Provider Group B,Colorectal Cancer Screening,1,1,Compliant,2026-05-01,0,None,Not Needed,0,0.75
SYN01528,66,Male,West,Provider Group B,Controlling Blood Pressure,1,1,Compliant,2026-05-01,0,None,Not Needed,0,0.8
SYN01528,66,Male,West,Provider Group B,Diabetes Care,0,0,Not Eligible,2026-05-01,0,None,Not Needed,0,0.78
SYN01530,70,Male,West,Provider Group E,Follow-Up After Hospitalization,1,1,Compliant,2026-05-01,0,None,Not Needed,0,0.75
SYN01531,79,Male,North,Provider Group A,Colorectal Cancer Screening,0,0,Not Eligible,2026-05-01,0,None,Not Needed,0,0.75
SYN01531,79,Male,North,Provider Group A,Follow-Up After Hospitalization,1,0,Open,2026-05-01,1,Phone,Reached,0,0.75
SYN01531,79,Male,North,Provider Group A,Medication Adherence,1,1,Compliant,2026-05-01,0,None,Not Needed,0,0.85
SYN01558,71,Female,South,Provider Group E,Breast Cancer Screening,1,1,Compliant,2026-05-01,0,None,Not Needed,0,0.8
SYN01558,71,Female,South,Provider Group E,Colorectal Cancer Screening,1,1,Compliant,2026-05-01,0,None,Not Needed,0,0.75
SYN01560,80,Female,East,Provider Group E,Breast Cancer Screening,0,0,Not Eligible,2026-05-01,0,None,Not Needed,0,0.8
SYN01560,80,Female,East,Provider Group E,Colorectal Cancer Screening,0,0,Not Eligible,2026-05-01,0,None,Not Needed,0,0.75
SYN01560,80,Female,East,Provider Group E,Follow-Up After Hospitalization,1,1,Compliant,2026-05-01,0,None,Not Needed,0,0.75
SYN01561,71,Female,South,Provider Group C,Breast Cancer Screening,1,1,Compliant,2026-05-01,0,None,Not Needed,0,0.8
SYN01561,71,Female,South,Provider Group C,Controlling Blood Pressure,1,1,Compliant,2026-05-01,0,None,Not Needed,0,0.8
SYN01561,71,Female,South,Provider Group C,Diabetes Care,1,1,Compliant,2026-05-01,0,None,Not Needed,0,0.78
SYN01564,84,Female,South,Provider Group A,Breast Cancer Screening,0,0,Not Eligible,2026-05-01,0,None,Not Needed,0,0.8
SYN01564,84,Female,South,Provider Group A,Colorectal Cancer Screening,0,0,Not Eligible,2026-05-01,0,None,Not Needed,0,0.75
SYN01564,84,Female,South,Provider Group A,Controlling Blood Pressure,1,1,Compliant,2026-05-01,0,None,Not Needed,0,0.8
SYN01569,70,Female,West,Provider Group C,Breast Cancer Screening,1,1,Compliant,2026-05-01,0,None,Not Needed,0,0.8
SYN01570,67,Male,South,Provider Group D,Diabetes Care,1,1,Compliant,2026-05-01,0,None,Not Needed,0,0.78
SYN01570,67,Male,South,Provider Group D,Medication Adherence,1,0,Open,2026-05-01,3,Phone,Reached,0,0.85
SYN01589,66,Female,East,Provider Group D,Breast Cancer Screening,1,0,Open,2026-05-01,2,Care Coordinator,Unable to Reach,0,0.8
SYN01589,66,Female,East,Provider Group D,Colorectal Cancer Screening,1,0,Open,2026-05-01,3,Phone,Reached,0,0.75
SYN01589,66,Female,East,Provider Group D,Controlling Blood Pressure,1,1,Compliant,2026-05-01,0,None,Not Needed,0,0.8
SYN01589,66,Female,East,Provider Group D,Follow-Up After Hospitalization,1,0,Open,2026-05-01,1,Mail,Unable to Reach,0,0.75
SYN01589,66,Female,East,Provider Group D,Medication Adherence,1,1,Compliant,2026-05-01,0,None,Not Needed,0,0.85
SYN01596,83,Male,North,Provider Group D,Controlling Blood Pressure,0,0,Not Eligible,2026-05-01,0,None,Not Needed,0,0.8
SYN01596,83,Male,North,Provider Group D,Follow-Up After Hospitalization,1,0,Open,2026-05-01,2,Mail,Declined,0,0.75
SYN01598,82,Female,North,Provider Group E,Breast Cancer Screening,0,0,Not Eligible,2026-05-01,0,None,Not Needed,0,0.8
SYN01598,82,Female,North,Provider Group E,Colorectal Cancer Screening,0,0,Not Eligible,2026-05-01,0,None,Not Needed,0,0.75
SYN01598,82,Female,North,Provider Group E,Controlling Blood Pressure,1,1,Compliant,2026-05-01,0,None,Not Needed,0,0.8
SYN01598,82,Female,North,Provider Group E,Diabetes Care,1,0,Open,2026-05-01,2,Phone,Unable to Reach,0,0.78
SYN01598,82,Female,North,Provider Group E,Medication Adherence,1,1,Compliant,2026-05-01,0,None,Not Needed,0,0.85
SYN01604,69,Male,North,Provider Group B,Controlling Blood Pressure,1,1,Compliant,2026-05-01,0,None,Not Needed,0,0.8
SYN01604,69,Male,North,Provider Group B,Diabetes Care,1,1,Compliant,2026-05-01,0,None,Not Needed,0,0.78
SYN01604,69,Male,North,Provider Group B,Medication Adherence,1,1,Compliant,2026-05-01,0,None,Not Needed,0,0.85
SYN01610,75,Male,South,Provider Group D,Colorectal Cancer Screening,1,1,Compliant,2026-05-01,0,None,Not Needed,0,0.75
SYN01610,75,Male,South,Provider Group D,Controlling Blood Pressure,0,0,Not Eligible,2026-05-01,0,None,Not Needed,0,0.8
SYN01612,65,Male,South,Provider Group B,Controlling Blood Pressure,1,1,Compliant,2026-05-01,0,None,Not Needed,0,0.8
SYN01612,65,Male,South,Provider Group B,Medication Adherence,1,1,Compliant,2026-05-01,0,None,Not Needed,0,0.85
SYN01619,68,Male,East,Provider Group D,Diabetes Care,0,0,Not Eligible,2026-05-01,0,None,Not Needed,0,0.78
SYN01619,68,Male,East,Provider Group D,Follow-Up After Hospitalization,1,1,Compliant,2026-05-01,0,None,Not Needed,0,0.75
SYN01619,68,Male,East,Provider Group D,Medication Adherence,1,1,Compliant,2026-05-01,0,None,Not Needed,0,0.85
SYN01635,82,Female,East,Provider Group A,Breast Cancer Screening,0,0,Not Eligible,2026-05-01,0,None,Not Needed,0,0.8
SYN01635,82,Female,East,Provider Group A,Controlling Blood Pressure,1,0,Open,2026-05-01,0,None,Not Attempted,0,0.8
SYN01639,66,Female,West,Provider Group E,Breast Cancer Screening,1,0,Open,2026-05-01,3,Phone,Reached,0,0.8
SYN01639,66,Female,West,Provider Group E,Controlling Blood Pressure,1,1,Compliant,2026-05-01,2,Phone,Reached,1,0.8
SYN01639,66,Female,West,Provider Group E,Diabetes Care,0,0,Not Eligible,2026-05-01,0,None,Not Needed,0,0.78
SYN01640,67,Female,West,Provider Group A,Colorectal Cancer Screening,1,1,Compliant,2026-05-01,0,None,Not Needed,0,0.75
SYN01640,67,Female,West,Provider Group A,Controlling Blood Pressure,1,0,Open,2026-05-01,2,Care Coordinator,Reached,0,0.8
SYN01640,67,Female,West,Provider Group A,Diabetes Care,1,0,Open,2026-05-01,3,Mail,Reached,0,0.78
SYN01648,79,Female,East,Provider Group A,Breast Cancer Screening,0,0,Not Eligible,2026-05-01,0,None,Not Needed,0,0.8
SYN01648,79,Female,East,Provider Group A,Diabetes Care,1,1,Compliant,2026-05-01,0,None,Not Needed,0,0.78
SYN01648,79,Female,East,Provider Group A,Follow-Up After Hospitalization,1,1,Compliant,2026-05-01,0,None,Not Needed,0,0.75
SYN01648,79,Female,East,Provider Group A,Medication Adherence,0,0,Not Eligible,2026-05-01,0,None,Not Needed,0,0.85
SYN01663,78,Male,South,Provider Group D,Colorectal Cancer Screening,0,0,Not Eligible,2026-05-01,0,None,Not Needed,0,0.75
SYN01663,78,Male,South,Provider Group D,Controlling Blood Pressure,1,0,Open,2026-05-01,3,Phone,Reached,0,0.8
SYN01667,85,Male,West,Provider Group A,Controlling Blood Pressure,1,1,Compliant,2026-05-01,0,None,Not Needed,0,0.8
SYN01667,85,Male,West,Provider Group A,Follow-Up After Hospitalization,1,1,Compliant,2026-05-01,0,None,Not Needed,0,0.75
SYN01667,85,Male,West,Provider Group A,Medication Adherence,1,1,Compliant,2026-05-01,0,None,Not Needed,0,0.85
SYN01668,72,Female,South,Provider Group E,Breast Cancer Screening,1,1,Compliant,2026-05-01,0,None,Not Needed,0,0.8
SYN01668,72,Female,South,Provider Group E,Follow-Up After Hospitalization,1,0,Open,2026-05-01,2,Mail,Unable to Reach,0,0.75
SYN01675,89,Male,West,Provider Group A,Colorectal Cancer Screening,0,0,Not Eligible,2026-05-01,0,None,Not Needed,0,0.75
SYN01675,89,Male,West,Provider Group A,Controlling Blood Pressure,0,0,Not Eligible,2026-05-01,0,None,Not Needed,0,0.8
SYN01675,89,Male,West,Provider Group A,Diabetes Care,1,1,Compliant,2026-05-01,0,None,Not Needed,0,0.78
SYN01679,73,Male,West,Provider Group C,Colorectal Cancer Screening,1,1,Compliant,2026-05-01,0,None,Not Needed,0,0.75
SYN01679,73,Male,West,Provider Group C,Diabetes Care,1,0,Open,2026-05-01,0,None,Not Attempted,0,0.78
SYN01679,73,Male,West,Provider Group C,Medication Adherence,1,0,Open,2026-05-01,0,None,Not Attempted,0,0.85
SYN01690,66,Female,West,Provider Group C,Breast Cancer Screening,1,0,Open,2026-05-01,3,Phone,Declined,0,0.8
SYN01690,66,Female,West,Provider Group C,Controlling Blood Pressure,1,1,Compliant,2026-05-01,0,None,Not Needed,0,0.8
SYN01690,66,Female,West,Provider Group C,Medication Adherence,1,1,Compliant,2026-05-01,0,None,Not Needed,0,0.85
SYN01695,66,Female,South,Provider Group A,Diabetes Care,0,0,Not Eligible,2026-05-01,0,None,Not Needed,0,0.78
SYN01695,66,Female,South,Provider Group A,Medication Adherence,1,1,Compliant,2026-05-01,0,None,Not Needed,0,0.85
SYN01704,75,Female,North,Provider Group B,Colorectal Cancer Screening,1,0,Open,2026-05-01,0,None,Not Attempted,0,0.75
SYN01710,70,Female,South,Provider Group A,Colorectal Cancer Screening,1,1,Compliant,2026-05-01,0,None,Not Needed,0,0.75
SYN01723,75,Female,South,Provider Group E,Breast Cancer Screening,0,0,Not Eligible,2026-05-01,0,None,Not Needed,0,0.8
SYN01723,75,Female,South,Provider Group E,Controlling Blood Pressure,1,1,Compliant,2026-05-01,0,None,Not Needed,0,0.8
SYN01724,87,Female,South,Provider Group D,Breast Cancer Screening,0,0,Not Eligible,2026-05-01,0,None,Not Needed,0,0.8
SYN01724,87,Female,South,Provider Group D,Colorectal Cancer Screening,0,0,Not Eligible,2026-05-01,0,None,Not Needed,0,0.75
SYN01724,87,Female,South,Provider Group D,Controlling Blood Pressure,1,0,Open,2026-05-01,0,None,Not Attempted,0,0.8
SYN01724,87,Female,South,Provider Group D,Medication Adherence,1,1,Compliant,2026-05-01,0,None,Not Needed,0,0.85
SYN01725,72,Female,West,Provider Group A,Breast Cancer Screening,1,1,Compliant,2026-05-01,0,None,Not Needed,0,0.8
SYN01725,72,Female,West,Provider Group A,Diabetes Care,0,0,Not Eligible,2026-05-01,0,None,Not Needed,0,0.78
SYN01725,72,Female,West,Provider Group A,Medication Adherence,1,1,Compliant,2026-05-01,0,None,Not Needed,0,0.85
SYN01731,88,Female,North,Provider Group C,Breast Cancer Screening,0,0,Not Eligible,2026-05-01,0,None,Not Needed,0,0.8
SYN01731,88,Female,North,Provider Group C,Colorectal Cancer Screening,0,0,Not Eligible,2026-05-01,0,None,Not Needed,0,0.75
SYN01731,88,Female,North,Provider Group C,Controlling Blood Pressure,1,1,Compliant,2026-05-01,0,None,Not Needed,0,0.8
SYN01731,88,Female,North,Provider Group C,Diabetes Care,1,1,Compliant,2026-05-01,3,Phone,Reached,1,0.78
SYN01741,71,Female,West,Provider Group B,Controlling Blood Pressure,1,1,Compliant,2026-05-01,0,None,Not Needed,0,0.8
SYN01741,71,Female,West,Provider Group B,Diabetes Care,1,1,Compliant,2026-05-01,0,None,Not Needed,0,0.78
SYN01741,71,Female,West,Provider Group B,Medication Adherence,1,1,Compliant,2026-05-01,0,None,Not Needed,0,0.85
SYN01743,78,Female,East,Provider Group C,Breast Cancer Screening,0,0,Not Eligible,2026-05-01,0,None,Not Needed,0,0.8
SYN01743,78,Female,East,Provider Group C,Colorectal Cancer Screening,0,0,Not Eligible,2026-05-01,0,None,Not Needed,0,0.75
SYN01743,78,Female,East,Provider Group C,Diabetes Care,1,0,Open,2026-05-01,3,SMS,Unable to Reach,0,0.78
SYN01753,70,Female,North,Provider Group B,Breast Cancer Screening,1,1,Compliant,2026-05-01,0,None,Not Needed,0,0.8
SYN01753,70,Female,North,Provider Group B,Controlling Blood Pressure,0,0,Not Eligible,2026-05-01,0,None,Not Needed,0,0.8
SYN01753,70,Female,North,Provider Group B,Medication Adherence,1,1,Compliant,2026-05-01,0,None,Not Needed,0,0.85
SYN01754,86,Female,South,Provider Group C,Colorectal Cancer Screening,0,0,Not Eligible,2026-05-01,0,None,Not Needed,0,0.75
SYN01754,86,Female,South,Provider Group C,Controlling Blood Pressure,1,1,Compliant,2026-05-01,0,None,Not Needed,0,0.8
SYN01754,86,Female,South,Provider Group C,Medication Adherence,1,1,Compliant,2026-05-01,0,None,Not Needed,0,0.85
SYN01762,65,Male,South,Provider Group A,Colorectal Cancer Screening,1,0,Open,2026-05-01,0,None,Not Attempted,0,0.75
SYN01762,65,Male,South,Provider Group A,Medication Adherence,0,0,Not Eligible,2026-05-01,0,None,Not Needed,0,0.85
SYN01763,71,Male,East,Provider Group E,Controlling Blood Pressure,1,1,Compliant,2026-05-01,0,None,Not Needed,0,0.8
SYN01763,71,Male,East,Provider Group E,Diabetes Care,0,0,Not Eligible,2026-05-01,0,None,Not Needed,0,0.78
SYN01767,67,Female,East,Provider Group B,Breast Cancer Screening,1,0,Open,2026-05-01,2,Phone,Unable to Reach,0,0.8
SYN01767,67,Female,East,Provider Group B,Colorectal Cancer Screening,1,1,Compliant,2026-05-01,0,None,Not Needed,0,0.75
SYN01767,67,Female,East,Provider Group B,Diabetes Care,1,1,Compliant,2026-05-01,3,Mail,Reached,1,0.78
SYN01767,67,Female,East,Provider Group B,Follow-Up After Hospitalization,1,1,Compliant,2026-05-01,0,None,Not Needed,0,0.75
SYN01767,67,Female,East,Provider Group B,Medication Adherence,0,0,Not Eligible,2026-05-01,0,None,Not Needed,0,0.85
SYN01768,68,Female,South,Provider Group A,Breast Cancer Screening,1,1,Compliant,2026-05-01,0,None,Not Needed,0,0.8
SYN01768,68,Female,South,Provider Group A,Colorectal Cancer Screening,1,1,Compliant,2026-05-01,0,None,Not Needed,0,0.75
SYN01768,68,Female,South,Provider Group A,Controlling Blood Pressure,1,1,Compliant,2026-05-01,0,None,Not Needed,0,0.8
SYN01768,68,Female,South,Provider Group A,Follow-Up After Hospitalization,0,1,Not Eligible,2026-05-01,0,None,Not Needed,0,0.75
SYN01773,78,Male,South,Provider Group D,Colorectal Cancer Screening,0,0,Not Eligible,2026-05-01,0,None,Not Needed,0,0.75
SYN01773,78,Male,South,Provider Group D,Controlling Blood Pressure,0,0,Not Eligible,2026-05-01,0,None,Not Needed,0,0.8
SYN01773,78,Male,South,Provider Group D,Follow-Up After Hospitalization,1,0,Open,2026-05-01,0,None,Not Attempted,0,0.75
SYN01774,79,Male,North,Provider Group D,Colorectal Cancer Screening,0,0,Not Eligible,2026-05-01,0,None,Not Needed,0,0.75
SYN01774,79,Male,North,Provider Group D,Controlling Blood Pressure,1,1,Compliant,2026-05-01,0,None,Not Needed,0,0.8
SYN01774,79,Male,North,Provider Group D,Diabetes Care,1,1,Compliant,2026-05-01,2,Care Coordinator,Reached,1,0.78
SYN01774,79,Male,North,Provider Group D,Medication Adherence,1,1,Compliant,2026-05-01,0,None,Not Needed,0,0.85
SYN01782,74,Male,East,Provider Group B,Diabetes Care,1,0,Open,2026-05-01,0,None,Not Attempted,0,0.78
SYN01782,74,Male,East,Provider Group B,Medication Adherence,1,1,Compliant,2026-05-01,0,None,Not Needed,0,0.85
SYN01791,88,Male,East,Provider Group C,Colorectal Cancer Screening,0,0,Not Eligible,2026-05-01,0,None,Not Needed,0,0.75
SYN01791,88,Male,East,Provider Group C,Controlling Blood Pressure,0,0,Not Eligible,2026-05-01,0,None,Not Needed,0,0.8
SYN01791,88,Male,East,Provider Group C,Follow-Up After Hospitalization,1,1,Compliant,2026-05-01,0,None,Not Needed,0,0.75
SYN01791,88,Male,East,Provider Group C,Medication Adherence,1,1,Compliant,2026-05-01,2,Phone,Reached,1,0.85
SYN01794,71,Male,West,Provider Group A,Colorectal Cancer Screening,1,1,Compliant,2026-05-01,0,None,Not Needed,0,0.75
SYN01794,71,Male,West,Provider Group A,Controlling Blood Pressure,1,1,Compliant,2026-05-01,4,SMS,Reached,1,0.8
SYN01794,71,Male,West,Provider Group A,Medication Adherence,1,1,Compliant,2026-05-01,0,None,Not Needed,0,0.85
SYN01798,68,Female,West,Provider Group E,Breast Cancer Screening,1,1,Compliant,2026-05-01,0,None,Not Needed,0,0.8
SYN01798,68,Female,West,Provider Group E,Colorectal Cancer Screening,1,1,Compliant,2026-05-01,0,None,Not Needed,0,0.75
SYN01798,68,Female,West,Provider Group E,Controlling Blood Pressure,1,0,Open,2026-05-01,1,SMS,Declined,0,0.8
SYN01798,68,Female,West,Provider Group E,Diabetes Care,1,1,Compliant,2026-05-01,0,None,Not Needed,0,0.78
SYN01798,68,Female,West,Provider Group E,Medication Adherence,0,0,Not Eligible,2026-05-01,0,None,Not Needed,0,0.85
SYN01813,72,Female,West,Provider Group B,Breast Cancer Screening,1,1,Compliant,2026-05-01,0,None,Not Needed,0,0.8
SYN01813,72,Female,West,Provider Group B,Colorectal Cancer Screening,1,0,Open,2026-05-01,2,SMS,Reached,0,0.75
SYN01826,73,Male,North,Provider Group A,Colorectal Cancer Screening,1,1,Compliant,2026-05-01,0,None,Not Needed,0,0.75
SYN01826,73,Male,North,Provider Group A,Controlling Blood Pressure,1,1,Compliant,2026-05-01,0,None,Not Needed,0,0.8
SYN01826,73,Male,North,Provider Group A,Diabetes Care,1,1,Compliant,2026-05-01,0,None,Not Needed,0,0.78
SYN01839,87,Female,East,Provider Group A,Breast Cancer Screening,0,0,Not Eligible,2026-05-01,0,None,Not Needed,0,0.8
SYN01841,76,Male,North,Provider Group A,Colorectal Cancer Screening,0,0,Not Eligible,2026-05-01,0,None,Not Needed,0,0.75
SYN01864,75,Female,West,Provider Group D,Breast Cancer Screening,0,0,Not Eligible,2026-05-01,0,None,Not Needed,0,0.8
SYN01864,75,Female,West,Provider Group D,Diabetes Care,1,1,Compliant,2026-05-01,0,None,Not Needed,0,0.78
SYN01864,75,Female,West,Provider Group D,Medication Adherence,1,1,Compliant,2026-05-01,0,None,Not Needed,0,0.85
SYN01865,67,Male,East,Provider Group D,Controlling Blood Pressure,1,1,Compliant,2026-05-01,0,None,Not Needed,0,0.8
SYN01865,67,Male,East,Provider Group D,Diabetes Care,0,0,Not Eligible,2026-05-01,0,None,Not Needed,0,0.78
SYN01877,71,Male,South,Provider Group B,Colorectal Cancer Screening,1,1,Compliant,2026-05-01,0,None,Not Needed,0,0.75
SYN01877,71,Male,South,Provider Group B,Follow-Up After Hospitalization,1,1,Compliant,2026-05-01,0,None,Not Needed,0,0.75
SYN01877,71,Male,South,Provider Group B,Medication Adherence,1,1,Compliant,2026-05-01,0,None,Not Needed,0,0.85
SYN01881,74,Female,West,Provider Group B,Breast Cancer Screening,1,0,Open,2026-05-01,1,SMS,Declined,0,0.8
SYN01881,74,Female,West,Provider Group B,Colorectal Cancer Screening,1,1,Compliant,2026-05-01,0,None,Not Needed,0,0.75
SYN01881,74,Female,West,Provider Group B,Controlling Blood Pressure,1,1,Compliant,2026-05-01,0,None,Not Needed,0,0.8
SYN01881,74,Female,West,Provider Group B,Diabetes Care,0,0,Not Eligible,2026-05-01,0,None,Not Needed,0,0.78
SYN01881,74,Female,West,Provider Group B,Medication Adherence,1,1,Compliant,2026-05-01,0,None,Not Needed,0,0.85
SYN01888,75,Female,North,Provider Group D,Breast Cancer Screening,0,0,Not Eligible,2026-05-01,0,None,Not Needed,0,0.8
SYN01888,75,Female,North,Provider Group D,Colorectal Cancer Screening,1,0,Open,2026-05-01,0,None,Not Attempted,0,0.75
SYN01888,75,Female,North,Provider Group D,Controlling Blood Pressure,1,1,Compliant,2026-05-01,0,None,Not Needed,0,0.8
SYN01888,75,Female,North,Provider Group D,Follow-Up After Hospitalization,1,1,Compliant,2026-05-01,0,None,Not Needed,0,0.75
SYN01890,74,Male,East,Provider Group E,Colorectal Cancer Screening,1,0,Open,2026-05-01,0,None,Not Attempted,0,0.75
SYN01890,74,Male,East,Provider Group E,Diabetes Care,1,0,Open,2026-05-01,0,None,Not Attempted,0,0.78
SYN01890,74,Male,East,Provider Group E,Medication Adherence,1,1,Compliant,2026-05-01,0,None,Not Needed,0,0.85
SYN01907,75,Male,South,Provider Group A,Colorectal Cancer Screening,1,1,Compliant,2026-05-01,0,None,Not Needed,0,0.75
SYN01907,75,Male,South,Provider Group A,Controlling Blood Pressure,1,1,Compliant,2026-05-01,0,None,Not Needed,0,0.8
SYN01907,75,Male,South,Provider Group A,Diabetes Care,0,0,Not Eligible,2026-05-01,0,None,Not Needed,0,0.78
SYN01913,89,Male,South,Provider Group E,Diabetes Care,0,0,Not Eligible,2026-05-01,0,None,Not Needed,0,0.78
SYN01913,89,Male,South,Provider Group E,Follow-Up After Hospitalization,1,1,Compliant,2026-05-01,1,Phone,Reached,1,0.75
SYN01913,89,Male,South,Provider Group E,Medication Adherence,1,1,Compliant,2026-05-01,0,None,Not Needed,0,0.85
SYN01915,71,Female,North,Provider Group A,Breast Cancer Screening,1,1,Compliant,2026-05-01,0,None,Not Needed,0,0.8
SYN01915,71,Female,North,Provider Group A,Controlling Blood Pressure,1,1,Compliant,2026-05-01,0,None,Not Needed,0,0.8
SYN01915,71,Female,North,Provider Group A,Diabetes Care,1,1,Compliant,2026-05-01,0,None,Not Needed,0,0.78
SYN01915,71,Female,North,Provider Group A,Follow-Up After Hospitalization,1,1,Compliant,2026-05-01,0,None,Not Needed,0,0.75
SYN01915,71,Female,North,Provider Group A,Medication Adherence,1,1,Compliant,2026-05-01,0,None,Not Needed,0,0.85
SYN01916,76,Male,West,Provider Group B,Controlling Blood Pressure,1,1,Compliant,2026-05-01,0,None,Not Needed,0,0.8
SYN01916,76,Male,West,Provider Group B,Follow-Up After Hospitalization,1,1,Compliant,2026-05-01,0,None,Not Needed,0,0.75
SYN01924,72,Female,South,Provider Group B,Breast Cancer Screening,1,1,Compliant,2026-05-01,0,None,Not Needed,0,0.8
SYN01927,72,Male,South,Provider Group C,Colorectal Cancer Screening,1,0,Open,2026-05-01,4,SMS,Reached,0,0.75
SYN01927,72,Male,South,Provider Group C,Medication Adherence,1,1,Compliant,2026-05-01,0,None,Not Needed,0,0.85
SYN01932,67,Female,South,Provider Group C,Breast Cancer Screening,1,1,Compliant,2026-05-01,0,None,Not Needed,0,0.8
SYN01932,67,Female,South,Provider Group C,Controlling Blood Pressure,1,0,Open,2026-05-01,3,Phone,Declined,0,0.8
SYN01932,67,Female,South,Provider Group C,Medication Adherence,1,1,Compliant,2026-05-01,0,None,Not Needed,0,0.85
SYN01935,65,Female,South,Provider Group A,Colorectal Cancer Screening,1,1,Compliant,2026-05-01,2,Phone,Reached,1,0.75
SYN01935,65,Female,South,Provider Group A,Medication Adherence,1,1,Compliant,2026-05-01,0,None,Not Needed,0,0.85
SYN01939,70,Male,North,Provider Group B,Diabetes Care,1,1,Compliant,2026-05-01,0,None,Not Needed,0,0.78
SYN01939,70,Male,North,Provider Group B,Follow-Up After Hospitalization,1,1,Compliant,2026-05-01,0,None,Not Needed,0,0.75
SYN01940,68,Male,West,Provider Group B,Colorectal Cancer Screening,1,0,Open,2026-05-01,1,Phone,Unable to Reach,0,0.75
SYN01940,68,Male,West,Provider Group B,Controlling Blood Pressure,1,1,Compliant,2026-05-01,0,None,Not Needed,0,0.8
SYN01940,68,Male,West,Provider Group B,Medication Adherence,1,1,Compliant,2026-05-01,0,None,Not Needed,0,0.85
SYN01943,65,Male,East,Provider Group E,Colorectal Cancer Screening,1,1,Compliant,2026-05-01,1,SMS,Reached,1,0.75
SYN01943,65,Male,East,Provider Group E,Diabetes Care,1,1,Compliant,2026-05-01,0,None,Not Needed,0,0.78
SYN01943,65,Male,East,Provider Group E,Medication Adherence,1,1,Compliant,2026-05-01,1,SMS,Reached,1,0.85
SYN01952,74,Female,East,Provider Group B,Controlling Blood Pressure,1,1,Compliant,2026-05-01,0,None,Not Needed,0,0.8
SYN01952,74,Female,East,Provider Group B,Medication Adherence,1,1,Compliant,2026-05-01,2,SMS,Reached,1,0.85
SYN01954,71,Male,North,Provider Group D,Colorectal Cancer Screening,0,0,Not Eligible,2026-05-01,0,None,Not Needed,0,0.75
SYN01955,66,Male,East,Provider Group D,Follow-Up After Hospitalization,1,0,Open,2026-05-01,2,SMS,Unable to Reach,0,0.75
SYN01964,83,Male,South,Provider Group D,Colorectal Cancer Screening,0,0,Not Eligible,2026-05-01,0,None,Not Needed,0,0.75
SYN01964,127,Male,South,Provider Group D,Controlling Blood Pressure,1,0,Open,2026-05-01,2,Mail,Unable to Reach,0,0.8
SYN01964,83,Male,South,Provider Group D,Medication Adherence,1,0,Open,2026-05-01,1,SMS,Unable to Reach,0,0.85
SYN01971,84,Female,South,Provider Group D,Colorectal Cancer Screening,0,0,Not Eligible,2026-05-01,0,None,Not Needed,0,0.75
SYN01971,84,Female,South,Provider Group D,Controlling Blood Pressure,1,1,Compliant,2026-05-01,0,None,Not Needed,0,0.8
SYN01978,83,Male,North,Provider Group A,Colorectal Cancer Screening,0,0,Not Eligible,2026-05-01,0,None,Not Needed,0,0.75
SYN01978,83,Male,North,Provider Group A,Diabetes Care,0,0,Not Eligible,2026-05-01,0,None,Not Needed,0,0.78
SYN01978,83,Male,North,Provider Group A,Medication Adherence,1,1,Compliant,2026-05-01,0,None,Not Needed,0,0.85
SYN01979,71,Male,East,Provider Group C,Colorectal Cancer Screening,1,0,Open,2026-05-01,2,Phone,Declined,0,0.75
SYN01979,71,Male,East,Provider Group C,Follow-Up After Hospitalization,1,1,Compliant,2026-05-01,0,None,Not Needed,0,0.75
SYN02023,78,Female,South,Provider Group A,Colorectal Cancer Screening,0,0,Not Eligible,2026-05-01,0,None,Not Needed,0,0.75
SYN02023,78,Female,South,Provider Group A,Controlling Blood Pressure,1,1,Compliant,2026-05-01,0,None,Not Needed,0,0.8
SYN02023,78,Female,South,Provider Group A,Diabetes Care,1,0,Open,2026-05-01,1,Care Coordinator,Reached,0,0.78
SYN02023,78,Female,South,Provider Group A,Follow-Up After Hospitalization,1,1,Compliant,2026-05-01,0,None,Not Needed,0,0.75
SYN02024,69,Female,South,Provider Group A,Diabetes Care,1,1,Compliant,2026-05-01,0,None,Not Needed,0,0.78
SYN02024,69,Female,South,Provider Group A,Medication Adherence,1,1,Compliant,2026-05-01,0,None,Not Needed,0,0.85
SYN02027,65,Female,East,Provider Group C,Breast Cancer Screening,1,0,Open,2026-05-01,0,None,Not Attempted,0,0.8
SYN02027,65,Female,East,Provider Group C,Colorectal Cancer Screening,0,0,Not Eligible,2026-05-01,0,None,Not Needed,0,0.75
SYN02027,65,Female,East,Provider Group C,Controlling Blood Pressure,1,1,Compliant,2026-05-01,0,None,Not Needed,0,0.8
SYN02027,65,Female,East,Provider Group C,Follow-Up After Hospitalization,1,1,Compliant,2026-05-01,0,None,Not Needed,0,0.75
SYN02027,65,Female,East,Provider Group C,Medication Adherence,1,0,Open,2026-05-01,0,None,Not Attempted,0,0.85
SYN02037,66,Female,South,Provider Group D,Breast Cancer Screening,1,1,Compliant,2026-05-01,0,None,Not Needed,0,0.8
SYN02037,66,Female,South,Provider Group D,Colorectal Cancer Screening,1,0,Open,2026-05-01,3,Phone,Reached,0,0.75
SYN02037,66,Female,South,Provider Group D,Controlling Blood Pressure,1,1,Compliant,2026-05-01,0,None,Not Needed,0,0.8
SYN02037,66,Female,South,Provider Group D,Medication Adherence,1,1,Compliant,2026-05-01,0,None,Not Needed,0,0.85
SYN02041,80,Male,West,Provider Group C,Diabetes Care,1,1,Compliant,2026-05-01,0,None,Not Needed,0,0.78
SYN02041,80,Male,West,Provider Group C,Medication Adherence,1,0,Open,2026-05-01,1,Care Coordinator,Unable to Reach,0,0.85
SYN02054,70,Female,North,Provider Group C,Colorectal Cancer Screening,1,1,Compliant,2026-05-01,0,None,Not Needed,0,0.75
SYN02054,70,Female,North,Provider Group C,Diabetes Care,1,1,Compliant,2026-05-01,0,None,Not Needed,0,0.78
SYN02054,70,Female,North,Provider Group C,Follow-Up After Hospitalization,1,0,Open,2026-05-01,1,Phone,Reached,0,0.75
SYN02058,84,Male,East,Provider Group D,Colorectal Cancer Screening,0,0,Not Eligible,2026-05-01,0,None,Not Needed,0,0.75
SYN02058,84,Male,East,Provider Group D,Diabetes Care,1,1,Compliant,2026-05-01,0,None,Not Needed,0,0.78
SYN02062,75,Female,North,Provider Group A,Diabetes Care,0,0,Not Eligible,2026-05-01,0,None,Not Needed,0,0.78
SYN02062,75,Female,North,Provider Group A,Medication Adherence,1,1,Compliant,2026-05-01,0,None,Not Needed,0,0.85
SYN02063,78,Male,East,Provider Group E,Follow-Up After Hospitalization,1,0,Open,2026-05-01,4,Phone,Unable to Reach,0,0.75
SYN02082,66,Male,West,Provider Group C,Colorectal Cancer Screening,1,1,Compliant,2026-05-01,2,Phone,Reached,1,0.75
SYN02082,66,Male,West,Provider Group C,Diabetes Care,1,1,Compliant,2026-05-01,0,None,Not Needed,0,0.78
SYN02087,79,Female,West,Provider Group E,Breast Cancer Screening,0,0,Not Eligible,2026-05-01,0,None,Not Needed,0,0.8
SYN02087,79,Female,West,Provider Group E,Colorectal Cancer Screening,0,0,Not Eligible,2026-05-01,0,None,Not Needed,0,0.75
SYN02087,79,Female,West,Provider Group E,Controlling Blood Pressure,1,0,Open,2026-05-01,1,Mail,Reached,0,0.8
SYN02087,79,Female,West,Provider Group E,Diabetes Care,1,1,Compliant,2026-05-01,0,None,Not Needed,0,0.78
SYN02087,79,Female,West,Provider Group E,Medication Adherence,1,1,Compliant,2026-05-01,0,None,Not Needed,0,0.85
SYN02094,74,Male,South,Provider Group E,Follow-Up After Hospitalization,1,0,Open,2026-05-01,0,None,Not Attempted,0,0.75
SYN02096,73,Female,East,Provider Group B,Medication Adherence,1,1,Compliant,2026-05-01,0,None,Not Needed,0,0.85
SYN02098,65,Male,South,Provider Group A,Controlling Blood Pressure,0,0,Not Eligible,2026-05-01,0,None,Not Needed,0,0.8
SYN02098,65,Male,South,Provider Group A,Medication Adherence,1,1,Compliant,2026-05-01,0,None,Not Needed,0,0.85
SYN02103,71,Female,South,Provider Group C,Breast Cancer Screening,1,1,Compliant,2026-05-01,1,Phone,Reached,1,0.8
SYN02103,71,Female,South,Provider Group C,Medication Adherence,1,1,Compliant,2026-05-01,0,None,Not Needed,0,0.85
SYN02119,75,Female,South,Provider Group A,Breast Cancer Screening,0,0,Not Eligible,2026-05-01,0,None,Not Needed,0,0.8
SYN02119,75,Female,South,Provider Group A,Colorectal Cancer Screening,1,1,Compliant,2026-05-01,0,None,Not Needed,0,0.75
SYN02119,75,Female,South,Provider Group A,Controlling Blood Pressure,1,1,Compliant,2026-05-01,0,None,Not Needed,0,0.8
SYN02119,75,Female,South,Provider Group A,Diabetes Care,0,0,Not Eligible,2026-05-01,0,None,Not Needed,0,0.78
SYN02119,75,Female,South,Provider Group A,Follow-Up After Hospitalization,0,0,Not Eligible,2026-05-01,0,None,Not Needed,0,0.75
SYN02135,68,Male,East,Provider Group A,Colorectal Cancer Screening,1,1,Compliant,2026-05-01,0,None,Not Needed,0,0.75
SYN02135,68,Male,East,Provider Group A,Controlling Blood Pressure,1,1,Compliant,2026-05-01,0,None,Not Needed,0,0.8
SYN02135,68,Male,East,Provider Group A,Diabetes Care,0,0,Not Eligible,2026-05-01,0,None,Not Needed,0,0.78
SYN02135,68,Male,East,Provider Group A,Medication Adherence,1,1,Compliant,2026-05-01,0,None,Not Needed,0,0.85
SYN02142,71,Female,North,Provider Group B,Controlling Blood Pressure,0,0,Not Eligible,2026-05-01,0,None,Not Needed,0,0.8
SYN02142,71,Female,North,Provider Group B,Diabetes Care,1,1,Compliant,2026-05-01,0,None,Not Needed,0,0.78
SYN02142,71,Female,North,Provider Group B,Follow-Up After Hospitalization,1,1,Compliant,2026-05-01,0,None,Not Needed,0,0.75
SYN02142,71,Female,North,Provider Group B,Medication Adherence,1,1,Compliant,2026-05-01,0,None,Not Needed,0,0.85
SYN02152,69,Female,West,Provider Group E,Controlling Blood Pressure,0,0,Not Eligible,2026-05-01,0,None,Not Needed,0,0.8
SYN02154,72,Female,West,Provider Group B,Colorectal Cancer Screening,1,1,Compliant,2026-05-01,2,Care Coordinator,Reached,1,0.75
SYN02154,72,Female,West,Provider Group B,Medication Adherence,1,1,Compliant,2026-05-01,0,None,Not Needed,0,0.85
SYN02167,82,Female,West,Provider Group A,Breast Cancer Screening,0,0,Not Eligible,2026-05-01,0,None,Not Needed,0,0.8
SYN02167,82,Female,West,Provider Group A,Colorectal Cancer Screening,0,0,Not Eligible,2026-05-01,0,None,Not Needed,0,0.75
SYN02167,82,Female,West,Provider Group A,Diabetes Care,1,1,Compliant,2026-05-01,0,None,Not Needed,0,0.78
SYN02167,82,Female,West,Provider Group A,Medication Adherence,1,1,Compliant,2026-05-01,0,None,Not Needed,0,0.85
SYN02176,71,Male,East,Provider Group A,Colorectal Cancer Screening,1,0,Open,2026-05-01,4,Care Coordinator,Reached,0,0.75
SYN02176,71,Male,East,Provider Group A,Diabetes Care,0,0,Not Eligible,2026-05-01,0,None,Not Needed,0,0.78
SYN02181,70,Female,North,Provider Group E,Breast Cancer Screening,1,1,Compliant,2026-05-01,0,None,Not Needed,0,0.8
SYN02181,70,Female,North,Provider Group E,Controlling Blood Pressure,1,1,Compliant,2026-05-01,0,None,Not Needed,0,0.8
SYN02181,70,Female,North,Provider Group E,Follow-Up After Hospitalization,1,1,Compliant,2026-05-01,0,None,Not Needed,0,0.75
SYN02185,85,Female,South,Provider Group B,Colorectal Cancer Screening,0,0,Not Eligible,2026-05-01,0,None,Not Needed,0,0.75
SYN02185,85,Female,South,Provider Group B,Diabetes Care,0,0,Not Eligible,2026-05-01,0,None,Not Needed,0,0.78
SYN02186,81,Male,East,Provider Group E,Diabetes Care,1,1,Compliant,2026-05-01,2,Phone,Reached,1,0.78
SYN02186,81,Male,East,Provider Group E,Medication Adherence,1,1,Compliant,2026-05-01,0,None,Not Needed,0,0.85
SYN02187,88,Male,North,Provider Group D,Controlling Blood Pressure,1,1,Compliant,2026-05-01,0,None,Not Needed,0,0.8
SYN02187,88,Male,North,Provider Group D,Medication Adherence,1,1,Compliant,2026-05-01,0,None,Not Needed,0,0.85
SYN02196,79,Female,South,Provider Group C,Controlling Blood Pressure,1,1,Compliant,2026-05-01,2,Care Coordinator,Reached,1,0.8
SYN02196,79,Female,South,Provider Group C,Diabetes Care,1,0,Open,2026-05-01,1,Mail,Unable to Reach,0,0.78
SYN02196,79,Female,South,Provider Group C,Follow-Up After Hospitalization,0,0,Not Eligible,2026-05-01,0,None,Not Needed,0,0.75
SYN02217,66,Female,North,Provider Group C,Breast Cancer Screening,1,0,Open,2026-05-01,0,None,Not Attempted,0,0.8
SYN02217,66,Female,North,Provider Group C,Colorectal Cancer Screening,1,0,Open,2026-05-01,1,Mail,Unable to Reach,0,0.75
SYN02217,66,Female,North,Provider Group C,Diabetes Care,1,0,Open,2026-05-01,1,Mail,Reached,0,0.78
SYN02219,73,Male,North,Provider Group D,Colorectal Cancer Screening,1,0,Open,2026-05-01,2,Mail,Unable to Reach,0,0.75
SYN02219,73,Male,North,Provider Group D,Controlling Blood Pressure,0,0,Not Eligible,2026-05-01,0,None,Not Needed,0,0.8
SYN02220,84,Male,West,Provider Group A,Follow-Up After Hospitalization,1,1,Compliant,2026-05-01,0,None,Not Needed,0,0.75
SYN02220,84,Male,West,Provider Group A,Medication Adherence,1,1,Compliant,2026-05-01,0,None,Not Needed,0,0.85
SYN02221,69,Female,South,Provider Group A,Breast Cancer Screening,1,1,Compliant,2026-05-01,0,None,Not Needed,0,0.8
SYN02221,69,Female,South,Provider Group A,Colorectal Cancer Screening,1,1,Compliant,2026-05-01,1,SMS,Reached,1,0.75
SYN02221,69,Female,South,Provider Group A,Controlling Blood Pressure,1,1,Compliant,2026-05-01,0,None,Not Needed,0,0.8
SYN02221,69,Female,South,Provider Group A,Diabetes Care,1,1,Compliant,2026-05-01,0,None,Not Needed,0,0.78
SYN02221,69,Female,South,Provider Group A,Follow-Up After Hospitalization,1,0,Open,2026-05-01,0,None,Not Attempted,0,0.75
SYN02221,69,Female,South,Provider Group A,Medication Adherence,1,1,Compliant,2026-05-01,0,None,Not Needed,0,0.85
SYN02239,65,Male,South,Provider Group E,Colorectal Cancer Screening,1,1,Compliant,2026-05-01,2,Phone,Reached,1,0.75
SYN02239,65,Male,South,Provider Group E,Diabetes Care,1,1,Compliant,2026-05-01,0,None,Not Needed,0,0.78
SYN02239,65,Male,South,Provider Group E,Medication Adherence,0,0,Not Eligible,2026-05-01,0,None,Not Needed,0,0.85
SYN02243,75,Female,East,Provider Group C,Breast Cancer Screening,0,0,Not Eligible,2026-05-01,0,None,Not Needed,0,0.8
SYN02243,75,Female,East,Provider Group C,Colorectal Cancer Screening,1,1,Compliant,2026-05-01,0,None,Not Needed,0,0.75
SYN02243,75,Female,East,Provider Group C,Controlling Blood Pressure,1,1,Compliant,2026-05-01,1,Care Coordinator,Reached,1,0.8
SYN02243,75,Female,East,Provider Group C,Diabetes Care,1,1,Compliant,2026-05-01,0,None,Not Needed,0,0.78
SYN02243,75,Female,East,Provider Group C,Medication Adherence,1,1,Compliant,2026-05-01,0,None,Not Needed,0,0.85
SYN02254,78,Male,East,Provider Group E,Follow-Up After Hospitalization,1,1,Compliant,2026-05-01,0,None,Not Needed,0,0.75
SYN02254,78,Male,East,Provider Group E,Medication Adherence,1,1,Compliant,2026-05-01,0,None,Not Needed,0,0.85
SYN02284,84,Female,East,Provider Group B,Colorectal Cancer Screening,0,0,Not Eligible,2026-05-01,0,None,Not Needed,0,0.75
SYN02304,87,Male,North,Provider Group D,Colorectal Cancer Screening,0,0,Not Eligible,2026-05-01,0,None,Not Needed,0,0.75
SYN02312,68,Female,South,Provider Group B,Breast Cancer Screening,1,1,Compliant,2026-05-01,0,None,Not Needed,0,0.8
SYN02312,68,Female,South,Provider Group B,Diabetes Care,1,0,Open,2026-05-01,0,None,Not Attempted,0,0.78
SYN02313,86,Female,South,Provider Group E,Breast Cancer Screening,0,0,Not Eligible,2026-05-01,0,None,Not Needed,0,0.8
SYN02313,86,Female,South,Provider Group E,Colorectal Cancer Screening,0,0,Not Eligible,2026-05-01,0,None,Not Needed,0,0.75
SYN02313,86,Female,South,Provider Group E,Controlling Blood Pressure,1,0,Open,2026-05-01,3,Mail,Declined,0,0.8
SYN02314,68,Male,West,Provider Group C,Colorectal Cancer Screening,1,0,Open,2026-05-01,1,Mail,Unable to Reach,0,0.75
SYN02330,66,Male,West,Provider Group B,Controlling Blood Pressure,1,1,Compliant,2026-05-01,0,None,Not Needed,0,0.8
SYN02331,73,Female,East,Provider Group A,Breast Cancer Screening,1,0,Open,2026-05-01,4,Phone,Unable to Reach,0,0.8
SYN02331,73,Female,East,Provider Group A,Colorectal Cancer Screening,1,0,Open,2026-05-01,2,SMS,Unable to Reach,0,0.75
SYN02331,73,Female,East,Provider Group A,Controlling Blood Pressure,1,1,Compliant,2026-05-01,0,None,Not Needed,0,0.8
SYN02331,73,Female,East,Provider Group A,Follow-Up After Hospitalization,1,0,Open,2026-05-01,2,Phone,Declined,0,0.75
SYN02333,86,Male,North,Provider Group A,Controlling Blood Pressure,1,0,Open,2026-05-01,4,Care Coordinator,Declined,0,0.8
SYN02333,86,Male,North,Provider Group A,Follow-Up After Hospitalization,0,0,Not Eligible,2026-05-01,0,None,Not Needed,0,0.75
SYN02347,80,Female,North,Provider Group E,Breast Cancer Screening,0,0,Not Eligible,2026-05-01,0,None,Not Needed,0,0.8
SYN02347,80,Female,North,Provider Group E,Colorectal Cancer Screening,0,0,Not Eligible,2026-05-01,0,None,Not Needed,0,0.75
SYN02347,80,Female,North,Provider Group E,Controlling Blood Pressure,1,1,Compliant,2026-05-01,0,None,Not Needed,0,0.8
SYN02347,80,Female,North,Provider Group E,Follow-Up After Hospitalization,1,1,Compliant,2026-05-01,1,SMS,Reached,1,0.75
SYN02347,80,Female,North,Provider Group E,Medication Adherence,1,1,Compliant,2026-05-01,0,None,Not Needed,0,0.85
SYN02351,71,Male,North,Provider Group C,Diabetes Care,0,0,Not Eligible,2026-05-01,0,None,Not Needed,0,0.78
SYN02351,71,Male,North,Provider Group C,Follow-Up After Hospitalization,1,0,Open,2026-05-01,2,Phone,Unable to Reach,0,0.75
SYN02351,71,Male,North,Provider Group C,Medication Adherence,1,1,Compliant,2026-05-01,0,None,Not Needed,0,0.85
SYN02352,70,Female,North,Provider Group D,Controlling Blood Pressure,0,0,Not Eligible,2026-05-01,0,None,Not Needed,0,0.8
SYN02352,70,Female,North,Provider Group D,Diabetes Care,0,0,Not Eligible,2026-05-01,0,None,Not Needed,0,0.78
SYN02353,66,Female,East,Provider Group D,Breast Cancer Screening,1,1,Compliant,2026-05-01,0,None,Not Needed,0,0.8
SYN02353,66,Female,East,Provider Group D,Controlling Blood Pressure,1,1,Compliant,2026-05-01,0,None,Not Needed,0,0.8
SYN02353,66,Female,East,Provider Group D,Diabetes Care,0,0,Not Eligible,2026-05-01,0,None,Not Needed,0,0.78
SYN02361,70,Male,East,Provider Group D,Colorectal Cancer Screening,1,1,Compliant,2026-05-01,0,None,Not Needed,0,0.75
SYN02361,70,Male,East,Provider Group D,Controlling Blood Pressure,0,0,Not Eligible,2026-05-01,0,None,Not Needed,0,0.8
SYN02361,70,Male,East,Provider Group D,Diabetes Care,1,0,Open,2026-05-01,0,None,Not Attempted,0,0.78
SYN02361,70,Male,East,Provider Group D,Medication Adherence,1,0,Open,2026-05-01,2,Phone,Reached,0,0.85
SYN02363,75,Male,East,Provider Group A,Colorectal Cancer Screening,1,1,Compliant,2026-05-01,0,None,Not Needed,0,0.75
SYN02363,75,Male,East,Provider Group A,Controlling Blood Pressure,0,0,Not Eligible,2026-05-01,0,None,Not Needed,0,0.8
SYN02363,75,Male,East,Provider Group A,Follow-Up After Hospitalization,0,0,Not Eligible,2026-05-01,0,None,Not Needed,0,0.75
SYN02363,75,Male,East,Provider Group A,Medication Adherence,1,1,Compliant,2026-05-01,0,None,Not Needed,0,0.85
SYN02367,82,Male,North,Provider Group A,Controlling Blood Pressure,1,1,Compliant,2026-05-01,0,None,Not Needed,0,0.8
SYN02367,82,Male,North,Provider Group A,Diabetes Care,1,1,Compliant,2026-05-01,0,None,Not Needed,0,0.78
SYN02369,69,Male,North,Provider Group A,Medication Adherence,1,1,Compliant,2026-05-01,0,None,Not Needed,0,0.85
SYN02372,73,Female,East,Provider Group C,Breast Cancer Screening,1,0,Open,2026-05-01,2,SMS,Reached,0,0.8
SYN02372,73,Female,East,Provider Group C,Medication Adherence,0,0,Not Eligible,2026-05-01,0,None,Not Needed,0,0.85
SYN02380,68,Female,North,Provider Group D,Colorectal Cancer Screening,1,1,Compliant,2026-05-01,0,None,Not Needed,0,0.75
SYN02380,68,Female,North,Provider Group D,Controlling Blood Pressure,0,0,Not Eligible,2026-05-01,0,None,Not Needed,0,0.8
SYN02386,70,Male,North,Provider Group E,Controlling Blood Pressure,1,0,Open,2026-05-01,0,None,Not Attempted,0,0.8
SYN02386,70,Male,North,Provider Group E,Diabetes Care,1,1,Compliant,2026-05-01,0,None,Not Needed,0,0.78
SYN02396,72,Male,South,Provider Group B,Breast Cancer Screening,0,0,Not Eligible,2026-05-01,0,None,Not Needed,0,0.8
SYN02396,72,Male,South,Provider Group B,Controlling Blood Pressure,1,1,Compliant,2026-05-01,0,None,Not Needed,0,0.8
SYN02396,72,Male,South,Provider Group B,Diabetes Care,1,1,Compliant,2026-05-01,0,None,Not Needed,0,0.78
SYN02399,73,Male,East,Provider Group C,Controlling Blood Pressure,0,0,Not Eligible,2026-05-01,0,None,Not Needed,0,0.8
SYN02399,73,Male,East,Provider Group C,Diabetes Care,1,0,Open,2026-05-01,1,Phone,Reached,0,0.78
SYN02413,74,Male,West,Provider Group E,Controlling Blood Pressure,1,1,Compliant,2026-05-01,0,None,Not Needed,0,0.8
SYN02415,71,Female,North,Provider Group B,Colorectal Cancer Screening,1,1,Compliant,2026-05-01,0,None,Not Needed,0,0.75
SYN02415,71,Female,North,Provider Group B,Controlling Blood Pressure,1,1,Compliant,2026-05-01,1,Mail,Reached,1,0.8
SYN02415,71,Female,North,Provider Group B,Diabetes Care,1,1,Compliant,2026-05-01,0,None,Not Needed,0,0.78
SYN02415,71,Female,North,Provider Group B,Medication Adherence,0,0,Not Eligible,2026-05-01,0,None,Not Needed,0,0.85
SYN02427,84,Female,North,Provider Group E,Controlling Blood Pressure,1,1,Compliant,2026-05-01,0,None,Not Needed,0,0.8
SYN02427,84,Female,North,Provider Group E,Follow-Up After Hospitalization,1,1,Compliant,2026-05-01,0,None,Not Needed,0,0.75
SYN02430,68,Male,West,Provider Group A,Breast Cancer Screening,0,0,Not Eligible,2026-05-01,0,None,Not Needed,0,0.8
SYN02430,68,Male,West,Provider Group A,Colorectal Cancer Screening,1,1,Compliant,2026-05-01,0,None,Not Needed,0,0.75
SYN02430,68,Male,West,Provider Group A,Diabetes Care,1,1,Compliant,2026-05-01,1,Care Coordinator,Reached,1,0.78
SYN02430,68,Male,West,Provider Group A,Follow-Up After Hospitalization,0,0,Not Eligible,2026-05-01,0,None,Not Needed,0,0.75
SYN02448,89,Female,South,Provider Group C,Colorectal Cancer Screening,0,0,Not Eligible,2026-05-01,0,None,Not Needed,0,0.75
SYN02448,89,Female,South,Provider Group C,Diabetes Care,0,0,Not Eligible,2026-05-01,0,None,Not Needed,0,0.78
SYN02448,89,Female,South,Provider Group C,Follow-Up After Hospitalization,1,0,Open,2026-05-01,0,None,Not Attempted,0,0.75
SYN02448,89,Female,South,Provider Group C,Medication Adherence,1,1,Compliant,2026-05-01,0,None,Not Needed,0,0.85
SYN02455,86,Female,South,Provider Group B,Diabetes Care,0,0,Not Eligible,2026-05-01,0,None,Not Needed,0,0.78
SYN02455,86,Female,South,Provider Group B,Follow-Up After Hospitalization,1,1,Compliant,2026-05-01,0,None,Not Needed,0,0.75
SYN02455,86,Female,South,Provider Group B,Medication Adherence,1,1,Compliant,2026-05-01,0,None,Not Needed,0,0.85
SYN02465,73,Male,East,Provider Group B,Colorectal Cancer Screening,1,0,Open,2026-05-01,3,SMS,Reached,0,0.75
SYN02465,73,Male,East,Provider Group B,Controlling Blood Pressure,1,1,Compliant,2026-05-01,0,None,Not Needed,0,0.8
SYN02465,73,Male,East,Provider Group B,Diabetes Care,0,0,Not Eligible,2026-05-01,0,None,Not Needed,0,0.78
SYN02465,73,Male,East,Provider Group B,Medication Adherence,0,0,Not Eligible,2026-05-01,0,None,Not Needed,0,0.85
SYN02467,68,Male,North,Provider Group C,Colorectal Cancer Screening,1,1,Compliant,2026-05-01,0,None,Not Needed,0,0.75
SYN02467,68,Male,North,Provider Group C,Diabetes Care,1,0,Open,2026-05-01,0,None,Not Attempted,0,0.78
SYN02467,68,Male,North,Provider Group C,Follow-Up After Hospitalization,0,0,Not Eligible,2026-05-01,0,None,Not Needed,0,0.75
SYN02469,68,Male,West,Provider Group C,Colorectal Cancer Screening,1,1,Compliant,2026-05-01,0,None,Not Needed,0,0.75
SYN02469,68,Male,West,Provider Group C,Diabetes Care,0,0,Not Eligible,2026-05-01,0,None,Not Needed,0,0.78
SYN02470,70,Female,East,Provider Group C,Breast Cancer Screening,1,1,Compliant,2026-05-01,0,None,Not Needed,0,0.8
SYN02470,70,Female,East,Provider Group C,Diabetes Care,1,1,Compliant,2026-05-01,2,Care Coordinator,Reached,1,0.78
SYN02470,70,Female,East,Provider Group C,Medication Adherence,1,1,Compliant,2026-05-01,0,None,Not Needed,0,0.85
SYN02482,71,Male,South,Provider Group A,Controlling Blood Pressure,1,1,Compliant,2026-05-01,0,None,Not Needed,0,0.8
SYN02482,71,Male,South,Provider Group A,Medication Adherence,0,0,Not Eligible,2026-05-01,0,None,Not Needed,0,0.85
SYN02487,73,Male,North,Provider Group D,Diabetes Care,1,1,Compliant,2026-05-01,0,None,Not Needed,0,0.78
SYN02487,73,Male,North,Provider Group D,Follow-Up After Hospitalization,1,1,Compliant,2026-05-01,2,Care Coordinator,Reached,1,0.75
SYN02491,70,Female,North,Provider Group D,Controlling Blood Pressure,1,1,Compliant,2026-05-01,0,None,Not Needed,0,0.8
SYN02491,70,Female,North,Provider Group D,Diabetes Care,1,0,Open,2026-05-01,2,Mail,Reached,0,0.78
SYN02495,83,Female,West,Provider Group A,Breast Cancer Screening,0,0,Not Eligible,2026-05-01,0,None,Not Needed,0,0.8
SYN02495,83,Female,West,Provider Group A,Colorectal Cancer Screening,0,0,Not Eligible,2026-05-01,0,None,Not Needed,0,0.75
SYN02495,83,Female,West,Provider Group A,Diabetes Care,0,0,Not Eligible,2026-05-01,0,None,Not Needed,0,0.78
SYN02495,83,Female,West,Provider Group A,Medication Adherence,1,1,Compliant,2026-05-01,0,None,Not Needed,0,0.85
SYN02500,65,Male,North,Provider Group B,Colorectal Cancer Screening,1,0,Open,2026-05-01,1,SMS,Unable to Reach,0,0.75
SYN02500,65,Male,North,Provider Group B,Diabetes Care,0,0,Not Eligible,2026-05-01,0,None,Not Needed,0,0.78
SYN02500,65,Male,North,Provider Group B,Medication Adherence,1,1,Compliant,2026-05-01,0,None,Not Needed,0,0.85
SYN02503,66,Male,West,Provider Group B,Colorectal Cancer Screening,1,0,Open,2026-05-01,1,Phone,Reached,0,0.75
SYN02503,66,Male,West,Provider Group B,Controlling Blood Pressure,1,1,Compliant,2026-05-01,0,None,Not Needed,0,0.8
SYN02503,66,Male,West,Provider Group B,Diabetes Care,1,0,Open,2026-05-01,1,Mail,Reached,0,0.78
SYN02503,66,Male,West,Provider Group B,Medication Adherence,1,1,Compliant,2026-05-01,0,None,Not Needed,0,0.85
SYN02508,72,Male,West,Provider Group B,Breast Cancer Screening,0,0,Not Eligible,2026-05-01,0,None,Not Needed,0,0.8
SYN02508,72,Male,West,Provider Group B,Controlling Blood Pressure,1,1,Compliant,2026-05-01,0,None,Not Needed,0,0.8
SYN02508,72,Male,West,Provider Group B,Diabetes Care,1,0,Open,2026-05-01,0,None,Not Attempted,0,0.78
SYN02508,72,Male,West,Provider Group B,Medication Adherence,1,1,Compliant,2026-05-01,0,None,Not Needed,0,0.85
SYN02513,69,Female,East,Provider Group A,Breast Cancer Screening,0,0,Not Eligible,2026-05-01,0,None,Not Needed,0,0.8
SYN02513,69,Female,East,Provider Group A,Diabetes Care,1,1,Compliant,2026-05-01,0,None,Not Needed,0,0.78
SYN02513,69,Female,East,Provider Group A,Follow-Up After Hospitalization,1,1,Compliant,2026-05-01,0,None,Not Needed,0,0.75
SYN02513,69,Female,East,Provider Group A,Medication Adherence,1,1,Compliant,2026-05-01,0,None,Not Needed,0,0.85
SYN02521,77,Female,South,Provider Group D,Breast Cancer Screening,0,0,Not Eligible,2026-05-01,0,None,Not Needed,0,0.8
SYN02521,77,Female,South,Provider Group D,Controlling Blood Pressure,1,0,Open,2026-05-01,4,Mail,Unable to Reach,0,0.8
SYN02524,88,Male,South,Provider Group D,Controlling Blood Pressure,0,0,Not Eligible,2026-05-01,0,None,Not Needed,0,0.8
SYN02524,88,Male,South,Provider Group D,Diabetes Care,1,0,Open,2026-05-01,0,None,Not Attempted,0,0.78
SYN02530,87,Male,West,Provider Group C,Diabetes Care,1,1,Compliant,2026-05-01,0,None,Not Needed,0,0.78
SYN02530,87,Male,West,Provider Group C,Medication Adherence,0,0,Not Eligible,2026-05-01,0,None,Not Needed,0,0.85
SYN02531,73,Female,West,Provider Group D,Colorectal Cancer Screening,1,0,Open,2026-05-01,2,Mail,Reached,0,0.75
SYN02531,73,Female,West,Provider Group D,Controlling Blood Pressure,1,1,Compliant,2026-05-01,0,None,Not Needed,0,0.8
SYN02531,73,Female,West,Provider Group D,Diabetes Care,1,0,Open,2026-05-01,1,Phone,Reached,0,0.78
SYN02534,66,Female,East,Provider Group A,Colorectal Cancer Screening,1,1,Compliant,2026-05-01,0,None,Not Needed,0,0.75
SYN02534,66,Female,East,Provider Group A,Follow-Up After Hospitalization,1,0,Open,2026-05-01,3,Phone,Unable to Reach,0,0.75
SYN02536,81,Male,South,Provider Group B,Colorectal Cancer Screening,0,0,Not Eligible,2026-05-01,0,None,Not Needed,0,0.75
SYN02536,81,Male,South,Provider Group B,Diabetes Care,1,1,Compliant,2026-05-01,0,None,Not Needed,0,0.78
SYN02537,69,Male,South,Provider Group C,Colorectal Cancer Screening,1,1,Compliant,2026-05-01,0,None,Not Needed,0,0.75
SYN02537,69,Male,South,Provider Group C,Controlling Blood Pressure,1,0,Open,2026-05-01,1,Mail,Declined,0,0.8
SYN02537,69,Male,South,Provider Group C,Diabetes Care,1,0,Open,2026-05-01,1,Mail,Reached,0,0.78
SYN02537,69,Male,South,Provider Group C,Medication Adherence,1,1,Compliant,2026-05-01,0,None,Not Needed,0,0.85
SYN02541,88,Male,South,Provider Group B,Follow-Up After Hospitalization,1,0,Open,2026-05-01,0,None,Not Attempted,0,0.75
SYN02550,65,Male,East,Provider Group A,Controlling Blood Pressure,1,1,Compliant,2026-05-01,0,None,Not Needed,0,0.8
SYN02550,65,Male,East,Provider Group A,Diabetes Care,1,1,Compliant,2026-05-01,0,None,Not Needed,0,0.78
SYN02550,65,Male,East,Provider Group A,Medication Adherence,1,1,Compliant,2026-05-01,0,None,Not Needed,0,0.85
SYN02561,78,Female,West,Provider Group E,Controlling Blood Pressure,0,0,Not Eligible,2026-05-01,0,None,Not Needed,0,0.8
SYN02561,78,Female,West,Provider Group E,Medication Adherence,1,1,Compliant,2026-05-01,0,None,Not Needed,0,0.85
SYN02570,89,Female,West,Provider Group B,Breast Cancer Screening,0,0,Not Eligible,2026-05-01,0,None,Not Needed,0,0.8
SYN02575,75,Male,East,Provider Group D,Diabetes Care,0,0,Not Eligible,2026-05-01,0,None,Not Needed,0,0.78
SYN02575,75,Male,East,Provider Group D,Medication Adherence,1,1,Compliant,2026-05-01,0,None,Not Needed,0,0.85
SYN02580,83,Female,East,Provider Group B,Breast Cancer Screening,0,0,Not Eligible,2026-05-01,0,None,Not Needed,0,0.8
SYN02580,83,Female,East,Provider Group B,Controlling Blood Pressure,1,1,Compliant,2026-05-01,0,None,Not Needed,0,0.8
SYN02581,71,Male,East,Provider Group D,Colorectal Cancer Screening,1,1,Compliant,2026-05-01,0,None,Not Needed,0,0.75
SYN02581,71,Male,East,Provider Group D,Diabetes Care,1,1,Compliant,2026-05-01,0,None,Not Needed,0,0.78
SYN02585,65,Male,South,Provider Group A,Diabetes Care,1,1,Compliant,2026-05-01,0,None,Not Needed,0,0.78
SYN02585,65,Male,South,Provider Group A,Medication Adherence,1,1,Compliant,2026-05-01,0,None,Not Needed,0,0.85
SYN02596,80,Male,East,Provider Group D,Colorectal Cancer Screening,0,0,Not Eligible,2026-05-01,0,None,Not Needed,0,0.75
SYN02596,80,Male,East,Provider Group D,Follow-Up After Hospitalization,0,0,Not Eligible,2026-05-01,0,None,Not Needed,0,0.75
SYN02605,66,Male,West,Provider Group B,Diabetes Care,1,1,Compliant,2026-05-01,2,Phone,Reached,1,0.78
SYN02605,66,Male,West,Provider Group B,Follow-Up After Hospitalization,1,1,Compliant,2026-05-01,0,None,Not Needed,0,0.75
SYN02610,70,Female,East,Provider Group E,Colorectal Cancer Screening,1,1,Compliant,2026-05-01,0,None,Not Needed,0,0.75
SYN02610,70,Female,East,Provider Group E,Medication Adherence,1,1,Compliant,2026-05-01,0,None,Not Needed,0,0.85
SYN02612,81,Male,West,Provider Group C,Controlling Blood Pressure,1,1,Compliant,2026-05-01,0,None,Not Needed,0,0.8
SYN02612,81,Male,West,Provider Group C,Diabetes Care,1,1,Compliant,2026-05-01,0,None,Not Needed,0,0.78
SYN02612,81,Male,West,Provider Group C,Follow-Up After Hospitalization,1,0,Open,2026-05-01,1,SMS,Reached,0,0.75
SYN02612,81,Male,West,Provider Group C,Medication Adherence,1,1,Compliant,2026-05-01,0,None,Not Needed,0,0.85
SYN02632,65,Female,South,Provider Group D,Colorectal Cancer Screening,1,0,Open,2026-05-01,3,SMS,Reached,0,0.75
SYN02632,65,Female,South,Provider Group D,Controlling Blood Pressure,1,0,Open,2026-05-01,1,Phone,Unable to Reach,0,0.8
SYN02632,65,Female,South,Provider Group D,Follow-Up After Hospitalization,0,0,Not Eligible,2026-05-01,0,None,Not Needed,0,0.75
SYN02639,89,Male,West,Provider Group D,Colorectal Cancer Screening,0,0,Not Eligible,2026-05-01,0,None,Not Needed,0,0.75
SYN02639,89,Male,West,Provider Group D,Controlling Blood Pressure,1,1,Compliant,2026-05-01,0,None,Not Needed,0,0.8
SYN02639,89,Male,West,Provider Group D,Medication Adherence,1,1,Compliant,2026-05-01,0,None,Not Needed,0,0.85
SYN02645,81,Male,North,Provider Group D,Diabetes Care,1,1,Compliant,2026-05-01,0,None,Not Needed,0,0.78
SYN02645,81,Male,North,Provider Group D,Medication Adherence,0,0,Not Eligible,2026-05-01,0,None,Not Needed,0,0.85
SYN02652,68,Female,South,Provider Group A,Diabetes Care,1,1,Compliant,2026-05-01,0,None,Not Needed,0,0.78
SYN02659,66,Female,East,Provider Group D,Breast Cancer Screening,1,1,Compliant,2026-05-01,0,None,Not Needed,0,0.8
SYN02659,66,Female,East,Provider Group D,Colorectal Cancer Screening,1,0,Open,2026-05-01,1,Phone,Declined,0,0.75
SYN02661,72,Female,South,Provider Group B,Breast Cancer Screening,1,0,Open,2026-05-01,0,None,Not Attempted,0,0.8
SYN02661,72,Female,South,Provider Group B,Colorectal Cancer Screening,1,0,Open,2026-05-01,3,Phone,Unable to Reach,0,0.75
SYN02661,72,Female,South,Provider Group B,Controlling Blood Pressure,1,1,Compliant,2026-05-01,0,None,Not Needed,0,0.8
SYN02661,72,Female,South,Provider Group B,Medication Adherence,1,1,Compliant,2026-05-01,0,None,Not Needed,0,0.85
SYN02665,69,Female,West,Provider Group B,Breast Cancer Screening,1,0,Open,2026-05-01,2,Phone,Unable to Reach,0,0.8
SYN02665,69,Female,West,Provider Group B,Colorectal Cancer Screening,1,1,Compliant,2026-05-01,0,None,Not Needed,0,0.75
SYN02665,69,Female,West,Provider Group B,Controlling Blood Pressure,1,1,Compliant,2026-05-01,0,None,Not Needed,0,0.8
SYN02665,69,Female,West,Provider Group B,Medication Adherence,1,1,Compliant,2026-05-01,0,None,Not Needed,0,0.85
SYN02666,87,Male,East,Provider Group E,Controlling Blood Pressure,1,1,Compliant,2026-05-01,0,None,Not Needed,0,0.8
SYN02666,87,Male,East,Provider Group E,Follow-Up After Hospitalization,0,0,Not Eligible,2026-05-01,0,None,Not Needed,0,0.99
SYN02666,87,Male,East,Provider Group E,Medication Adherence,1,1,Compliant,2026-05-01,0,None,Not Needed,0,0.85
SYN02669,82,Female,South,Provider Group C,Controlling Blood Pressure,1,0,Open,2026-05-01,2,Mail,Reached,0,0.8
SYN02675,72,Female,South,Provider Group C,Breast Cancer Screening,1,0,Open,2026-05-01,2,Mail,Reached,0,0.8
SYN02682,87,Male,South,Provider Group D,Colorectal Cancer Screening,0,0,Not Eligible,2026-05-01,0,None,Not Needed,0,0.75
SYN02682,87,Male,South,Provider Group D,Medication Adherence,1,1,Compliant,2026-05-01,0,None,Not Needed,0,0.85
SYN02689,84,Female,East,Provider Group D,Medication Adherence,1,1,Compliant,2026-05-01,1,Care Coordinator,Reached,1,0.85
SYN02694,67,Male,West,Provider Group B,Controlling Blood Pressure,1,1,Compliant,2026-05-01,0,None,Not Needed,0,0.8
SYN02694,67,Male,West,Provider Group B,Follow-Up After Hospitalization,0,0,Not Eligible,2026-05-01,0,None,Not Needed,0,0.75
SYN02696,69,Female,North,Provider Group E,Diabetes Care,1,1,Compliant,2026-05-01,0,None,Not Needed,0,0.78
SYN02699,66,Male,North,Provider Group A,Colorectal Cancer Screening,1,0,Open,2026-05-01,2,Mail,Reached,0,0.75
SYN02699,66,Male,North,Provider Group A,Controlling Blood Pressure,1,1,Compliant,2026-05-01,0,None,Not Needed,0,0.8
SYN02699,66,Male,North,Provider Group A,Follow-Up After Hospitalization,1,1,Compliant,2026-05-01,0,None,Not Needed,0,0.75
SYN02702,78,Female,West,Provider Group C,Breast Cancer Screening,0,0,Not Eligible,2026-05-01,0,None,Not Needed,0,0.8
SYN02702,78,Female,West,Provider Group C,Colorectal Cancer Screening,0,0,Not Eligible,2026-05-01,0,None,Not Needed,0,0.75
SYN02702,78,Female,West,Provider Group C,Diabetes Care,1,1,Compliant,2026-05-01,0,None,Not Needed,0,0.78
SYN02706,79,Female,North,Provider Group B,Colorectal Cancer Screening,0,0,Not Eligible,2026-05-01,0,None,Not Needed,0,0.75
SYN02706,79,Female,North,Provider Group B,Controlling Blood Pressure,0,0,Not Eligible,2026-05-01,0,None,Not Needed,0,0.8
SYN02706,79,Female,North,Provider Group B,Follow-Up After Hospitalization,1,0,Open,2026-05-01,3,SMS,Reached,0,0.75
SYN02706,79,Female,North,Provider Group B,Medication Adherence,1,0,Open,2026-05-01,0,None,Not Attempted,0,0.85
SYN02711,70,Male,West,Provider Group D,Colorectal Cancer Screening,1,1,Compliant,2026-05-01,0,None,Not Needed,0,0.75
SYN02711,70,Male,West,Provider Group D,Controlling Blood Pressure,1,1,Compliant,2026-05-01,0,None,Not Needed,0,0.8
SYN02711,70,Male,West,Provider Group D,Diabetes Care,0,0,Not Eligible,2026-05-01,0,None,Not Needed,0,0.78
SYN02711,70,Male,West,Provider Group D,Follow-Up After Hospitalization,1,1,Compliant,2026-05-01,0,None,Not Needed,0,0.75
SYN02711,70,Male,West,Provider Group D,Medication Adherence,1,1,Compliant,2026-05-01,0,None,Not Needed,0,0.85
SYN02716,70,Female,South,Provider Group E,Controlling Blood Pressure,0,0,Not Eligible,2026-05-01,0,None,Not Needed,0,0.8
SYN02721,73,Female,South,Provider Group B,Breast Cancer Screening,1,0,Open,2026-05-01,0,None,Not Attempted,0,0.8
SYN02721,73,Female,South,Provider Group B,Controlling Blood Pressure,0,0,Not Eligible,2026-05-01,0,None,Not Needed,0,0.8
SYN02721,73,Female,South,Provider Group B,Diabetes Care,1,0,Open,2026-05-01,2,Care Coordinator,Unable to Reach,0,0.78
SYN02726,66,Female,South,Provider Group D,Colorectal Cancer Screening,1,0,Open,2026-05-01,0,None,Not Attempted,0,0.75
SYN02726,66,Female,South,Provider Group D,Medication Adherence,1,1,Compliant,2026-05-01,0,None,Not Needed,0,0.85
SYN02742,73,Female,East,Provider Group D,Colorectal Cancer Screening,0,0,Not Eligible,2026-05-01,0,None,Not Needed,0,0.75
SYN02742,73,Female,East,Provider Group D,Controlling Blood Pressure,1,1,Compliant,2026-05-01,0,None,Not Needed,0,0.8
SYN02742,73,Female,East,Provider Group D,Diabetes Care,1,1,Compliant,2026-05-01,0,None,Not Needed,0,0.78
SYN02742,73,Female,East,Provider Group D,Follow-Up After Hospitalization,1,1,Compliant,2026-05-01,4,Phone,Reached,1,0.75
SYN02742,73,Female,East,Provider Group D,Medication Adherence,1,1,Compliant,2026-05-01,0,None,Not Needed,0,0.85
SYN02743,65,Female,North,Provider Group A,Breast Cancer Screening,1,1,Compliant,2026-05-01,0,None,Not Needed,0,0.8
SYN02743,65,Female,North,Provider Group A,Colorectal Cancer Screening,1,1,Compliant,2026-05-01,0,None,Not Needed,0,0.75
SYN02743,65,Female,North,Provider Group A,Follow-Up After Hospitalization,1,1,Compliant,2026-05-01,0,None,Not Needed,0,0.75
SYN02745,89,Female,West,Provider Group A,Controlling Blood Pressure,1,1,Compliant,2026-05-01,0,None,Not Needed,0,0.8
SYN02764,71,Female,East,Provider Group D,Breast Cancer Screening,1,1,Compliant,2026-05-01,0,None,Not Needed,0,0.8
SYN02764,71,Female,East,Provider Group D,Colorectal Cancer Screening,1,1,Compliant,2026-05-01,0,None,Not Needed,0,0.75
SYN02764,71,Female,East,Provider Group D,Controlling Blood Pressure,1,1,Compliant,2026-05-01,0,None,Not Needed,0,0.8
SYN02764,71,Female,East,Provider Group D,Diabetes Care,1,0,Open,2026-05-01,3,Mail,Reached,0,0.78
SYN02765,77,Female,South,Provider Group B,Breast Cancer Screening,0,0,Not Eligible,2026-05-01,0,None,Not Needed,0,0.8
SYN02765,77,Female,South,Provider Group B,Follow-Up After Hospitalization,1,1,Compliant,2026-05-01,0,None,Not Needed,0,0.75
SYN02775,88,Male,South,Provider Group D,Colorectal Cancer Screening,0,0,Not Eligible,2026-05-01,0,None,Not Needed,0,0.75
SYN02790,78,Male,South,Provider Group A,Diabetes Care,1,1,Compliant,2026-05-01,0,None,Not Needed,0,0.78
SYN02790,78,Male,South,Provider Group A,Follow-Up After Hospitalization,1,1,Compliant,2026-05-01,0,None,Not Needed,0,0.75
SYN02794,70,Male,West,Provider Group D,Colorectal Cancer Screening,1,0,Open,2026-05-01,4,Mail,Declined,0,0.75
SYN02794,70,Male,West,Provider Group D,Diabetes Care,1,1,Compliant,2026-05-01,0,None,Not Needed,0,0.78
SYN02794,70,Male,West,Provider Group D,Medication Adherence,1,0,Open,2026-05-01,3,Mail,Unable to Reach,0,0.85
SYN02800,73,Male,West,Provider Group C,Colorectal Cancer Screening,1,0,Open,2026-05-01,4,SMS,Unable to Reach,0,0.75
SYN02800,73,Male,West,Provider Group C,Medication Adherence,1,1,Compliant,2026-05-01,0,None,Not Needed,0,0.85
SYN02806,75,Female,South,Provider Group E,Breast Cancer Screening,0,0,Not Eligible,2026-05-01,0,None,Not Needed,0,0.8
SYN02808,69,Female,South,Provider Group D,Colorectal Cancer Screening,1,1,Compliant,2026-05-01,0,None,Not Needed,0,0.75
SYN02808,69,Female,South,Provider Group D,Medication Adherence,1,1,Compliant,2026-05-01,0,None,Not Needed,0,0.85
SYN02821,88,Female,South,Provider Group C,Controlling Blood Pressure,1,0,Open,2026-05-01,4,Mail,Reached,0,0.8
SYN02821,88,Female,South,Provider Group C,Diabetes Care,1,1,Compliant,2026-05-01,0,None,Not Needed,0,0.78
SYN02821,88,Female,South,Provider Group C,Medication Adherence,1,1,Compliant,2026-05-01,0,None,Not Needed,0,0.85
SYN02828,66,Male,West,Provider Group E,Colorectal Cancer Screening,1,0,Open,2026-05-01,4,Phone,Declined,0,0.75
SYN02828,66,Male,West,Provider Group E,Follow-Up After Hospitalization,1,1,Compliant,2026-05-01,0,None,Not Needed,0,0.75
SYN02828,66,Male,West,Provider Group E,Medication Adherence,1,1,Compliant,2026-05-01,0,None,Not Needed,0,0.85
SYN02832,73,Female,South,Provider Group B,Breast Cancer Screening,1,1,Compliant,2026-05-01,2,Care Coordinator,Reached,1,0.8
SYN02832,73,Female,South,Provider Group B,Colorectal Cancer Screening,1,1,Compliant,2026-05-01,1,SMS,Reached,1,0.75
SYN02832,73,Female,South,Provider Group B,Controlling Blood Pressure,1,1,Compliant,2026-05-01,0,None,Not Needed,0,0.8
SYN02832,73,Female,South,Provider Group B,Diabetes Care,0,0,Not Eligible,2026-05-01,0,None,Not Needed,0,0.78
SYN02832,73,Female,South,Provider Group B,Follow-Up After Hospitalization,1,0,Open,2026-05-01,0,None,Not Attempted,0,0.75
SYN02832,73,Female,South,Provider Group B,Medication Adherence,1,0,Open,2026-05-01,0,None,Not Attempted,0,0.85
SYN02833,68,Male,West,Provider Group C,Controlling Blood Pressure,1,1,Compliant,2026-05-01,0,None,Not Needed,0,0.8
SYN02833,68,Male,West,Provider Group C,Diabetes Care,1,1,Compliant,2026-05-01,0,None,Not Needed,0,0.78
SYN02837,65,Male,West,Provider Group D,Follow-Up After Hospitalization,0,0,Not Eligible,2026-05-01,0,None,Not Needed,0,0.75
SYN02837,65,Male,West,Provider Group D,Medication Adherence,1,1,Compliant,2026-05-01,0,None,Not Needed,0,0.85
SYN02838,73,Female,South,Provider Group A,Breast Cancer Screening,1,1,Compliant,2026-05-01,0,None,Not Needed,0,0.8
SYN02838,73,Female,South,Provider Group A,Colorectal Cancer Screening,1,0,Open,2026-05-01,1,SMS,Reached,0,0.75
SYN02838,73,Female,South,Provider Group A,Diabetes Care,0,0,Not Eligible,2026-05-01,0,None,Not Needed,0,0.78
SYN02838,73,Female,South,Provider Group A,Follow-Up After Hospitalization,1,1,Compliant,2026-05-01,0,None,Not Needed,0,0.75
SYN02838,73,Female,South,Provider Group A,Medication Adherence,0,0,Not Eligible,2026-05-01,0,None,Not Needed,0,0.85
SYN02842,72,Female,East,Provider Group D,Breast Cancer Screening,1,1,Compliant,2026-05-01,0,None,Not Needed,0,0.8
SYN02842,72,Female,East,Provider Group D,Colorectal Cancer Screening,1,1,Compliant,2026-05-01,0,None,Not Needed,0,0.75
SYN02842,72,Female,East,Provider Group D,Controlling Blood Pressure,1,1,Compliant,2026-05-01,0,None,Not Needed,0,0.8
SYN02842,72,Female,East,Provider Group D,Diabetes Care,1,0,Open,2026-05-01,1,SMS,Unable to Reach,0,0.78
SYN02850,78,Male,North,Provider Group C,Diabetes Care,0,0,Not Eligible,2026-05-01,0,None,Not Needed,0,0.78
SYN02851,87,Male,North,Provider Group A,Colorectal Cancer Screening,0,0,Not Eligible,2026-05-01,0,None,Not Needed,0,0.75
SYN02861,79,Female,East,Provider Group A,Colorectal Cancer Screening,0,0,Not Eligible,2026-05-01,0,None,Not Needed,0,0.75
SYN02861,79,Female,East,Provider Group A,Controlling Blood Pressure,1,1,Compliant,2026-05-01,1,Phone,Reached,1,0.8
SYN02861,79,Female,East,Provider Group A,Follow-Up After Hospitalization,0,0,Not Eligible,2026-05-01,0,None,Not Needed,0,0.75
SYN02861,79,Female,East,Provider Group A,Medication Adherence,1,1,Compliant,2026-05-01,0,None,Not Needed,0,0.85
SYN02865,71,Female,West,Provider Group B,Breast Cancer Screening,1,1,Compliant,2026-05-01,0,None,Not Needed,0,0.8
SYN02865,71,Female,West,Provider Group B,Diabetes Care,1,0,Open,2026-05-01,2,SMS,Unable to Reach,0,0.78
SYN02865,71,Female,West,Provider Group B,Follow-Up After Hospitalization,1,1,Compliant,2026-05-01,0,None,Not Needed,0,0.75
SYN02866,66,Male,North,Provider Group E,Colorectal Cancer Screening,1,1,Compliant,2026-05-01,0,None,Not Needed,0,0.75
SYN02866,66,Male,North,Provider Group E,Medication Adherence,1,1,Compliant,2026-05-01,0,None,Not Needed,0,0.85
SYN02873,70,Female,South,Provider Group E,Colorectal Cancer Screening,1,1,Compliant,2026-05-01,0,None,Not Needed,0,0.75
SYN02873,70,Female,South,Provider Group E,Medication Adherence,1,1,Compliant,2026-05-01,0,None,Not Needed,0,0.85
SYN02891,72,Male,North,Provider Group A,Colorectal Cancer Screening,1,1,Compliant,2026-05-01,1,Care Coordinator,Reached,1,0.75
SYN02891,72,Male,North,Provider Group A,Controlling Blood Pressure,1,0,Open,2026-05-01,1,Phone,Reached,0,0.8
SYN02891,72,Male,North,Provider Group A,Diabetes Care,0,0,Not Eligible,2026-05-01,0,None,Not Needed,0,0.78
SYN02891,72,Male,North,Provider Group A,Follow-Up After Hospitalization,0,0,Not Eligible,2026-05-01,0,None,Not Needed,0,0.75
SYN02897,74,Female,South,Provider Group B,Breast Cancer Screening,1,1,Compliant,2026-05-01,0,None,Not Needed,0,0.99
SYN02897,74,Female,South,Provider Group B,Colorectal Cancer Screening,1,1,Compliant,2026-05-01,0,None,Not Needed,0,0.75
SYN02897,74,Female,South,Provider Group B,Controlling Blood Pressure,1,1,Compliant,2026-05-01,0,None,Not Needed,0,0.8
SYN02897,74,Female,South,Provider Group B,Diabetes Care,1,1,Compliant,2026-05-01,0,None,Not Needed,0,0.78
SYN02897,74,Female,South,Provider Group B,Medication Adherence,1,1,Compliant,2026-05-01,0,None,Not Needed,0,0.85
SYN02898,67,Female,North,Provider Group E,Controlling Blood Pressure,1,1,Compliant,2026-05-01,0,None,Not Needed,0,0.8
SYN02898,127,Female,North,Provider Group E,Diabetes Care,1,1,Compliant,2026-05-01,0,None,Not Needed,0,0.78
SYN02898,67,Female,North,Provider Group E,Follow-Up After Hospitalization,0,0,Not Eligible,2026-05-01,0,None,Not Needed,0,0.75
SYN02902,68,Male,South,Provider Group C,Medication Adherence,1,0,Open,2026-05-01,1,Mail,Unable to Reach,0,0.85
SYN02904,83,Female,East,Provider Group B,Breast Cancer Screening,0,0,Not Eligible,2026-05-01,0,None,Not Needed,0,0.8
SYN02904,83,Female,East,Provider Group B,Controlling Blood Pressure,1,0,Open,2026-05-01,2,Mail,Unable to Reach,0,0.8
SYN02904,83,Female,East,Provider Group B,Follow-Up After Hospitalization,1,0,Open,2026-05-01,1,Phone,Reached,0,0.75
SYN02913,71,Male,North,Provider Group D,Medication Adherence,1,1,Compliant,2026-05-01,0,None,Not Needed,0,0.85
SYN02914,67,Male,South,Provider Group C,Controlling Blood Pressure,1,0,Open,2026-05-01,0,None,Not Attempted,0,0.8
SYN02917,75,Male,South,Provider Group C,Colorectal Cancer Screening,1,0,Open,2026-05-01,4,SMS,Reached,0,0.75
SYN02917,75,Male,South,Provider Group C,Controlling Blood Pressure,1,0,Open,2026-05-01,0,None,Not Attempted,0,0.8
SYN02919,68,Female,North,Provider Group C,Breast Cancer Screening,1,1,Compliant,2026-05-01,0,None,Not Needed,0,0.8
SYN02919,68,Female,North,Provider Group C,Colorectal Cancer Screening,1,1,Compliant,2026-05-01,0,None,Not Needed,0,0.75
SYN02919,68,Female,North,Provider Group C,Diabetes Care,1,1,Compliant,2026-05-01,0,None,Not Needed,0,0.78
SYN02919,68,Female,North,Provider Group C,Medication Adherence,1,1,Compliant,2026-05-01,0,None,Not Needed,0,0.85
SYN02926,72,Male,North,Provider Group A,Breast Cancer Screening,0,0,Not Eligible,2026-05-01,0,None,Not Needed,0,0.8
SYN02926,72,Male,North,Provider Group A,Diabetes Care,0,0,Not Eligible,2026-05-01,0,None,Not Needed,0,0.78
SYN02927,69,Female,North,Provider Group E,Colorectal Cancer Screening,1,1,Compliant,2026-05-01,0,None,Not Needed,0,0.75
SYN02927,69,Female,North,Provider Group E,Diabetes Care,1,1,Compliant,2026-05-01,0,None,Not Needed,0,0.78
SYN02928,68,Female,West,Provider Group D,Breast Cancer Screening,1,1,Compliant,2026-05-01,0,None,Not Needed,0,0.8
SYN02928,68,Female,West,Provider Group D,Colorectal Cancer Screening,1,0,Open,2026-05-01,1,SMS,Reached,0,0.75
SYN02928,68,Female,West,Provider Group D,Controlling Blood Pressure,1,0,Open,2026-05-01,1,Mail,Reached,0,0.8
SYN02928,68,Female,West,Provider Group D,Medication Adherence,1,1,Compliant,2026-05-01,0,None,Not Needed,0,0.85
SYN02941,82,Female,West,Provider Group B,Controlling Blood Pressure,1,1,Compliant,2026-05-01,0,None,Not Needed,0,0.8
SYN02941,82,Female,West,Provider Group B,Follow-Up After Hospitalization,1,1,Compliant,2026-05-01,0,None,Not Needed,0,0.75
SYN02946,78,Female,West,Provider Group A,Breast Cancer Screening,0,0,Not Eligible,2026-05-01,0,None,Not Needed,0,0.8
SYN02946,78,Female,West,Provider Group A,Colorectal Cancer Screening,0,0,Not Eligible,2026-05-01,0,None,Not Needed,0,0.75
SYN02946,78,Female,West,Provider Group A,Diabetes Care,1,0,Open,2026-05-01,2,Mail,Declined,0,0.78
SYN02946,78,Female,West,Provider Group A,Medication Adherence,1,1,Compliant,2026-05-01,0,None,Not Needed,0,0.85
SYN02949,72,Male,East,Provider Group D,Controlling Blood Pressure,0,0,Not Eligible,2026-05-01,0,None,Not Needed,0,0.8
SYN02949,72,Male,East,Provider Group D,Medication Adherence,1,1,Compliant,2026-05-01,0,None,Not Needed,0,0.85
SYN02951,71,Female,North,Provider Group A,Breast Cancer Screening,1,1,Compliant,2026-05-01,0,None,Not Needed,0,0.8
SYN02955,82,Male,South,Provider Group B,Controlling Blood Pressure,1,0,Open,2026-05-01,2,SMS,Unable to Reach,0,0.8
SYN02962,79,Male,South,Provider Group B,Breast Cancer Screening,0,0,Not Eligible,2026-05-01,0,None,Not Needed,0,0.8
SYN02962,79,Male,South,Provider Group B,Colorectal Cancer Screening,0,0,Not Eligible,2026-05-01,0,None,Not Needed,0,0.75
SYN02962,79,Male,South,Provider Group B,Controlling Blood Pressure,1,0,Open,2026-05-01,2,Phone,Unable to Reach,0,0.8
SYN02962,79,Male,South,Provider Group B,Diabetes Care,0,0,Not Eligible,2026-05-01,0,None,Not Needed,0,0.78
SYN02962,79,Male,South,Provider Group B,Medication Adherence,1,1,Compliant,2026-05-01,0,None,Not Needed,0,0.85
SYN02981,67,Female,South,Provider Group E,Breast Cancer Screening,1,1,Compliant,2026-05-01,4,Phone,Reached,1,0.8
SYN02981,67,Female,South,Provider Group E,Controlling Blood Pressure,1,1,Compliant,2026-05-01,0,None,Not Needed,0,0.8
SYN02981,67,Female,South,Provider Group E,Follow-Up After Hospitalization,1,0,Open,2026-05-01,0,None,Not Attempted,0,0.75
SYN02981,67,Female,South,Provider Group E,Medication Adherence,1,1,Compliant,2026-05-01,0,None,Not Needed,0,0.85
SYN02992,72,Female,North,Provider Group D,Colorectal Cancer Screening,1,1,Compliant,2026-05-01,0,None,Not Needed,0,0.75
SYN02992,72,Female,North,Provider Group D,Controlling Blood Pressure,1,0,Open,2026-05-01,0,None,Not Attempted,0,0.8
SYN03000,85,Male,North,Provider Group D,Colorectal Cancer Screening,0,0,Not Eligible,2026-05-01,0,None,Not Needed,0,0.75
SYN03000,85,Male,North,Provider Group D,Controlling Blood Pressure,1,1,Compliant,2026-05-01,0,None,Not Needed,0,0.8
SYN03000,85,Male,North,Provider Group D,Diabetes Care,0,0,Not Eligible,2026-05-01,0,None,Not Needed,0,0.78
SYN03007,67,Male,North,Provider Group A,Diabetes Care,1,1,Compliant,2026-05-01,0,None,Not Needed,0,0.78
SYN03008,74,Male,South,Provider Group C,Diabetes Care,0,0,Not Eligible,2026-05-01,0,None,Not Needed,0,0.78
SYN03008,74,Male,South,Provider Group C,Medication Adherence,1,0,Open,2026-05-01,0,None,Not Attempted,0,0.85
SYN03012,71,Female,South,Provider Group D,Breast Cancer Screening,1,1,Compliant,2026-05-01,1,Phone,Reached,1,0.8
SYN03012,71,Female,South,Provider Group D,Controlling Blood Pressure,1,1,Compliant,2026-05-01,0,None,Not Needed,0,0.8
SYN03013,68,Female,South,Provider Group E,Breast Cancer Screening,1,1,Compliant,2026-05-01,0,None,Not Needed,0,0.8
SYN03013,68,Female,South,Provider Group E,Diabetes Care,1,1,Compliant,2026-05-01,4,Phone,Reached,1,0.78
SYN03013,68,Female,South,Provider Group E,Medication Adherence,1,1,Compliant,2026-05-01,0,None,Not Needed,0,0.85
SYN03019,70,Female,West,Provider Group B,Controlling Blood Pressure,1,1,Compliant,2026-05-01,0,None,Not Needed,0,0.8
SYN03019,70,Female,West,Provider Group B,Diabetes Care,1,1,Compliant,2026-05-01,0,None,Not Needed,0,0.78
SYN03025,70,Female,West,Provider Group C,Colorectal Cancer Screening,1,1,Compliant,2026-05-01,0,None,Not Needed,0,0.75
SYN03031,86,Female,South,Provider Group A,Follow-Up After Hospitalization,1,1,Compliant,2026-05-01,4,Mail,Reached,1,0.75
SYN03033,66,Female,East,Provider Group A,Breast Cancer Screening,1,1,Compliant,2026-05-01,0,None,Not Needed,0,0.8
SYN03033,66,Female,East,Provider Group A,Controlling Blood Pressure,1,0,Open,2026-05-01,4,Mail,Unable to Reach,0,0.8
SYN03033,66,Female,East,Provider Group A,Medication Adherence,1,1,Compliant,2026-05-01,0,None,Not Needed,0,0.85
SYN03040,74,Female,South,Provider Group A,Colorectal Cancer Screening,1,1,Compliant,2026-05-01,0,None,Not Needed,0,0.75
SYN03040,74,Female,South,Provider Group A,Controlling Blood Pressure,1,1,Compliant,2026-05-01,0,None,Not Needed,0,0.8
SYN03040,74,Female,South,Provider Group A,Diabetes Care,1,1,Compliant,2026-05-01,1,Mail,Reached,1,0.78
SYN03042,74,Male,East,Provider Group D,Medication Adherence,1,1,Compliant,2026-05-01,0,None,Not Needed,0,0.85
SYN03046,85,Female,West,Provider Group B,Colorectal Cancer Screening,0,0,Not Eligible,2026-05-01,0,None,Not Needed,0,0.75
SYN03046,85,Female,West,Provider Group B,Diabetes Care,0,0,Not Eligible,2026-05-01,0,None,Not Needed,0,0.78
SYN03046,85,Female,West,Provider Group B,Follow-Up After Hospitalization,1,1,Compliant,2026-05-01,4,Phone,Reached,1,0.75
SYN03059,69,Female,West,Provider Group A,Breast Cancer Screening,1,1,Compliant,2026-05-01,1,SMS,Reached,1,0.8
SYN03059,69,Female,West,Provider Group A,Colorectal Cancer Screening,1,1,Compliant,2026-05-01,0,None,Not Needed,0,0.75
SYN03059,69,Female,West,Provider Group A,Controlling Blood Pressure,1,1,Compliant,2026-05-01,1,Mail,Reached,1,0.8
SYN03065,78,Male,North,Provider Group E,Breast Cancer Screening,0,0,Not Eligible,2026-05-01,0,None,Not Needed,0,0.8
SYN03068,71,Male,North,Provider Group D,Controlling Blood Pressure,1,0,Open,2026-05-01,2,Mail,Unable to Reach,0,0.8
SYN03068,71,Male,North,Provider Group D,Medication Adherence,1,1,Compliant,2026-05-01,0,None,Not Needed,0,0.85
SYN03070,71,Female,North,Provider Group C,Breast Cancer Screening,1,1,Compliant,2026-05-01,1,Care Coordinator,Reached,1,0.8
SYN03070,71,Female,North,Provider Group C,Colorectal Cancer Screening,1,1,Compliant,2026-05-01,0,None,Not Needed,0,0.75
SYN03070,71,Female,North,Provider Group C,Controlling Blood Pressure,1,1,Compliant,2026-05-01,0,None,Not Needed,0,0.8
SYN03070,71,Female,North,Provider Group C,Follow-Up After Hospitalization,0,0,Not Eligible,2026-05-01,0,None,Not Needed,0,0.75
SYN03070,71,Female,North,Provider Group C,Medication Adherence,1,0,Open,2026-05-01,2,Mail,Unable to Reach,0,0.85
SYN03072,74,Female,East,Provider Group A,Breast Cancer Screening,1,1,Compliant,2026-05-01,0,None,Not Needed,0,0.8
SYN03072,74,Female,East,Provider Group A,Colorectal Cancer Screening,1,0,Open,2026-05-01,1,Care Coordinator,Declined,0,0.75
SYN03072,74,Female,East,Provider Group A,Controlling Blood Pressure,1,1,Compliant,2026-05-01,0,None,Not Needed,0,0.8
SYN03072,74,Female,East,Provider Group A,Diabetes Care,1,1,Compliant,2026-05-01,1,Phone,Reached,1,0.78
SYN03072,74,Female,East,Provider Group A,Medication Adherence,1,1,Compliant,2026-05-01,0,None,Not Needed,0,0.85
SYN03074,81,Male,East,Provider Group B,Follow-Up After Hospitalization,1,1,Compliant,2026-05-01,0,None,Not Needed,0,0.75
SYN03088,78,Male,North,Provider Group B,Colorectal Cancer Screening,0,0,Not Eligible,2026-05-01,0,None,Not Needed,0,0.75
SYN03088,78,Male,North,Provider Group B,Controlling Blood Pressure,0,0,Not Eligible,2026-05-01,0,None,Not Needed,0,0.8
SYN03088,78,Male,North,Provider Group B,Medication Adherence,1,1,Compliant,2026-05-01,0,None,Not Needed,0,0.85
SYN03097,75,Female,South,Provider Group D,Controlling Blood Pressure,1,1,Compliant,2026-05-01,0,None,Not Needed,0,0.8
SYN03097,75,Female,South,Provider Group D,Follow-Up After Hospitalization,1,0,Open,2026-05-01,4,Phone,Reached,0,0.75
SYN03097,75,Female,South,Provider Group D,Medication Adherence,1,1,Compliant,2026-05-01,0,None,Not Needed,0,0.85
SYN03100,65,Male,East,Provider Group A,Controlling Blood Pressure,0,0,Not Eligible,2026-05-01,0,None,Not Needed,0,0.8
SYN03100,65,Male,East,Provider Group A,Diabetes Care,1,1,Compliant,2026-05-01,0,None,Not Needed,0,0.78
SYN03100,65,Male,East,Provider Group A,Medication Adherence,1,1,Compliant,2026-05-01,0,None,Not Needed,0,0.85
SYN03103,74,Male,North,Provider Group D,Controlling Blood Pressure,1,1,Compliant,2026-05-01,0,None,Not Needed,0,0.8
SYN03103,74,Male,North,Provider Group D,Diabetes Care,1,1,Compliant,2026-05-01,0,None,Not Needed,0,0.78
SYN03111,81,Male,West,Provider Group C,Breast Cancer Screening,0,0,Not Eligible,2026-05-01,0,None,Not Needed,0,0.8
SYN03111,81,Male,West,Provider Group C,Controlling Blood Pressure,1,0,Open,2026-05-01,2,SMS,Reached,0,0.8
SYN03111,81,Male,West,Provider Group C,Follow-Up After Hospitalization,1,1,Compliant,2026-05-01,1,SMS,Reached,1,0.75
SYN03111,81,Male,West,Provider Group C,Medication Adherence,1,0,Open,2026-05-01,0,None,Not Attempted,0,0.85
SYN03116,89,Male,South,Provider Group B,Breast Cancer Screening,0,0,Not Eligible,2026-05-01,0,None,Not Needed,0,0.8
SYN03116,89,Male,South,Provider Group B,Colorectal Cancer Screening,0,0,Not Eligible,2026-05-01,0,None,Not Needed,0,0.75
SYN03116,89,Male,South,Provider Group B,Controlling Blood Pressure,1,0,Open,2026-05-01,0,None,Not Attempted,0,0.8
SYN03116,89,Male,South,Provider Group B,Medication Adherence,1,1,Compliant,2026-05-01,0,None,Not Needed,0,0.85
SYN03127,73,Male,East,Provider Group B,Colorectal Cancer Screening,1,1,Compliant,2026-05-01,0,None,Not Needed,0,0.75
SYN03131,75,Female,East,Provider Group E,Breast Cancer Screening,0,0,Not Eligible,2026-05-01,0,None,Not Needed,0,0.8
SYN03131,75,Female,East,Provider Group E,Controlling Blood Pressure,1,1,Compliant,2026-05-01,0,None,Not Needed,0,0.8
SYN03131,75,Female,East,Provider Group E,Diabetes Care,0,0,Not Eligible,2026-05-01,0,None,Not Needed,0,0.78
SYN03135,81,Female,East,Provider Group C,Breast Cancer Screening,0,0,Not Eligible,2026-05-01,0,None,Not Needed,0,0.8
SYN03135,81,Female,East,Provider Group C,Colorectal Cancer Screening,0,0,Not Eligible,2026-05-01,0,None,Not Needed,0,0.75
SYN03135,81,Female,East,Provider Group C,Diabetes Care,1,1,Compliant,2026-05-01,0,None,Not Needed,0,0.78
SYN03137,83,Male,West,Provider Group E,Medication Adherence,0,0,Not Eligible,2026-05-01,0,None,Not Needed,0,0.85
SYN03150,75,Female,South,Provider Group C,Colorectal Cancer Screening,1,0,Open,2026-05-01,0,None,Not Attempted,0,0.75
SYN03150,75,Female,South,Provider Group C,Diabetes Care,0,0,Not Eligible,2026-05-01,0,None,Not Needed,0,0.78
SYN03151,76,Female,North,Provider Group C,Breast Cancer Screening,0,0,Not Eligible,2026-05-01,0,None,Not Needed,0,0.8
SYN03151,76,Female,North,Provider Group C,Medication Adherence,1,1,Compliant,2026-05-01,0,None,Not Needed,0,0.85
SYN03157,73,Male,South,Provider Group D,Follow-Up After Hospitalization,0,0,Not Eligible,2026-05-01,0,None,Not Needed,0,0.75
SYN03167,66,Female,North,Provider Group E,Breast Cancer Screening,0,0,Not Eligible,2026-05-01,0,None,Not Needed,0,0.8
SYN03167,66,Female,North,Provider Group E,Medication Adherence,1,1,Compliant,2026-05-01,0,None,Not Needed,0,0.85
SYN03168,66,Male,East,Provider Group E,Colorectal Cancer Screening,1,0,Open,2026-05-01,2,Mail,Reached,0,0.75
SYN03168,66,Male,East,Provider Group E,Controlling Blood Pressure,1,1,Compliant,2026-05-01,1,SMS,Reached,1,0.8
SYN03185,66,Male,West,Provider Group A,Colorectal Cancer Screening,1,0,Open,2026-05-01,4,Phone,Declined,0,0.75
SYN03185,66,Male,West,Provider Group A,Controlling Blood Pressure,1,1,Compliant,2026-05-01,0,None,Not Needed,0,0.8
SYN03185,66,Male,West,Provider Group A,Medication Adherence,1,1,Compliant,2026-05-01,0,None,Not Needed,0,0.85
SYN03190,68,Male,South,Provider Group A,Colorectal Cancer Screening,1,1,Compliant,2026-05-01,2,Phone,Reached,1,0.75
SYN03190,68,Male,South,Provider Group A,Controlling Blood Pressure,1,0,Open,2026-05-01,1,SMS,Unable to Reach,0,0.8
SYN03190,68,Male,South,Provider Group A,Follow-Up After Hospitalization,0,0,Not Eligible,2026-05-01,0,None,Not Needed,0,0.75
SYN03190,68,Male,South,Provider Group A,Medication Adherence,1,1,Compliant,2026-05-01,0,None,Not Needed,0,0.85
SYN00009,80,Male,South,Provider Group B,Colorectal Cancer Screening,0,0,Not Eligible,2026-06-01,0,None,Not Needed,0,0.75
SYN00009,80,Male,South,Provider Group B,Controlling Blood Pressure,1,1,Compliant,2026-06-01,0,None,Not Needed,0,0.8
SYN00009,80,Male,South,Provider Group B,Follow-Up After Hospitalization,0,0,Not Eligible,2026-06-01,0,None,Not Needed,0,0.75
SYN00009,80,Male,South,Provider Group B,Medication Adherence,1,1,Compliant,2026-06-01,0,None,Not Needed,0,0.85
SYN00010,68,Female,South,Provider Group C,Breast Cancer Screening,1,1,Compliant,2026-06-01,0,None,Not Needed,0,0.8
SYN00011,74,Female,East,Provider Group C,Breast Cancer Screening,1,1,Compliant,2026-06-01,0,None,Not Needed,0,0.8
SYN00011,74,Female,East,Provider Group C,Colorectal Cancer Screening,1,0,Open,2026-06-01,2,Phone,Declined,0,0.75
SYN00011,74,Female,East,Provider Group C,Controlling Blood Pressure,1,1,Compliant,2026-06-01,0,None,Not Needed,0,0.8
SYN00011,74,Female,East,Provider Group C,Follow-Up After Hospitalization,0,0,Not Eligible,2026-06-01,0,None,Not Needed,0,0.75
SYN00018,65,Female,North,Provider Group E,Breast Cancer Screening,0,0,Not Eligible,2026-06-01,0,None,Not Needed,0,0.8
SYN00018,65,Female,North,Provider Group E,Follow-Up After Hospitalization,1,1,Compliant,2026-06-01,0,None,Not Needed,0,0.75
SYN00018,65,Female,North,Provider Group E,Medication Adherence,1,1,Compliant,2026-06-01,0,None,Not Needed,0,0.85
SYN00024,88,Male,West,Provider Group C,Colorectal Cancer Screening,0,0,Not Eligible,2026-06-01,0,None,Not Needed,0,0.75
SYN00024,88,Male,West,Provider Group C,Medication Adherence,1,1,Compliant,2026-06-01,0,None,Not Needed,0,0.85
SYN00026,71,Male,West,Provider Group B,Controlling Blood Pressure,1,0,Open,2026-06-01,2,SMS,Reached,0,0.8
SYN00026,71,Male,West,Provider Group B,Diabetes Care,1,1,Compliant,2026-06-01,0,None,Not Needed,0,0.78
SYN00026,71,Male,West,Provider Group B,Follow-Up After Hospitalization,1,1,Compliant,2026-06-01,1,SMS,Reached,1,0.75
SYN00026,71,Male,West,Provider Group B,Medication Adherence,1,1,Compliant,2026-06-01,0,None,Not Needed,0,0.85
SYN00041,67,Male,South,Provider Group C,Breast Cancer Screening,0,0,Not Eligible,2026-06-01,0,None,Not Needed,0,0.8
SYN00047,75,Male,North,Provider Group B,Diabetes Care,1,1,Compliant,2026-06-01,0,None,Not Needed,0,0.78
SYN00047,75,Male,North,Provider Group B,Follow-Up After Hospitalization,1,1,Compliant,2026-06-01,0,None,Not Needed,0,0.75
SYN00063,73,Male,South,Provider Group D,Colorectal Cancer Screening,1,1,Compliant,2026-06-01,0,None,Not Needed,0,0.75
SYN00063,73,Male,South,Provider Group D,Diabetes Care,1,0,Open,2026-06-01,1,Phone,Reached,0,0.78
SYN00063,73,Male,South,Provider Group D,Follow-Up After Hospitalization,1,1,Compliant,2026-06-01,0,None,Not Needed,0,0.75
SYN00067,89,Male,North,Provider Group C,Controlling Blood Pressure,1,0,Open,2026-06-01,1,SMS,Declined,0,0.8
SYN00067,89,Male,North,Provider Group C,Medication Adherence,0,0,Not Eligible,2026-06-01,0,None,Not Needed,0,0.85
SYN00070,67,Female,West,Provider Group D,Colorectal Cancer Screening,1,1,Compliant,2026-06-01,0,None,Not Needed,0,0.75
SYN00070,67,Female,West,Provider Group D,Controlling Blood Pressure,1,1,Compliant,2026-06-01,0,None,Not Needed,0,0.8
SYN00070,67,Female,West,Provider Group D,Follow-Up After Hospitalization,0,0,Not Eligible,2026-06-01,0,None,Not Needed,0,0.75
SYN00070,67,Female,West,Provider Group D,Medication Adherence,1,1,Compliant,2026-06-01,0,None,Not Needed,0,0.85
SYN00078,74,Female,South,Provider Group A,Breast Cancer Screening,1,1,Compliant,2026-06-01,0,None,Not Needed,0,0.8
SYN00078,74,Female,South,Provider Group A,Colorectal Cancer Screening,1,1,Compliant,2026-06-01,0,None,Not Needed,0,0.75
SYN00078,74,Female,South,Provider Group A,Controlling Blood Pressure,1,1,Compliant,2026-06-01,0,None,Not Needed,0,0.8
SYN00078,74,Female,South,Provider Group A,Follow-Up After Hospitalization,1,1,Compliant,2026-06-01,4,Care Coordinator,Reached,1,0.75
SYN00078,74,Female,South,Provider Group A,Medication Adherence,1,1,Compliant,2026-06-01,0,None,Not Needed,0,0.85
SYN00085,74,Female,South,Provider Group E,Colorectal Cancer Screening,1,1,Compliant,2026-06-01,4,Phone,Reached,1,0.75
SYN00085,74,Female,South,Provider Group E,Follow-Up After Hospitalization,1,1,Compliant,2026-06-01,0,None,Not Needed,0,0.75
SYN00085,74,Female,South,Provider Group E,Medication Adherence,0,0,Not Eligible,2026-06-01,0,None,Not Needed,0,0.85
SYN00086,67,Female,North,Provider Group D,Breast Cancer Screening,1,1,Compliant,2026-06-01,0,None,Not Needed,0,0.8
SYN00086,67,Female,North,Provider Group D,Colorectal Cancer Screening,1,0,Open,2026-06-01,1,SMS,Declined,0,0.75
SYN00086,67,Female,North,Provider Group D,Follow-Up After Hospitalization,1,1,Compliant,2026-06-01,0,None,Not Needed,0,0.75
SYN00086,67,Female,North,Provider Group D,Medication Adherence,1,1,Compliant,2026-06-01,0,None,Not Needed,0,0.85
SYN00087,81,Female,East,Provider Group B,Controlling Blood Pressure,1,1,Compliant,2026-06-01,0,None,Not Needed,0,0.8
SYN00090,80,Male,East,Provider Group E,Colorectal Cancer Screening,0,0,Not Eligible,2026-06-01,0,None,Not Needed,0,0.75
SYN00090,80,Male,East,Provider Group E,Controlling Blood Pressure,1,1,Compliant,2026-06-01,0,None,Not Needed,0,0.8
SYN00090,80,Male,East,Provider Group E,Diabetes Care,1,1,Compliant,2026-06-01,0,None,Not Needed,0,0.78
SYN00099,87,Male,South,Provider Group B,Colorectal Cancer Screening,0,0,Not Eligible,2026-06-01,0,None,Not Needed,0,0.75
SYN00099,87,Male,South,Provider Group B,Controlling Blood Pressure,1,1,Compliant,2026-06-01,0,None,Not Needed,0,0.8
SYN00099,87,Male,South,Provider Group B,Diabetes Care,0,0,Not Eligible,2026-06-01,0,None,Not Needed,0,0.78
SYN00099,87,Male,South,Provider Group B,Follow-Up After Hospitalization,0,0,Not Eligible,2026-06-01,0,None,Not Needed,0,0.75
SYN00099,87,Male,South,Provider Group B,Medication Adherence,1,1,Compliant,2026-06-01,0,None,Not Needed,0,0.85
SYN00115,73,Male,South,Provider Group B,Colorectal Cancer Screening,1,0,Open,2026-06-01,1,Mail,Declined,0,0.75
SYN00115,73,Male,South,Provider Group B,Controlling Blood Pressure,0,0,Not Eligible,2026-06-01,0,None,Not Needed,0,0.8
SYN00120,65,Male,North,Provider Group E,Controlling Blood Pressure,1,1,Compliant,2026-06-01,0,None,Not Needed,0,0.8
SYN00120,65,Male,North,Provider Group E,Medication Adherence,1,1,Compliant,2026-06-01,0,None,Not Needed,0,0.85
SYN00121,75,Male,East,Provider Group D,Colorectal Cancer Screening,1,0,Open,2026-06-01,2,Phone,Unable to Reach,0,0.75
SYN00121,75,Male,East,Provider Group D,Diabetes Care,0,0,Not Eligible,2026-06-01,0,None,Not Needed,0,0.78
SYN00132,69,Male,West,Provider Group B,Colorectal Cancer Screening,1,0,Open,2026-06-01,0,None,Not Attempted,0,0.75
SYN00132,69,Male,West,Provider Group B,Controlling Blood Pressure,1,1,Compliant,2026-06-01,0,None,Not Needed,0,0.8
SYN00132,69,Male,West,Provider Group B,Diabetes Care,1,0,Open,2026-06-01,1,Care Coordinator,Reached,0,0.78
SYN00132,69,Male,West,Provider Group B,Follow-Up After Hospitalization,1,1,Compliant,2026-06-01,3,Phone,Reached,1,0.75
SYN00135,74,Male,East,Provider Group A,Colorectal Cancer Screening,1,1,Compliant,2026-06-01,0,None,Not Needed,0,0.75
SYN00135,74,Male,East,Provider Group A,Diabetes Care,1,1,Compliant,2026-06-01,0,None,Not Needed,0,0.78
SYN00135,74,Male,East,Provider Group A,Follow-Up After Hospitalization,1,1,Compliant,2026-06-01,0,None,Not Needed,0,0.75
SYN00135,74,Male,East,Provider Group A,Medication Adherence,1,1,Compliant,2026-06-01,0,None,Not Needed,0,0.85
SYN00140,72,Male,East,Provider Group A,Colorectal Cancer Screening,1,1,Compliant,2026-06-01,1,Phone,Reached,1,0.75
SYN00140,72,Male,East,Provider Group A,Controlling Blood Pressure,0,0,Not Eligible,2026-06-01,0,None,Not Needed,0,0.8
SYN00140,72,Male,East,Provider Group A,Medication Adherence,1,1,Compliant,2026-06-01,0,None,Not Needed,0,0.85
SYN00141,65,Female,North,Provider Group C,Breast Cancer Screening,1,1,Compliant,2026-06-01,0,None,Not Needed,0,0.8
SYN00141,65,Female,North,Provider Group C,Colorectal Cancer Screening,1,0,Open,2026-06-01,1,Mail,Unable to Reach,0,0.75
SYN00141,65,Female,North,Provider Group C,Controlling Blood Pressure,0,0,Not Eligible,2026-06-01,0,None,Not Needed,0,0.8
SYN00141,65,Female,North,Provider Group C,Diabetes Care,1,0,Open,2026-06-01,0,None,Not Attempted,0,0.78
SYN00143,67,Male,North,Provider Group E,Colorectal Cancer Screening,1,1,Compliant,2026-06-01,0,None,Not Needed,0,0.75
SYN00143,67,Male,North,Provider Group E,Controlling Blood Pressure,1,1,Compliant,2026-06-01,0,None,Not Needed,0,0.8
SYN00143,67,Male,North,Provider Group E,Diabetes Care,1,1,Compliant,2026-06-01,0,None,Not Needed,0,0.78
SYN00148,74,Female,West,Provider Group D,Breast Cancer Screening,1,1,Compliant,2026-06-01,0,None,Not Needed,0,0.8
SYN00156,75,Female,West,Provider Group E,Breast Cancer Screening,0,0,Not Eligible,2026-06-01,0,None,Not Needed,0,0.8
SYN00156,75,Female,West,Provider Group E,Colorectal Cancer Screening,1,1,Compliant,2026-06-01,0,None,Not Needed,0,0.75
SYN00156,75,Female,West,Provider Group E,Diabetes Care,0,0,Not Eligible,2026-06-01,0,None,Not Needed,0,0.78
SYN00170,83,Female,South,Provider Group A,Controlling Blood Pressure,1,0,Open,2026-06-01,0,None,Not Attempted,0,0.8
SYN00176,65,Male,South,Provider Group D,Controlling Blood Pressure,1,0,Open,2026-06-01,0,None,Not Attempted,0,0.8
SYN00176,65,Male,South,Provider Group D,Follow-Up After Hospitalization,1,1,Compliant,2026-06-01,0,None,Not Needed,0,0.75
SYN00180,73,Male,West,Provider Group B,Colorectal Cancer Screening,1,0,Open,2026-06-01,1,Phone,Reached,0,0.75
SYN00183,68,Female,South,Provider Group D,Breast Cancer Screening,1,1,Compliant,2026-06-01,0,None,Not Needed,0,0.8
SYN00183,68,Female,South,Provider Group D,Colorectal Cancer Screening,1,1,Compliant,2026-06-01,1,Phone,Reached,1,0.75
SYN00183,68,Female,South,Provider Group D,Diabetes Care,0,0,Not Eligible,2026-06-01,0,None,Not Needed,0,0.78
SYN00188,71,Male,West,Provider Group A,Colorectal Cancer Screening,1,1,Compliant,2026-06-01,0,None,Not Needed,0,0.75
SYN00188,71,Male,West,Provider Group A,Controlling Blood Pressure,1,1,Compliant,2026-06-01,0,None,Not Needed,0,0.8
SYN00188,71,Male,West,Provider Group A,Diabetes Care,1,1,Compliant,2026-06-01,3,Mail,Reached,1,0.78
SYN00188,71,Male,West,Provider Group A,Medication Adherence,1,1,Compliant,2026-06-01,0,None,Not Needed,0,0.85
SYN00205,72,Female,North,Provider Group E,Breast Cancer Screening,1,1,Compliant,2026-06-01,0,None,Not Needed,0,0.8
SYN00205,72,Female,North,Provider Group E,Medication Adherence,1,1,Compliant,2026-06-01,0,None,Not Needed,0,0.85
SYN00209,84,Female,East,Provider Group C,Breast Cancer Screening,0,0,Not Eligible,2026-06-01,0,None,Not Needed,0,0.8
SYN00213,84,Male,South,Provider Group A,Controlling Blood Pressure,0,0,Not Eligible,2026-06-01,0,None,Not Needed,0,0.8
SYN00213,84,Male,South,Provider Group A,Follow-Up After Hospitalization,1,0,Open,2026-06-01,2,Phone,Unable to Reach,0,0.75
SYN00213,84,Male,South,Provider Group A,Medication Adherence,1,1,Compliant,2026-06-01,0,None,Not Needed,0,0.85
SYN00224,79,Male,East,Provider Group B,Colorectal Cancer Screening,0,0,Not Eligible,2026-06-01,0,None,Not Needed,0,0.75
SYN00224,79,Male,East,Provider Group B,Diabetes Care,1,1,Compliant,2026-06-01,4,Phone,Reached,1,0.78
SYN00224,79,Male,East,Provider Group B,Follow-Up After Hospitalization,0,0,Not Eligible,2026-06-01,0,None,Not Needed,0,0.75
SYN00224,79,Male,East,Provider Group B,Medication Adherence,1,1,Compliant,2026-06-01,0,None,Not Needed,0,0.85
SYN00226,73,Female,West,Provider Group B,Controlling Blood Pressure,1,1,Compliant,2026-06-01,0,None,Not Needed,0,0.8
SYN00238,85,Male,North,Provider Group B,Breast Cancer Screening,0,0,Not Eligible,2026-06-01,0,None,Not Needed,0,0.8
SYN00238,85,Male,North,Provider Group B,Diabetes Care,1,1,Compliant,2026-06-01,0,None,Not Needed,0,0.78
SYN00245,65,Female,West,Provider Group D,Diabetes Care,1,1,Compliant,2026-06-01,0,None,Not Needed,0,0.78
SYN00260,69,Female,East,Provider Group D,Breast Cancer Screening,0,0,Not Eligible,2026-06-01,0,None,Not Needed,0,0.8
SYN00260,69,Female,East,Provider Group D,Controlling Blood Pressure,1,0,Open,2026-06-01,4,Care Coordinator,Reached,0,0.8
SYN00260,69,Female,East,Provider Group D,Follow-Up After Hospitalization,1,0,Open,2026-06-01,1,SMS,Unable to Reach,0,0.75
SYN00260,69,Female,East,Provider Group D,Medication Adherence,1,1,Compliant,2026-06-01,0,None,Not Needed,0,0.85
SYN00280,85,Female,South,Provider Group D,Diabetes Care,1,1,Compliant,2026-06-01,0,None,Not Needed,0,0.78
SYN00280,85,Female,South,Provider Group D,Medication Adherence,1,0,Open,2026-06-01,1,Mail,Unable to Reach,0,0.85
SYN00281,75,Male,South,Provider Group D,Controlling Blood Pressure,1,1,Compliant,2026-06-01,0,None,Not Needed,0,0.8
SYN00281,75,Male,South,Provider Group D,Follow-Up After Hospitalization,1,1,Compliant,2026-06-01,0,None,Not Needed,0,0.75
SYN00281,75,Male,South,Provider Group D,Medication Adherence,1,1,Compliant,2026-06-01,0,None,Not Needed,0,0.85
SYN00289,66,Female,North,Provider Group B,Breast Cancer Screening,1,1,Compliant,2026-06-01,2,Care Coordinator,Reached,1,0.8
SYN00289,66,Female,North,Provider Group B,Colorectal Cancer Screening,0,0,Not Eligible,2026-06-01,0,None,Not Needed,0,0.75
SYN00289,66,Female,North,Provider Group B,Diabetes Care,1,1,Compliant,2026-06-01,0,None,Not Needed,0,0.78
SYN00289,66,Female,North,Provider Group B,Follow-Up After Hospitalization,0,0,Not Eligible,2026-06-01,0,None,Not Needed,0,0.75
SYN00291,74,Female,South,Provider Group C,Breast Cancer Screening,1,1,Compliant,2026-06-01,0,None,Not Needed,0,0.8
SYN00291,74,Female,South,Provider Group C,Colorectal Cancer Screening,1,1,Compliant,2026-06-01,0,None,Not Needed,0,0.75
SYN00291,74,Female,South,Provider Group C,Controlling Blood Pressure,1,0,Open,2026-06-01,4,Care Coordinator,Reached,0,0.8
SYN00291,74,Female,South,Provider Group C,Follow-Up After Hospitalization,1,1,Compliant,2026-06-01,0,None,Not Needed,0,0.75
SYN00303,86,Male,West,Provider Group A,Medication Adherence,1,1,Compliant,2026-06-01,0,None,Not Needed,0,0.85
SYN00305,68,Male,East,Provider Group B,Colorectal Cancer Screening,1,1,Compliant,2026-06-01,0,None,Not Needed,0,0.75
SYN00305,68,Male,East,Provider Group B,Diabetes Care,1,1,Compliant,2026-06-01,0,None,Not Needed,0,0.78
SYN00305,68,Male,East,Provider Group B,Follow-Up After Hospitalization,1,0,Open,2026-06-01,2,Phone,Unable to Reach,0,0.75
SYN00305,68,Male,East,Provider Group B,Medication Adherence,1,1,Compliant,2026-06-01,0,None,Not Needed,0,0.85
SYN00306,70,Female,South,Provider Group D,Breast Cancer Screening,1,1,Compliant,2026-06-01,1,Mail,Reached,1,0.8
SYN00306,70,Female,South,Provider Group D,Controlling Blood Pressure,1,1,Compliant,2026-06-01,0,None,Not Needed,0,0.8
SYN00306,70,Female,South,Provider Group D,Medication Adherence,1,1,Compliant,2026-06-01,0,None,Not Needed,0,0.85
SYN00311,72,Male,West,Provider Group A,Controlling Blood Pressure,1,1,Compliant,2026-06-01,0,None,Not Needed,0,0.8
SYN00312,73,Female,South,Provider Group C,Breast Cancer Screening,1,0,Open,2026-06-01,2,Mail,Reached,0,0.8
SYN00312,73,Female,South,Provider Group C,Controlling Blood Pressure,1,0,Open,2026-06-01,2,Mail,Unable to Reach,0,0.8
SYN00313,85,Female,East,Provider Group C,Colorectal Cancer Screening,0,0,Not Eligible,2026-06-01,0,None,Not Needed,0,0.75
SYN00313,85,Female,East,Provider Group C,Controlling Blood Pressure,1,0,Open,2026-06-01,1,SMS,Reached,0,0.8
SYN00315,65,Male,West,Provider Group C,Colorectal Cancer Screening,1,0,Open,2026-06-01,1,Phone,Unable to Reach,0,0.75
SYN00315,65,Male,West,Provider Group C,Controlling Blood Pressure,1,1,Compliant,2026-06-01,1,Phone,Reached,1,0.8
SYN00315,65,Male,West,Provider Group C,Follow-Up After Hospitalization,0,0,Not Eligible,2026-06-01,0,None,Not Needed,0,0.75
SYN00317,65,Female,North,Provider Group C,Breast Cancer Screening,1,1,Compliant,2026-06-01,2,Care Coordinator,Reached,1,0.8
SYN00317,65,Female,North,Provider Group C,Controlling Blood Pressure,0,0,Not Eligible,2026-06-01,0,None,Not Needed,0,0.8
SYN00317,65,Female,North,Provider Group C,Diabetes Care,1,1,Compliant,2026-06-01,0,None,Not Needed,0,0.78
SYN00317,65,Female,North,Provider Group C,Medication Adherence,1,1,Compliant,2026-06-01,0,None,Not Needed,0,0.85
SYN00330,72,Female,North,Provider Group B,Breast Cancer Screening,1,1,Compliant,2026-06-01,0,None,Not Needed,0,0.8
SYN00330,72,Female,North,Provider Group B,Colorectal Cancer Screening,1,0,Open,2026-06-01,2,Mail,Unable to Reach,0,0.75
SYN00342,87,Male,East,Provider Group E,Colorectal Cancer Screening,0,0,Not Eligible,2026-06-01,0,None,Not Needed,0,0.75
SYN00342,87,Male,East,Provider Group E,Controlling Blood Pressure,1,1,Compliant,2026-06-01,0,None,Not Needed,0,0.8
SYN00345,66,Male,South,Provider Group A,Controlling Blood Pressure,1,1,Compliant,2026-06-01,0,None,Not Needed,0,0.8
SYN00345,66,Male,South,Provider Group A,Diabetes Care,1,1,Compliant,2026-06-01,0,None,Not Needed,0,0.78
SYN00345,66,Male,South,Provider Group A,Follow-Up After Hospitalization,1,0,Open,2026-06-01,2,Mail,Reached,0,0.75
SYN00345,66,Male,South,Provider Group A,Medication Adherence,1,1,Compliant,2026-06-01,3,Care Coordinator,Reached,1,0.85
SYN00349,65,Male,South,Provider Group E,Breast Cancer Screening,0,0,Not Eligible,2026-06-01,0,None,Not Needed,0,0.8
SYN00349,65,Male,South,Provider Group E,Controlling Blood Pressure,1,1,Compliant,2026-06-01,0,None,Not Needed,0,0.8
SYN00352,80,Male,North,Provider Group B,Breast Cancer Screening,0,0,Not Eligible,2026-06-01,0,None,Not Needed,0,0.8
SYN00362,78,Female,East,Provider Group C,Diabetes Care,1,0,Open,2026-06-01,1,Mail,Reached,0,0.78
SYN00364,86,Male,East,Provider Group B,Colorectal Cancer Screening,0,0,Not Eligible,2026-06-01,0,None,Not Needed,0,0.75
SYN00364,86,Male,East,Provider Group B,Controlling Blood Pressure,1,1,Compliant,2026-06-01,0,None,Not Needed,0,0.8
SYN00367,68,Male,South,Provider Group D,Colorectal Cancer Screening,1,1,Compliant,2026-06-01,0,None,Not Needed,0,0.75
SYN00367,68,Male,South,Provider Group D,Medication Adherence,1,0,Open,2026-06-01,1,Mail,Unable to Reach,0,0.85
SYN00370,66,Female,West,Provider Group B,Breast Cancer Screening,1,1,Compliant,2026-06-01,0,None,Not Needed,0,0.8
SYN00370,66,Female,West,Provider Group B,Diabetes Care,1,1,Compliant,2026-06-01,0,None,Not Needed,0,0.78
SYN00370,66,Female,West,Provider Group B,Medication Adherence,1,1,Compliant,2026-06-01,0,None,Not Needed,0,0.85
SYN00373,68,Female,North,Provider Group A,Breast Cancer Screening,1,1,Compliant,2026-06-01,0,None,Not Needed,0,0.8
SYN00384,85,Male,South,Provider Group A,Diabetes Care,1,1,Compliant,2026-06-01,0,None,Not Needed,0,0.78
SYN00384,85,Male,South,Provider Group A,Medication Adherence,1,1,Compliant,2026-06-01,0,None,Not Needed,0,0.85
SYN00385,71,Male,South,Provider Group D,Colorectal Cancer Screening,1,1,Compliant,2026-06-01,2,Care Coordinator,Reached,1,0.75
SYN00385,71,Male,South,Provider Group D,Follow-Up After Hospitalization,1,1,Compliant,2026-06-01,0,None,Not Needed,0,0.75
SYN00385,71,Male,South,Provider Group D,Medication Adherence,1,1,Compliant,2026-06-01,0,None,Not Needed,0,0.85
SYN00396,79,Male,West,Provider Group E,Colorectal Cancer Screening,0,0,Not Eligible,2026-06-01,0,None,Not Needed,0,0.75
SYN00396,79,Male,West,Provider Group E,Controlling Blood Pressure,1,1,Compliant,2026-06-01,0,None,Not Needed,0,0.8
SYN00396,79,Male,West,Provider Group E,Diabetes Care,0,0,Not Eligible,2026-06-01,0,None,Not Needed,0,0.78
SYN00396,79,Male,West,Provider Group E,Follow-Up After Hospitalization,0,0,Not Eligible,2026-06-01,0,None,Not Needed,0,0.75
SYN00407,88,Female,North,Provider Group C,Controlling Blood Pressure,1,1,Compliant,2026-06-01,0,None,Not Needed,0,0.8
SYN00407,88,Female,North,Provider Group C,Diabetes Care,1,1,Compliant,2026-06-01,0,None,Not Needed,0,0.78
SYN00407,88,Female,North,Provider Group C,Medication Adherence,0,0,Not Eligible,2026-06-01,0,None,Not Needed,0,0.85
SYN00409,78,Female,South,Provider Group E,Follow-Up After Hospitalization,1,1,Compliant,2026-06-01,0,None,Not Needed,0,0.75
SYN00409,78,Female,South,Provider Group E,Medication Adherence,1,1,Compliant,2026-06-01,0,None,Not Needed,0,0.85
SYN00410,75,Male,West,Provider Group A,Colorectal Cancer Screening,1,1,Compliant,2026-06-01,0,None,Not Needed,0,0.75
SYN00410,75,Male,West,Provider Group A,Diabetes Care,1,1,Compliant,2026-06-01,0,None,Not Needed,0,0.78
SYN00411,86,Female,North,Provider Group E,Breast Cancer Screening,0,0,Not Eligible,2026-06-01,0,None,Not Needed,0,0.8
SYN00411,86,Female,North,Provider Group E,Colorectal Cancer Screening,0,0,Not Eligible,2026-06-01,0,None,Not Needed,0,0.75
SYN00411,86,Female,North,Provider Group E,Controlling Blood Pressure,1,1,Compliant,2026-06-01,0,None,Not Needed,0,0.8
SYN00413,72,Male,South,Provider Group B,Colorectal Cancer Screening,0,0,Not Eligible,2026-06-01,0,None,Not Needed,0,0.75
SYN00413,72,Male,South,Provider Group B,Diabetes Care,1,0,Open,2026-06-01,1,Phone,Reached,0,0.78
SYN00413,72,Male,South,Provider Group B,Medication Adherence,1,1,Compliant,2026-06-01,0,None,Not Needed,0,0.85
SYN00444,70,Female,South,Provider Group D,Controlling Blood Pressure,1,1,Compliant,2026-06-01,0,None,Not Needed,0,0.8
SYN00451,83,Female,East,Provider Group C,Controlling Blood Pressure,1,1,Compliant,2026-06-01,1,Phone,Reached,1,0.8
SYN00451,83,Female,East,Provider Group C,Diabetes Care,1,0,Open,2026-06-01,3,Phone,Unable to Reach,0,0.78
SYN00452,72,Male,South,Provider Group C,Breast Cancer Screening,0,0,Not Eligible,2026-06-01,0,None,Not Needed,0,0.8
SYN00452,72,Male,South,Provider Group C,Controlling Blood Pressure,1,0,Open,2026-06-01,0,None,Not Attempted,0,0.8
SYN00452,72,Male,South,Provider Group C,Diabetes Care,0,0,Not Eligible,2026-06-01,0,None,Not Needed,0,0.78
SYN00455,83,Male,East,Provider Group A,Colorectal Cancer Screening,0,0,Not Eligible,2026-06-01,0,None,Not Needed,0,0.75
SYN00455,83,Male,East,Provider Group A,Controlling Blood Pressure,1,1,Compliant,2026-06-01,0,None,Not Needed,0,0.8
SYN00455,83,Male,East,Provider Group A,Diabetes Care,1,0,Open,2026-06-01,1,Phone,Reached,0,0.78
SYN00460,85,Female,South,Provider Group B,Breast Cancer Screening,0,0,Not Eligible,2026-06-01,0,None,Not Needed,0,0.8
SYN00460,85,Female,South,Provider Group B,Controlling Blood Pressure,1,1,Compliant,2026-06-01,0,None,Not Needed,0,0.8
SYN00460,85,Female,South,Provider Group B,Diabetes Care,1,0,Open,2026-06-01,3,Phone,Unable to Reach,0,0.78
SYN00462,77,Male,South,Provider Group B,Medication Adherence,1,1,Compliant,2026-06-01,0,None,Not Needed,0,0.85
SYN00466,84,Female,North,Provider Group A,Breast Cancer Screening,0,0,Not Eligible,2026-06-01,0,None,Not Needed,0,0.8
SYN00466,84,Female,North,Provider Group A,Colorectal Cancer Screening,0,0,Not Eligible,2026-06-01,0,None,Not Needed,0,0.75
SYN00466,84,Female,North,Provider Group A,Controlling Blood Pressure,0,0,Not Eligible,2026-06-01,0,None,Not Needed,0,0.8
SYN00468,74,Male,North,Provider Group A,Controlling Blood Pressure,1,0,Open,2026-06-01,2,SMS,Reached,0,0.8
SYN00468,74,Male,North,Provider Group A,Medication Adherence,1,1,Compliant,2026-06-01,0,None,Not Needed,0,0.85
SYN00470,75,Female,North,Provider Group D,Breast Cancer Screening,0,0,Not Eligible,2026-06-01,0,None,Not Needed,0,0.8
SYN00470,75,Female,North,Provider Group D,Colorectal Cancer Screening,1,1,Compliant,2026-06-01,0,None,Not Needed,0,0.75
SYN00470,75,Female,North,Provider Group D,Diabetes Care,0,0,Not Eligible,2026-06-01,0,None,Not Needed,0,0.78
SYN00470,75,Female,North,Provider Group D,Medication Adherence,1,1,Compliant,2026-06-01,0,None,Not Needed,0,0.85
SYN00485,65,Female,North,Provider Group A,Diabetes Care,0,0,Not Eligible,2026-06-01,0,None,Not Needed,0,0.78
SYN00494,70,Male,North,Provider Group D,Diabetes Care,0,0,Not Eligible,2026-06-01,0,None,Not Needed,0,0.78
SYN00494,70,Male,North,Provider Group D,Follow-Up After Hospitalization,1,0,Open,2026-06-01,1,Phone,Reached,0,0.75
SYN00494,70,Male,North,Provider Group D,Medication Adherence,1,1,Compliant,2026-06-01,0,None,Not Needed,0,0.85
SYN00513,88,Female,East,Provider Group A,Breast Cancer Screening,0,0,Not Eligible,2026-06-01,0,None,Not Needed,0,0.8
SYN00513,88,Female,East,Provider Group A,Diabetes Care,1,1,Compliant,2026-06-01,0,None,Not Needed,0,0.78
SYN00520,70,Female,North,Provider Group C,Controlling Blood Pressure,1,1,Compliant,2026-06-01,2,,Reached,1,0.8
SYN00525,74,Female,South,Provider Group E,Breast Cancer Screening,1,1,Compliant,2026-06-01,0,None,Not Needed,0,0.8
SYN00525,74,Female,South,Provider Group E,Colorectal Cancer Screening,1,0,Open,2026-06-01,3,Mail,Unable to Reach,0,0.75
SYN00525,74,Female,South,Provider Group E,Controlling Blood Pressure,1,1,Compliant,2026-06-01,0,None,Not Needed,0,0.8
SYN00525,74,Female,South,Provider Group E,Diabetes Care,0,0,Not Eligible,2026-06-01,0,None,Not Needed,0,0.78
SYN00528,83,Male,South,Provider Group C,Colorectal Cancer Screening,0,0,Not Eligible,2026-06-01,0,None,Not Needed,0,0.75
SYN00528,83,Male,South,Provider Group C,Diabetes Care,1,1,Compliant,2026-06-01,0,None,Not Needed,0,0.78
SYN00528,83,Male,South,Provider Group C,Follow-Up After Hospitalization,0,0,Not Eligible,2026-06-01,0,None,Not Needed,0,0.75
SYN00528,83,Male,South,Provider Group C,Medication Adherence,1,1,Compliant,2026-06-01,0,None,Not Needed,0,0.85
SYN00538,73,Male,East,Provider Group E,Controlling Blood Pressure,1,1,Compliant,2026-06-01,0,None,Not Needed,0,0.8
SYN00538,73,Male,East,Provider Group E,Diabetes Care,1,1,Compliant,2026-06-01,0,None,Not Needed,0,0.78
SYN00541,66,Female,South,Provider Group B,Colorectal Cancer Screening,1,0,Open,2026-06-01,1,Phone,Unable to Reach,0,0.75
SYN00541,66,Female,South,Provider Group B,Diabetes Care,1,0,Open,2026-06-01,0,None,Not Attempted,0,0.78
SYN00546,74,Female,West,Provider Group C,Breast Cancer Screening,1,0,Open,2026-06-01,0,None,Not Attempted,0,0.8
SYN00546,74,Female,West,Provider Group C,Diabetes Care,1,0,Open,2026-06-01,1,Mail,Unable to Reach,0,0.78
SYN00546,74,Female,West,Provider Group C,Follow-Up After Hospitalization,1,0,Open,2026-06-01,4,SMS,Reached,0,0.75
SYN00554,69,Female,East,Provider Group D,Controlling Blood Pressure,1,1,Compliant,2026-06-01,0,None,Not Needed,0,0.8
SYN00554,69,Female,East,Provider Group D,Diabetes Care,0,0,Not Eligible,2026-06-01,0,None,Not Needed,0,0.78
SYN00572,65,Male,West,Provider Group B,Controlling Blood Pressure,1,0,Open,2026-06-01,1,Care Coordinator,Declined,0,0.8
SYN00572,65,Male,West,Provider Group B,Follow-Up After Hospitalization,0,0,Not Eligible,2026-06-01,0,None,Not Needed,0,0.75
SYN00572,65,Male,West,Provider Group B,Medication Adherence,1,1,Compliant,2026-06-01,0,None,Not Needed,0,0.85
SYN00574,75,Female,North,Provider Group E,Breast Cancer Screening,0,0,Not Eligible,2026-06-01,0,None,Not Needed,0,0.8
SYN00574,75,Female,North,Provider Group E,Controlling Blood Pressure,1,1,Compliant,2026-06-01,0,None,Not Needed,0,0.8
SYN00574,75,Female,North,Provider Group E,Diabetes Care,0,0,Not Eligible,2026-06-01,0,None,Not Needed,0,0.78
SYN00574,75,Female,North,Provider Group E,Follow-Up After Hospitalization,1,0,Open,2026-06-01,2,Phone,Declined,0,0.75
SYN00577,72,Female,North,Provider Group A,Controlling Blood Pressure,1,1,Compliant,2026-06-01,0,None,Not Needed,0,0.8
SYN00577,72,Female,North,Provider Group A,Diabetes Care,1,1,Compliant,2026-06-01,0,None,Not Needed,0,0.78
SYN00577,72,Female,North,Provider Group A,Follow-Up After Hospitalization,1,0,Open,2026-06-01,3,SMS,Unable to Reach,0,0.75
SYN00588,70,Female,South,Provider Group E,Colorectal Cancer Screening,1,1,Compliant,2026-06-01,1,Phone,Reached,1,0.75
SYN00588,70,Female,South,Provider Group E,Controlling Blood Pressure,1,1,Compliant,2026-06-01,0,None,Not Needed,0,0.8
SYN00588,70,Female,South,Provider Group E,Follow-Up After Hospitalization,0,0,Not Eligible,2026-06-01,0,None,Not Needed,0,0.75
SYN00588,70,Female,South,Provider Group E,Medication Adherence,1,0,Open,2026-06-01,1,Phone,Unable to Reach,0,0.85
SYN00589,76,Female,South,Provider Group D,Breast Cancer Screening,0,0,Not Eligible,2026-06-01,0,None,Not Needed,0,0.8
SYN00589,76,Female,South,Provider Group D,Colorectal Cancer Screening,0,0,Not Eligible,2026-06-01,0,None,Not Needed,0,0.75
SYN00589,76,Female,South,Provider Group D,Controlling Blood Pressure,1,1,Compliant,2026-06-01,0,None,Not Needed,0,0.8
SYN00589,76,Female,South,Provider Group D,Diabetes Care,0,0,Not Eligible,2026-06-01,0,None,Not Needed,0,0.78
SYN00589,76,Female,South,Provider Group D,Follow-Up After Hospitalization,1,1,Compliant,2026-06-01,2,SMS,Reached,1,0.75
SYN00589,76,Female,South,Provider Group D,Medication Adherence,1,1,Compliant,2026-06-01,0,None,Not Needed,0,0.85
SYN00591,75,Male,West,Provider Group A,Colorectal Cancer Screening,1,1,Compliant,2026-06-01,0,None,Not Needed,0,0.75
SYN00591,75,Male,West,Provider Group A,Controlling Blood Pressure,1,1,Compliant,2026-06-01,0,None,Not Needed,0,0.8
SYN00591,75,Male,West,Provider Group A,Diabetes Care,1,0,Open,2026-06-01,3,Phone,Unable to Reach,0,0.78
SYN00598,82,Male,East,Provider Group C,Controlling Blood Pressure,1,0,Open,2026-06-01,1,Phone,Reached,0,0.8
SYN00598,82,Male,East,Provider Group C,Diabetes Care,1,0,Open,2026-06-01,0,None,Not Attempted,0,0.78
SYN00598,82,Male,East,Provider Group C,Medication Adherence,1,0,Open,2026-06-01,1,Mail,Declined,0,0.85
SYN00601,76,Female,East,Provider Group E,Breast Cancer Screening,0,0,Not Eligible,2026-06-01,0,None,Not Needed,0,0.8
,76,Female,East,Provider Group E,Colorectal Cancer Screening,0,0,Not Eligible,2026-06-01,0,None,Not Needed,0,0.75
SYN00601,76,Female,East,Provider Group E,Controlling Blood Pressure,1,1,Compliant,2026-06-01,0,None,Not Needed,0,0.8
SYN00606,72,Female,West,Provider Group C,Colorectal Cancer Screening,1,0,Open,2026-06-01,0,None,Not Attempted,0,0.75
SYN00606,72,Female,West,Provider Group C,Controlling Blood Pressure,1,1,Compliant,2026-06-01,0,None,Not Needed,0,0.8
SYN00606,72,Female,West,Provider Group C,Diabetes Care,1,1,Compliant,2026-06-01,0,None,Not Needed,0,0.78
SYN00609,78,Female,North,Provider Group E,Breast Cancer Screening,0,0,Not Eligible,2026-06-01,0,None,Not Needed,0,0.8
SYN00609,78,Female,North,Provider Group E,Controlling Blood Pressure,1,1,Compliant,2026-06-01,0,None,Not Needed,0,0.8
SYN00609,78,Female,North,Provider Group E,Diabetes Care,1,1,Compliant,2026-06-01,0,None,Not Needed,0,0.78
SYN00624,74,Female,West,Provider Group A,Breast Cancer Screening,1,0,Open,2026-06-01,0,None,Not Attempted,0,0.8
SYN00624,74,Female,West,Provider Group A,Colorectal Cancer Screening,1,1,Compliant,2026-06-01,0,None,Not Needed,0,0.75
SYN00624,74,Female,West,Provider Group A,Controlling Blood Pressure,1,1,Compliant,2026-06-01,0,None,Not Needed,0,0.8
SYN00624,74,Female,West,Provider Group A,Diabetes Care,1,1,Compliant,2026-06-01,0,None,Not Needed,0,0.78
SYN00624,74,Female,West,Provider Group A,Follow-Up After Hospitalization,1,1,Compliant,2026-06-01,2,SMS,Reached,1,0.75
SYN00624,74,Female,West,Provider Group A,Medication Adherence,1,1,Compliant,2026-06-01,0,None,Not Needed,0,0.85
SYN00632,69,Female,North,Provider Group E,Breast Cancer Screening,1,1,Compliant,2026-06-01,1,Mail,Reached,1,0.8
SYN00632,69,Female,North,Provider Group E,Colorectal Cancer Screening,1,1,Compliant,2026-06-01,0,None,Not Needed,0,0.75
SYN00632,69,Female,North,Provider Group E,Medication Adherence,1,1,Compliant,2026-06-01,0,None,Not Needed,0,0.85
SYN00637,79,Female,West,Provider Group E,Colorectal Cancer Screening,0,0,Not Eligible,2026-06-01,0,None,Not Needed,0,0.75
SYN00637,79,Female,West,Provider Group E,Controlling Blood Pressure,1,1,Compliant,2026-06-01,0,None,Not Needed,0,0.8
SYN00637,79,Female,West,Provider Group E,Medication Adherence,1,1,Compliant,2026-06-01,0,None,Not Needed,0,0.85
SYN00640,65,Female,South,Provider Group C,Breast Cancer Screening,1,1,Compliant,2026-06-01,0,None,Not Needed,0,0.8
SYN00640,65,Female,South,Provider Group C,Controlling Blood Pressure,1,1,Compliant,2026-06-01,0,None,Not Needed,0,0.8
SYN00640,65,Female,South,Provider Group C,Diabetes Care,1,1,Compliant,2026-06-01,2,Phone,Reached,1,0.78
SYN00646,68,Male,East,Provider Group B,Diabetes Care,0,0,Not Eligible,2026-06-01,0,None,Not Needed,0,0.78
SYN00646,68,Male,East,Provider Group B,Medication Adherence,0,0,Not Eligible,2026-06-01,0,None,Not Needed,0,0.85
SYN00654,65,Female,West,Provider Group E,Colorectal Cancer Screening,1,1,Compliant,2026-06-01,0,None,Not Needed,0,0.75
SYN00654,65,Female,West,Provider Group E,Controlling Blood Pressure,1,1,Compliant,2026-06-01,0,None,Not Needed,0,0.8
SYN00654,65,Female,West,Provider Group E,Medication Adherence,1,1,Compliant,2026-06-01,0,None,Not Needed,0,0.85
SYN00662,83,Female,North,Provider Group A,Breast Cancer Screening,0,0,Not Eligible,2026-06-01,0,None,Not Needed,0,0.8
SYN00662,83,Female,North,Provider Group A,Diabetes Care,0,0,Not Eligible,2026-06-01,0,None,Not Needed,0,0.78
SYN00662,83,Female,North,Provider Group A,Medication Adherence,1,1,Compliant,2026-06-01,0,None,Not Needed,0,0.85
SYN00664,67,Female,North,Provider Group A,Colorectal Cancer Screening,1,1,Compliant,2026-06-01,0,None,Not Needed,0,0.75
SYN00664,67,Female,North,Provider Group A,Controlling Blood Pressure,1,1,Compliant,2026-06-01,0,None,Not Needed,0,0.8
SYN00664,67,Female,North,Provider Group A,Medication Adherence,1,1,Compliant,2026-06-01,0,None,Not Needed,0,0.85
SYN00668,80,Female,South,Provider Group B,Breast Cancer Screening,0,0,Not Eligible,2026-06-01,0,None,Not Needed,0,0.8
SYN00668,80,Female,South,Provider Group B,Colorectal Cancer Screening,0,0,Not Eligible,2026-06-01,0,None,Not Needed,0,0.75
SYN00668,80,Female,South,Provider Group B,Controlling Blood Pressure,1,0,Open,2026-06-01,0,None,Not Attempted,0,0.8
SYN00668,80,Female,South,Provider Group B,Diabetes Care,1,1,Compliant,2026-06-01,0,None,Not Needed,0,0.78
SYN00668,80,Female,South,Provider Group B,Medication Adherence,1,1,Compliant,2026-06-01,0,None,Not Needed,0,0.85
SYN00671,74,Male,West,Provider Group A,Colorectal Cancer Screening,1,0,Open,2026-06-01,0,None,Not Attempted,0,0.75
SYN00671,74,Male,West,Provider Group A,Follow-Up After Hospitalization,0,0,Not Eligible,2026-06-01,0,None,Not Needed,0,0.75
SYN00671,74,Male,West,Provider Group A,Medication Adherence,1,1,Compliant,2026-06-01,0,None,Not Needed,0,0.85
SYN00672,89,Male,South,Provider Group A,Controlling Blood Pressure,0,0,Not Eligible,2026-06-01,0,None,Not Needed,0,0.8
SYN00672,89,Male,South,Provider Group A,Diabetes Care,1,1,Compliant,2026-06-01,0,None,Not Needed,0,0.78
SYN00676,67,Female,South,Provider Group A,Breast Cancer Screening,1,1,Compliant,2026-06-01,0,None,Not Needed,0,0.8
SYN00676,67,Female,South,Provider Group A,Controlling Blood Pressure,1,1,Compliant,2026-06-01,1,Mail,Reached,1,0.8
SYN00677,89,Male,South,Provider Group A,Diabetes Care,1,1,Compliant,2026-06-01,0,None,Not Needed,0,0.78
SYN00677,89,Male,South,Provider Group A,Medication Adherence,1,1,Compliant,2026-06-01,0,None,Not Needed,0,0.85
SYN00679,69,Female,West,Provider Group C,Controlling Blood Pressure,1,1,Compliant,2026-06-01,0,None,Not Needed,0,0.8
SYN00679,69,Female,West,Provider Group C,Follow-Up After Hospitalization,1,0,Open,2026-06-01,4,Mail,Unable to Reach,0,0.75
SYN00680,67,Female,North,Provider Group E,Breast Cancer Screening,1,1,Compliant,2026-06-01,0,None,Not Needed,0,0.8
SYN00680,67,Female,North,Provider Group E,Medication Adherence,1,1,Compliant,2026-06-01,0,None,Not Needed,0,0.85
SYN00684,77,Male,West,Provider Group A,Controlling Blood Pressure,1,1,Compliant,2026-06-01,1,Phone,Reached,1,0.8
SYN00694,79,Male,North,Provider Group E,Controlling Blood Pressure,1,1,Compliant,2026-06-01,0,None,Not Needed,0,0.8
SYN00694,79,Male,North,Provider Group E,Diabetes Care,1,1,Compliant,2026-06-01,0,None,Not Needed,0,0.78
SYN00694,79,Male,North,Provider Group E,Follow-Up After Hospitalization,1,1,Compliant,2026-06-01,0,None,Not Needed,0,0.75
SYN00694,79,Male,North,Provider Group E,Medication Adherence,1,1,Compliant,2026-06-01,0,None,Not Needed,0,0.85
SYN00706,72,Male,South,Provider Group C,Colorectal Cancer Screening,1,1,Compliant,2026-06-01,0,None,Not Needed,0,0.75
SYN00706,72,Male,South,Provider Group C,Diabetes Care,0,0,Not Eligible,2026-06-01,0,None,Not Needed,0,0.78
SYN00709,88,Male,East,Provider Group B,Controlling Blood Pressure,1,1,Compliant,2026-06-01,0,None,Not Needed,0,0.8
SYN00709,88,Male,East,Provider Group B,Medication Adherence,1,1,Compliant,2026-06-01,0,None,Not Needed,0,0.85
SYN00710,65,Female,North,Provider Group B,Breast Cancer Screening,1,1,Compliant,2026-06-01,0,None,Not Needed,0,0.8
SYN00710,65,Female,North,Provider Group B,Controlling Blood Pressure,1,1,Compliant,2026-06-01,0,None,Not Needed,0,0.8
SYN00715,67,Female,North,Provider Group D,Breast Cancer Screening,1,1,Compliant,2026-06-01,0,None,Not Needed,0,0.8
SYN00715,67,Female,North,Provider Group D,Diabetes Care,1,1,Compliant,2026-06-01,2,Mail,Reached,1,0.78
SYN00715,67,Female,North,Provider Group D,Follow-Up After Hospitalization,1,1,Compliant,2026-06-01,1,Phone,Reached,1,0.75
SYN00715,67,Female,North,Provider Group D,Medication Adherence,1,0,Open,2026-06-01,0,None,Not Attempted,0,0.85
SYN00716,66,Female,East,Provider Group B,Controlling Blood Pressure,1,0,Open,2026-06-01,1,Phone,Unable to Reach,0,0.8
SYN00716,66,Female,East,Provider Group B,Diabetes Care,1,0,Open,2026-06-01,3,Care Coordinator,Reached,0,0.78
SYN00716,66,Female,East,Provider Group B,Follow-Up After Hospitalization,1,0,Open,2026-06-01,0,None,Not Attempted,0,0.75
SYN00719,74,Female,North,Provider Group A,Follow-Up After Hospitalization,1,0,Open,2026-06-01,1,SMS,Unable to Reach,0,0.75
SYN00719,74,Female,North,Provider Group A,Medication Adherence,1,1,Compliant,2026-06-01,0,None,Not Needed,0,0.85
SYN00720,65,Female,South,Provider Group E,Breast Cancer Screening,1,1,Compliant,2026-06-01,0,None,Not Needed,0,0.8
SYN00720,65,Female,South,Provider Group E,Colorectal Cancer Screening,1,1,Compliant,2026-06-01,2,Care Coordinator,Reached,1,0.75
SYN00720,65,Female,South,Provider Group E,Controlling Blood Pressure,1,1,Compliant,2026-06-01,0,None,Not Needed,0,0.8
SYN00721,65,Male,North,Provider Group C,Controlling Blood Pressure,1,0,Open,2026-06-01,1,Mail,Unable to Reach,0,0.8
SYN00721,65,Male,North,Provider Group C,Diabetes Care,1,0,Open,2026-06-01,2,Phone,Unable to Reach,0,0.78
SYN00727,83,Male,West,Provider Group C,Controlling Blood Pressure,1,1,Compliant,2026-06-01,0,None,Not Needed,0,0.8
SYN00727,83,Male,West,Provider Group C,Medication Adherence,1,1,Compliant,2026-06-01,0,None,Not Needed,0,0.85
SYN00736,71,Male,South,Provider Group B,Controlling Blood Pressure,1,1,Compliant,2026-06-01,0,None,Not Needed,0,0.8
SYN00736,71,Male,South,Provider Group B,Medication Adherence,1,1,Compliant,2026-06-01,0,None,Not Needed,0,0.85
SYN00737,73,Male,East,Provider Group B,Colorectal Cancer Screening,1,0,Open,2026-06-01,1,SMS,Reached,0,0.75
SYN00737,73,Male,East,Provider Group B,Controlling Blood Pressure,1,1,Compliant,2026-06-01,0,None,Not Needed,0,0.8
SYN00737,73,Male,East,Provider Group B,Medication Adherence,1,1,Compliant,2026-06-01,0,None,Not Needed,0,0.85
SYN00752,82,Male,South,Provider Group A,Colorectal Cancer Screening,0,0,Not Eligible,2026-06-01,0,None,Not Needed,0,0.75
SYN00752,82,Male,South,Provider Group A,Medication Adherence,1,1,Compliant,2026-06-01,0,None,Not Needed,0,0.85
SYN00773,72,Male,North,Provider Group A,Colorectal Cancer Screening,1,0,Open,2026-06-01,1,Phone,Unable to Reach,0,0.75
SYN00773,72,Male,North,Provider Group A,Controlling Blood Pressure,1,0,Open,2026-06-01,1,Phone,Unable to Reach,0,0.8
SYN00773,72,Male,North,Provider Group A,Follow-Up After Hospitalization,1,1,Compliant,2026-06-01,0,None,Not Needed,0,0.75
SYN00774,74,Male,West,Provider Group B,Breast Cancer Screening,0,0,Not Eligible,2026-06-01,0,None,Not Needed,0,0.8
SYN00774,74,Male,West,Provider Group B,Diabetes Care,0,0,Not Eligible,2026-06-01,0,None,Not Needed,0,0.78
SYN00774,74,Male,West,Provider Group B,Medication Adherence,1,1,Compliant,2026-06-01,0,None,Not Needed,0,0.85
SYN00784,77,Male,West,Provider Group C,Colorectal Cancer Screening,0,0,Not Eligible,2026-06-01,0,None,Not Needed,0,0.75
SYN00784,77,Male,West,Provider Group C,Medication Adherence,1,1,Compliant,2026-06-01,0,None,Not Needed,0,0.85
SYN00798,87,Female,South,Provider Group E,Breast Cancer Screening,0,0,Not Eligible,2026-06-01,0,None,Not Needed,0,0.8
SYN00798,87,Female,South,Provider Group E,Colorectal Cancer Screening,0,0,Not Eligible,2026-06-01,0,None,Not Needed,0,0.75
SYN00798,87,Female,South,Provider Group E,Controlling Blood Pressure,1,0,Open,2026-06-01,0,None,Not Attempted,0,0.8
SYN00798,87,Female,South,Provider Group E,Follow-Up After Hospitalization,1,0,Open,2026-06-01,3,SMS,Unable to Reach,0,0.75
SYN00798,87,Female,South,Provider Group E,Medication Adherence,1,1,Compliant,2026-06-01,0,None,Not Needed,0,0.85
SYN00804,70,Male,West,Provider Group B,Colorectal Cancer Screening,1,1,Compliant,2026-06-01,0,None,Not Needed,0,0.75
SYN00804,70,Male,West,Provider Group B,Controlling Blood Pressure,1,1,Compliant,2026-06-01,0,None,Not Needed,0,0.8
SYN00804,70,Male,West,Provider Group B,Medication Adherence,1,1,Compliant,2026-06-01,0,None,Not Needed,0,0.85
SYN00823,79,Female,East,Provider Group D,Breast Cancer Screening,0,0,Not Eligible,2026-06-01,0,None,Not Needed,0,0.8
SYN00823,79,Female,East,Provider Group D,Colorectal Cancer Screening,0,0,Not Eligible,2026-06-01,0,None,Not Needed,0,0.75
SYN00823,79,Female,East,Provider Group D,Diabetes Care,1,1,Compliant,2026-06-01,0,None,Not Needed,0,0.78
SYN00823,79,Female,East,Provider Group D,Follow-Up After Hospitalization,1,1,Compliant,2026-06-01,1,Phone,Reached,1,0.75
SYN00825,87,Female,North,Provider Group E,Diabetes Care,1,1,Compliant,2026-06-01,0,None,Not Needed,0,0.78
SYN00825,87,Female,North,Provider Group E,Medication Adherence,1,1,Compliant,2026-06-01,0,None,Not Needed,0,0.85
SYN00830,82,Female,South,Provider Group E,Breast Cancer Screening,0,0,Not Eligible,2026-06-01,0,None,Not Needed,0,0.8
SYN00830,82,Female,South,Provider Group E,Colorectal Cancer Screening,0,0,Not Eligible,2026-06-01,0,None,Not Needed,0,0.75
SYN00830,82,Female,South,Provider Group E,Controlling Blood Pressure,1,1,Compliant,2026-06-01,0,None,Not Needed,0,0.8
SYN00841,89,Female,South,Provider Group A,Medication Adherence,1,1,Compliant,2026-06-01,0,None,Not Needed,0,0.85
SYN00842,85,Female,South,Provider Group C,Colorectal Cancer Screening,0,0,Not Eligible,2026-06-01,0,None,Not Needed,0,0.75
SYN00842,85,Female,South,Provider Group C,Controlling Blood Pressure,1,1,Compliant,2026-06-01,3,Care Coordinator,Reached,1,0.8
SYN00842,85,Female,South,Provider Group C,Diabetes Care,0,0,Not Eligible,2026-06-01,0,None,Not Needed,0,0.78
SYN00842,85,Female,South,Provider Group C,Medication Adherence,1,1,Compliant,2026-06-01,0,None,Not Needed,0,0.85
SYN00843,81,Male,South,Provider Group D,Controlling Blood Pressure,1,0,Open,2026-06-01,2,SMS,Unable to Reach,0,0.8
SYN00843,81,Male,South,Provider Group D,Diabetes Care,1,1,Compliant,2026-06-01,0,None,Not Needed,0,0.78
SYN00843,81,Male,South,Provider Group D,Medication Adherence,1,1,Compliant,2026-06-01,0,None,Not Needed,0,0.85
SYN00852,83,Male,South,Provider Group D,Controlling Blood Pressure,1,1,Compliant,2026-06-01,0,None,Not Needed,0,0.8
SYN00852,83,Male,South,Provider Group D,Diabetes Care,1,0,Open,2026-06-01,2,Phone,Unable to Reach,0,0.78
SYN00852,83,Male,South,Provider Group D,Medication Adherence,1,1,Compliant,2026-06-01,0,None,Not Needed,0,0.85
SYN00856,77,Male,East,Provider Group C,Controlling Blood Pressure,1,0,Open,2026-06-01,2,SMS,Reached,0,0.8
SYN00856,77,Male,East,Provider Group C,Medication Adherence,1,1,Compliant,2026-06-01,0,None,Not Needed,0,0.85
SYN00857,72,Male,East,Provider Group A,Diabetes Care,0,0,Not Eligible,2026-06-01,0,None,Not Needed,0,0.78
SYN00857,72,Male,East,Provider Group A,Medication Adherence,1,1,Compliant,2026-06-01,0,None,Not Needed,0,0.85
SYN00861,85,Female,South,Provider Group E,Colorectal Cancer Screening,0,0,Not Eligible,2026-06-01,0,None,Not Needed,0,0.75
SYN00861,85,Female,South,Provider Group E,Follow-Up After Hospitalization,1,1,Compliant,2026-06-01,0,None,Not Needed,0,0.75
SYN00861,85,Female,South,Provider Group E,Medication Adherence,1,1,Compliant,2026-06-01,3,SMS,Reached,1,0.85
SYN00865,73,Female,South,Provider Group A,Controlling Blood Pressure,0,0,Not Eligible,2026-06-01,0,None,Not Needed,0,0.8
SYN00865,73,Female,South,Provider Group A,Medication Adherence,1,1,Compliant,2026-06-01,0,None,Not Needed,0,0.85
SYN00894,74,Male,North,Provider Group B,Colorectal Cancer Screening,1,1,Compliant,2026-06-01,0,None,Not Needed,0,0.75
SYN00894,74,Male,North,Provider Group B,Diabetes Care,1,1,Compliant,2026-06-01,0,None,Not Needed,0,0.78
SYN00894,74,Male,North,Provider Group B,Medication Adherence,0,0,Not Eligible,2026-06-01,0,None,Not Needed,0,0.85
SYN00898,66,Female,South,Provider Group B,Breast Cancer Screening,1,0,Open,2026-06-01,1,SMS,Unable to Reach,0,0.8
SYN00898,66,Female,South,Provider Group B,Colorectal Cancer Screening,1,1,Compliant,2026-06-01,4,Phone,Reached,1,0.75
SYN00898,66,Female,South,Provider Group B,Controlling Blood Pressure,1,1,Compliant,2026-06-01,0,None,Not Needed,0,0.8
SYN00898,66,Female,South,Provider Group B,Diabetes Care,1,1,Compliant,2026-06-01,0,None,Not Needed,0,0.78
SYN00898,66,Female,South,Provider Group B,Medication Adherence,1,1,Compliant,2026-06-01,0,None,Not Needed,0,0.85
SYN00900,74,Female,North,Provider Group B,Breast Cancer Screening,1,1,Compliant,2026-06-01,0,None,Not Needed,0,0.8
SYN00900,74,Female,North,Provider Group B,Colorectal Cancer Screening,1,1,Compliant,2026-06-01,0,None,Not Needed,0,0.75
SYN00900,74,Female,North,Provider Group B,Diabetes Care,0,0,Not Eligible,2026-06-01,0,None,Not Needed,0,0.78
SYN00900,74,Female,North,Provider Group B,Medication Adherence,1,0,Open,2026-06-01,2,SMS,Unable to Reach,0,0.85
SYN00924,73,Male,South,Provider Group D,Breast Cancer Screening,0,0,Not Eligible,2026-06-01,0,None,Not Needed,0,0.8
SYN00924,73,Male,South,Provider Group D,Controlling Blood Pressure,1,1,Compliant,2026-06-01,1,SMS,Reached,1,0.8
SYN00932,69,Female,North,Provider Group B,Breast Cancer Screening,1,1,Compliant,2026-06-01,0,None,Not Needed,0,0.8
SYN00932,69,Female,North,Provider Group B,Controlling Blood Pressure,1,1,Compliant,2026-06-01,0,None,Not Needed,0,0.8
SYN00955,69,Male,East,Provider Group A,Colorectal Cancer Screening,1,1,Compliant,2026-06-01,0,None,Not Needed,0,0.75
SYN00955,69,Male,East,Provider Group A,Diabetes Care,1,1,Compliant,2026-06-01,0,None,Not Needed,0,0.78
SYN00955,69,Male,East,Provider Group A,Medication Adherence,1,1,Compliant,2026-06-01,0,None,Not Needed,0,0.85
SYN00956,66,Male,North,Provider Group E,Controlling Blood Pressure,0,0,Not Eligible,2026-06-01,0,None,Not Needed,0,0.8
SYN00969,69,Female,West,Provider Group E,Breast Cancer Screening,1,1,Compliant,2026-06-01,0,None,Not Needed,0,0.8
SYN00969,69,Female,West,Provider Group E,Colorectal Cancer Screening,1,0,Open,2026-06-01,0,None,Not Attempted,0,0.75
SYN00969,69,Female,West,Provider Group E,Follow-Up After Hospitalization,1,1,Compliant,2026-06-01,0,None,Not Needed,0,0.75
SYN00969,69,Female,West,Provider Group E,Medication Adherence,1,1,Compliant,2026-06-01,0,None,Not Needed,0,0.85
SYN00971,86,Female,North,Provider Group E,Colorectal Cancer Screening,0,0,Not Eligible,2026-06-01,0,None,Not Needed,0,0.75
SYN00971,86,Female,North,Provider Group E,Controlling Blood Pressure,0,0,Not Eligible,2026-06-01,0,None,Not Needed,0,0.8
SYN00971,86,Female,North,Provider Group E,Medication Adherence,1,1,Compliant,2026-06-01,0,None,Not Needed,0,0.85
SYN00984,65,Female,North,Provider Group D,Breast Cancer Screening,1,0,Open,2026-06-01,3,Phone,Reached,0,0.8
SYN00984,65,Female,North,Provider Group D,Controlling Blood Pressure,1,1,Compliant,2026-06-01,0,None,Not Needed,0,0.8
SYN00984,65,Female,North,Provider Group D,Follow-Up After Hospitalization,1,0,Open,2026-06-01,3,SMS,Unable to Reach,0,0.75
SYN00986,74,Female,North,Provider Group A,Controlling Blood Pressure,1,1,Compliant,2026-06-01,0,None,Not Needed,0,0.8
SYN00986,74,Female,North,Provider Group A,Diabetes Care,0,0,Not Eligible,2026-06-01,0,None,Not Needed,0,0.78
SYN00986,74,Female,North,Provider Group A,Medication Adherence,1,1,Compliant,2026-06-01,0,None,Not Needed,0,0.85
SYN00993,76,Female,West,Provider Group E,Breast Cancer Screening,0,0,Not Eligible,2026-06-01,0,None,Not Needed,0,0.8
SYN00996,70,Male,East,Provider Group A,Controlling Blood Pressure,1,1,Compliant,2026-06-01,0,None,Not Needed,0,0.8
SYN01005,80,Female,East,Provider Group C,Breast Cancer Screening,0,0,Not Eligible,2026-06-01,0,None,Not Needed,0,0.8
SYN01005,80,Female,East,Provider Group C,Controlling Blood Pressure,0,0,Not Eligible,2026-06-01,0,None,Not Needed,0,0.8
SYN01005,80,Female,East,Provider Group C,Medication Adherence,1,1,Compliant,2026-06-01,0,None,Not Needed,0,0.85
SYN01008,66,Male,West,Provider Group D,Colorectal Cancer Screening,0,0,Not Eligible,2026-06-01,0,None,Not Needed,0,0.75
SYN01008,66,Male,West,Provider Group D,Medication Adherence,1,1,Compliant,2026-06-01,0,None,Not Needed,0,0.85
SYN01010,77,Female,South,Provider Group D,Breast Cancer Screening,0,0,Not Eligible,2026-06-01,0,None,Not Needed,0,0.8
SYN01010,77,Female,South,Provider Group D,Controlling Blood Pressure,1,1,Compliant,2026-06-01,0,None,Not Needed,0,0.8
SYN01027,73,Female,South,Provider Group C,Controlling Blood Pressure,1,1,Compliant,2026-06-01,0,None,Not Needed,0,0.8
SYN01027,73,Female,South,Provider Group C,Diabetes Care,1,1,Compliant,2026-06-01,0,None,Not Needed,0,0.78
SYN01031,81,Male,West,Provider Group B,Breast Cancer Screening,0,0,Not Eligible,2026-06-01,0,None,Not Needed,0,0.8
SYN01031,81,Male,West,Provider Group B,Medication Adherence,1,1,Compliant,2026-06-01,0,None,Not Needed,0,0.85
SYN01037,69,Male,East,Provider Group B,Colorectal Cancer Screening,1,1,Compliant,2026-06-01,0,None,Not Needed,0,0.75
SYN01039,69,Male,North,Provider Group E,Diabetes Care,1,1,Compliant,2026-06-01,0,None,Not Needed,0,0.78
SYN01039,69,Male,North,Provider Group E,Follow-Up After Hospitalization,1,0,Open,2026-06-01,2,Mail,Unable to Reach,0,0.75
SYN01040,65,Male,East,Provider Group C,Colorectal Cancer Screening,1,1,Compliant,2026-06-01,0,None,Not Needed,0,0.75
SYN01040,65,Male,East,Provider Group C,Controlling Blood Pressure,1,1,Compliant,2026-06-01,0,None,Not Needed,0,0.8
SYN01040,65,Male,East,Provider Group C,Medication Adherence,1,1,Compliant,2026-06-01,0,None,Not Needed,0,0.85
SYN01045,71,Female,North,Provider Group A,Breast Cancer Screening,1,1,Compliant,2026-06-01,0,None,Not Needed,0,0.8
SYN01045,71,Female,North,Provider Group A,Colorectal Cancer Screening,1,1,Compliant,2026-06-01,0,None,Not Needed,0,0.75
SYN01045,71,Female,North,Provider Group A,Controlling Blood Pressure,1,1,Compliant,2026-06-01,0,None,Not Needed,0,0.8
SYN01046,73,Female,West,Provider Group E,Controlling Blood Pressure,0,0,Not Eligible,2026-06-01,0,None,Not Needed,0,0.8
SYN01046,73,Female,West,Provider Group E,Follow-Up After Hospitalization,0,0,Not Eligible,2026-06-01,0,None,Not Needed,0,0.75
SYN01046,73,Female,West,Provider Group E,Medication Adherence,0,0,Not Eligible,2026-06-01,0,None,Not Needed,0,0.85
SYN01060,79,Male,South,Provider Group B,Follow-Up After Hospitalization,0,0,Not Eligible,2026-06-01,0,None,Not Needed,0,0.75
SYN01061,72,Male,North,Provider Group A,Colorectal Cancer Screening,1,0,Open,2026-06-01,4,Phone,Unable to Reach,0,0.75
SYN01061,72,Male,North,Provider Group A,Follow-Up After Hospitalization,1,1,Compliant,2026-06-01,0,None,Not Needed,0,0.75
SYN01069,86,Female,North,Provider Group A,Breast Cancer Screening,0,0,Not Eligible,2026-06-01,0,None,Not Needed,0,0.8
SYN01069,86,Female,North,Provider Group A,Colorectal Cancer Screening,0,0,Not Eligible,2026-06-01,0,None,Not Needed,0,0.75
SYN01078,66,Male,North,Provider Group C,Colorectal Cancer Screening,1,0,Open,2026-06-01,1,Mail,Unable to Reach,0,0.75
SYN01081,79,Female,West,Provider Group A,Breast Cancer Screening,0,0,Not Eligible,2026-06-01,0,None,Not Needed,0,0.8
SYN01081,79,Female,West,Provider Group A,Controlling Blood Pressure,1,0,Open,2026-06-01,1,Mail,Unable to Reach,0,0.8
SYN01081,79,Female,West,Provider Group A,Diabetes Care,1,1,Compliant,2026-06-01,0,None,Not Needed,0,0.78
SYN01081,79,Female,West,Provider Group A,Medication Adherence,1,1,Compliant,2026-06-01,0,None,Not Needed,0,0.85
SYN01092,72,Female,North,Provider Group B,Breast Cancer Screening,1,0,Open,2026-06-01,1,Phone,Unable to Reach,0,0.8
SYN01092,72,Female,North,Provider Group B,Colorectal Cancer Screening,1,0,Open,2026-06-01,0,None,Not Attempted,0,0.75
SYN01092,72,Female,North,Provider Group B,Diabetes Care,1,1,Compliant,2026-06-01,0,None,Not Needed,0,0.78
SYN01093,65,Male,South,Provider Group C,Colorectal Cancer Screening,1,0,Open,2026-06-01,3,Mail,Unable to Reach,0,0.75
SYN01093,65,Male,South,Provider Group C,Controlling Blood Pressure,1,1,Compliant,2026-06-01,0,None,Not Needed,0,0.8
SYN01109,86,Female,West,Provider Group E,Controlling Blood Pressure,0,0,Not Eligible,2026-06-01,0,None,Not Needed,0,0.8
SYN01109,86,Female,West,Provider Group E,Diabetes Care,1,1,Compliant,2026-06-01,0,None,Not Needed,0,0.78
SYN01112,80,Male,West,Provider Group E,Colorectal Cancer Screening,0,0,Not Eligible,2026-06-01,0,None,Not Needed,0,0.75
SYN01112,80,Male,West,Provider Group E,Diabetes Care,0,0,Not Eligible,2026-06-01,0,None,Not Needed,0,0.78
SYN01112,80,Male,West,Provider Group E,Follow-Up After Hospitalization,1,0,Open,2026-06-01,3,SMS,Reached,0,0.75
SYN01112,80,Male,West,Provider Group E,Medication Adherence,1,1,Compliant,2026-06-01,0,None,Not Needed,0,0.85
SYN01114,70,Female,South,Provider Group A,Breast Cancer Screening,1,0,Open,2026-06-01,1,Mail,Reached,0,0.8
SYN01114,70,Female,South,Provider Group A,Colorectal Cancer Screening,1,0,Open,2026-06-01,1,Mail,Unable to Reach,0,0.75
SYN01114,70,Female,South,Provider Group A,Controlling Blood Pressure,1,1,Compliant,2026-06-01,0,None,Not Needed,0,0.8
SYN01114,70,Female,South,Provider Group A,Diabetes Care,1,1,Compliant,2026-06-01,0,None,Not Needed,0,0.78
SYN01121,89,Male,East,Provider Group D,Controlling Blood Pressure,1,1,Compliant,2026-06-01,0,None,Not Needed,0,0.8
SYN01121,89,Male,East,Provider Group D,Medication Adherence,1,1,Compliant,2026-06-01,0,None,Not Needed,0,0.85
SYN01125,74,Male,West,Provider Group C,Breast Cancer Screening,0,0,Not Eligible,2026-06-01,0,None,Not Needed,0,0.8
SYN01135,71,Female,North,Provider Group C,Breast Cancer Screening,1,1,Compliant,2026-06-01,0,None,Not Needed,0,0.8
SYN01135,71,Female,North,Provider Group C,Medication Adherence,1,1,Compliant,2026-06-01,0,None,Not Needed,0,0.85
SYN01136,66,Female,South,Provider Group C,Controlling Blood Pressure,1,1,Compliant,2026-06-01,0,None,Not Needed,0,0.8
SYN01136,66,Female,South,Provider Group C,Medication Adherence,1,1,Compliant,2026-06-01,0,None,Not Needed,0,0.85
SYN01141,87,Male,North,Provider Group B,Medication Adherence,1,0,Open,2026-06-01,1,Mail,Unable to Reach,0,0.85
SYN01142,73,Male,West,Provider Group C,Medication Adherence,1,1,Compliant,2026-06-01,0,None,Not Needed,0,0.85
SYN01143,68,Male,North,Provider Group E,Colorectal Cancer Screening,1,0,Open,2026-06-01,1,SMS,Unable to Reach,0,0.75
SYN01143,68,Male,North,Provider Group E,Controlling Blood Pressure,1,0,Open,2026-06-01,1,SMS,Declined,0,0.8
SYN01143,68,Male,North,Provider Group E,Medication Adherence,0,0,Not Eligible,2026-06-01,0,None,Not Needed,0,0.85
SYN01151,71,Male,East,Provider Group C,Colorectal Cancer Screening,1,0,Open,2026-06-01,3,Mail,Declined,0,0.75
SYN01151,71,Male,East,Provider Group C,Diabetes Care,1,1,Compliant,2026-06-01,0,None,Not Needed,0,0.78
SYN01170,79,Male,South,Provider Group B,Colorectal Cancer Screening,0,0,Not Eligible,2026-06-01,0,None,Not Needed,0,0.75
SYN01170,79,Male,South,Provider Group B,Controlling Blood Pressure,1,1,Compliant,2026-06-01,0,None,Not Needed,0,0.8
SYN01172,69,Male,South,Provider Group B,Colorectal Cancer Screening,1,0,Open,2026-06-01,2,Phone,Reached,0,0.75
SYN01172,69,Male,South,Provider Group B,Medication Adherence,1,1,Compliant,2026-06-01,0,None,Not Needed,0,0.85
SYN01182,80,Male,East,Provider Group D,Medication Adherence,1,1,Compliant,2026-06-01,0,None,Not Needed,0,0.85
SYN01190,86,Female,West,Provider Group D,Controlling Blood Pressure,1,0,Open,2026-06-01,1,Phone,Reached,0,0.8
SYN01190,86,Female,West,Provider Group D,Diabetes Care,1,1,Compliant,2026-06-01,0,None,Not Needed,0,0.78
SYN01190,86,Female,West,Provider Group D,Follow-Up After Hospitalization,1,1,Compliant,2026-06-01,0,None,Not Needed,0,0.75
SYN01190,86,Female,West,Provider Group D,Medication Adherence,1,1,Compliant,2026-06-01,0,None,Not Needed,0,0.85
SYN01194,65,Female,North,Provider Group A,Colorectal Cancer Screening,1,1,Compliant,2026-06-01,0,None,Not Needed,0,0.75
SYN01194,65,Female,North,Provider Group A,Medication Adherence,1,1,Compliant,2026-06-01,0,None,Not Needed,0,0.85
SYN01203,67,Female,West,Provider Group C,Breast Cancer Screening,1,1,Compliant,2026-06-01,0,None,Not Needed,0,0.8
SYN01203,67,Female,West,Provider Group C,Controlling Blood Pressure,1,1,Compliant,2026-06-01,0,None,Not Needed,0,0.8
SYN01203,67,Female,West,Provider Group C,Diabetes Care,0,0,Not Eligible,2026-06-01,0,None,Not Needed,0,0.78
SYN01209,69,Male,West,Provider Group C,Diabetes Care,0,0,Not Eligible,2026-06-01,0,None,Not Needed,0,0.78
SYN01211,80,Male,East,Provider Group A,Controlling Blood Pressure,1,1,Compliant,2026-06-01,0,None,Not Needed,0,0.8
SYN01211,80,Male,East,Provider Group A,Follow-Up After Hospitalization,1,0,Open,2026-06-01,3,Phone,Reached,0,0.75
SYN01211,80,Male,East,Provider Group A,Medication Adherence,1,1,Compliant,2026-06-01,0,None,Not Needed,0,0.85
SYN01217,65,Female,West,Provider Group D,Colorectal Cancer Screening,1,0,Open,2026-06-01,2,Mail,Unable to Reach,0,0.75
SYN01217,65,Female,West,Provider Group D,Medication Adherence,1,1,Compliant,2026-06-01,0,None,Not Needed,0,0.85
SYN01225,68,Female,West,Provider Group D,Breast Cancer Screening,1,1,Compliant,2026-06-01,0,None,Not Needed,0,0.8
SYN01225,68,Female,West,Provider Group D,Controlling Blood Pressure,1,0,Open,2026-06-01,2,SMS,Unable to Reach,0,0.8
SYN01225,68,Female,West,Provider Group D,Diabetes Care,1,1,Compliant,2026-06-01,0,None,Not Needed,0,0.78
SYN01225,68,Female,West,Provider Group D,Medication Adherence,1,1,Compliant,2026-06-01,0,None,Not Needed,0,0.85
SYN01229,65,Male,East,Provider Group C,Colorectal Cancer Screening,1,0,Open,2026-06-01,0,None,Not Attempted,0,0.75
SYN01229,65,Male,East,Provider Group C,Controlling Blood Pressure,0,0,Not Eligible,2026-06-01,0,None,Not Needed,0,0.8
SYN01229,65,Male,East,Provider Group C,Follow-Up After Hospitalization,1,1,Compliant,2026-06-01,0,None,Not Needed,0,0.75
SYN01229,65,Male,East,Provider Group C,Medication Adherence,1,1,Compliant,2026-06-01,0,None,Not Needed,0,0.85
SYN01234,85,Female,West,Provider Group A,Colorectal Cancer Screening,0,0,Not Eligible,2026-06-01,0,None,Not Needed,0,0.75
SYN01234,85,Female,West,Provider Group A,Diabetes Care,0,0,Not Eligible,2026-06-01,0,None,Not Needed,0,0.78
SYN01239,70,Female,North,Provider Group C,Breast Cancer Screening,1,1,Compliant,2026-06-01,0,None,Not Needed,0,0.8
SYN01239,70,Female,North,Provider Group C,Medication Adherence,1,1,Compliant,2026-06-01,2,Mail,Reached,1,0.85
SYN01242,75,Female,North,Provider Group A,Breast Cancer Screening,0,0,Not Eligible,2026-06-01,0,None,Not Needed,0,0.8
SYN01242,75,Female,North,Provider Group A,Diabetes Care,1,1,Compliant,2026-06-01,0,None,Not Needed,0,0.78
SYN01242,75,Female,North,Provider Group A,Medication Adherence,1,1,Compliant,2026-06-01,0,None,Not Needed,0,0.85
SYN01245,75,Male,North,Provider Group B,Controlling Blood Pressure,1,1,Compliant,2026-06-01,0,None,Not Needed,0,0.8
SYN01245,75,Male,North,Provider Group B,Follow-Up After Hospitalization,0,0,Not Eligible,2026-06-01,0,None,Not Needed,0,0.75
SYN01245,75,Male,North,Provider Group B,Medication Adherence,1,1,Compliant,2026-06-01,0,None,Not Needed,0,0.85
SYN01255,85,Female,South,Provider Group B,Breast Cancer Screening,0,0,Not Eligible,2026-06-01,0,None,Not Needed,0,0.8
SYN01255,85,Female,South,Provider Group B,Colorectal Cancer Screening,0,0,Not Eligible,2026-06-01,0,None,Not Needed,0,0.75
SYN01274,87,Male,South,Provider Group A,Colorectal Cancer Screening,0,0,Not Eligible,2026-06-01,0,None,Not Needed,0,0.75
SYN01274,87,Male,South,Provider Group A,Diabetes Care,1,0,Open,2026-06-01,0,None,Not Attempted,0,0.78
SYN01288,83,Female,North,Provider Group A,Colorectal Cancer Screening,0,0,Not Eligible,2026-06-01,0,None,Not Needed,0,0.75
SYN01288,83,Female,North,Provider Group A,Controlling Blood Pressure,1,1,Compliant,2026-06-01,0,None,Not Needed,0,0.8
SYN01289,72,Female,North,Provider Group D,Colorectal Cancer Screening,1,0,Open,2026-06-01,1,Phone,Reached,0,0.75
SYN01289,72,Female,North,Provider Group D,Controlling Blood Pressure,1,0,Open,2026-06-01,1,Phone,Reached,0,0.8
SYN01289,72,Female,North,Provider Group D,Diabetes Care,1,0,Open,2026-06-01,0,None,Not Attempted,0,0.78
SYN01289,72,Female,North,Provider Group D,Follow-Up After Hospitalization,1,0,Open,2026-06-01,1,Phone,Reached,0,0.75
SYN01290,66,Female,North,Provider Group B,Breast Cancer Screening,1,1,Compliant,2026-06-01,0,None,Not Needed,0,0.8
SYN01290,66,Female,North,Provider Group B,Medication Adherence,1,1,Compliant,2026-06-01,1,Phone,Reached,1,0.85
SYN01296,75,Male,North,Provider Group C,Colorectal Cancer Screening,1,1,Compliant,2026-06-01,1,Care Coordinator,Reached,1,0.75
SYN01296,75,Male,North,Provider Group C,Controlling Blood Pressure,1,1,Compliant,2026-06-01,0,None,Not Needed,0,0.8
SYN01296,75,Male,North,Provider Group C,Diabetes Care,1,0,Open,2026-06-01,0,None,Not Attempted,0,0.78
SYN01296,75,Male,North,Provider Group C,Medication Adherence,1,0,Open,2026-06-01,0,None,Not Attempted,0,0.85
SYN01301,70,Female,North,Provider Group C,Breast Cancer Screening,1,0,Open,2026-06-01,0,None,Not Attempted,0,0.8
SYN01301,70,Female,North,Provider Group C,Diabetes Care,1,1,Compliant,2026-06-01,2,SMS,Reached,1,0.78
SYN01306,68,Female,East,Provider Group C,Colorectal Cancer Screening,1,0,Open,2026-06-01,1,Phone,Reached,0,0.75
SYN01306,68,Female,East,Provider Group C,Controlling Blood Pressure,1,1,Compliant,2026-06-01,0,None,Not Needed,0,0.8
SYN01306,68,Female,East,Provider Group C,Diabetes Care,1,1,Compliant,2026-06-01,0,None,Not Needed,0,0.78
SYN01310,71,Female,East,Provider Group A,Breast Cancer Screening,1,1,Compliant,2026-06-01,0,None,Not Needed,0,0.8
SYN01310,71,Female,East,Provider Group A,Colorectal Cancer Screening,1,1,Compliant,2026-06-01,0,None,Not Needed,0,0.75
SYN01314,66,Female,East,Provider Group D,Breast Cancer Screening,1,1,Compliant,2026-06-01,0,None,Not Needed,0,0.8
SYN01314,66,Female,East,Provider Group D,Colorectal Cancer Screening,1,0,Open,2026-06-01,0,None,Not Attempted,0,0.75
SYN01314,66,Female,East,Provider Group D,Controlling Blood Pressure,1,1,Compliant,2026-06-01,0,None,Not Needed,0,0.8
SYN01314,66,Female,East,Provider Group D,Follow-Up After Hospitalization,1,0,Open,2026-06-01,0,None,Not Attempted,0,0.75
SYN01315,87,Male,South,Provider Group A,Colorectal Cancer Screening,0,0,Not Eligible,2026-06-01,0,None,Not Needed,0,0.75
SYN01315,87,Male,South,Provider Group A,Medication Adherence,1,1,Compliant,2026-06-01,0,None,Not Needed,0,0.85
SYN01320,89,Female,North,Provider Group E,Breast Cancer Screening,0,0,Not Eligible,2026-06-01,0,None,Not Needed,0,0.8
SYN01320,89,Female,North,Provider Group E,Controlling Blood Pressure,1,1,Compliant,2026-06-01,0,None,Not Needed,0,0.8
SYN01323,72,Female,South,Provider Group A,Breast Cancer Screening,1,1,Compliant,2026-06-01,0,None,Not Needed,0,0.8
SYN01323,72,Female,South,Provider Group A,Colorectal Cancer Screening,1,1,Compliant,2026-06-01,0,None,Not Needed,0,0.75
SYN01323,72,Female,South,Provider Group A,Controlling Blood Pressure,1,1,Compliant,2026-06-01,0,None,Not Needed,0,0.8
SYN01323,72,Female,South,Provider Group A,Follow-Up After Hospitalization,1,1,Compliant,2026-06-01,0,None,Not Needed,0,0.75
SYN01334,79,Female,West,Provider Group A,Controlling Blood Pressure,1,1,Compliant,2026-06-01,0,None,Not Needed,0,0.8
SYN01334,79,Female,West,Provider Group A,Diabetes Care,1,1,Compliant,2026-06-01,1,Care Coordinator,Reached,1,0.78
SYN01334,79,Female,West,Provider Group A,Medication Adherence,1,1,Compliant,2026-06-01,0,None,Not Needed,0,0.85
SYN01338,68,Male,South,Provider Group E,Colorectal Cancer Screening,1,1,Compliant,2026-06-01,4,Phone,Reached,1,0.75
SYN01338,68,Male,South,Provider Group E,Medication Adherence,1,1,Compliant,2026-06-01,2,SMS,Reached,1,0.85
SYN01339,86,Male,South,Provider Group E,Colorectal Cancer Screening,0,0,Not Eligible,2026-06-01,0,None,Not Needed,0,0.75
SYN01339,86,Male,South,Provider Group E,Controlling Blood Pressure,1,1,Compliant,2026-06-01,0,None,Not Needed,0,0.8
SYN01344,68,Male,West,Provider Group E,Colorectal Cancer Screening,1,1,Compliant,2026-06-01,0,None,Not Needed,0,0.75
SYN01344,68,Male,West,Provider Group E,Controlling Blood Pressure,1,1,Compliant,2026-06-01,0,None,Not Needed,0,0.8
SYN01344,68,Male,West,Provider Group E,Diabetes Care,0,0,Not Eligible,2026-06-01,0,None,Not Needed,0,0.78
SYN01344,68,Male,West,Provider Group E,Follow-Up After Hospitalization,0,0,Not Eligible,2026-06-01,0,None,Not Needed,0,0.75
SYN01354,73,Female,South,Provider Group E,Breast Cancer Screening,1,0,Open,2026-06-01,0,None,Not Attempted,0,0.8
SYN01354,73,Female,South,Provider Group E,Colorectal Cancer Screening,1,1,Compliant,2026-06-01,0,None,Not Needed,0,0.75
SYN01354,73,Female,South,Provider Group E,Controlling Blood Pressure,1,0,Open,2026-06-01,0,None,Not Attempted,0,0.8
SYN01354,73,Female,South,Provider Group E,Follow-Up After Hospitalization,1,1,Compliant,2026-06-01,0,None,Not Needed,0,0.75
SYN01354,73,Female,South,Provider Group E,Medication Adherence,0,0,Not Eligible,2026-06-01,0,None,Not Needed,0,0.85
SYN01367,75,Female,West,Provider Group C,Breast Cancer Screening,0,0,Not Eligible,2026-06-01,0,None,Not Needed,0,0.8
SYN01367,75,Female,West,Provider Group C,Colorectal Cancer Screening,0,0,Not Eligible,2026-06-01,0,None,Not Needed,0,0.75
SYN01367,75,Female,West,Provider Group C,Controlling Blood Pressure,1,1,Compliant,2026-06-01,1,Phone,Reached,1,0.8
SYN01367,75,Female,West,Provider Group C,Follow-Up After Hospitalization,0,0,Not Eligible,2026-06-01,0,None,Not Needed,0,0.75
SYN01380,75,Male,West,Provider Group B,Diabetes Care,1,1,Compliant,2026-06-01,0,None,Not Needed,0,0.78
SYN01380,75,Male,West,Provider Group B,Follow-Up After Hospitalization,1,0,Open,2026-06-01,2,Phone,Reached,0,0.75
SYN01382,83,Male,South,Provider Group D,Controlling Blood Pressure,1,1,Compliant,2026-06-01,0,None,Not Needed,0,0.8
SYN01384,69,Female,South,Provider Group D,Breast Cancer Screening,1,1,Compliant,2026-06-01,0,None,Not Needed,0,0.8
SYN01384,69,Female,South,Provider Group D,Colorectal Cancer Screening,1,1,Compliant,2026-06-01,0,None,Not Needed,0,0.75
SYN01384,69,Female,South,Provider Group D,Controlling Blood Pressure,1,0,Open,2026-06-01,2,Mail,Declined,0,0.8
SYN01384,69,Female,South,Provider Group D,Medication Adherence,0,0,Not Eligible,2026-06-01,0,None,Not Needed,0,0.85
SYN01400,70,Female,South,Provider Group B,Breast Cancer Screening,0,0,Not Eligible,2026-06-01,0,None,Not Needed,0,0.8
SYN01400,70,Female,South,Provider Group B,Colorectal Cancer Screening,1,0,Open,2026-06-01,0,None,Not Attempted,0,0.75
SYN01400,70,Female,South,Provider Group B,Controlling Blood Pressure,0,0,Not Eligible,2026-06-01,0,None,Not Needed,0,0.8
SYN01400,70,Female,South,Provider Group B,Medication Adherence,1,1,Compliant,2026-06-01,0,None,Not Needed,0,0.85
SYN01404,66,Female,East,Provider Group E,Breast Cancer Screening,1,1,Compliant,2026-06-01,0,None,Not Needed,0,0.8
SYN01404,66,Female,East,Provider Group E,Medication Adherence,1,1,Compliant,2026-06-01,0,None,Not Needed,0,0.85
SYN01409,78,Male,East,Provider Group A,Colorectal Cancer Screening,0,0,Not Eligible,2026-06-01,0,None,Not Needed,0,0.75
SYN01409,78,Male,East,Provider Group A,Controlling Blood Pressure,1,1,Compliant,2026-06-01,2,Care Coordinator,Reached,1,0.8
SYN01409,78,Male,East,Provider Group A,Medication Adherence,1,1,Compliant,2026-06-01,0,None,Not Needed,0,0.85
SYN01414,89,Male,South,Provider Group A,Colorectal Cancer Screening,0,0,Not Eligible,2026-06-01,0,None,Not Needed,0,0.75
SYN01414,89,Male,South,Provider Group A,Controlling Blood Pressure,1,0,Open,2026-06-01,2,Phone,Reached,0,0.8
SYN01415,67,Female,East,Provider Group C,Breast Cancer Screening,1,0,Open,2026-06-01,2,Mail,Reached,0,0.8
SYN01415,67,Female,East,Provider Group C,Colorectal Cancer Screening,1,1,Compliant,2026-06-01,0,None,Not Needed,0,0.75
SYN01415,67,Female,East,Provider Group C,Diabetes Care,1,1,Compliant,2026-06-01,0,None,Not Needed,0,0.78
SYN01415,67,Female,East,Provider Group C,Follow-Up After Hospitalization,1,0,Open,2026-06-01,0,None,Not Attempted,0,0.75
SYN01434,68,Male,North,Provider Group A,Colorectal Cancer Screening,1,0,Open,2026-06-01,1,Phone,Reached,0,0.75
SYN01434,68,Male,North,Provider Group A,Controlling Blood Pressure,1,1,Compliant,2026-06-01,0,None,Not Needed,0,0.8
SYN01435,73,Female,West,Provider Group C,Breast Cancer Screening,1,0,Open,2026-06-01,0,None,Not Attempted,0,0.8
SYN01435,73,Female,West,Provider Group C,Colorectal Cancer Screening,1,1,Compliant,2026-06-01,0,None,Not Needed,0,0.75
SYN01435,73,Female,West,Provider Group C,Controlling Blood Pressure,1,1,Compliant,2026-06-01,1,SMS,Reached,1,0.8
SYN01445,69,Male,West,Provider Group B,Medication Adherence,1,1,Compliant,2026-06-01,0,None,Not Needed,0,0.85
SYN01457,72,Male,South,Provider Group B,Diabetes Care,0,0,Not Eligible,2026-06-01,0,None,Not Needed,0,0.78
SYN01457,72,Male,South,Provider Group B,Medication Adherence,1,1,Compliant,2026-06-01,0,None,Not Needed,0,0.85
SYN01458,75,Female,West,Provider Group A,Controlling Blood Pressure,1,1,Compliant,2026-06-01,0,None,Not Needed,0,0.8
SYN01463,75,Female,West,Provider Group B,Breast Cancer Screening,0,0,Not Eligible,2026-06-01,0,None,Not Needed,0,0.8
SYN01463,75,Female,West,Provider Group B,Diabetes Care,1,1,Compliant,2026-06-01,0,None,Not Needed,0,0.78
SYN01463,75,Female,West,Provider Group B,Medication Adherence,1,1,Compliant,2026-06-01,0,None,Not Needed,0,0.85
SYN01464,87,Female,South,Provider Group B,Colorectal Cancer Screening,0,0,Not Eligible,2026-06-01,0,None,Not Needed,0,0.75
SYN01464,87,Female,South,Provider Group B,Controlling Blood Pressure,1,0,Open,2026-06-01,1,Phone,Reached,0,0.8
SYN01468,72,Male,North,Provider Group C,Colorectal Cancer Screening,1,0,Open,2026-06-01,1,Mail,Reached,0,0.75
SYN01473,70,Female,South,Provider Group C,Breast Cancer Screening,1,1,Compliant,2026-06-01,0,None,Not Needed,0,0.8
SYN01473,70,Female,South,Provider Group C,Colorectal Cancer Screening,1,1,Compliant,2026-06-01,0,None,Not Needed,0,0.75
SYN01473,70,Female,South,Provider Group C,Controlling Blood Pressure,1,1,Compliant,2026-06-01,0,None,Not Needed,0,0.8
SYN01473,70,Female,South,Provider Group C,Diabetes Care,1,0,Open,2026-06-01,4,Phone,Unable to Reach,0,0.78
SYN01481,73,Female,North,Provider Group B,Breast Cancer Screening,1,1,Compliant,2026-06-01,2,Phone,Reached,1,0.8
SYN01481,73,Female,North,Provider Group B,Controlling Blood Pressure,1,1,Compliant,2026-06-01,0,None,Not Needed,0,0.8
SYN01481,73,Female,North,Provider Group B,Follow-Up After Hospitalization,0,0,Not Eligible,2026-06-01,0,None,Not Needed,0,0.75
SYN01513,68,Female,East,Provider Group B,Controlling Blood Pressure,1,1,Compliant,2026-06-01,0,None,Not Needed,0,0.8
SYN01513,68,Female,East,Provider Group B,Medication Adherence,1,1,Compliant,2026-06-01,0,None,Not Needed,0,0.85
SYN01516,72,Female,East,Provider Group C,Breast Cancer Screening,1,1,Compliant,2026-06-01,0,None,Not Needed,0,0.8
SYN01516,72,Female,East,Provider Group C,Controlling Blood Pressure,1,1,Compliant,2026-06-01,0,None,Not Needed,0,0.8
SYN01517,66,Female,North,Provider Group C,Colorectal Cancer Screening,1,1,Compliant,2026-06-01,0,None,Not Needed,0,0.75
SYN01517,66,Female,North,Provider Group C,Diabetes Care,1,1,Compliant,2026-06-01,0,None,Not Needed,0,0.78
SYN01517,66,Female,North,Provider Group C,Medication Adherence,1,1,Compliant,2026-06-01,0,None,Not Needed,0,0.85
SYN01522,74,Female,West,Provider Group A,Controlling Blood Pressure,1,1,Compliant,2026-06-01,0,None,Not Needed,0,0.8
SYN01524,75,Female,North,Provider Group C,Breast Cancer Screening,0,0,Not Eligible,2026-06-01,0,None,Not Needed,0,0.8
SYN01524,75,Female,North,Provider Group C,Controlling Blood Pressure,0,0,Not Eligible,2026-06-01,0,None,Not Needed,0,0.8
SYN01524,75,Female,North,Provider Group C,Diabetes Care,1,1,Compliant,2026-06-01,0,None,Not Needed,0,0.78
SYN01529,89,Female,North,Provider Group D,Controlling Blood Pressure,1,1,Compliant,2026-06-01,0,None,Not Needed,0,0.8
SYN01529,89,Female,North,Provider Group D,Diabetes Care,0,0,Not Eligible,2026-06-01,0,None,Not Needed,0,0.78
SYN01539,68,Female,South,Provider Group A,Breast Cancer Screening,1,1,Compliant,2026-06-01,0,None,Not Needed,0,0.8
SYN01539,68,Female,South,Provider Group A,Colorectal Cancer Screening,1,1,Compliant,2026-06-01,0,None,Not Needed,0,0.75
SYN01539,68,Female,South,Provider Group A,Follow-Up After Hospitalization,0,0,Not Eligible,2026-06-01,0,None,Not Needed,0,0.75
SYN01568,73,Female,South,Provider Group B,Breast Cancer Screening,0,0,Not Eligible,2026-06-01,0,None,Not Needed,0,0.8
SYN01581,73,Female,West,Provider Group A,Controlling Blood Pressure,1,1,Compliant,2026-06-01,0,None,Not Needed,0,0.8
SYN01581,73,Female,West,Provider Group A,Medication Adherence,1,1,Compliant,2026-06-01,0,None,Not Needed,0,0.85
SYN01587,65,Female,North,Provider Group A,Breast Cancer Screening,1,1,Compliant,2026-06-01,0,None,Not Needed,0,0.8
SYN01587,65,Female,North,Provider Group A,Colorectal Cancer Screening,1,1,Compliant,2026-06-01,0,None,Not Needed,0,0.75
SYN01587,65,Female,North,Provider Group A,Medication Adherence,1,1,Compliant,2026-06-01,0,None,Not Needed,0,0.85
SYN01602,70,Male,South,Provider Group C,Follow-Up After Hospitalization,0,0,Not Eligible,2026-06-01,0,None,Not Needed,0,0.75
SYN01611,78,Female,South,Provider Group C,Follow-Up After Hospitalization,1,0,Open,2026-06-01,2,SMS,Unable to Reach,0,0.75
SYN01611,78,Female,South,Provider Group C,Medication Adherence,1,1,Compliant,2026-06-01,0,None,Not Needed,0,0.85
SYN01624,73,Female,West,Provider Group B,Breast Cancer Screening,1,1,Compliant,2026-06-01,0,None,Not Needed,0,0.8
SYN01624,73,Female,West,Provider Group B,Colorectal Cancer Screening,1,1,Compliant,2026-06-01,1,Care Coordinator,Reached,1,0.75
SYN01643,70,Female,East,Provider Group A,Breast Cancer Screening,1,1,Compliant,2026-06-01,0,None,Not Needed,0,0.8
SYN01643,70,Female,East,Provider Group A,Controlling Blood Pressure,1,1,Compliant,2026-06-01,0,None,Not Needed,0,0.8
SYN01643,70,Female,East,Provider Group A,Diabetes Care,0,0,Not Eligible,2026-06-01,0,None,Not Needed,0,0.78
SYN01649,74,Female,East,Provider Group D,Breast Cancer Screening,1,1,Compliant,2026-06-01,0,None,Not Needed,0,0.8
SYN01649,74,Female,East,Provider Group D,Colorectal Cancer Screening,1,0,Open,2026-06-01,4,Phone,Reached,0,0.75
SYN01649,74,Female,East,Provider Group D,Diabetes Care,1,1,Compliant,2026-06-01,0,None,Not Needed,0,0.78
SYN01653,70,Male,West,Provider Group C,Breast Cancer Screening,0,0,Not Eligible,2026-06-01,0,None,Not Needed,0,0.8
SYN01653,70,Male,West,Provider Group C,Controlling Blood Pressure,1,1,Compliant,2026-06-01,0,None,Not Needed,0,0.8
SYN01653,70,Male,West,Provider Group C,Diabetes Care,0,0,Not Eligible,2026-06-01,0,None,Not Needed,0,0.78
SYN01653,70,Male,West,Provider Group C,Medication Adherence,1,1,Compliant,2026-06-01,0,None,Not Needed,0,0.85
SYN01693,72,Male,West,Provider Group A,Colorectal Cancer Screening,1,1,Compliant,2026-06-01,1,Mail,Reached,1,0.75
SYN01693,72,Male,West,Provider Group A,Controlling Blood Pressure,1,1,Compliant,2026-06-01,0,None,Not Needed,0,0.8
SYN01693,72,Male,West,Provider Group A,Medication Adherence,1,1,Compliant,2026-06-01,0,None,Not Needed,0,0.85
SYN01700,73,Female,East,Provider Group A,Controlling Blood Pressure,1,0,Open,2026-06-01,2,Phone,Unable to Reach,0,0.8
SYN01700,73,Female,East,Provider Group A,Diabetes Care,1,1,Compliant,2026-06-01,0,None,Not Needed,0,0.78
SYN01700,73,Female,East,Provider Group A,Medication Adherence,1,1,Compliant,2026-06-01,0,None,Not Needed,0,0.85
SYN01705,71,Male,East,Provider Group B,Controlling Blood Pressure,1,0,Open,2026-06-01,1,Phone,Reached,0,0.8
SYN01705,71,Male,East,Provider Group B,Medication Adherence,1,1,Compliant,2026-06-01,0,None,Not Needed,0,0.85
SYN01714,73,Male,South,Provider Group D,Controlling Blood Pressure,1,0,Open,2026-06-01,1,SMS,Reached,0,0.8
SYN01714,73,Male,South,Provider Group D,Medication Adherence,1,0,Open,2026-06-01,0,None,Not Attempted,0,0.85
SYN01717,78,Female,South,Provider Group D,Breast Cancer Screening,0,0,Not Eligible,2026-06-01,0,None,Not Needed,0,0.8
SYN01717,78,Female,South,Provider Group D,Medication Adherence,1,1,Compliant,2026-06-01,0,None,Not Needed,0,0.85
SYN01721,75,Female,East,Provider Group B,Colorectal Cancer Screening,1,1,Compliant,2026-06-01,0,None,Not Needed,0,0.75
SYN01721,75,Female,East,Provider Group B,Controlling Blood Pressure,1,1,Compliant,2026-06-01,0,None,Not Needed,0,0.8
SYN01721,75,Female,East,Provider Group B,Diabetes Care,0,0,Not Eligible,2026-06-01,0,None,Not Needed,0,0.78
SYN01721,75,Female,East,Provider Group B,Medication Adherence,1,1,Compliant,2026-06-01,0,None,Not Needed,0,0.85
SYN01729,69,Female,North,Provider Group A,Breast Cancer Screening,1,1,Compliant,2026-06-01,2,Care Coordinator,Reached,1,0.8
SYN01729,69,Female,North,Provider Group A,Colorectal Cancer Screening,0,0,Not Eligible,2026-06-01,0,None,Not Needed,0,0.75
SYN01729,69,Female,North,Provider Group A,Medication Adherence,0,0,Not Eligible,2026-06-01,0,None,Not Needed,0,0.85
SYN01738,71,Male,North,Provider Group A,Breast Cancer Screening,0,0,Not Eligible,2026-06-01,0,None,Not Needed,0,0.8
SYN01738,71,Male,North,Provider Group A,Colorectal Cancer Screening,1,1,Compliant,2026-06-01,0,None,Not Needed,0,0.75
SYN01739,85,Male,South,Provider Group A,Diabetes Care,1,1,Compliant,2026-06-01,0,None,Not Needed,0,0.78
SYN01739,85,Male,South,Provider Group A,Medication Adherence,1,1,Compliant,2026-06-01,0,None,Not Needed,0,0.85
SYN01747,77,Male,South,Provider Group A,Breast Cancer Screening,0,0,Not Eligible,2026-06-01,0,None,Not Needed,0,0.8
SYN01747,77,Male,South,Provider Group A,Follow-Up After Hospitalization,1,0,Open,2026-06-01,2,Phone,Declined,0,0.75
SYN01747,77,Male,South,Provider Group A,Medication Adherence,0,0,Not Eligible,2026-06-01,0,None,Not Needed,0,0.85
SYN01756,75,Male,North,Provider Group E,Diabetes Care,1,1,Compliant,2026-06-01,0,None,Not Needed,0,0.78
SYN01756,75,Male,North,Provider Group E,Follow-Up After Hospitalization,1,0,Open,2026-06-01,4,Phone,Unable to Reach,0,0.75
SYN01756,75,Male,North,Provider Group E,Medication Adherence,0,0,Not Eligible,2026-06-01,0,None,Not Needed,0,0.85
SYN01765,68,Male,South,Provider Group A,Colorectal Cancer Screening,1,1,Compliant,2026-06-01,3,Phone,Reached,1,0.75
SYN01765,68,Male,South,Provider Group A,Controlling Blood Pressure,1,1,Compliant,2026-06-01,0,None,Not Needed,0,0.8
SYN01765,68,Male,South,Provider Group A,Medication Adherence,1,1,Compliant,2026-06-01,0,None,Not Needed,0,0.85
SYN01769,78,Male,North,Provider Group A,Breast Cancer Screening,0,0,Not Eligible,2026-06-01,0,None,Not Needed,0,0.8
SYN01769,78,Male,North,Provider Group A,Controlling Blood Pressure,1,1,Compliant,2026-06-01,0,None,Not Needed,0,0.8
SYN01769,78,Male,North,Provider Group A,Medication Adherence,1,1,Compliant,2026-06-01,0,None,Not Needed,0,0.85
SYN01771,89,Female,South,Provider Group B,Medication Adherence,1,0,Open,2026-06-01,0,None,Not Attempted,0,0.85
SYN01788,74,Female,South,Provider Group A,Breast Cancer Screening,1,1,Compliant,2026-06-01,0,None,Not Needed,0,0.8
SYN01788,74,Female,South,Provider Group A,Controlling Blood Pressure,1,1,Compliant,2026-06-01,0,None,Not Needed,0,0.8
SYN01788,74,Female,South,Provider Group A,Diabetes Care,1,0,Open,2026-06-01,0,None,Not Attempted,0,0.78
SYN01793,66,Male,North,Provider Group E,Follow-Up After Hospitalization,0,0,Not Eligible,2026-06-01,0,None,Not Needed,0,0.75
SYN01793,66,Male,North,Provider Group E,Medication Adherence,1,1,Compliant,2026-06-01,0,None,Not Needed,0,0.85
SYN01797,67,Female,North,Provider Group B,Breast Cancer Screening,1,1,Compliant,2026-06-01,0,None,Not Needed,0,0.8
SYN01797,67,Female,North,Provider Group B,Colorectal Cancer Screening,1,1,Compliant,2026-06-01,0,None,Not Needed,0,0.75
SYN01797,67,Female,North,Provider Group B,Controlling Blood Pressure,1,1,Compliant,2026-06-01,0,None,Not Needed,0,0.8
SYN01797,67,Female,North,Provider Group B,Diabetes Care,1,0,Open,2026-06-01,1,SMS,Reached,0,0.78
SYN01797,67,Female,North,Provider Group B,Medication Adherence,1,1,Compliant,2026-06-01,0,None,Not Needed,0,0.85
SYN01799,75,Female,West,Provider Group A,Colorectal Cancer Screening,1,1,Compliant,2026-06-01,0,None,Not Needed,0,0.75
SYN01799,75,Female,West,Provider Group A,Controlling Blood Pressure,1,1,Compliant,2026-06-01,0,None,Not Needed,0,0.8
SYN01799,75,Female,West,Provider Group A,Diabetes Care,1,1,Compliant,2026-06-01,0,None,Not Needed,0,0.78
SYN01799,75,Female,West,Provider Group A,Follow-Up After Hospitalization,1,1,Compliant,2026-06-01,0,None,Not Needed,0,0.75
SYN01801,69,Female,West,Provider Group D,Breast Cancer Screening,1,0,Open,2026-06-01,0,None,Not Attempted,0,0.8
SYN01801,69,Female,West,Provider Group D,Colorectal Cancer Screening,0,0,Not Eligible,2026-06-01,0,None,Not Needed,0,0.75
SYN01801,69,Female,West,Provider Group D,Controlling Blood Pressure,1,1,Compliant,2026-06-01,0,None,Not Needed,0,0.8
SYN01801,69,Female,West,Provider Group D,Diabetes Care,1,1,Compliant,2026-06-01,0,None,Not Needed,0,0.78
SYN01801,69,Female,West,Provider Group D,Medication Adherence,1,1,Compliant,2026-06-01,0,None,Not Needed,0,0.85
SYN01807,81,Female,West,Provider Group C,Colorectal Cancer Screening,0,0,Not Eligible,2026-06-01,0,None,Not Needed,0,0.75
SYN01807,81,Female,West,Provider Group C,Diabetes Care,1,0,Open,2026-06-01,2,Phone,Reached,0,0.78
SYN01808,67,Male,North,Provider Group C,Controlling Blood Pressure,0,0,Not Eligible,2026-06-01,0,None,Not Needed,0,0.8
SYN01808,67,Male,North,Provider Group C,Follow-Up After Hospitalization,1,0,Open,2026-06-01,0,None,Not Attempted,0,0.75
SYN01815,73,Female,South,Provider Group E,Colorectal Cancer Screening,1,0,Open,2026-06-01,2,SMS,Unable to Reach,0,0.75
SYN01815,73,Female,South,Provider Group E,Diabetes Care,1,1,Compliant,2026-06-01,0,None,Not Needed,0,0.78
SYN01816,68,Female,East,Provider Group C,Breast Cancer Screening,1,1,Compliant,2026-06-01,0,None,Not Needed,0,0.8
SYN01817,75,Male,South,Provider Group D,Colorectal Cancer Screening,1,1,Compliant,2026-06-01,0,None,Not Needed,0,0.75
SYN01817,75,Male,South,Provider Group D,Controlling Blood Pressure,1,1,Compliant,2026-06-01,0,None,Not Needed,0,0.8
SYN01817,75,Male,South,Provider Group D,Diabetes Care,1,1,Compliant,2026-06-01,1,Care Coordinator,Reached,1,0.78
SYN01817,75,Male,South,Provider Group D,Follow-Up After Hospitalization,0,0,Not Eligible,2026-06-01,0,None,Not Needed,0,0.75
SYN01830,79,Female,South,Provider Group A,Breast Cancer Screening,0,0,Not Eligible,2026-06-01,0,None,Not Needed,0,0.8
SYN01830,79,Female,South,Provider Group A,Controlling Blood Pressure,1,1,Compliant,2026-06-01,0,None,Not Needed,0,0.8
SYN01830,79,Female,South,Provider Group A,Medication Adherence,1,1,Compliant,2026-06-01,0,None,Not Needed,0,0.85
SYN01832,73,Male,South,Provider Group C,Diabetes Care,0,0,Not Eligible,2026-06-01,0,None,Not Needed,0,0.78
SYN01835,73,Female,South,Provider Group D,Breast Cancer Screening,1,0,Open,2026-06-01,0,None,Not Attempted,0,0.8
SYN01844,74,Male,North,Provider Group E,Controlling Blood Pressure,1,1,Compliant,2026-06-01,0,None,Not Needed,0,0.8
SYN01844,74,Male,North,Provider Group E,Diabetes Care,0,0,Not Eligible,2026-06-01,0,None,Not Needed,0,0.78
SYN01846,67,Male,South,Provider Group B,Colorectal Cancer Screening,1,1,Compliant,2026-06-01,0,None,Not Needed,0,0.75
SYN01846,67,Male,South,Provider Group B,Controlling Blood Pressure,1,1,Compliant,2026-06-01,0,None,Not Needed,0,0.8
SYN01846,67,Male,South,Provider Group B,Diabetes Care,0,0,Not Eligible,2026-06-01,0,None,Not Needed,0,0.78
SYN01852,77,Female,North,Provider Group D,Colorectal Cancer Screening,0,0,Not Eligible,2026-06-01,0,None,Not Needed,0,0.75
SYN01852,77,Female,North,Provider Group D,Controlling Blood Pressure,1,1,Compliant,2026-06-01,0,None,Not Needed,0,0.8
SYN01855,72,Female,West,Provider Group C,Controlling Blood Pressure,1,1,Compliant,2026-06-01,0,None,Not Needed,0,0.8
SYN01855,72,Female,West,Provider Group C,Diabetes Care,1,1,Compliant,2026-06-01,0,None,Not Needed,0,0.78
SYN01855,72,Female,West,Provider Group C,Follow-Up After Hospitalization,1,0,Open,2026-06-01,1,Phone,Unable to Reach,0,0.75
SYN01860,81,Female,South,Provider Group D,Breast Cancer Screening,0,0,Not Eligible,2026-06-01,0,None,Not Needed,0,0.8
SYN01860,81,Female,South,Provider Group D,Colorectal Cancer Screening,0,0,Not Eligible,2026-06-01,0,None,Not Needed,0,0.75
SYN01860,81,Female,South,Provider Group D,Follow-Up After Hospitalization,1,1,Compliant,2026-06-01,0,None,Not Needed,0,0.75
SYN01860,81,Female,South,Provider Group D,Medication Adherence,1,1,Compliant,2026-06-01,0,None,Not Needed,0,0.85
SYN01870,66,Male,East,Provider Group D,Diabetes Care,1,1,Compliant,2026-06-01,0,None,Not Needed,0,0.78
SYN01870,66,Male,East,Provider Group D,Medication Adherence,1,1,Compliant,2026-06-01,0,None,Not Needed,0,0.85
SYN01871,73,Male,South,Provider Group D,Colorectal Cancer Screening,1,1,Compliant,2026-06-01,1,SMS,Reached,1,0.75
SYN01871,73,Male,South,Provider Group D,Controlling Blood Pressure,1,1,Compliant,2026-06-01,0,None,Not Needed,0,0.8
SYN01871,73,Male,South,Provider Group D,Follow-Up After Hospitalization,0,0,Not Eligible,2026-06-01,0,None,Not Needed,0,0.75
SYN01872,82,Female,South,Provider Group B,Controlling Blood Pressure,1,1,Compliant,2026-06-01,0,None,Not Needed,0,0.8
SYN01872,82,Female,South,Provider Group B,Medication Adherence,1,1,Compliant,2026-06-01,0,None,Not Needed,0,0.85
SYN01885,68,Female,East,Provider Group A,Medication Adherence,1,1,Compliant,2026-06-01,0,None,Not Needed,0,0.85
SYN01887,80,Female,West,Provider Group E,Diabetes Care,1,1,Compliant,2026-06-01,0,None,Not Needed,0,0.78
SYN01887,80,Female,West,Provider Group E,Follow-Up After Hospitalization,1,1,Compliant,2026-06-01,0,None,Not Needed,0,0.75
SYN01892,78,Male,East,Provider Group C,Controlling Blood Pressure,1,1,Compliant,2026-06-01,0,None,Not Needed,0,0.8
SYN01892,78,Male,East,Provider Group C,Diabetes Care,1,1,Compliant,2026-06-01,0,None,Not Needed,0,0.78
SYN01892,78,Male,East,Provider Group C,Medication Adherence,1,1,Compliant,2026-06-01,0,None,Not Needed,0,0.85
SYN01896,83,Male,East,Provider Group E,Colorectal Cancer Screening,0,0,Not Eligible,2026-06-01,0,None,Not Needed,0,0.75
SYN01896,83,Male,East,Provider Group E,Controlling Blood Pressure,1,1,Compliant,2026-06-01,0,None,Not Needed,0,0.8
SYN01896,83,Male,East,Provider Group E,Diabetes Care,1,0,Open,2026-06-01,2,SMS,Reached,0,0.78
SYN01897,65,Male,South,Provider Group E,Colorectal Cancer Screening,1,1,Compliant,2026-06-01,0,None,Not Needed,0,0.75
SYN01897,65,Male,South,Provider Group E,Controlling Blood Pressure,1,1,Compliant,2026-06-01,0,None,Not Needed,0,0.8
SYN01897,65,Male,South,Provider Group E,Diabetes Care,1,0,Open,2026-06-01,3,SMS,Reached,0,0.78
SYN01900,83,Male,East,Provider Group C,Breast Cancer Screening,0,0,Not Eligible,2026-06-01,0,None,Not Needed,0,0.8
SYN01900,83,Male,East,Provider Group C,Colorectal Cancer Screening,0,0,Not Eligible,2026-06-01,0,None,Not Needed,0,0.75
SYN01900,83,Male,East,Provider Group C,Controlling Blood Pressure,1,1,Compliant,2026-06-01,0,None,Not Needed,0,0.8
SYN01900,83,Male,East,Provider Group C,Diabetes Care,0,0,Not Eligible,2026-06-01,0,None,Not Needed,0,0.78
SYN01900,83,Male,East,Provider Group C,Medication Adherence,1,1,Compliant,2026-06-01,0,None,Not Needed,0,0.85
SYN01905,70,Female,East,Provider Group D,Controlling Blood Pressure,1,1,Compliant,2026-06-01,0,None,Not Needed,0,0.8
SYN01905,70,Female,East,Provider Group D,Medication Adherence,1,1,Compliant,2026-06-01,0,None,Not Needed,0,0.85
SYN01917,65,Male,South,Provider Group A,Breast Cancer Screening,0,0,Not Eligible,2026-06-01,0,None,Not Needed,0,0.8
SYN01917,65,Male,South,Provider Group A,Controlling Blood Pressure,1,1,Compliant,2026-06-01,2,Phone,Reached,1,0.8
SYN01921,84,Female,North,Provider Group D,Breast Cancer Screening,0,0,Not Eligible,2026-06-01,0,None,Not Needed,0,0.8
SYN01921,84,Female,North,Provider Group D,Controlling Blood Pressure,1,1,Compliant,2026-06-01,0,None,Not Needed,0,0.8
SYN01921,84,Female,North,Provider Group D,Follow-Up After Hospitalization,1,1,Compliant,2026-06-01,0,None,Not Needed,0,0.75
SYN01928,71,Female,West,Provider Group D,Breast Cancer Screening,1,0,Open,2026-06-01,3,SMS,Reached,0,0.8
SYN01928,71,Female,West,Provider Group D,Controlling Blood Pressure,1,1,Compliant,2026-06-01,0,None,Not Needed,0,0.8
SYN01933,74,Female,North,Provider Group A,Breast Cancer Screening,1,1,Compliant,2026-06-01,0,None,Not Needed,0,0.8
SYN01933,74,Female,North,Provider Group A,Colorectal Cancer Screening,1,1,Compliant,2026-06-01,0,None,Not Needed,0,0.75
SYN01933,74,Female,North,Provider Group A,Controlling Blood Pressure,1,1,Compliant,2026-06-01,0,None,Not Needed,0,0.8
SYN01933,74,Female,North,Provider Group A,Diabetes Care,0,0,Not Eligible,2026-06-01,0,None,Not Needed,0,0.78
SYN01948,67,Male,East,Provider Group C,Colorectal Cancer Screening,1,1,Compliant,2026-06-01,0,None,Not Needed,0,0.75
SYN01948,67,Male,East,Provider Group C,Diabetes Care,1,1,Compliant,2026-06-01,0,None,Not Needed,0,0.78
SYN01951,83,Female,North,Provider Group B,Breast Cancer Screening,0,0,Not Eligible,2026-06-01,0,None,Not Needed,0,0.8
SYN01951,83,Female,North,Provider Group B,Follow-Up After Hospitalization,1,1,Compliant,2026-06-01,0,None,Not Needed,0,0.75
SYN01951,83,Female,North,Provider Group B,Medication Adherence,0,0,Not Eligible,2026-06-01,0,None,Not Needed,0,0.85
SYN01970,89,Male,East,Provider Group C,Diabetes Care,1,1,Compliant,2026-06-01,0,None,Not Needed,0,0.78
SYN01970,89,Male,East,Provider Group C,Follow-Up After Hospitalization,1,1,Compliant,2026-06-01,0,None,Not Needed,0,0.75
SYN01970,89,Male,East,Provider Group C,Medication Adherence,1,1,Compliant,2026-06-01,0,None,Not Needed,0,0.85
SYN01975,87,Female,West,Provider Group C,Breast Cancer Screening,0,0,Not Eligible,2026-06-01,0,None,Not Needed,0,0.8
SYN01975,87,Female,West,Provider Group C,Colorectal Cancer Screening,0,0,Not Eligible,2026-06-01,0,None,Not Needed,0,0.75
SYN01975,87,Female,West,Provider Group C,Controlling Blood Pressure,1,1,Compliant,2026-06-01,0,None,Not Needed,0,0.8
SYN01975,87,Female,West,Provider Group C,Diabetes Care,0,0,Not Eligible,2026-06-01,0,None,Not Needed,0,0.78
SYN01975,87,Female,West,Provider Group C,Medication Adherence,0,0,Not Eligible,2026-06-01,0,None,Not Needed,0,0.85
SYN01980,68,Female,East,Provider Group A,Breast Cancer Screening,1,1,Compliant,2026-06-01,0,None,Not Needed,0,0.8
,84,Female,East,Provider Group C,Breast Cancer Screening,0,0,Not Eligible,2026-06-01,0,None,Not Needed,0,0.8
SYN01983,84,Female,East,Provider Group C,Colorectal Cancer Screening,0,0,Not Eligible,2026-06-01,0,None,Not Needed,0,0.75
SYN01983,84,Female,East,Provider Group C,Controlling Blood Pressure,1,0,Open,2026-06-01,1,SMS,Reached,0,0.8
SYN01986,73,Male,South,Provider Group C,Colorectal Cancer Screening,1,1,Compliant,2026-06-01,0,None,Not Needed,0,0.75
SYN01987,70,Female,West,Provider Group E,Controlling Blood Pressure,1,1,Compliant,2026-06-01,0,None,Not Needed,0,0.8
SYN01987,70,Female,West,Provider Group E,Diabetes Care,0,0,Not Eligible,2026-06-01,0,None,Not Needed,0,0.78
SYN01987,70,Female,West,Provider Group E,Medication Adherence,1,1,Compliant,2026-06-01,0,None,Not Needed,0,0.85
SYN01989,75,Female,West,Provider Group A,Controlling Blood Pressure,1,1,Compliant,2026-06-01,0,None,Not Needed,0,0.8
SYN01989,75,Female,West,Provider Group A,Diabetes Care,1,1,Compliant,2026-06-01,0,None,Not Needed,0,0.78
SYN01990,79,Male,West,Provider Group B,Colorectal Cancer Screening,0,0,Not Eligible,2026-06-01,0,None,Not Needed,0,0.75
SYN01991,78,Male,South,Provider Group A,Colorectal Cancer Screening,0,0,Not Eligible,2026-06-01,0,None,Not Needed,0,0.75
SYN01991,78,Male,South,Provider Group A,Diabetes Care,1,0,Open,2026-06-01,1,Mail,Reached,0,0.78
SYN01992,87,Female,North,Provider Group D,Diabetes Care,1,1,Compliant,2026-06-01,0,None,Not Needed,0,0.78
SYN01992,87,Female,North,Provider Group D,Medication Adherence,1,1,Compliant,2026-06-01,0,None,Not Needed,0,0.85
SYN01995,71,Male,West,Provider Group C,Follow-Up After Hospitalization,0,0,Not Eligible,2026-06-01,0,None,Not Needed,0,0.75
SYN01997,71,Female,South,Provider Group B,Controlling Blood Pressure,1,1,Compliant,2026-06-01,0,None,Not Needed,0,0.8
SYN01997,71,Female,South,Provider Group B,Diabetes Care,1,0,Open,2026-06-01,2,Phone,Unable to Reach,0,0.78
SYN01997,71,Female,South,Provider Group B,Follow-Up After Hospitalization,0,0,Not Eligible,2026-06-01,0,None,Not Needed,0,0.75
SYN01998,69,Female,West,Provider Group A,Breast Cancer Screening,1,0,Open,2026-06-01,0,None,Not Attempted,0,0.8
SYN01998,69,Female,West,Provider Group A,Colorectal Cancer Screening,1,0,Open,2026-06-01,3,SMS,Unable to Reach,0,0.75
SYN01998,69,Female,West,Provider Group A,Controlling Blood Pressure,1,1,Compliant,2026-06-01,0,None,Not Needed,0,0.8
SYN01998,69,Female,West,Provider Group A,Follow-Up After Hospitalization,1,0,Open,2026-06-01,2,Phone,Reached,0,0.75
SYN01999,66,Male,East,Provider Group D,Medication Adherence,1,1,Compliant,2026-06-01,0,None,Not Needed,0,0.85
SYN02004,72,Male,East,Provider Group A,Controlling Blood Pressure,1,1,Compliant,2026-06-01,0,None,Not Needed,0,0.8
SYN02004,72,Male,East,Provider Group A,Follow-Up After Hospitalization,1,0,Open,2026-06-01,2,Phone,Reached,0,0.75
SYN02004,72,Male,East,Provider Group A,Medication Adherence,1,1,Compliant,2026-06-01,0,None,Not Needed,0,0.85
SYN02007,83,Male,West,Provider Group A,Colorectal Cancer Screening,0,0,Not Eligible,2026-06-01,0,None,Not Needed,0,0.75
SYN02007,83,Male,West,Provider Group A,Controlling Blood Pressure,1,1,Compliant,2026-06-01,0,None,Not Needed,0,0.8
SYN02034,68,Female,South,Provider Group C,Breast Cancer Screening,1,1,Compliant,2026-06-01,0,None,Not Needed,0,0.8
SYN02034,68,Female,South,Provider Group C,Colorectal Cancer Screening,1,1,Compliant,2026-06-01,0,None,Not Needed,0,0.75
SYN02034,68,Female,South,Provider Group C,Controlling Blood Pressure,1,1,Compliant,2026-06-01,0,None,Not Needed,0,0.8
SYN02038,72,Male,North,Provider Group B,Controlling Blood Pressure,0,0,Not Eligible,2026-06-01,0,None,Not Needed,0,0.8
SYN02038,72,Male,North,Provider Group B,Diabetes Care,0,0,Not Eligible,2026-06-01,0,None,Not Needed,0,0.78
SYN02040,73,Male,North,Provider Group E,Diabetes Care,0,0,Not Eligible,2026-06-01,0,None,Not Needed,0,0.78
SYN02040,73,Male,North,Provider Group E,Follow-Up After Hospitalization,1,0,Open,2026-06-01,1,Phone,Reached,0,0.75
SYN02040,73,Male,North,Provider Group E,Medication Adherence,1,1,Compliant,2026-06-01,0,None,Not Needed,0,0.85
SYN02059,69,Male,South,Provider Group B,Diabetes Care,1,1,Compliant,2026-06-01,0,None,Not Needed,0,0.78
SYN02059,69,Male,South,Provider Group B,Follow-Up After Hospitalization,0,0,Not Eligible,2026-06-01,0,None,Not Needed,0,0.75
SYN02059,69,Male,South,Provider Group B,Medication Adherence,1,1,Compliant,2026-06-01,0,None,Not Needed,0,0.85
SYN02060,71,Male,West,Provider Group C,Colorectal Cancer Screening,1,1,Compliant,2026-06-01,0,None,Not Needed,0,0.75
SYN02060,71,Male,West,Provider Group C,Controlling Blood Pressure,1,0,Open,2026-06-01,3,SMS,Unable to Reach,0,0.8
SYN02060,71,Male,West,Provider Group C,Diabetes Care,1,1,Compliant,2026-06-01,1,Phone,Reached,1,0.78
SYN02069,69,Female,South,Provider Group E,Colorectal Cancer Screening,1,0,Open,2026-06-01,3,Mail,Unable to Reach,0,0.75
SYN02069,69,Female,South,Provider Group E,Controlling Blood Pressure,1,0,Open,2026-06-01,3,Mail,Reached,0,0.8
SYN02069,69,Female,South,Provider Group E,Follow-Up After Hospitalization,0,0,Not Eligible,2026-06-01,0,None,Not Needed,0,0.75
SYN02071,69,Male,South,Provider Group B,Controlling Blood Pressure,1,1,Compliant,2026-06-01,0,None,Not Needed,0,0.8
SYN02086,69,Male,North,Provider Group B,Controlling Blood Pressure,1,1,Compliant,2026-06-01,0,None,Not Needed,0,0.8
SYN02088,73,Female,North,Provider Group A,Breast Cancer Screening,1,1,Compliant,2026-06-01,0,None,Not Needed,0,0.8
SYN02088,73,Female,North,Provider Group A,Colorectal Cancer Screening,1,1,Compliant,2026-06-01,0,None,Not Needed,0,0.75
SYN02088,73,Female,North,Provider Group A,Controlling Blood Pressure,1,1,Compliant,2026-06-01,0,None,Not Needed,0,0.8
SYN02088,73,Female,North,Provider Group A,Medication Adherence,1,1,Compliant,2026-06-01,0,None,Not Needed,0,0.85
SYN02095,67,Female,South,Provider Group B,Breast Cancer Screening,0,0,Not Eligible,2026-06-01,0,None,Not Needed,0,0.8
SYN02095,67,Female,South,Provider Group B,Colorectal Cancer Screening,1,1,Compliant,2026-06-01,1,Phone,Reached,1,0.75
SYN02095,67,Female,South,Provider Group B,Controlling Blood Pressure,1,1,Compliant,2026-06-01,0,None,Not Needed,0,0.8
SYN02099,86,Female,South,Provider Group C,Breast Cancer Screening,0,0,Not Eligible,2026-06-01,0,None,Not Needed,0,0.8
SYN02104,78,Female,West,Provider Group C,Controlling Blood Pressure,1,1,Compliant,2026-06-01,0,None,Not Needed,0,0.8
SYN02104,78,Female,West,Provider Group C,Diabetes Care,1,1,Compliant,2026-06-01,0,None,Not Needed,0,0.78
SYN02104,78,Female,West,Provider Group C,Medication Adherence,1,1,Compliant,2026-06-01,0,None,Not Needed,0,0.85
SYN02122,67,Male,South,Provider Group C,Diabetes Care,1,1,Compliant,2026-06-01,0,None,Not Needed,0,0.78
SYN02123,65,Male,South,Provider Group D,Breast Cancer Screening,0,0,Not Eligible,2026-06-01,0,None,Not Needed,0,0.8
SYN02123,65,Male,South,Provider Group D,Follow-Up After Hospitalization,0,0,Not Eligible,2026-06-01,0,None,Not Needed,0,0.75
SYN02132,66,Female,West,Provider Group E,Colorectal Cancer Screening,1,0,Open,2026-06-01,2,SMS,Reached,0,0.75
SYN02133,81,Male,South,Provider Group E,Controlling Blood Pressure,1,1,Compliant,2026-06-01,0,None,Not Needed,0,0.8
SYN02134,70,Female,East,Provider Group B,Diabetes Care,1,1,Compliant,2026-06-01,0,None,Not Needed,0,0.78
SYN02134,70,Female,East,Provider Group B,Follow-Up After Hospitalization,1,1,Compliant,2026-06-01,0,None,Not Needed,0,0.75
SYN02134,70,Female,East,Provider Group B,Medication Adherence,1,1,Compliant,2026-06-01,0,None,Not Needed,0,0.85
SYN02141,70,Female,South,Provider Group B,Breast Cancer Screening,1,1,Compliant,2026-06-01,0,None,Not Needed,0,0.8
SYN02145,72,Female,South,Provider Group B,Breast Cancer Screening,1,0,Open,2026-06-01,3,Mail,Reached,0,0.8
SYN02145,72,Female,South,Provider Group B,Colorectal Cancer Screening,0,0,Not Eligible,2026-06-01,0,None,Not Needed,0,0.75
SYN02145,72,Female,South,Provider Group B,Medication Adherence,1,1,Compliant,2026-06-01,0,None,Not Needed,0,0.85
SYN02159,82,Male,South,Provider Group B,Colorectal Cancer Screening,0,0,Not Eligible,2026-06-01,0,None,Not Needed,0,0.75
SYN02159,82,Male,South,Provider Group B,Diabetes Care,0,0,Not Eligible,2026-06-01,0,None,Not Needed,0,0.78
SYN02190,70,Female,North,Provider Group C,Breast Cancer Screening,1,1,Compliant,2026-06-01,0,None,Not Needed,0,0.8
SYN02190,70,Female,North,Provider Group C,Colorectal Cancer Screening,1,1,Compliant,2026-06-01,2,Care Coordinator,Reached,1,0.75
SYN02195,69,Male,West,Provider Group B,Colorectal Cancer Screening,1,1,Compliant,2026-06-01,0,None,Not Needed,0,0.75
SYN02197,65,Female,North,Provider Group E,Colorectal Cancer Screening,1,0,Open,2026-06-01,2,Phone,Reached,0,0.75
SYN02197,65,Female,North,Provider Group E,Diabetes Care,1,0,Open,2026-06-01,1,Phone,Reached,0,0.78
SYN02198,68,Female,South,Provider Group A,Controlling Blood Pressure,0,0,Not Eligible,2026-06-01,0,None,Not Needed,0,0.8
SYN02198,68,Female,South,Provider Group A,Diabetes Care,1,1,Compliant,2026-06-01,0,None,Not Needed,0,0.78
SYN02198,68,Female,South,Provider Group A,Medication Adherence,0,0,Not Eligible,2026-06-01,0,None,Not Needed,0,0.85
SYN02199,73,Female,West,Provider Group A,Breast Cancer Screening,1,0,Open,2026-06-01,1,Mail,Unable to Reach,0,0.8
SYN02199,73,Female,West,Provider Group A,Colorectal Cancer Screening,1,0,Open,2026-06-01,0,None,Not Attempted,0,0.75
SYN02199,73,Female,West,Provider Group A,Follow-Up After Hospitalization,1,1,Compliant,2026-06-01,1,Care Coordinator,Reached,1,0.75
SYN02204,65,Female,West,Provider Group B,Controlling Blood Pressure,1,0,Open,2026-06-01,1,Phone,Reached,0,0.8
SYN02205,69,Male,North,Provider Group E,Colorectal Cancer Screening,1,1,Compliant,2026-06-01,0,None,Not Needed,0,0.75
SYN02205,69,Male,North,Provider Group E,Controlling Blood Pressure,1,0,Open,2026-06-01,0,None,Not Attempted,0,0.8
SYN02205,69,Male,North,Provider Group E,Diabetes Care,0,0,Not Eligible,2026-06-01,0,None,Not Needed,0,0.78
SYN02205,69,Male,North,Provider Group E,Medication Adherence,1,1,Compliant,2026-06-01,0,None,Not Needed,0,0.85
SYN02207,74,Female,West,Provider Group D,Breast Cancer Screening,1,0,Open,2026-06-01,1,Phone,Reached,0,0.8
SYN02207,74,Female,West,Provider Group D,Diabetes Care,1,0,Open,2026-06-01,3,Phone,Reached,0,0.78
SYN02207,74,Female,West,Provider Group D,Medication Adherence,1,0,Open,2026-06-01,1,Phone,Unable to Reach,0,0.85
SYN02211,65,Male,South,Provider Group A,Diabetes Care,1,0,Open,2026-06-01,1,Phone,Reached,0,0.78
SYN02212,67,Male,South,Provider Group D,Colorectal Cancer Screening,1,1,Compliant,2026-06-01,0,None,Not Needed,0,0.75
SYN02212,67,Male,South,Provider Group D,Diabetes Care,0,0,Not Eligible,2026-06-01,0,None,Not Needed,0,0.78
SYN02225,77,Female,East,Provider Group B,Breast Cancer Screening,0,0,Not Eligible,2026-06-01,0,None,Not Needed,0,0.8
SYN02225,77,Female,East,Provider Group B,Colorectal Cancer Screening,0,0,Not Eligible,2026-06-01,0,None,Not Needed,0,0.75
SYN02225,77,Female,East,Provider Group B,Controlling Blood Pressure,0,0,Not Eligible,2026-06-01,0,None,Not Needed,0,0.8
SYN02225,77,Female,East,Provider Group B,Diabetes Care,0,0,Not Eligible,2026-06-01,0,None,Not Needed,0,0.78
SYN02225,77,Female,East,Provider Group B,Follow-Up After Hospitalization,1,0,Open,2026-06-01,2,SMS,Unable to Reach,0,0.75
SYN02225,77,Female,East,Provider Group B,Medication Adherence,1,1,Compliant,2026-06-01,4,Phone,Reached,1,0.85
SYN02226,67,Female,South,Provider Group E,Breast Cancer Screening,1,1,Compliant,2026-06-01,0,None,Not Needed,0,0.8
SYN02226,67,Female,South,Provider Group E,Controlling Blood Pressure,1,0,Open,2026-06-01,1,SMS,Unable to Reach,0,0.8
SYN02226,67,Female,South,Provider Group E,Diabetes Care,1,1,Compliant,2026-06-01,0,None,Not Needed,0,0.78
SYN02226,67,Female,South,Provider Group E,Medication Adherence,1,1,Compliant,2026-06-01,0,None,Not Needed,0,0.85
SYN02229,71,Male,South,Provider Group B,Colorectal Cancer Screening,1,1,Compliant,2026-06-01,2,Care Coordinator,Reached,1,0.75
SYN02229,71,Male,South,Provider Group B,Controlling Blood Pressure,1,1,Compliant,2026-06-01,0,None,Not Needed,0,0.8
SYN02229,71,Male,South,Provider Group B,Diabetes Care,0,1,Not Eligible,2026-06-01,0,None,Not Needed,0,0.78
SYN02238,67,Female,North,Provider Group A,Follow-Up After Hospitalization,1,0,Open,2026-06-01,2,SMS,Reached,0,0.75
SYN02238,67,Female,North,Provider Group A,Medication Adherence,1,1,Compliant,2026-06-01,0,None,Not Needed,0,0.85
SYN02245,88,Female,North,Provider Group B,Colorectal Cancer Screening,0,0,Not Eligible,2026-06-01,0,None,Not Needed,0,0.75
SYN02245,88,Female,North,Provider Group B,Diabetes Care,1,1,Compliant,2026-06-01,0,None,Not Needed,0,0.78
SYN02248,84,Female,North,Provider Group A,Breast Cancer Screening,0,0,Not Eligible,2026-06-01,0,None,Not Needed,0,0.8
SYN02248,84,Female,North,Provider Group A,Medication Adherence,1,1,Compliant,2026-06-01,0,None,Not Needed,0,0.85
SYN02251,69,Female,South,Provider Group A,Controlling Blood Pressure,1,1,Compliant,2026-06-01,0,None,Not Needed,0,0.8
SYN02251,69,Female,South,Provider Group A,Medication Adherence,1,1,Compliant,2026-06-01,0,None,Not Needed,0,0.85
SYN02255,82,Male,West,Provider Group A,Controlling Blood Pressure,1,1,Compliant,2026-06-01,0,None,Not Needed,0,0.8
SYN02256,72,Male,South,Provider Group E,Medication Adherence,1,1,Compliant,2026-06-01,0,None,Not Needed,0,0.85
SYN02257,89,Female,East,Provider Group B,Colorectal Cancer Screening,0,0,Not Eligible,2026-06-01,0,None,Not Needed,0,0.75
SYN02257,89,Female,East,Provider Group B,Medication Adherence,0,0,Not Eligible,2026-06-01,0,None,Not Needed,0,0.85
SYN02258,75,Male,South,Provider Group D,Colorectal Cancer Screening,1,1,Compliant,2026-06-01,0,None,Not Needed,0,0.75
SYN02260,68,Male,West,Provider Group B,Controlling Blood Pressure,1,1,Compliant,2026-06-01,1,Phone,Reached,1,0.8
SYN02260,68,Male,West,Provider Group B,Follow-Up After Hospitalization,1,0,Open,2026-06-01,1,Phone,Unable to Reach,0,0.75
SYN02260,68,Male,West,Provider Group B,Medication Adherence,1,1,Compliant,2026-06-01,0,None,Not Needed,0,0.85
SYN02262,79,Female,North,Provider Group B,Breast Cancer Screening,0,0,Not Eligible,2026-06-01,0,None,Not Needed,0,0.8
SYN02262,79,Female,North,Provider Group B,Colorectal Cancer Screening,0,0,Not Eligible,2026-06-01,0,None,Not Needed,0,0.75
SYN02262,79,Female,North,Provider Group B,Controlling Blood Pressure,1,1,Compliant,2026-06-01,0,None,Not Needed,0,0.8
SYN02262,79,Female,North,Provider Group B,Diabetes Care,1,1,Compliant,2026-06-01,0,None,Not Needed,0,0.78
SYN02262,79,Female,North,Provider Group B,Medication Adherence,1,1,Compliant,2026-06-01,0,None,Not Needed,0,0.85
SYN02270,73,Female,South,Provider Group E,Colorectal Cancer Screening,1,0,Open,2026-06-01,0,None,Not Attempted,0,0.75
SYN02270,73,Female,South,Provider Group E,Diabetes Care,1,1,Compliant,2026-06-01,0,None,Not Needed,0,0.78
SYN02270,73,Female,South,Provider Group E,Follow-Up After Hospitalization,1,1,Compliant,2026-06-01,0,None,Not Needed,0,0.75
SYN02270,73,Female,South,Provider Group E,Medication Adherence,1,1,Compliant,2026-06-01,0,None,Not Needed,0,0.85
SYN02288,85,Male,West,Provider Group A,Colorectal Cancer Screening,0,0,Not Eligible,2026-06-01,0,None,Not Needed,0,0.75
SYN02288,85,Male,West,Provider Group A,Follow-Up After Hospitalization,1,1,Compliant,2026-06-01,0,None,Not Needed,0,0.75
SYN02288,85,Male,West,Provider Group A,Medication Adherence,1,1,Compliant,2026-06-01,0,None,Not Needed,0,0.85
SYN02290,74,Male,West,Provider Group C,Controlling Blood Pressure,1,1,Compliant,2026-06-01,0,None,Not Needed,0,0.8
SYN02290,74,Male,West,Provider Group C,Diabetes Care,1,1,Compliant,2026-06-01,0,None,Not Needed,0,0.78
SYN02290,74,Male,West,Provider Group C,Follow-Up After Hospitalization,0,0,Not Eligible,2026-06-01,0,None,Not Needed,0,0.75
SYN02305,78,Female,North,Provider Group C,Colorectal Cancer Screening,0,0,Not Eligible,2026-06-01,0,None,Not Needed,0,0.75
SYN02305,78,Female,North,Provider Group C,Follow-Up After Hospitalization,0,0,Not Eligible,2026-06-01,0,None,Not Needed,0,0.75
SYN02318,67,Male,South,Provider Group C,Colorectal Cancer Screening,1,0,Open,2026-06-01,0,None,Not Attempted,0,0.75
SYN02318,67,Male,South,Provider Group C,Medication Adherence,1,1,Compliant,2026-06-01,0,None,Not Needed,0,0.85
SYN02320,77,Female,West,Provider Group B,Breast Cancer Screening,0,0,Not Eligible,2026-06-01,0,None,Not Needed,0,0.8
SYN02320,77,Female,West,Provider Group B,Colorectal Cancer Screening,0,0,Not Eligible,2026-06-01,0,None,Not Needed,0,0.75
SYN02320,77,Female,West,Provider Group B,Diabetes Care,1,1,Compliant,2026-06-01,2,Phone,Reached,1,0.78
SYN02324,85,Female,South,Provider Group B,Breast Cancer Screening,0,0,Not Eligible,2026-06-01,0,None,Not Needed,0,0.8
SYN02324,85,Female,South,Provider Group B,Follow-Up After Hospitalization,0,0,Not Eligible,2026-06-01,0,None,Not Needed,0,0.75
SYN02327,69,Female,South,Provider Group D,Breast Cancer Screening,1,1,Compliant,2026-06-01,1,SMS,Reached,1,0.8
SYN02327,69,Female,South,Provider Group D,Medication Adherence,1,0,Open,2026-06-01,1,SMS,Reached,0,0.85
SYN02328,83,Male,South,Provider Group E,Colorectal Cancer Screening,0,0,Not Eligible,2026-06-01,0,None,Not Needed,0,0.75
SYN02328,83,Male,South,Provider Group E,Controlling Blood Pressure,1,0,Open,2026-06-01,1,Mail,Unable to Reach,0,0.8
SYN02334,65,Female,North,Provider Group B,Breast Cancer Screening,0,0,Not Eligible,2026-06-01,0,None,Not Needed,0,0.8
SYN02334,65,Female,North,Provider Group B,Medication Adherence,1,1,Compliant,2026-06-01,0,None,Not Needed,0,0.85
SYN02335,72,Female,West,Provider Group B,Colorectal Cancer Screening,1,1,Compliant,2026-06-01,0,None,Not Needed,0,0.75
SYN02335,72,Female,West,Provider Group B,Controlling Blood Pressure,1,1,Compliant,2026-06-01,0,None,Not Needed,0,0.8
SYN02335,72,Female,West,Provider Group B,Medication Adherence,0,0,Not Eligible,2026-06-01,0,None,Not Needed,0,0.85
SYN02338,82,Male,North,Provider Group B,Diabetes Care,1,0,Open,2026-06-01,1,SMS,Declined,0,0.78
SYN02344,77,Male,South,Provider Group B,Colorectal Cancer Screening,0,0,Not Eligible,2026-06-01,0,None,Not Needed,0,0.75
SYN02344,77,Male,South,Provider Group B,Controlling Blood Pressure,0,0,Not Eligible,2026-06-01,0,None,Not Needed,0,0.8
SYN02344,77,Male,South,Provider Group B,Follow-Up After Hospitalization,1,0,Open,2026-06-01,4,Phone,Reached,0,0.75
SYN02345,76,Male,South,Provider Group B,Medication Adherence,1,1,Compliant,2026-06-01,0,None,Not Needed,0,0.85
SYN02356,72,Female,North,Provider Group D,Breast Cancer Screening,1,1,Compliant,2026-06-01,0,None,Not Needed,0,0.8
SYN02356,72,Female,North,Provider Group D,Colorectal Cancer Screening,1,1,Compliant,2026-06-01,0,None,Not Needed,0,0.75
SYN02356,72,Female,North,Provider Group D,Controlling Blood Pressure,1,1,Compliant,2026-06-01,0,None,Not Needed,0,0.8
SYN02357,76,Female,North,Provider Group E,Colorectal Cancer Screening,0,0,Not Eligible,2026-06-01,0,None,Not Needed,0,0.75
SYN02357,76,Female,North,Provider Group E,Controlling Blood Pressure,1,1,Compliant,2026-06-01,0,None,Not Needed,0,0.8
SYN02357,76,Female,North,Provider Group E,Follow-Up After Hospitalization,0,0,Not Eligible,2026-06-01,0,None,Not Needed,0,0.75
SYN02365,74,Female,North,Provider Group D,Controlling Blood Pressure,1,1,Compliant,2026-06-01,0,None,Not Needed,0,0.8
SYN02365,74,Female,North,Provider Group D,Diabetes Care,1,1,Compliant,2026-06-01,0,None,Not Needed,0,0.78
SYN02365,74,Female,North,Provider Group D,Medication Adherence,1,1,Compliant,2026-06-01,0,None,Not Needed,0,0.85
SYN02378,73,Male,North,Provider Group B,Controlling Blood Pressure,1,1,Compliant,2026-06-01,0,None,Not Needed,0,0.8
SYN02378,73,Male,North,Provider Group B,Diabetes Care,1,1,Compliant,2026-06-01,0,None,Not Needed,0,0.78
SYN02378,73,Male,North,Provider Group B,Medication Adherence,1,1,Compliant,2026-06-01,0,None,Not Needed,0,0.85
SYN02382,75,Female,South,Provider Group B,Breast Cancer Screening,0,0,Not Eligible,2026-06-01,0,None,Not Needed,0,0.8
SYN02382,75,Female,South,Provider Group B,Controlling Blood Pressure,0,0,Not Eligible,2026-06-01,0,None,Not Needed,0,0.8
SYN02382,75,Female,South,Provider Group B,Medication Adherence,1,1,Compliant,2026-06-01,0,None,Not Needed,0,0.85
SYN02394,79,Female,South,Provider Group A,Breast Cancer Screening,0,0,Not Eligible,2026-06-01,0,None,Not Needed,0,0.8
SYN02394,79,Female,South,Provider Group A,Controlling Blood Pressure,1,1,Compliant,2026-06-01,0,None,Not Needed,0,0.8
SYN02394,79,Female,South,Provider Group A,Medication Adherence,1,1,Compliant,2026-06-01,0,None,Not Needed,0,0.85
SYN02401,65,Male,South,Provider Group C,Colorectal Cancer Screening,1,1,Compliant,2026-06-01,0,None,Not Needed,0,0.75
SYN02401,65,Male,South,Provider Group C,Controlling Blood Pressure,1,1,Compliant,2026-06-01,0,None,Not Needed,0,0.8
SYN02401,65,Male,South,Provider Group C,Diabetes Care,1,1,Compliant,2026-06-01,0,None,Not Needed,0,0.78
SYN02401,65,Male,South,Provider Group C,Follow-Up After Hospitalization,0,0,Not Eligible,2026-06-01,0,None,Not Needed,0,0.75
SYN02409,69,Male,North,Provider Group A,Controlling Blood Pressure,1,1,Compliant,2026-06-01,0,None,Not Needed,0,0.8
SYN02409,69,Male,North,Provider Group A,Diabetes Care,0,0,Not Eligible,2026-06-01,0,None,Not Needed,0,0.78
SYN02412,66,Female,North,Provider Group B,Breast Cancer Screening,1,1,Compliant,2026-06-01,0,None,Not Needed,0,0.8
SYN02412,66,Female,North,Provider Group B,Colorectal Cancer Screening,1,1,Compliant,2026-06-01,0,None,Not Needed,0,0.75
SYN02412,66,Female,North,Provider Group B,Follow-Up After Hospitalization,1,1,Compliant,2026-06-01,0,None,Not Needed,0,0.75
SYN02417,70,Female,West,Provider Group B,Breast Cancer Screening,1,1,Compliant,2026-06-01,0,None,Not Needed,0,0.8
SYN02417,70,Female,West,Provider Group B,Controlling Blood Pressure,1,1,Compliant,2026-06-01,1,Care Coordinator,Reached,1,0.8
SYN02417,70,Female,West,Provider Group B,Diabetes Care,1,1,Compliant,2026-06-01,0,None,Not Needed,0,0.78
SYN02417,70,Female,West,Provider Group B,Medication Adherence,1,1,Compliant,2026-06-01,0,None,Not Needed,0,0.85
SYN02421,73,Female,South,Provider Group E,Breast Cancer Screening,1,1,Compliant,2026-06-01,0,None,Not Needed,0,0.8
SYN02421,73,Female,South,Provider Group E,Colorectal Cancer Screening,0,0,Not Eligible,2026-06-01,0,None,Not Needed,0,0.75
SYN02421,73,Female,South,Provider Group E,Diabetes Care,1,1,Compliant,2026-06-01,2,SMS,Reached,1,0.78
SYN02421,73,Female,South,Provider Group E,Follow-Up After Hospitalization,1,0,Open,2026-06-01,3,Mail,Unable to Reach,0,0.75
SYN02433,75,Female,West,Provider Group A,Breast Cancer Screening,0,0,Not Eligible,2026-06-01,0,None,Not Needed,0,0.8
SYN02433,75,Female,West,Provider Group A,Controlling Blood Pressure,1,1,Compliant,2026-06-01,0,None,Not Needed,0,0.8
SYN02433,75,Female,West,Provider Group A,Medication Adherence,1,1,Compliant,2026-06-01,0,None,Not Needed,0,0.85
SYN02434,65,Female,East,Provider Group E,Breast Cancer Screening,0,0,Not Eligible,2026-06-01,0,None,Not Needed,0,0.8
SYN02434,65,Female,East,Provider Group E,Colorectal Cancer Screening,1,1,Compliant,2026-06-01,0,None,Not Needed,0,0.75
SYN02434,65,Female,East,Provider Group E,Controlling Blood Pressure,1,1,Compliant,2026-06-01,0,None,Not Needed,0,0.8
SYN02434,65,Female,East,Provider Group E,Diabetes Care,1,0,Open,2026-06-01,2,Mail,Unable to Reach,0,0.78
SYN02438,69,Male,South,Provider Group E,Colorectal Cancer Screening,1,1,Compliant,2026-06-01,0,None,Not Needed,0,0.75
SYN02438,69,Male,South,Provider Group E,Controlling Blood Pressure,1,0,Open,2026-06-01,1,Mail,Unable to Reach,0,0.8
SYN02441,75,Female,East,Provider Group B,Colorectal Cancer Screening,1,1,Compliant,2026-06-01,0,None,Not Needed,0,0.75
SYN02441,75,Female,East,Provider Group B,Controlling Blood Pressure,1,0,Open,2026-06-01,4,Phone,Unable to Reach,0,0.8
SYN02447,81,Female,South,Provider Group B,Controlling Blood Pressure,0,0,Not Eligible,2026-06-01,0,None,Not Needed,0,0.8
SYN02447,81,Female,South,Provider Group B,Diabetes Care,0,0,Not Eligible,2026-06-01,0,None,Not Needed,0,0.78
SYN02447,81,Female,South,Provider Group B,Follow-Up After Hospitalization,1,0,Open,2026-06-01,2,SMS,Declined,0,0.75
SYN02450,88,Male,North,Provider Group E,Controlling Blood Pressure,1,1,Compliant,2026-06-01,0,None,Not Needed,0,0.8
SYN02450,88,Male,North,Provider Group E,Diabetes Care,1,1,Compliant,2026-06-01,0,None,Not Needed,0,0.78
SYN02450,88,Male,North,Provider Group E,Follow-Up After Hospitalization,1,1,Compliant,2026-06-01,2,Care Coordinator,Reached,1,0.75
SYN02456,75,Male,West,Provider Group A,Breast Cancer Screening,0,0,Not Eligible,2026-06-01,0,None,Not Needed,0,0.8
SYN02456,75,Male,West,Provider Group A,Controlling Blood Pressure,1,1,Compliant,2026-06-01,0,None,Not Needed,0,0.8
SYN02456,75,Male,West,Provider Group A,Diabetes Care,1,1,Compliant,2026-06-01,0,None,Not Needed,0,0.78
SYN02464,84,Male,North,Provider Group B,Colorectal Cancer Screening,0,0,Not Eligible,2026-06-01,0,None,Not Needed,0,0.75
SYN02464,84,Male,North,Provider Group B,Controlling Blood Pressure,1,1,Compliant,2026-06-01,0,None,Not Needed,0,0.8
SYN02464,84,Male,North,Provider Group B,Diabetes Care,0,0,Not Eligible,2026-06-01,0,None,Not Needed,0,0.78
SYN02464,84,Male,North,Provider Group B,Follow-Up After Hospitalization,1,0,Open,2026-06-01,1,Phone,Reached,0,0.75
SYN02483,74,Female,East,Provider Group B,Controlling Blood Pressure,1,1,Compliant,2026-06-01,0,None,Not Needed,0,0.8
SYN02483,74,Female,East,Provider Group B,Medication Adherence,1,1,Compliant,2026-06-01,0,None,Not Needed,0,0.85
SYN02484,74,Female,West,Provider Group E,Controlling Blood Pressure,1,1,Compliant,2026-06-01,0,None,Not Needed,0,0.8
SYN02498,70,Female,North,Provider Group A,Breast Cancer Screening,1,1,Compliant,2026-06-01,0,None,Not Needed,0,0.8
SYN02498,70,Female,North,Provider Group A,Colorectal Cancer Screening,1,0,Open,2026-06-01,2,Mail,Reached,0,0.75
SYN02498,70,Female,North,Provider Group A,Controlling Blood Pressure,1,1,Compliant,2026-06-01,0,None,Not Needed,0,0.8
SYN02498,70,Female,North,Provider Group A,Diabetes Care,1,1,Compliant,2026-06-01,0,None,Not Needed,0,0.78
SYN02498,70,Female,North,Provider Group A,Medication Adherence,1,1,Compliant,2026-06-01,0,None,Not Needed,0,0.85
SYN02501,77,Male,South,Provider Group C,Breast Cancer Screening,0,0,Not Eligible,2026-06-01,0,None,Not Needed,0,0.8
SYN02501,77,Male,South,Provider Group C,Colorectal Cancer Screening,0,0,Not Eligible,2026-06-01,0,None,Not Needed,0,0.75
SYN02501,77,Male,South,Provider Group C,Controlling Blood Pressure,1,1,Compliant,2026-06-01,0,None,Not Needed,0,0.8
SYN02501,77,Male,South,Provider Group C,Follow-Up After Hospitalization,1,1,Compliant,2026-06-01,0,None,Not Needed,0,0.75
SYN02501,77,Male,South,Provider Group C,Medication Adherence,1,1,Compliant,2026-06-01,0,None,Not Needed,0,0.85
SYN02502,72,Female,East,Provider Group E,Breast Cancer Screening,1,1,Compliant,2026-06-01,0,None,Not Needed,0,0.8
SYN02502,72,Female,East,Provider Group E,Colorectal Cancer Screening,1,1,Compliant,2026-06-01,2,Phone,Reached,1,0.75
SYN02502,72,Female,East,Provider Group E,Controlling Blood Pressure,1,1,Compliant,2026-06-01,0,None,Not Needed,0,0.8
SYN02502,72,Female,East,Provider Group E,Diabetes Care,1,1,Compliant,2026-06-01,0,None,Not Needed,0,0.78
SYN02502,72,Female,East,Provider Group E,Medication Adherence,1,1,Compliant,2026-06-01,0,None,Not Needed,0,0.85
SYN02515,71,Male,East,Provider Group C,Colorectal Cancer Screening,1,0,Open,2026-06-01,3,SMS,Unable to Reach,0,0.75
SYN02515,71,Male,East,Provider Group C,Controlling Blood Pressure,1,1,Compliant,2026-06-01,2,Phone,Reached,1,0.8
SYN02515,71,Male,East,Provider Group C,Medication Adherence,1,1,Compliant,2026-06-01,0,None,Not Needed,0,0.85
SYN02516,81,Female,West,Provider Group B,Breast Cancer Screening,0,0,Not Eligible,2026-06-01,0,None,Not Needed,0,0.8
SYN02516,81,Female,West,Provider Group B,Colorectal Cancer Screening,0,0,Not Eligible,2026-06-01,0,None,Not Needed,0,0.75
SYN02516,81,Female,West,Provider Group B,Controlling Blood Pressure,1,1,Compliant,2026-06-01,0,None,Not Needed,0,0.8
SYN02516,81,Female,West,Provider Group B,Diabetes Care,0,0,Not Eligible,2026-06-01,0,None,Not Needed,0,0.78
SYN02517,82,Female,South,Provider Group D,Colorectal Cancer Screening,0,0,Not Eligible,2026-06-01,0,None,Not Needed,0,0.75
SYN02517,82,Female,South,Provider Group D,Diabetes Care,0,1,Not Eligible,2026-06-01,0,None,Not Needed,0,0.78
SYN02517,82,Female,South,Provider Group D,Medication Adherence,0,0,Not Eligible,2026-06-01,0,None,Not Needed,0,0.85
SYN02520,72,Female,West,Provider Group B,Breast Cancer Screening,1,0,Open,2026-06-01,0,None,Not Attempted,0,0.8
SYN02520,72,Female,West,Provider Group B,Colorectal Cancer Screening,1,0,Open,2026-06-01,3,Mail,Reached,0,0.75
SYN02520,72,Female,West,Provider Group B,Diabetes Care,1,1,Compliant,2026-06-01,0,None,Not Needed,0,0.78
SYN02520,72,Female,West,Provider Group B,Medication Adherence,1,1,Compliant,2026-06-01,0,None,Not Needed,0,0.85
SYN02528,78,Female,South,Provider Group C,Breast Cancer Screening,0,0,Not Eligible,2026-06-01,0,None,Not Needed,0,0.8
SYN02528,78,Female,South,Provider Group C,Controlling Blood Pressure,1,1,Compliant,2026-06-01,0,None,Not Needed,0,0.8
SYN02539,78,Female,West,Provider Group B,Breast Cancer Screening,0,0,Not Eligible,2026-06-01,0,None,Not Needed,0,0.8
SYN02539,78,Female,West,Provider Group B,Follow-Up After Hospitalization,1,0,Open,2026-06-01,0,None,Not Attempted,0,0.75
SYN02549,68,Female,North,Provider Group B,Breast Cancer Screening,1,1,Compliant,2026-06-01,0,None,Not Needed,0,0.8
SYN02549,68,Female,North,Provider Group B,Colorectal Cancer Screening,1,1,Compliant,2026-06-01,0,None,Not Needed,0,0.75
SYN02555,81,Female,South,Provider Group E,Colorectal Cancer Screening,0,0,Not Eligible,2026-06-01,0,None,Not Needed,0,0.75
SYN02555,81,Female,South,Provider Group E,Diabetes Care,1,0,Open,2026-06-01,2,Phone,Reached,0,0.78
SYN02555,81,Female,South,Provider Group E,Follow-Up After Hospitalization,1,1,Compliant,2026-06-01,0,None,Not Needed,0,0.75
SYN02557,70,Male,North,Provider Group C,Controlling Blood Pressure,1,1,Compliant,2026-06-01,0,None,Not Needed,0,0.8
SYN02557,70,Male,North,Provider Group C,Follow-Up After Hospitalization,1,1,Compliant,2026-06-01,0,None,Not Needed,0,0.75
SYN02557,70,Male,North,Provider Group C,Medication Adherence,1,0,Open,2026-06-01,0,None,Not Attempted,0,0.85
SYN02566,73,Male,South,Provider Group D,Controlling Blood Pressure,1,1,Compliant,2026-06-01,0,None,Not Needed,0,0.8
SYN02566,73,Male,South,Provider Group D,Diabetes Care,0,0,Not Eligible,2026-06-01,0,None,Not Needed,0,0.78
SYN02566,73,Male,South,Provider Group D,Follow-Up After Hospitalization,1,0,Open,2026-06-01,0,None,Not Attempted,0,0.75
SYN02566,73,Male,South,Provider Group D,Medication Adherence,1,0,Open,2026-06-01,2,Phone,Reached,0,0.85
SYN02567,68,Male,West,Provider Group A,Breast Cancer Screening,0,0,Not Eligible,2026-06-01,0,None,Not Needed,0,0.8
SYN02567,68,Male,West,Provider Group A,Controlling Blood Pressure,1,1,Compliant,2026-06-01,0,None,Not Needed,0,0.8
SYN02567,68,Male,West,Provider Group A,Diabetes Care,0,0,Not Eligible,2026-06-01,0,None,Not Needed,0,0.78
SYN02567,68,Male,West,Provider Group A,Medication Adherence,1,1,Compliant,2026-06-01,0,None,Not Needed,0,0.85
SYN02578,74,Female,South,Provider Group D,Breast Cancer Screening,1,1,Compliant,2026-06-01,0,None,Not Needed,0,0.8
SYN02578,74,Female,South,Provider Group D,Diabetes Care,1,0,Open,2026-06-01,2,SMS,Unable to Reach,0,0.78
SYN02578,74,Female,South,Provider Group D,Medication Adherence,1,1,Compliant,2026-06-01,0,None,Not Needed,0,0.85
SYN02582,83,Male,South,Provider Group A,Colorectal Cancer Screening,0,0,Not Eligible,2026-06-01,0,None,Not Needed,0,0.75
SYN02582,83,Male,South,Provider Group A,Controlling Blood Pressure,1,0,Open,2026-06-01,3,Phone,Unable to Reach,0,0.8
SYN02582,83,Male,South,Provider Group A,Diabetes Care,0,0,Not Eligible,2026-06-01,0,None,Not Needed,0,0.78
SYN02582,83,Male,South,Provider Group A,Follow-Up After Hospitalization,0,0,Not Eligible,2026-06-01,0,None,Not Needed,0,0.75
SYN02587,74,Male,West,Provider Group E,Colorectal Cancer Screening,1,1,Compliant,2026-06-01,0,None,Not Needed,0,0.75
SYN02587,74,Male,West,Provider Group E,Controlling Blood Pressure,1,1,Compliant,2026-06-01,3,SMS,Reached,1,0.8
SYN02587,74,Male,West,Provider Group E,Medication Adherence,1,1,Compliant,2026-06-01,0,None,Not Needed,0,0.85
SYN02591,67,Male,West,Provider Group D,Colorectal Cancer Screening,1,1,Compliant,2026-06-01,0,None,Not Needed,0,0.75
SYN02591,67,Male,West,Provider Group D,Diabetes Care,0,0,Not Eligible,2026-06-01,0,None,Not Needed,0,0.78
SYN02591,67,Male,West,Provider Group D,Follow-Up After Hospitalization,1,0,Open,2026-06-01,1,Mail,Unable to Reach,0,0.75
SYN02604,82,Male,South,Provider Group B,Colorectal Cancer Screening,0,0,Not Eligible,2026-06-01,0,None,Not Needed,0,0.75
SYN02604,82,Male,South,Provider Group B,Diabetes Care,1,0,Open,2026-06-01,2,SMS,Unable to Reach,0,0.78
SYN02604,82,Male,South,Provider Group B,Medication Adherence,1,1,Compliant,2026-06-01,0,None,Not Needed,0,0.85
SYN02611,71,Male,South,Provider Group E,Diabetes Care,0,0,Not Eligible,2026-06-01,0,None,Not Needed,0,0.78
SYN02611,71,Male,South,Provider Group E,Follow-Up After Hospitalization,0,0,Not Eligible,2026-06-01,0,None,Not Needed,0,0.75
SYN02618,67,Male,East,Provider Group B,Colorectal Cancer Screening,1,1,Compliant,2026-06-01,0,None,Not Needed,0,0.75
SYN02618,67,Male,East,Provider Group B,Controlling Blood Pressure,0,0,Not Eligible,2026-06-01,0,None,Not Needed,0,0.8
SYN02618,67,Male,East,Provider Group B,Diabetes Care,1,1,Compliant,2026-06-01,0,None,Not Needed,0,0.78
SYN02618,67,Male,East,Provider Group B,Follow-Up After Hospitalization,1,1,Compliant,2026-06-01,0,None,Not Needed,0,0.75
SYN02621,66,Female,West,Provider Group E,Colorectal Cancer Screening,1,1,Compliant,2026-06-01,0,None,Not Needed,0,0.75
SYN02621,66,Female,West,Provider Group E,Controlling Blood Pressure,1,1,Compliant,2026-06-01,0,None,Not Needed,0,0.8
SYN02622,65,Female,West,Provider Group D,Breast Cancer Screening,1,1,Compliant,2026-06-01,0,None,Not Needed,0,0.8
SYN02626,88,Female,West,Provider Group C,Breast Cancer Screening,0,0,Not Eligible,2026-06-01,0,None,Not Needed,0,0.8
SYN02627,76,Female,North,Provider Group D,Colorectal Cancer Screening,0,0,Not Eligible,2026-06-01,0,None,Not Needed,0,0.75
SYN02627,76,Female,North,Provider Group D,Controlling Blood Pressure,0,0,Not Eligible,2026-06-01,0,None,Not Needed,0,0.8
SYN02627,76,Female,North,Provider Group D,Diabetes Care,1,1,Compliant,2026-06-01,0,None,Not Needed,0,0.78
SYN02628,88,Female,North,Provider Group E,Follow-Up After Hospitalization,0,0,Not Eligible,2026-06-01,0,None,Not Needed,0,0.75
SYN02634,72,Female,West,Provider Group D,Medication Adherence,1,1,Compliant,2026-06-01,0,None,Not Needed,0,0.85
SYN02638,67,Female,South,Provider Group A,Breast Cancer Screening,1,0,Open,2026-06-01,3,SMS,Reached,0,0.8
SYN02638,67,Female,South,Provider Group A,Colorectal Cancer Screening,1,0,Open,2026-06-01,1,SMS,Unable to Reach,0,0.75
SYN02638,67,Female,South,Provider Group A,Diabetes Care,1,1,Compliant,2026-06-01,0,None,Not Needed,0,0.78
SYN02638,67,Female,South,Provider Group A,Medication Adherence,1,1,Compliant,2026-06-01,0,None,Not Needed,0,0.85
SYN02644,77,Male,East,Provider Group E,Breast Cancer Screening,0,0,Not Eligible,2026-06-01,0,None,Not Needed,0,0.8
SYN02644,77,Male,East,Provider Group E,Colorectal Cancer Screening,0,0,Not Eligible,2026-06-01,0,None,Not Needed,0,0.75
SYN02644,77,Male,East,Provider Group E,Diabetes Care,1,1,Compliant,2026-06-01,0,None,Not Needed,0,0.78
SYN02644,77,Male,East,Provider Group E,Medication Adherence,1,1,Compliant,2026-06-01,0,None,Not Needed,0,0.85
SYN02647,74,Male,West,Provider Group D,Colorectal Cancer Screening,1,1,Compliant,2026-06-01,0,None,Not Needed,0,0.75
SYN02647,74,Male,West,Provider Group D,Controlling Blood Pressure,1,0,Open,2026-06-01,1,Phone,Reached,0,0.8
SYN02647,74,Male,West,Provider Group D,Diabetes Care,0,0,Not Eligible,2026-06-01,0,None,Not Needed,0,0.78
SYN02647,74,Male,West,Provider Group D,Medication Adherence,1,1,Compliant,2026-06-01,0,None,Not Needed,0,0.85
SYN02649,71,Female,North,Provider Group A,Controlling Blood Pressure,1,1,Compliant,2026-06-01,0,None,Not Needed,0,0.8
SYN02649,71,Female,North,Provider Group A,Follow-Up After Hospitalization,1,1,Compliant,2026-06-01,4,Phone,Reached,1,0.75
SYN02650,74,Female,West,Provider Group D,Breast Cancer Screening,1,0,Open,2026-06-01,4,SMS,Declined,0,0.8
SYN02650,74,Female,West,Provider Group D,Colorectal Cancer Screening,1,0,Open,2026-06-01,1,Mail,Reached,0,0.75
SYN02650,74,Female,West,Provider Group D,Controlling Blood Pressure,1,1,Compliant,2026-06-01,0,None,Not Needed,0,0.8
SYN02657,72,Male,South,Provider Group C,Medication Adherence,1,1,Compliant,2026-06-01,3,SMS,Reached,1,0.85
SYN02663,70,Male,East,Provider Group D,Controlling Blood Pressure,1,1,Compliant,2026-06-01,0,None,Not Needed,0,0.8
SYN02663,70,Male,East,Provider Group D,Medication Adherence,1,1,Compliant,2026-06-01,0,None,Not Needed,0,0.85
SYN02676,66,Male,South,Provider Group C,Controlling Blood Pressure,1,1,Compliant,2026-06-01,0,None,Not Needed,0,0.8
SYN02676,66,Male,South,Provider Group C,Medication Adherence,1,1,Compliant,2026-06-01,0,None,Not Needed,0,0.85
SYN02679,75,Female,South,Provider Group B,Breast Cancer Screening,0,0,Not Eligible,2026-06-01,0,None,Not Needed,0,0.8
SYN02679,75,Female,South,Provider Group B,Diabetes Care,1,1,Compliant,2026-06-01,0,None,Not Needed,0,0.78
SYN02686,82,Male,South,Provider Group D,Breast Cancer Screening,0,0,Not Eligible,2026-06-01,0,None,Not Needed,0,0.8
SYN02686,82,Male,South,Provider Group D,Colorectal Cancer Screening,0,0,Not Eligible,2026-06-01,0,None,Not Needed,0,0.75
SYN02686,82,Male,South,Provider Group D,Diabetes Care,1,0,Open,2026-06-01,1,Mail,Reached,0,0.78
SYN02686,82,Male,South,Provider Group D,Follow-Up After Hospitalization,1,0,Open,2026-06-01,1,SMS,Unable to Reach,0,0.75
SYN02686,82,Male,South,Provider Group D,Medication Adherence,1,1,Compliant,2026-06-01,0,None,Not Needed,0,0.85
SYN02692,73,Female,South,Provider Group C,Colorectal Cancer Screening,0,0,Not Eligible,2026-06-01,0,None,Not Needed,0,0.75
SYN02692,73,Female,South,Provider Group C,Medication Adherence,0,0,Not Eligible,2026-06-01,0,None,Not Needed,0,0.85
SYN02705,73,Female,North,Provider Group A,Breast Cancer Screening,1,0,Open,2026-06-01,1,SMS,Unable to Reach,0,0.8
SYN02705,73,Female,North,Provider Group A,Controlling Blood Pressure,1,1,Compliant,2026-06-01,0,None,Not Needed,0,0.8
SYN02705,73,Female,North,Provider Group A,Medication Adherence,1,1,Compliant,2026-06-01,0,None,Not Needed,0,0.85
SYN02714,74,Male,North,Provider Group C,Controlling Blood Pressure,0,0,Not Eligible,2026-06-01,0,None,Not Needed,0,0.8
SYN02714,74,Male,North,Provider Group C,Diabetes Care,1,1,Compliant,2026-06-01,0,None,Not Needed,0,0.78
SYN02714,74,Male,North,Provider Group C,Follow-Up After Hospitalization,1,1,Compliant,2026-06-01,1,Care Coordinator,Reached,1,0.75
SYN02719,77,Female,South,Provider Group B,Colorectal Cancer Screening,0,0,Not Eligible,2026-06-01,0,None,Not Needed,0,0.75
SYN02719,77,Female,South,Provider Group B,Controlling Blood Pressure,1,1,Compliant,2026-06-01,0,None,Not Needed,0,0.8
SYN02725,73,Male,West,Provider Group C,Colorectal Cancer Screening,1,0,Open,2026-06-01,1,SMS,Unable to Reach,0,0.75
SYN02725,73,Male,West,Provider Group C,Controlling Blood Pressure,1,0,Open,2026-06-01,1,Phone,Unable to Reach,0,0.8
SYN02725,73,Male,West,Provider Group C,Diabetes Care,0,0,Not Eligible,2026-06-01,0,None,Not Needed,0,0.78
SYN02728,68,Female,West,Provider Group D,Breast Cancer Screening,1,1,Compliant,2026-06-01,0,None,Not Needed,0,0.8
SYN02728,68,Female,West,Provider Group D,Colorectal Cancer Screening,1,1,Compliant,2026-06-01,0,None,Not Needed,0,0.75
SYN02728,68,Female,West,Provider Group D,Controlling Blood Pressure,1,1,Compliant,2026-06-01,0,None,Not Needed,0,0.8
SYN02738,71,Male,South,Provider Group D,Controlling Blood Pressure,1,1,Compliant,2026-06-01,0,None,Not Needed,0,0.8
SYN02741,70,Male,East,Provider Group A,Breast Cancer Screening,0,0,Not Eligible,2026-06-01,0,None,Not Needed,0,0.8
SYN02741,70,Male,East,Provider Group A,Medication Adherence,1,1,Compliant,2026-06-01,0,None,Not Needed,0,0.85
SYN02747,77,Male,West,Provider Group E,Colorectal Cancer Screening,0,0,Not Eligible,2026-06-01,0,None,Not Needed,0,0.75
SYN02748,80,Male,South,Provider Group A,Follow-Up After Hospitalization,0,0,Not Eligible,2026-06-01,0,None,Not Needed,0,0.75
SYN02748,80,Male,South,Provider Group A,Medication Adherence,1,1,Compliant,2026-06-01,0,None,Not Needed,0,0.85
SYN02757,74,Male,East,Provider Group E,Diabetes Care,1,1,Compliant,2026-06-01,0,None,Not Needed,0,0.78
SYN02757,74,Male,East,Provider Group E,Medication Adherence,1,1,Compliant,2026-06-01,0,None,Not Needed,0,0.85
SYN02766,66,Female,West,Provider Group A,Breast Cancer Screening,1,1,Compliant,2026-06-01,0,None,Not Needed,0,0.8
SYN02766,66,Female,West,Provider Group A,Controlling Blood Pressure,1,1,Compliant,2026-06-01,0,None,Not Needed,0,0.8
SYN02766,66,Female,West,Provider Group A,Medication Adherence,1,1,Compliant,2026-06-01,0,None,Not Needed,0,0.85
SYN02774,77,Female,South,Provider Group D,Controlling Blood Pressure,1,1,Compliant,2026-06-01,0,None,Not Needed,0,0.8
SYN02782,70,Female,East,Provider Group C,Follow-Up After Hospitalization,1,0,Open,2026-06-01,0,None,Not Attempted,0,0.75
SYN02782,70,Female,East,Provider Group C,Medication Adherence,1,1,Compliant,2026-06-01,0,None,Not Needed,0,0.85
SYN02783,70,Female,South,Provider Group C,Colorectal Cancer Screening,1,0,Open,2026-06-01,0,None,Not Attempted,0,0.75
SYN02783,70,Female,South,Provider Group C,Follow-Up After Hospitalization,1,1,Compliant,2026-06-01,0,None,Not Needed,0,0.75
SYN02783,70,Female,South,Provider Group C,Medication Adherence,1,1,Compliant,2026-06-01,0,None,Not Needed,0,0.85
SYN02786,72,Male,North,Provider Group D,Controlling Blood Pressure,1,1,Compliant,2026-06-01,0,None,Not Needed,0,0.8
SYN02797,76,Female,North,Provider Group A,Breast Cancer Screening,0,0,Not Eligible,2026-06-01,0,None,Not Needed,0,0.8
SYN02804,68,Female,East,Provider Group A,Breast Cancer Screening,1,1,Compliant,2026-06-01,0,None,Not Needed,0,0.8
SYN02804,68,Female,East,Provider Group A,Controlling Blood Pressure,1,1,Compliant,2026-06-01,0,None,Not Needed,0,0.8
SYN02804,68,Female,East,Provider Group A,Diabetes Care,1,1,Compliant,2026-06-01,0,None,Not Needed,0,0.78
SYN02804,68,Female,East,Provider Group A,Follow-Up After Hospitalization,0,0,Not Eligible,2026-06-01,0,None,Not Needed,0,0.75
SYN02804,68,Female,East,Provider Group A,Medication Adherence,1,1,Compliant,2026-06-01,0,None,Not Needed,0,0.85
SYN02820,74,Female,East,Provider Group D,Diabetes Care,1,1,Compliant,2026-06-01,0,None,Not Needed,0,0.78
SYN02820,74,Female,East,Provider Group D,Medication Adherence,1,1,Compliant,2026-06-01,0,None,Not Needed,0,0.85
SYN02825,73,Female,West,Provider Group D,Controlling Blood Pressure,1,1,Compliant,2026-06-01,0,None,Not Needed,0,0.8
SYN02825,73,Female,West,Provider Group D,Diabetes Care,1,1,Compliant,2026-06-01,0,None,Not Needed,0,0.78
SYN02825,73,Female,West,Provider Group D,Medication Adherence,1,1,Compliant,2026-06-01,0,None,Not Needed,0,0.85
SYN02827,73,Female,South,Provider Group A,Colorectal Cancer Screening,1,0,Open,2026-06-01,2,Phone,Unable to Reach,0,0.75
SYN02827,73,Female,South,Provider Group A,Follow-Up After Hospitalization,1,0,Open,2026-06-01,0,None,Not Attempted,0,0.75
SYN02827,73,Female,South,Provider Group A,Medication Adherence,1,1,Compliant,2026-06-01,0,None,Not Needed,0,0.85
SYN02840,70,Male,West,Provider Group B,Breast Cancer Screening,0,0,Not Eligible,2026-06-01,0,None,Not Needed,0,0.8
SYN02840,70,Male,West,Provider Group B,Medication Adherence,1,1,Compliant,2026-06-01,0,None,Not Needed,0,0.85
SYN02841,71,Female,East,Provider Group B,Breast Cancer Screening,1,1,Compliant,2026-06-01,0,None,Not Needed,0,0.8
SYN02841,71,Female,East,Provider Group B,Controlling Blood Pressure,1,0,Open,2026-06-01,1,SMS,Reached,0,0.8
SYN02841,71,Female,East,Provider Group B,Follow-Up After Hospitalization,1,0,Open,2026-06-01,1,Mail,Reached,0,0.75
SYN02845,74,Male,South,Provider Group D,Controlling Blood Pressure,1,0,Open,2026-06-01,2,SMS,Reached,0,0.8
SYN02845,74,Male,South,Provider Group D,Medication Adherence,1,1,Compliant,2026-06-01,0,None,Not Needed,0,0.85
SYN02847,87,Female,North,Provider Group C,Breast Cancer Screening,0,0,Not Eligible,2026-06-01,0,None,Not Needed,0,0.8
SYN02847,87,Female,North,Provider Group C,Colorectal Cancer Screening,0,0,Not Eligible,2026-06-01,0,None,Not Needed,0,0.75
SYN02847,87,Female,North,Provider Group C,Diabetes Care,0,0,Not Eligible,2026-06-01,0,None,Not Needed,0,0.78
SYN02848,69,Male,South,Provider Group C,Controlling Blood Pressure,1,1,Compliant,2026-06-01,0,None,Not Needed,0,0.8
SYN02848,69,Male,South,Provider Group C,Diabetes Care,1,1,Compliant,2026-06-01,0,None,Not Needed,0,0.78
SYN02848,69,Male,South,Provider Group C,Medication Adherence,1,0,Open,2026-06-01,0,None,Not Attempted,0,0.85
SYN02867,68,Female,East,Provider Group D,Medication Adherence,1,1,Compliant,2026-06-01,0,None,Not Needed,0,0.85
SYN02868,82,Male,East,Provider Group A,Colorectal Cancer Screening,0,0,Not Eligible,2026-06-01,0,None,Not Needed,0,0.75
SYN02869,73,Female,North,Provider Group A,Breast Cancer Screening,1,1,Compliant,2026-06-01,0,None,Not Needed,0,0.8
SYN02869,73,Female,North,Provider Group A,Diabetes Care,1,1,Compliant,2026-06-01,0,None,Not Needed,0,0.78
SYN02874,77,Female,West,Provider Group B,Breast Cancer Screening,0,0,Not Eligible,2026-06-01,0,None,Not Needed,0,0.8
SYN02874,77,Female,West,Provider Group B,Colorectal Cancer Screening,0,0,Not Eligible,2026-06-01,0,None,Not Needed,0,0.75
SYN02874,77,Female,West,Provider Group B,Controlling Blood Pressure,1,0,Open,2026-06-01,1,Phone,Reached,0,0.8
SYN02874,77,Female,West,Provider Group B,Medication Adherence,1,1,Compliant,2026-06-01,0,None,Not Needed,0,0.85
SYN02876,87,Male,North,Provider Group B,Breast Cancer Screening,0,0,Not Eligible,2026-06-01,0,None,Not Needed,0,0.8
SYN02876,87,Male,North,Provider Group B,Diabetes Care,1,1,Compliant,2026-06-01,2,SMS,Reached,1,0.78
SYN02876,87,Male,North,Provider Group B,Follow-Up After Hospitalization,1,0,Open,2026-06-01,4,Phone,Reached,0,0.75
SYN02876,87,Male,North,Provider Group B,Medication Adherence,1,1,Compliant,2026-06-01,0,None,Not Needed,0,0.85
SYN02877,73,Female,South,Provider Group A,Controlling Blood Pressure,1,0,Open,2026-06-01,3,Care Coordinator,Reached,0,0.8
SYN02877,73,Female,South,Provider Group A,Medication Adherence,1,1,Compliant,2026-06-01,0,None,Not Needed,0,0.85
SYN02881,89,Female,South,Provider Group E,Controlling Blood Pressure,1,0,Open,2026-06-01,2,Phone,Unable to Reach,0,0.8
SYN02881,89,Female,South,Provider Group E,Diabetes Care,1,1,Compliant,2026-06-01,0,None,Not Needed,0,0.78
SYN02884,71,Male,South,Provider Group B,Controlling Blood Pressure,1,1,Compliant,2026-06-01,0,None,Not Needed,0,0.8
SYN02884,71,Male,South,Provider Group B,Diabetes Care,1,0,Open,2026-06-01,1,Mail,Unable to Reach,0,0.78
SYN02884,71,Male,South,Provider Group B,Follow-Up After Hospitalization,1,1,Compliant,2026-06-01,0,None,Not Needed,0,0.75
SYN02886,73,Male,South,Provider Group C,Controlling Blood Pressure,1,1,Compliant,2026-06-01,0,None,Not Needed,0,0.8
SYN02886,73,Male,South,Provider Group C,Medication Adherence,1,1,Compliant,2026-06-01,0,None,Not Needed,0,0.85
SYN02888,85,Male,East,Provider Group A,Colorectal Cancer Screening,0,0,Not Eligible,2026-06-01,0,None,Not Needed,0,0.75
SYN02888,85,Male,East,Provider Group A,Diabetes Care,1,0,Open,2026-06-01,0,None,Not Attempted,0,0.78
SYN02901,86,Male,North,Provider Group C,Controlling Blood Pressure,1,1,Compliant,2026-06-01,0,None,Not Needed,0,0.8
SYN02901,86,Male,North,Provider Group C,Follow-Up After Hospitalization,0,0,Not Eligible,2026-06-01,0,None,Not Needed,0,0.75
SYN02903,68,Male,South,Provider Group E,Follow-Up After Hospitalization,1,0,Open,2026-06-01,2,Care Coordinator,Unable to Reach,0,0.75
SYN02911,87,Female,South,Provider Group C,Breast Cancer Screening,0,0,Not Eligible,2026-06-01,0,None,Not Needed,0,0.8
SYN02911,87,Female,South,Provider Group C,Controlling Blood Pressure,1,1,Compliant,2026-06-01,0,None,Not Needed,0,0.8
SYN02911,87,Female,South,Provider Group C,Follow-Up After Hospitalization,1,0,Open,2026-06-01,2,Phone,Unable to Reach,0,0.75
SYN02912,80,Male,North,Provider Group B,Diabetes Care,1,1,Compliant,2026-06-01,0,None,Not Needed,0,0.78
SYN02925,79,Female,North,Provider Group A,Breast Cancer Screening,0,0,Not Eligible,2026-06-01,0,None,Not Needed,0,0.8
SYN02925,79,Female,North,Provider Group A,Controlling Blood Pressure,1,1,Compliant,2026-06-01,0,None,Not Needed,0,0.8
SYN02925,79,Female,North,Provider Group A,Medication Adherence,0,0,Not Eligible,2026-06-01,0,None,Not Needed,0,0.85
SYN02935,66,Female,South,Provider Group B,Breast Cancer Screening,1,1,Compliant,2026-06-01,0,None,Not Needed,0,0.8
SYN02935,66,Female,South,Provider Group B,Controlling Blood Pressure,1,0,Open,2026-06-01,1,SMS,Reached,0,0.8
SYN02935,66,Female,South,Provider Group B,Medication Adherence,1,1,Compliant,2026-06-01,0,None,Not Needed,0,0.85
SYN02959,80,Female,West,Provider Group E,Breast Cancer Screening,0,0,Not Eligible,2026-06-01,0,None,Not Needed,0,0.8
SYN02959,80,Female,West,Provider Group E,Controlling Blood Pressure,1,0,Open,2026-06-01,2,Phone,Reached,0,0.8
SYN02959,80,Female,West,Provider Group E,Diabetes Care,1,1,Compliant,2026-06-01,0,None,Not Needed,0,0.78
SYN02959,80,Female,West,Provider Group E,Medication Adherence,1,1,Compliant,2026-06-01,0,None,Not Needed,0,0.85
SYN02961,73,Female,East,Provider Group A,Breast Cancer Screening,1,1,Compliant,2026-06-01,0,None,Not Needed,0,0.8
SYN02961,73,Female,East,Provider Group A,Colorectal Cancer Screening,1,1,Compliant,2026-06-01,0,None,Not Needed,0,0.75
SYN02961,73,Female,East,Provider Group A,Follow-Up After Hospitalization,0,0,Not Eligible,2026-06-01,0,None,Not Needed,0,0.75
SYN02965,88,Male,North,Provider Group B,Controlling Blood Pressure,1,0,Open,2026-06-01,1,Phone,Unable to Reach,0,0.8
SYN02965,88,Male,North,Provider Group B,Diabetes Care,1,0,Open,2026-06-01,0,None,Not Attempted,0,0.78
SYN02965,88,Male,North,Provider Group B,Follow-Up After Hospitalization,0,0,Not Eligible,2026-06-01,0,None,Not Needed,0,0.75
SYN02965,88,Male,North,Provider Group B,Medication Adherence,1,1,Compliant,2026-06-01,0,None,Not Needed,0,0.85
SYN02975,82,Male,South,Provider Group A,Colorectal Cancer Screening,0,0,Not Eligible,2026-06-01,0,None,Not Needed,0,0.75
SYN02975,82,Male,South,Provider Group A,Medication Adherence,1,1,Compliant,2026-06-01,0,None,Not Needed,0,0.85
SYN02977,70,Female,North,Provider Group B,Breast Cancer Screening,1,1,Compliant,2026-06-01,0,None,Not Needed,0,0.8
SYN02977,70,Female,North,Provider Group B,Controlling Blood Pressure,1,0,Open,2026-06-01,0,None,Not Attempted,0,0.8
SYN02977,70,Female,North,Provider Group B,Medication Adherence,1,1,Compliant,2026-06-01,0,None,Not Needed,0,0.85
SYN02978,80,Male,West,Provider Group E,Colorectal Cancer Screening,0,0,Not Eligible,2026-06-01,0,None,Not Needed,0,0.75
SYN02980,80,Female,East,Provider Group E,Diabetes Care,1,1,Compliant,2026-06-01,0,None,Not Needed,0,0.78
SYN02980,80,Female,East,Provider Group E,Medication Adherence,0,0,Not Eligible,2026-06-01,0,None,Not Needed,0,0.85
SYN02987,74,Male,North,Provider Group A,Colorectal Cancer Screening,1,1,Compliant,2026-06-01,0,None,Not Needed,0,0.75
SYN02987,74,Male,North,Provider Group A,Controlling Blood Pressure,1,1,Compliant,2026-06-01,0,None,Not Needed,0,0.8
SYN02991,86,Male,North,Provider Group D,Colorectal Cancer Screening,0,0,Not Eligible,2026-06-01,0,None,Not Needed,0,0.75
SYN02991,86,Male,North,Provider Group D,Controlling Blood Pressure,1,0,Open,2026-06-01,1,SMS,Unable to Reach,0,0.8
SYN02991,86,Male,North,Provider Group D,Diabetes Care,1,1,Compliant,2026-06-01,0,None,Not Needed,0,0.78
SYN02994,72,Female,South,Provider Group B,Colorectal Cancer Screening,1,1,Compliant,2026-06-01,2,Care Coordinator,Reached,1,0.75
SYN02994,72,Female,South,Provider Group B,Controlling Blood Pressure,1,1,Compliant,2026-06-01,0,None,Not Needed,0,0.8
SYN03001,69,Female,South,Provider Group D,Breast Cancer Screening,1,1,Compliant,2026-06-01,0,None,Not Needed,0,0.8
SYN03001,69,Female,South,Provider Group D,Controlling Blood Pressure,0,0,Not Eligible,2026-06-01,0,None,Not Needed,0,0.8
SYN03001,69,Female,South,Provider Group D,Diabetes Care,1,0,Open,2026-06-01,2,Care Coordinator,Unable to Reach,0,0.78
SYN03001,69,Female,South,Provider Group D,Follow-Up After Hospitalization,1,1,Compliant,2026-06-01,1,SMS,Reached,1,0.75
SYN03002,76,Male,West,Provider Group B,Medication Adherence,0,0,Not Eligible,2026-06-01,0,None,Not Needed,0,0.85
SYN03006,72,Male,South,Provider Group A,Colorectal Cancer Screening,1,1,Compliant,2026-06-01,0,None,Not Needed,0,0.75
SYN03006,72,Male,South,Provider Group A,Diabetes Care,0,0,Not Eligible,2026-06-01,0,None,Not Needed,0,0.78
SYN03009,71,Female,South,Provider Group B,Colorectal Cancer Screening,1,1,Compliant,2026-06-01,0,None,Not Needed,0,0.75
SYN03011,70,Female,North,Provider Group D,Breast Cancer Screening,1,1,Compliant,2026-06-01,0,None,Not Needed,0,0.8
SYN03011,70,Female,North,Provider Group D,Colorectal Cancer Screening,1,0,Open,2026-06-01,0,None,Not Attempted,0,0.75
SYN03011,70,Female,North,Provider Group D,Controlling Blood Pressure,0,0,Not Eligible,2026-06-01,0,None,Not Needed,0,0.8
SYN03011,70,Female,North,Provider Group D,Diabetes Care,0,0,Not Eligible,2026-06-01,0,None,Not Needed,0,0.78
SYN03011,70,Female,North,Provider Group D,Medication Adherence,1,1,Compliant,2026-06-01,0,None,Not Needed,0,0.85
SYN03014,69,Female,North,Provider Group A,Breast Cancer Screening,1,1,Compliant,2026-06-01,0,None,Not Needed,0,0.8
SYN03014,69,Female,North,Provider Group A,Controlling Blood Pressure,1,1,Compliant,2026-06-01,0,None,Not Needed,0,0.8
SYN03015,89,Female,North,Provider Group C,Breast Cancer Screening,0,0,Not Eligible,2026-06-01,0,None,Not Needed,0,0.8
SYN03015,89,Female,North,Provider Group C,Colorectal Cancer Screening,0,0,Not Eligible,2026-06-01,0,None,Not Needed,0,0.75
SYN03015,89,Female,North,Provider Group C,Controlling Blood Pressure,1,1,Compliant,2026-06-01,0,None,Not Needed,0,0.8
SYN03018,74,Male,West,Provider Group A,Colorectal Cancer Screening,0,0,Not Eligible,2026-06-01,0,None,Not Needed,0,0.75
SYN03018,74,Male,West,Provider Group A,Controlling Blood Pressure,1,0,Open,2026-06-01,2,SMS,Declined,0,0.8
SYN03018,74,Male,West,Provider Group A,Follow-Up After Hospitalization,1,1,Compliant,2026-06-01,0,None,Not Needed,0,0.75
SYN03027,87,Male,East,Provider Group D,Follow-Up After Hospitalization,1,1,Compliant,2026-06-01,0,None,Not Needed,0,0.75
SYN03036,89,Male,South,Provider Group B,Colorectal Cancer Screening,0,0,Not Eligible,2026-06-01,0,None,Not Needed,0,0.75
SYN03036,89,Male,South,Provider Group B,Controlling Blood Pressure,1,1,Compliant,2026-06-01,0,None,Not Needed,0,0.8
SYN03039,65,Female,North,Provider Group C,Breast Cancer Screening,1,1,Compliant,2026-06-01,0,None,Not Needed,0,0.8
SYN03039,65,Female,North,Provider Group C,Colorectal Cancer Screening,1,1,Compliant,2026-06-01,0,None,Not Needed,0,0.75
SYN03039,65,Female,North,Provider Group C,Follow-Up After Hospitalization,1,0,Open,2026-06-01,3,Phone,Reached,0,0.75
SYN03045,73,Male,North,Provider Group C,Colorectal Cancer Screening,1,0,Open,2026-06-01,0,None,Not Attempted,0,0.75
SYN03045,73,Male,North,Provider Group C,Controlling Blood Pressure,1,1,Compliant,2026-06-01,0,None,Not Needed,0,0.8
SYN03045,73,Male,North,Provider Group C,Follow-Up After Hospitalization,1,1,Compliant,2026-06-01,0,None,Not Needed,0,0.75
SYN03045,73,Male,North,Provider Group C,Medication Adherence,1,1,Compliant,2026-06-01,0,None,Not Needed,0,0.85
SYN03055,73,Female,East,Provider Group B,Colorectal Cancer Screening,1,0,Open,2026-06-01,2,Phone,Reached,0,0.75
SYN03057,65,Male,West,Provider Group C,Follow-Up After Hospitalization,1,1,Compliant,2026-06-01,0,None,Not Needed,0,0.75
SYN03057,65,Male,West,Provider Group C,Medication Adherence,1,1,Compliant,2026-06-01,0,None,Not Needed,0,0.85
SYN03062,71,Male,South,Provider Group A,Colorectal Cancer Screening,1,0,Open,2026-06-01,2,Phone,Reached,0,0.75
SYN03062,71,Male,South,Provider Group A,Diabetes Care,0,0,Not Eligible,2026-06-01,0,None,Not Needed,0,0.78
SYN03062,71,Male,South,Provider Group A,Follow-Up After Hospitalization,1,1,Compliant,2026-06-01,2,SMS,Reached,1,0.75
SYN03062,71,Male,South,Provider Group A,Medication Adherence,1,1,Compliant,2026-06-01,0,None,Not Needed,0,0.85
SYN03079,70,Female,North,Provider Group B,Breast Cancer Screening,1,1,Compliant,2026-06-01,0,None,Not Needed,0,0.8
SYN03079,70,Female,North,Provider Group B,Colorectal Cancer Screening,1,1,Compliant,2026-06-01,1,SMS,Reached,1,0.75
SYN03079,70,Female,North,Provider Group B,Controlling Blood Pressure,1,0,Open,2026-06-01,0,None,Not Attempted,0,0.8
SYN03099,87,Male,East,Provider Group A,Colorectal Cancer Screening,0,0,Not Eligible,2026-06-01,0,None,Not Needed,0,0.75
SYN03099,87,Male,East,Provider Group A,Controlling Blood Pressure,1,1,Compliant,2026-06-01,0,None,Not Needed,0,0.8
SYN03099,87,Male,East,Provider Group A,Diabetes Care,0,0,Not Eligible,2026-06-01,0,None,Not Needed,0,0.78
SYN03099,87,Male,East,Provider Group A,Medication Adherence,0,0,Not Eligible,2026-06-01,0,None,Not Needed,0,0.85
SYN03104,70,Female,South,Provider Group B,Breast Cancer Screening,1,0,Open,2026-06-01,1,Mail,Unable to Reach,0,0.8
SYN03104,70,Female,South,Provider Group B,Controlling Blood Pressure,1,0,Open,2026-06-01,1,Phone,Declined,0,0.8
SYN03104,70,Female,South,Provider Group B,Diabetes Care,1,1,Compliant,2026-06-01,0,None,Not Needed,0,0.78
SYN03105,72,Male,East,Provider Group A,Diabetes Care,1,1,Compliant,2026-06-01,0,None,Not Needed,0,0.78
SYN03105,72,Male,East,Provider Group A,Medication Adherence,1,1,Compliant,2026-06-01,0,None,Not Needed,0,0.85
SYN03106,88,Male,South,Provider Group A,Breast Cancer Screening,0,0,Not Eligible,2026-06-01,0,None,Not Needed,0,0.8
SYN03106,88,Male,South,Provider Group A,Medication Adherence,1,1,Compliant,2026-06-01,0,None,Not Needed,0,0.85
SYN03119,88,Female,West,Provider Group E,Diabetes Care,1,1,Compliant,2026-06-01,0,None,Not Needed,0,0.78
SYN03119,88,Female,West,Provider Group E,Follow-Up After Hospitalization,1,0,Open,2026-06-01,2,Phone,Unable to Reach,0,0.75
SYN03119,88,Female,West,Provider Group E,Medication Adherence,1,0,Open,2026-06-01,4,Mail,Unable to Reach,0,0.85
SYN03141,76,Female,West,Provider Group B,Breast Cancer Screening,0,0,Not Eligible,2026-06-01,0,None,Not Needed,0,0.8
SYN03141,76,Female,West,Provider Group B,Colorectal Cancer Screening,0,0,Not Eligible,2026-06-01,0,None,Not Needed,0,0.75
SYN03141,76,Female,West,Provider Group B,Follow-Up After Hospitalization,1,0,Open,2026-06-01,1,Phone,Reached,0,0.75
SYN03142,69,Male,North,Provider Group E,Follow-Up After Hospitalization,1,0,Open,2026-06-01,2,Phone,Unable to Reach,0,0.75
SYN03145,76,Female,North,Provider Group E,Breast Cancer Screening,0,0,Not Eligible,2026-06-01,0,None,Not Needed,0,0.8
SYN03145,76,Female,North,Provider Group E,Controlling Blood Pressure,1,1,Compliant,2026-06-01,0,None,Not Needed,0,0.8
SYN03145,76,Female,North,Provider Group E,Diabetes Care,1,1,Compliant,2026-06-01,0,None,Not Needed,0,0.78
SYN03146,83,Female,West,Provider Group A,Controlling Blood Pressure,1,1,Compliant,2026-06-01,0,None,Not Needed,0,0.8
SYN03146,83,Female,West,Provider Group A,Diabetes Care,1,0,Open,2026-06-01,2,Phone,Unable to Reach,0,0.78
SYN03161,87,Female,South,Provider Group C,Breast Cancer Screening,0,0,Not Eligible,2026-06-01,0,None,Not Needed,0,0.8
SYN03161,87,Female,South,Provider Group C,Colorectal Cancer Screening,0,0,Not Eligible,2026-06-01,0,None,Not Needed,0,0.75
SYN03161,87,Female,South,Provider Group C,Controlling Blood Pressure,1,1,Compliant,2026-06-01,1,SMS,Reached,1,0.8
SYN03170,67,Female,South,Provider Group D,Breast Cancer Screening,1,1,Compliant,2026-06-01,0,None,Not Needed,0,0.8
SYN03170,67,Female,South,Provider Group D,Colorectal Cancer Screening,1,1,Compliant,2026-06-01,0,None,Not Needed,0,0.75
SYN03170,67,Female,South,Provider Group D,Diabetes Care,1,1,Compliant,2026-06-01,0,None,Not Needed,0,0.78
SYN03170,67,Female,South,Provider Group D,Medication Adherence,1,1,Compliant,2026-06-01,0,None,Not Needed,0,0.85
SYN03172,68,Female,South,Provider Group B,Breast Cancer Screening,1,1,Compliant,2026-06-01,2,Phone,Reached,1,0.8
SYN03172,68,Female,South,Provider Group B,Diabetes Care,0,0,Not Eligible,2026-06-01,0,None,Not Needed,0,0.78
SYN03178,80,Female,North,Provider Group A,Breast Cancer Screening,0,0,Not Eligible,2026-06-01,0,None,Not Needed,0,0.8
SYN03178,80,Female,North,Provider Group A,Colorectal Cancer Screening,0,0,Not Eligible,2026-06-01,0,None,Not Needed,0,0.75
SYN03178,80,Female,North,Provider Group A,Controlling Blood Pressure,1,1,Compliant,2026-06-01,0,None,Not Needed,0,0.8
SYN03178,80,Female,North,Provider Group A,Medication Adherence,1,1,Compliant,2026-06-01,0,None,Not Needed,0,0.85
SYN03195,67,Female,East,Provider Group A,Breast Cancer Screening,1,1,Compliant,2026-06-01,0,None,Not Needed,0,0.8
SYN03195,67,Female,East,Provider Group A,Colorectal Cancer Screening,1,1,Compliant,2026-06-01,0,None,Not Needed,0,0.75
SYN03195,67,Female,East,Provider Group A,Controlling Blood Pressure,1,1,Compliant,2026-06-01,0,None,Not Needed,0,0.8
SYN03195,67,Female,East,Provider Group A,Diabetes Care,0,0,Not Eligible,2026-06-01,0,None,Not Needed,0,0.78
SYN03195,67,Female,East,Provider Group A,Follow-Up After Hospitalization,1,1,Compliant,2026-06-01,0,None,Not Needed,0,0.75
SYN03195,67,Female,East,Provider Group A,Medication Adherence,0,0,Not Eligible,2026-06-01,0,None,Not Needed,0,0.85
SYN02074,75,Male,West,Provider Group A,Medication Adherence,1,1,Compliant,2026-02-01,0,None,Not Needed,0,0.85
SYN02350,81,Male,East,Provider Group E,Medication Adherence,1,1,Compliant,2026-03-01,0,None,Not Needed,0,0.85
SYN02156,78,Female,West,Provider Group C,Medication Adherence,1,1,Compliant,2026-02-01,0,None,Not Needed,0,0.85
SYN00274,66,Female,West,Provider Group B,Colorectal Cancer Screening,1,1,Compliant,2026-05-01,0,None,Not Needed,0,0.75
SYN01466,71,Male,East,Provider Group C,Medication Adherence,1,1,Compliant,2026-05-01,0,None,Not Needed,0,0.85
SYN00285,69,Male,West,Provider Group B,Controlling Blood Pressure,1,1,Compliant,2026-01-01,0,None,Not Needed,0,0.8
SYN03004,73,Male,East,Provider Group D,Medication Adherence,1,0,Open,2026-02-01,0,None,Not Attempted,0,0.85
SYN00514,87,Female,North,Provider Group E,Controlling Blood Pressure,1,1,Compliant,2026-01-01,0,None,Not Needed,0,0.8
SYN01557,68,Male,North,Provider Group D,Medication Adherence,1,1,Compliant,2026-03-01,0,None,Not Needed,0,0.85
SYN02644,77,Male,East,Provider Group E,Medication Adherence,1,1,Compliant,2026-06-01,0,None,Not Needed,0,0.85
SYN01526,73,Female,North,Provider Group D,Colorectal Cancer Screening,1,0,Open,2026-04-01,0,None,Not Attempted,0,0.75
SYN02187,88,Male,North,Provider Group D,Medication Adherence,1,1,Compliant,2026-05-01,0,None,Not Needed,0,0.85
SYN00193,88,Female,East,Provider Group C,Follow-Up After Hospitalization,1,1,Compliant,2026-05-01,0,None,Not Needed,0,0.75
SYN02664,71,Male,South,Provider Group B,Colorectal Cancer Screening,1,1,Compliant,2026-03-01,0,None,Not Needed,0,0.75
SYN00989,76,Male,West,Provider Group C,Medication Adherence,1,1,Compliant,2026-03-01,0,None,Not Needed,0,0.85
SYN00424,70,Male,East,Provider Group D,Controlling Blood Pressure,1,1,Compliant,2026-05-01,0,None,Not Needed,0,0.8
SYN02641,65,Female,North,Provider Group C,Colorectal Cancer Screening,1,0,Open,2026-01-01,0,None,Not Attempted,0,0.75
SYN01307,76,Male,West,Provider Group D,Controlling Blood Pressure,1,0,Open,2026-05-01,0,None,Not Attempted,0,0.8
SYN01639,66,Female,West,Provider Group E,Controlling Blood Pressure,1,1,Compliant,2026-05-01,2,Phone,Reached,1,0.8
SYN01538,78,Female,South,Provider Group B,Diabetes Care,1,1,Compliant,2026-04-01,0,None,Not Needed,0,0.78
